{
    "$F_{1}$":{
        "True":null,
        "False":null
    },
    "$F_{1}_Neural$":{
        "True":0.3278154178,
        "False":0.3260808704
    },
    "$F_{1}_Relation$":{
        "True":0.3228890032,
        "False":0.3217833617
    },
    "$TTR$":{
        "True":0.1219145015,
        "False":0.1221573038
    },
    "$UCER$":{
        "True":0.4113413506,
        "False":0.4143906722
    },
    "$BleuScore$":{
        "True":0.9773373035,
        "False":0.9726191868
    },
    "$F_{1}_CRF$":{
        "True":0.5793316706,
        "False":0.5823296264
    }
}