{
    "Actor":{
        "0":0.0874700399
    },
    "Activity":{
        "0":0.2528639315
    },
    "Activity Data":{
        "0":0.1385986663
    },
    "Further Specification":{
        "0":0.2785295016
    },
    "XOR Gateway":{
        "0":0.0857174975
    },
    "Condition Specification":{
        "0":0.2494308818
    },
    "AND Gateway":{
        "0":0.4208333333
    },
    "All":{
        "0":0.1219145015
    }
}