{
    "Actor":{
        "0":0.0879592456
    },
    "Activity":{
        "0":0.2524276715
    },
    "Activity Data":{
        "0":0.1377120242
    },
    "Further Specification":{
        "0":0.2738417473
    },
    "XOR Gateway":{
        "0":0.0857174975
    },
    "Condition Specification":{
        "0":0.2517837306
    },
    "AND Gateway":{
        "0":0.4166666667
    },
    "All":{
        "0":0.1216543752
    }
}