{
    "Actor":{
        "0":0.0828698554,
        "1":0.088639201,
        "2":0.0871886121,
        "3":0.0944584383,
        "4":0.0872801083
    },
    "Activity":{
        "0":0.2442105263,
        "1":0.2441860465,
        "2":0.2596810934,
        "3":0.2607223476,
        "4":0.2566585956
    },
    "Activity Data":{
        "0":0.1318480643,
        "1":0.1384736428,
        "2":0.1377388535,
        "3":0.1386255924,
        "4":0.1470331588
    },
    "Further Specification":{
        "0":0.2653846154,
        "1":0.2680608365,
        "2":0.2696078431,
        "3":0.2595818815,
        "4":0.3231132075
    },
    "XOR Gateway":{
        "0":0.071969697,
        "1":0.0974576271,
        "2":0.0982905983,
        "3":0.1,
        "4":0.0608695652
    },
    "Condition Specification":{
        "0":0.2482758621,
        "1":0.2670807453,
        "2":0.2532467532,
        "3":0.2517564403,
        "4":0.2548209366
    },
    "AND Gateway":{
        "0":0.4375,
        "1":0.5416666667,
        "2":0.375,
        "3":0.375,
        "4":0.40625
    },
    "All":{
        "0":0.1161461238,
        "1":0.1221635064,
        "2":0.1234365694,
        "3":0.1232404912,
        "4":0.1274966711
    }
}