{
    "Actor":{
        "0":0.0828698554,
        "1":0.088639201,
        "2":0.0865954923,
        "3":0.0950881612,
        "4":0.0866035183
    },
    "Activity":{
        "0":0.2431578947,
        "1":0.2441860465,
        "2":0.2585421412,
        "3":0.2595936795,
        "4":0.2566585956
    },
    "Activity Data":{
        "0":0.1311176041,
        "1":0.1372934697,
        "2":0.1369426752,
        "3":0.1370458136,
        "4":0.1461605585
    },
    "Further Specification":{
        "0":0.2673076923,
        "1":0.2642585551,
        "2":0.2696078431,
        "3":0.2543554007,
        "4":0.3136792453
    },
    "XOR Gateway":{
        "0":0.071969697,
        "1":0.0974576271,
        "2":0.0982905983,
        "3":0.1,
        "4":0.0608695652
    },
    "Condition Specification":{
        "0":0.2459770115,
        "1":0.2686335404,
        "2":0.2467532468,
        "3":0.2482435597,
        "4":0.2493112948
    },
    "AND Gateway":{
        "0":0.4375,
        "1":0.5,
        "2":0.3333333333,
        "3":0.375,
        "4":0.4375
    },
    "All":{
        "0":0.1150306748,
        "1":0.1215418091,
        "2":0.1225431805,
        "3":0.122491764,
        "4":0.1266644474
    }
}