{
    "Actor":{
        "0":0.0890601121
    },
    "Activity":{
        "0":0.25332428
    },
    "Activity Data":{
        "0":0.1400161225
    },
    "Further Specification":{
        "0":0.2812017289
    },
    "XOR Gateway":{
        "0":0.0857174975
    },
    "Condition Specification":{
        "0":0.2577047121
    },
    "AND Gateway":{
        "0":0.4333333333
    },
    "All":{
        "0":0.1234596192
    }
}