{
    "Actor":{
        "0":0.0891900754
    },
    "Activity":{
        "0":0.25332428
    },
    "Activity Data":{
        "0":0.1412909724
    },
    "Further Specification":{
        "0":0.2832540135
    },
    "XOR Gateway":{
        "0":0.0857174975
    },
    "Condition Specification":{
        "0":0.2617651431
    },
    "AND Gateway":{
        "0":0.4333333333
    },
    "All":{
        "0":0.1242862084
    }
}