{
    "Actor":{
        "0":0.368622449,
        "1":0.387374462,
        "2":0.3744911805,
        "3":0.3903318903,
        "4":0.3782542113
    },
    "Activity":{
        "0":0.4242105263,
        "1":0.4348837209,
        "2":0.437357631,
        "3":0.4311512415,
        "4":0.4334140436
    },
    "Activity Data":{
        "0":0.4140625,
        "1":0.4308681672,
        "2":0.408171521,
        "3":0.4165322581,
        "4":0.4304078014
    },
    "Further Specification":{
        "0":0.5134615385,
        "1":0.5133079848,
        "2":0.5163398693,
        "3":0.5069686411,
        "4":0.5117924528
    },
    "XOR Gateway":{
        "0":0.3951612903,
        "1":0.4,
        "2":0.4473684211,
        "3":0.431372549,
        "4":0.3888888889
    },
    "Condition Specification":{
        "0":0.524137931,
        "1":0.5031152648,
        "2":0.4934895833,
        "3":0.5129107981,
        "4":0.4917127072
    },
    "AND Gateway":{
        "0":0.625,
        "1":0.65,
        "2":0.7142857143,
        "3":0.5,
        "4":0.6363636364
    },
    "All":{
        "0":0.4160735469,
        "1":0.4292561983,
        "2":0.4161402401,
        "3":0.4242376112,
        "4":0.4221673138
    }
}