{
    "Actor":{
        "0":0.3762191335
    },
    "Activity":{
        "0":0.4312779678
    },
    "Activity Data":{
        "0":0.4140079933
    },
    "Further Specification":{
        "0":0.4957881288
    },
    "XOR Gateway":{
        "0":0.4125582299
    },
    "Condition Specification":{
        "0":0.4962904295
    },
    "AND Gateway":{
        "0":0.5978571429
    },
    "All":{
        "0":0.4157126011
    }
}