{
    "Actor":{
        "0":0.3698979592,
        "1":0.3945480631,
        "2":0.3751696065,
        "3":0.3888888889,
        "4":0.3797856049
    },
    "Activity":{
        "0":0.4242105263,
        "1":0.4348837209,
        "2":0.437357631,
        "3":0.4311512415,
        "4":0.4334140436
    },
    "Activity Data":{
        "0":0.421875,
        "1":0.4377009646,
        "2":0.4101941748,
        "3":0.4177419355,
        "4":0.4383865248
    },
    "Further Specification":{
        "0":0.5019230769,
        "1":0.5247148289,
        "2":0.5163398693,
        "3":0.512195122,
        "4":0.5188679245
    },
    "XOR Gateway":{
        "0":0.3951612903,
        "1":0.4,
        "2":0.4473684211,
        "3":0.431372549,
        "4":0.3888888889
    },
    "Condition Specification":{
        "0":0.5252873563,
        "1":0.5171339564,
        "2":0.5208333333,
        "3":0.5211267606,
        "4":0.5193370166
    },
    "AND Gateway":{
        "0":0.625,
        "1":0.65,
        "2":0.7142857143,
        "3":0.5,
        "4":0.6363636364
    },
    "All":{
        "0":0.4184460261,
        "1":0.4361983471,
        "2":0.4197725837,
        "3":0.4259847522,
        "4":0.4292269679
    }
}