{
    "Actor":{
        "0.0":0.721530121,
        "0.1":0.7100996886,
        "0.2":0.7178258472,
        "0.3":0.7222358678,
        "0.4":0.7316976218,
        "0.5":0.711328401,
        "0.6":0.7171087685,
        "0.7":0.720054963,
        "0.8":0.7055384258,
        "0.9":0.7123003544,
        "1.0":0.7125854843,
        "1.25":0.7050450183,
        "1.5":0.7092513773,
        "1.75":0.7116006065,
        "2.0":0.7085492075,
        "3.0":0.7080511431,
        "4.0":0.7080810871,
        "5.0":0.6970271999,
        "7.0":0.6997091221,
        "10.0":0.7018010109
    },
    "Activity":{
        "0.0":0.7649218209,
        "0.1":0.756676929,
        "0.2":0.7739835706,
        "0.3":0.7672629772,
        "0.4":0.7761744022,
        "0.5":0.7653744188,
        "0.6":0.77612382,
        "0.7":0.769705097,
        "0.8":0.7675345822,
        "0.9":0.7731303638,
        "1.0":0.7768078398,
        "1.25":0.786287678,
        "1.5":0.7698297842,
        "1.75":0.7797549925,
        "2.0":0.7782892511,
        "3.0":0.7768542273,
        "4.0":0.771958732,
        "5.0":0.7787253224,
        "7.0":0.76205335,
        "10.0":0.772982053
    },
    "Activity Data":{
        "0.0":0.6158860061,
        "0.1":0.620248597,
        "0.2":0.6256385527,
        "0.3":0.6132244224,
        "0.4":0.6248623242,
        "0.5":0.6222747862,
        "0.6":0.6317394013,
        "0.7":0.6322421712,
        "0.8":0.6292920455,
        "0.9":0.6355086325,
        "1.0":0.6257866831,
        "1.25":0.6343219591,
        "1.5":0.6369889924,
        "1.75":0.6334097754,
        "2.0":0.6321988176,
        "3.0":0.6319934239,
        "4.0":0.632276652,
        "5.0":0.6421530779,
        "7.0":0.6356698885,
        "10.0":0.6369602861
    },
    "Further Specification":{
        "0.0":0.2552923105,
        "0.1":0.2516275881,
        "0.2":0.2438914027,
        "0.3":0.187929439,
        "0.4":0.1812531328,
        "0.5":0.2561488185,
        "0.6":0.2308683473,
        "0.7":0.2185636505,
        "0.8":0.2901495726,
        "0.9":0.306308745,
        "1.0":0.2893927126,
        "1.25":0.2639659755,
        "1.5":0.2578439861,
        "1.75":0.2628194386,
        "2.0":0.2403296119,
        "3.0":0.2645166303,
        "4.0":0.210555327,
        "5.0":0.2442827122,
        "7.0":0.2077310924,
        "10.0":0.242965368
    },
    "XOR Gateway":{
        "0.0":0.7246239374,
        "0.1":0.7144927536,
        "0.2":0.7062698413,
        "0.3":0.7341211514,
        "0.4":0.7338618524,
        "0.5":0.708780204,
        "0.6":0.7334228324,
        "0.7":0.7473396635,
        "0.8":0.7253555645,
        "0.9":0.7158454106,
        "1.0":0.7344252349,
        "1.25":0.7162089467,
        "1.5":0.7196102281,
        "1.75":0.7017018634,
        "2.0":0.7143080208,
        "3.0":0.7121399397,
        "4.0":0.7165385586,
        "5.0":0.7227695331,
        "7.0":0.7108679973,
        "10.0":0.7225163489
    },
    "Condition Specification":{
        "0.0":0.5953056321,
        "0.1":0.6024955437,
        "0.2":0.5899847212,
        "0.3":0.6067391304,
        "0.4":0.6199467104,
        "0.5":0.6047619048,
        "0.6":0.6282046332,
        "0.7":0.6042704354,
        "0.8":0.6243662965,
        "0.9":0.5917704893,
        "1.0":0.602314975,
        "1.25":0.5645358852,
        "1.5":0.6546066253,
        "1.75":0.6214155844,
        "2.0":0.6374065041,
        "3.0":0.5946666667,
        "4.0":0.5757273296,
        "5.0":0.5921362338,
        "7.0":0.6263979113,
        "10.0":0.625495935
    },
    "AND Gateway":{
        "0.0":0.0,
        "0.1":0.0,
        "0.2":0.0,
        "0.3":0.2,
        "0.4":0.0,
        "0.5":0.0,
        "0.6":0.0,
        "0.7":0.0,
        "0.8":0.3,
        "0.9":0.3,
        "1.0":0.3,
        "1.25":0.0,
        "1.5":0.3,
        "1.75":0.36,
        "2.0":0.36,
        "3.0":0.36,
        "4.0":0.16,
        "5.0":0.1333333333,
        "7.0":0.16,
        "10.0":0.3333333333
    }
}