{
    "Bert Score":{
        "0":0.9990485311,
        "1":0.9990026355,
        "2":0.9997397661,
        "3":0.9991945028,
        "4":0.9992290735
    }
}