{
    "Bert Score":{
        "0":0.9990407825,
        "1":0.9990709424,
        "2":0.9991377592,
        "3":0.9988886118,
        "4":0.9989519715
    }
}