{
    "Bert Score":{
        "0":0.9985668063,
        "1":0.9986672997,
        "2":0.9982281327,
        "3":0.9983782172,
        "4":0.9984839559
    }
}