{
    "Bert Score":{
        "0":0.9995688796,
        "1":0.9995129704,
        "2":0.9990356565,
        "3":0.9993222952,
        "4":0.999707222
    }
}