{
    "Bert Score":{
        "0":0.9990909696,
        "1":0.99836725,
        "2":0.9982551932,
        "3":0.9984827638,
        "4":0.998464644
    }
}