{
    "Bert Score":{
        "0":0.9978916645,
        "1":0.9981186986,
        "2":0.997597456,
        "3":0.9976688623,
        "4":0.997926414
    }
}