{
    "Actor":{
        "0":0.0985915493,
        "1":0.1062691131,
        "2":0.1062730627,
        "3":0.1121212121,
        "4":0.1086012163
    },
    "Activity":{
        "0":0.2998712999,
        "1":0.2886456908,
        "2":0.3333333333,
        "3":0.3357452967,
        "4":0.3193403298
    },
    "Activity Data":{
        "0":0.1563055062,
        "1":0.1615638248,
        "2":0.1700201207,
        "3":0.1702022694,
        "4":0.1834061135
    },
    "Further Specification":{
        "0":0.3222748815,
        "1":0.2816901408,
        "2":0.3360488798,
        "3":0.3254817987,
        "4":0.3788300836
    },
    "XOR Gateway":{
        "0":0.0909090909,
        "1":0.1133004926,
        "2":0.1314285714,
        "3":0.1358024691,
        "4":0.08
    },
    "Condition Specification":{
        "0":0.3067846608,
        "1":0.2989130435,
        "2":0.3079470199,
        "3":0.3290937997,
        "4":0.3008403361
    },
    "AND Gateway":{
        "0":0.5,
        "1":0.5454545455,
        "2":0.4444444444,
        "3":0.5294117647,
        "4":0.5416666667
    },
    "All":{
        "0":0.1393680615,
        "1":0.1422001472,
        "2":0.1530650621,
        "3":0.1537737625,
        "4":0.1582344368
    }
}