{
    "Actor":{
        "0":0.143889349
    },
    "Activity":{
        "0":0.4258930651
    },
    "Activity Data":{
        "0":0.2306343851
    },
    "Further Specification":{
        "0":0.4099374826
    },
    "XOR Gateway":{
        "0":0.1476543576
    },
    "Condition Specification":{
        "0":0.4261797252
    },
    "AND Gateway":{
        "0":0.7297268908
    },
    "All":{
        "0":0.2011453061
    }
}