{
    "Actor":{
        "0":0.1050473956
    },
    "Activity":{
        "0":0.3131378289
    },
    "Activity Data":{
        "0":0.1663936738
    },
    "Further Specification":{
        "0":0.3185658497
    },
    "XOR Gateway":{
        "0":0.1102881248
    },
    "Condition Specification":{
        "0":0.3041849003
    },
    "AND Gateway":{
        "0":0.5121954843
    },
    "All":{
        "0":0.1470114999
    }
}