{
    "Actor":{
        "0":0.1353104727,
        "1":0.1358748778,
        "2":0.1519659936,
        "3":0.1523109244,
        "4":0.1479289941
    },
    "Activity":{
        "0":0.4135472371,
        "1":0.389298893,
        "2":0.4450980392,
        "3":0.4416826004,
        "4":0.4453781513
    },
    "Activity Data":{
        "0":0.2198357549,
        "1":0.2165605096,
        "2":0.2371349096,
        "3":0.2332421341,
        "4":0.2492424242
    },
    "Further Specification":{
        "0":0.3524804178,
        "1":0.351010101,
        "2":0.5015673981,
        "3":0.3562945368,
        "4":0.513618677
    },
    "XOR Gateway":{
        "0":0.1275167785,
        "1":0.1575342466,
        "2":0.1666666667,
        "3":0.1788617886,
        "4":0.1076923077
    },
    "Condition Specification":{
        "0":0.4039215686,
        "1":0.4447439353,
        "2":0.399132321,
        "3":0.4521158129,
        "4":0.4353233831
    },
    "AND Gateway":{
        "0":0.8125,
        "1":0.8125,
        "2":0.5714285714,
        "3":0.75,
        "4":0.7647058824
    },
    "All":{
        "0":0.1892081289,
        "1":0.188976378,
        "2":0.211986391,
        "3":0.2042110604,
        "4":0.2164200754
    }
}