{
    "Actor":{
        "0":0.0697892272,
        "1":0.0780814278,
        "2":0.0738840431,
        "3":0.0801299404,
        "4":0.0774473358
    },
    "Activity":{
        "0":0.2078501338,
        "1":0.2203742204,
        "2":0.2247301276,
        "3":0.2263414634,
        "4":0.2282958199
    },
    "Activity Data":{
        "0":0.1102435978,
        "1":0.1234832263,
        "2":0.1197771588,
        "3":0.1174473863,
        "4":0.1337301587
    },
    "Further Specification":{
        "0":0.2093373494,
        "1":0.2558558559,
        "2":0.2034525277,
        "3":0.2135785007,
        "4":0.2887473461
    },
    "XOR Gateway":{
        "0":0.0608974359,
        "1":0.0861423221,
        "2":0.082437276,
        "3":0.0852713178,
        "4":0.053030303
    },
    "Condition Specification":{
        "0":0.2200208551,
        "1":0.2362869198,
        "2":0.2107623318,
        "3":0.2165271967,
        "4":0.2136953955
    },
    "AND Gateway":{
        "0":0.3783783784,
        "1":0.4482758621,
        "2":0.3103448276,
        "3":0.2727272727,
        "4":0.3513513514
    },
    "All":{
        "0":0.0977461447,
        "1":0.1097064194,
        "2":0.1045726659,
        "3":0.105120947,
        "4":0.1139694885
    }
}