{
    "Actor":{
        "0":0.085191538,
        "1":0.091443501,
        "2":0.0885448916,
        "3":0.097689769,
        "4":0.090712743
    },
    "Activity":{
        "0":0.256890849,
        "1":0.2545018007,
        "2":0.2706855792,
        "3":0.2748815166,
        "4":0.26625
    },
    "Activity Data":{
        "0":0.1334338485,
        "1":0.1415132924,
        "2":0.1432150313,
        "3":0.145,
        "4":0.1548713235
    },
    "Further Specification":{
        "0":0.2777777778,
        "1":0.2745098039,
        "2":0.2811447811,
        "3":0.2693661972,
        "4":0.3189448441
    },
    "XOR Gateway":{
        "0":0.0736434109,
        "1":0.099137931,
        "2":0.1013215859,
        "3":0.1089108911,
        "4":0.0630630631
    },
    "Condition Specification":{
        "0":0.2485345838,
        "1":0.2608695652,
        "2":0.2476821192,
        "3":0.2629582807,
        "4":0.2493112948
    },
    "AND Gateway":{
        "0":0.4333333333,
        "1":0.5,
        "2":0.3913043478,
        "3":0.375,
        "4":0.4375
    },
    "All":{
        "0":0.1186367558,
        "1":0.1254220936,
        "2":0.1270333075,
        "3":0.1292559899,
        "4":0.1320721972
    }
}