{
    "Actor":{
        "0":0.1115486608
    },
    "Activity":{
        "0":0.3249195397
    },
    "Activity Data":{
        "0":0.1733567138
    },
    "Further Specification":{
        "0":0.3584199862
    },
    "XOR Gateway":{
        "0":0.1069173056
    },
    "Condition Specification":{
        "0":0.305655689
    },
    "AND Gateway":{
        "0":0.5299342346
    },
    "All":{
        "0":0.1536226747
    }
}