{
    "Actor":{
        "0":0.1589313915
    },
    "Activity":{
        "0":0.465964674
    },
    "Activity Data":{
        "0":0.2493771599
    },
    "Further Specification":{
        "0":0.5010656611
    },
    "XOR Gateway":{
        "0":0.1569628975
    },
    "Condition Specification":{
        "0":0.4448020368
    },
    "AND Gateway":{
        "0":0.7797268908
    },
    "All":{
        "0":0.2204116023
    }
}