{
    "Actor":{
        "0":0.1446782525
    },
    "Activity":{
        "0":0.4270009842
    },
    "Activity Data":{
        "0":0.2312031465
    },
    "Further Specification":{
        "0":0.4149942261
    },
    "XOR Gateway":{
        "0":0.1476543576
    },
    "Condition Specification":{
        "0":0.4270474042
    },
    "AND Gateway":{
        "0":0.7422268908
    },
    "All":{
        "0":0.2021604067
    }
}