{
    "Actor":{
        "0":0.1133540373,
        "1":0.1186006826,
        "2":0.1395121951,
        "3":0.1248923342,
        "4":0.1174277726
    },
    "Activity":{
        "0":0.3338129496,
        "1":0.3302180685,
        "2":0.3996478873,
        "3":0.3707865169,
        "4":0.3463414634
    },
    "Activity Data":{
        "0":0.1785350966,
        "1":0.1823027719,
        "2":0.2168056446,
        "3":0.1908736784,
        "4":0.2004816376
    },
    "Further Specification":{
        "0":0.3383084577,
        "1":0.3388625592,
        "2":0.4203655352,
        "3":0.4212034384,
        "4":0.4340836013
    },
    "XOR Gateway":{
        "0":0.1043956044,
        "1":0.1329479769,
        "2":0.1464968153,
        "3":0.1419354839,
        "4":0.0813953488
    },
    "Condition Specification":{
        "0":0.3500837521,
        "1":0.3243243243,
        "2":0.3420074349,
        "3":0.3280757098,
        "4":0.3308270677
    },
    "AND Gateway":{
        "0":0.5909090909,
        "1":0.6666666667,
        "2":0.4705882353,
        "3":0.5625,
        "4":0.5185185185
    },
    "All":{
        "0":0.1581909938,
        "1":0.1611698818,
        "2":0.1902519425,
        "3":0.1708553326,
        "4":0.1714871328
    }
}