{
    "Actor":{
        "0":0.0893074119,
        "1":0.0949796472,
        "2":0.0934880722,
        "3":0.1019417476,
        "4":0.0950943396
    },
    "Activity":{
        "0":0.2687427912,
        "1":0.2767624021,
        "2":0.2837670384,
        "3":0.2832722833,
        "4":0.2874493927
    },
    "Activity Data":{
        "0":0.1412474849,
        "1":0.1490467938,
        "2":0.1509018918,
        "3":0.1469457497,
        "4":0.1620706338
    },
    "Further Specification":{
        "0":0.2889344262,
        "1":0.3050847458,
        "2":0.3033088235,
        "3":0.2728937729,
        "4":0.3341584158
    },
    "XOR Gateway":{
        "0":0.0781893004,
        "1":0.1197916667,
        "2":0.1090047393,
        "3":0.1062801932,
        "4":0.0682926829
    },
    "Condition Specification":{
        "0":0.274025974,
        "1":0.3041894353,
        "2":0.2736535662,
        "3":0.2616352201,
        "4":0.2768273717
    },
    "AND Gateway":{
        "0":0.5,
        "1":0.6,
        "2":0.375,
        "3":0.3913043478,
        "4":0.5
    },
    "All":{
        "0":0.1262448292,
        "1":0.134751773,
        "2":0.1348204035,
        "3":0.1318645715,
        "4":0.1400332533
    }
}