{
    "Actor":{
        "0":0.0907164885
    },
    "Activity":{
        "0":0.2646419491
    },
    "Activity Data":{
        "0":0.1436066992
    },
    "Further Specification":{
        "0":0.2843486808
    },
    "XOR Gateway":{
        "0":0.0892153764
    },
    "Condition Specification":{
        "0":0.2538711687
    },
    "AND Gateway":{
        "0":0.4274275362
    },
    "All":{
        "0":0.1264840688
    }
}