{
    "Actor":{
        "0":0.1323649231
    },
    "Activity":{
        "0":0.3931662681
    },
    "Activity Data":{
        "0":0.2082702178
    },
    "Further Specification":{
        "0":0.4500668791
    },
    "XOR Gateway":{
        "0":0.1315231205
    },
    "Condition Specification":{
        "0":0.3571459774
    },
    "AND Gateway":{
        "0":0.6098688751
    },
    "All":{
        "0":0.1847510641
    }
}