{
    "Actor":{
        "0":0.1063712307
    },
    "Activity":{
        "0":0.3153871901
    },
    "Activity Data":{
        "0":0.1682995669
    },
    "Further Specification":{
        "0":0.3288651569
    },
    "XOR Gateway":{
        "0":0.1102881248
    },
    "Condition Specification":{
        "0":0.308715772
    },
    "AND Gateway":{
        "0":0.5121954843
    },
    "All":{
        "0":0.149328294
    }
}