{
    "Actor":{
        "0":0.0949622437
    },
    "Activity":{
        "0":0.2799987815
    },
    "Activity Data":{
        "0":0.1500425108
    },
    "Further Specification":{
        "0":0.3008760369
    },
    "XOR Gateway":{
        "0":0.0963117165
    },
    "Condition Specification":{
        "0":0.2780663135
    },
    "AND Gateway":{
        "0":0.4732608696
    },
    "All":{
        "0":0.1335429661
    }
}