{
    "Actor":{
        "0":0.1227574044
    },
    "Activity":{
        "0":0.3561613772
    },
    "Activity Data":{
        "0":0.1937997658
    },
    "Further Specification":{
        "0":0.3905647184
    },
    "XOR Gateway":{
        "0":0.1214342459
    },
    "Condition Specification":{
        "0":0.3350636578
    },
    "AND Gateway":{
        "0":0.5618365023
    },
    "All":{
        "0":0.1703910567
    }
}