{
    "Actor":{
        "0":0.6599286564,
        "1":0.6874172185,
        "2":0.6633165829,
        "3":0.7103448276,
        "4":0.6765957447
    },
    "Activity":{
        "0":0.7952286282,
        "1":0.8061002179,
        "2":0.76861167,
        "3":0.8042553191,
        "4":0.7907488987
    },
    "Activity Data":{
        "0":0.7182810368,
        "1":0.7345003647,
        "2":0.704528582,
        "3":0.7310606061,
        "4":0.7736797988
    },
    "Further Specification":{
        "0":0.9042145594,
        "1":0.8953068592,
        "2":0.8173913043,
        "3":0.8766666667,
        "4":0.8523206751
    },
    "XOR Gateway":{
        "0":0.676056338,
        "1":0.6911764706,
        "2":0.8771929825,
        "3":0.7049180328,
        "4":0.7777777778
    },
    "Condition Specification":{
        "0":0.8614718615,
        "1":0.8232044199,
        "2":0.8474576271,
        "3":0.8193277311,
        "4":0.8680738786
    },
    "AND Gateway":{
        "0":1.0,
        "1":1.0,
        "2":1.0,
        "3":1.0,
        "4":1.0
    },
    "All":{
        "0":0.7270464602,
        "1":0.7440944882,
        "2":0.716926632,
        "3":0.7443452381,
        "4":0.7527200791
    }
}