{
    "Actor":{
        "0":0.4050834029
    },
    "Activity":{
        "0":0.4796241518
    },
    "Activity Data":{
        "0":0.4430799899
    },
    "Further Specification":{
        "0":0.5306091849
    },
    "XOR Gateway":{
        "0":0.4531482147
    },
    "Condition Specification":{
        "0":0.5302267202
    },
    "AND Gateway":{
        "0":0.6507297656
    },
    "All":{
        "0":0.4477198429
    }
}