{
    "Actor":{
        "0":0.5944503735,
        "1":0.5877094972,
        "2":0.646772229,
        "3":0.6160287081,
        "4":0.6463414634
    },
    "Activity":{
        "0":0.7183600713,
        "1":0.6881918819,
        "2":0.7450980392,
        "3":0.7284894837,
        "4":0.75
    },
    "Activity Data":{
        "0":0.6793548387,
        "1":0.6586003924,
        "2":0.6784203103,
        "3":0.6767180926,
        "4":0.7104454685
    },
    "Further Specification":{
        "0":0.6318537859,
        "1":0.6414141414,
        "2":0.8902821317,
        "3":0.6555819477,
        "4":0.7859922179
    },
    "XOR Gateway":{
        "0":0.6857142857,
        "1":0.5949367089,
        "2":0.7692307692,
        "3":0.7288135593,
        "4":0.6774193548
    },
    "Condition Specification":{
        "0":0.7803921569,
        "1":0.8081081081,
        "2":0.7673913043,
        "3":0.8705357143,
        "4":0.8154613466
    },
    "AND Gateway":{
        "0":1.0,
        "1":1.0,
        "2":0.7777777778,
        "3":1.0,
        "4":1.0
    },
    "All":{
        "0":0.6562266965,
        "1":0.647751046,
        "2":0.6943364797,
        "3":0.6764310669,
        "4":0.7024946104
    }
}