{
    "Actor":{
        "0":0.4384460728
    },
    "Activity":{
        "0":0.5147959752
    },
    "Activity Data":{
        "0":0.4723893801
    },
    "Further Specification":{
        "0":0.6117785713
    },
    "XOR Gateway":{
        "0":0.4842708316
    },
    "Condition Specification":{
        "0":0.5401123922
    },
    "AND Gateway":{
        "0":0.6177489177
    },
    "All":{
        "0":0.4788056434
    }
}