{
    "Actor":{
        "0":0.2428377565
    },
    "Activity":{
        "0":0.2857235961
    },
    "Activity Data":{
        "0":0.2638170163
    },
    "Further Specification":{
        "0":0.3094288807
    },
    "XOR Gateway":{
        "0":0.2703756598
    },
    "Condition Specification":{
        "0":0.3045566209
    },
    "AND Gateway":{
        "0":0.3333333333
    },
    "All":{
        "0":0.2648999168
    }
}