{
    "Bleu Score":{
        "0":0.9948786444,
        "1":0.9881574445,
        "2":0.9859466217,
        "3":0.9895661433,
        "4":0.9896277499
    }
}