{
    "Bleu Score":{
        "0":0.9806229963,
        "1":0.9821881358,
        "2":0.9759007858,
        "3":0.9747374516,
        "4":0.9763410945
    }
}