{
    "Bleu Score":{
        "0":0.9902968194,
        "1":0.980778629,
        "2":0.9858903419,
        "3":0.9906684654,
        "4":0.9846304884
    }
}