{
    "Bleu Score":{
        "0":0.982185324,
        "1":0.9830960466,
        "2":0.9818842379,
        "3":0.9847103791,
        "4":0.9820115121
    }
}