{
    "Bleu Score":{
        "0":0.9738879185,
        "1":0.9778877569,
        "2":0.9748951939,
        "3":0.9746141144,
        "4":0.9762525307
    }
}