{
    "Actor":{
        "0":0.1094451788
    },
    "Activity":{
        "0":0.3222769283
    },
    "Activity Data":{
        "0":0.1706083381
    },
    "Further Specification":{
        "0":0.350016704
    },
    "XOR Gateway":{
        "0":0.1106254505
    },
    "Condition Specification":{
        "0":0.3049816567
    },
    "AND Gateway":{
        "0":0.4944781145
    },
    "All":{
        "0":0.1515943197
    }
}