{
    "Actor":{
        "0":0.1307486561
    },
    "Activity":{
        "0":0.3880020252
    },
    "Activity Data":{
        "0":0.2081303969
    },
    "Further Specification":{
        "0":0.4185800012
    },
    "XOR Gateway":{
        "0":0.1354227347
    },
    "Condition Specification":{
        "0":0.3735134496
    },
    "AND Gateway":{
        "0":0.626474798
    },
    "All":{
        "0":0.183544428
    }
}