{
    "Actor":{
        "0":0.0639894086,
        "1":0.0647754137,
        "2":0.064751482,
        "3":0.0711481845,
        "4":0.0695216908
    },
    "Activity":{
        "0":0.1936295054,
        "1":0.1851851852,
        "2":0.2017777778,
        "3":0.2014010508,
        "4":0.2054263566
    },
    "Activity Data":{
        "0":0.1015465422,
        "1":0.1016138673,
        "2":0.1036809816,
        "3":0.1053119209,
        "4":0.1169340463
    },
    "Further Specification":{
        "0":0.1905444126,
        "1":0.1940509915,
        "2":0.1950920245,
        "3":0.1835443038,
        "4":0.2395644283
    },
    "XOR Gateway":{
        "0":0.0574018127,
        "1":0.0741935484,
        "2":0.0756578947,
        "3":0.0782918149,
        "4":0.0498220641
    },
    "Condition Specification":{
        "0":0.1879562044,
        "1":0.2034525277,
        "2":0.1878224974,
        "3":0.1895424837,
        "4":0.1948775056
    },
    "AND Gateway":{
        "0":0.3333333333,
        "1":0.3428571429,
        "2":0.2666666667,
        "3":0.2727272727,
        "4":0.3023255814
    },
    "All":{
        "0":0.0891712707,
        "1":0.0903393638,
        "2":0.0923413063,
        "3":0.0930990341,
        "4":0.1005669546
    }
}