{
    "Actor":{
        "0":0.033592881,
        "1":0.0359550562,
        "2":0.0353499407,
        "3":0.0382871537,
        "4":0.0351826793
    },
    "Activity":{
        "0":0.0976842105,
        "1":0.0976744186,
        "2":0.1034168565,
        "3":0.1042889391,
        "4":0.1026634383
    },
    "Activity Data":{
        "0":0.0533235939,
        "1":0.0553894571,
        "2":0.0562101911,
        "3":0.055450237,
        "4":0.0598603839
    },
    "Further Specification":{
        "0":0.1076923077,
        "1":0.111026616,
        "2":0.1104575163,
        "3":0.1087108014,
        "4":0.129245283
    },
    "XOR Gateway":{
        "0":0.0287878788,
        "1":0.0389830508,
        "2":0.0393162393,
        "3":0.04,
        "4":0.0243478261
    },
    "Condition Specification":{
        "0":0.1011494253,
        "1":0.1093167702,
        "2":0.1007792208,
        "3":0.1021077283,
        "4":0.1019283747
    },
    "AND Gateway":{
        "0":0.175,
        "1":0.2,
        "2":0.15,
        "3":0.15,
        "4":0.175
    },
    "All":{
        "0":0.046514222,
        "1":0.0491140814,
        "2":0.0495533055,
        "3":0.0496555855,
        "4":0.0513315579
    }
}