{
    "Actor":{
        "0":0.130003811
    },
    "Activity":{
        "0":0.3880020252
    },
    "Activity Data":{
        "0":0.2072902647
    },
    "Further Specification":{
        "0":0.4166261781
    },
    "XOR Gateway":{
        "0":0.1354227347
    },
    "Condition Specification":{
        "0":0.3710527076
    },
    "AND Gateway":{
        "0":0.626474798
    },
    "All":{
        "0":0.1827630974
    }
}