{
    "Actor":{
        "0":0.1237373737,
        "1":0.1326923077,
        "2":0.1448834853,
        "3":0.1437066402,
        "4":0.1474056604
    },
    "Activity":{
        "0":0.3786885246,
        "1":0.3697183099,
        "2":0.430740038,
        "3":0.3898305085,
        "4":0.4362139918
    },
    "Activity Data":{
        "0":0.1909929463,
        "1":0.2036817102,
        "2":0.2324621733,
        "3":0.2152214598,
        "4":0.2503816794
    },
    "Further Specification":{
        "0":0.4620689655,
        "1":0.3425,
        "2":0.452991453,
        "3":0.3403263403,
        "4":0.51953125
    },
    "XOR Gateway":{
        "0":0.1091954023,
        "1":0.1523178808,
        "2":0.1575342466,
        "3":0.1401273885,
        "4":0.1076923077
    },
    "Condition Specification":{
        "0":0.3723404255,
        "1":0.3919239905,
        "2":0.3930885529,
        "3":0.3542757417,
        "4":0.4013761468
    },
    "AND Gateway":{
        "0":0.619047619,
        "1":0.6666666667,
        "2":0.4444444444,
        "3":0.5,
        "4":0.8125
    },
    "All":{
        "0":0.1739872068,
        "1":0.1793554414,
        "2":0.2037506336,
        "3":0.1838319251,
        "4":0.2139574957
    }
}