{
    "Actor":{
        "0":0.0356735422
    },
    "Activity":{
        "0":0.1011455726
    },
    "Activity Data":{
        "0":0.0560467726
    },
    "Further Specification":{
        "0":0.1134265049
    },
    "XOR Gateway":{
        "0":0.034286999
    },
    "Condition Specification":{
        "0":0.1030563038
    },
    "AND Gateway":{
        "0":0.17
    },
    "All":{
        "0":0.0492337505
    }
}