{
    "Actor":{
        "0":0.1567705511
    },
    "Activity":{
        "0":0.4672102761
    },
    "Activity Data":{
        "0":0.2468318628
    },
    "Further Specification":{
        "0":0.4980289397
    },
    "XOR Gateway":{
        "0":0.1620743789
    },
    "Condition Specification":{
        "0":0.4431977494
    },
    "AND Gateway":{
        "0":0.7731166151
    },
    "All":{
        "0":0.2190097339
    }
}