{
    "Actor":{
        "0":0.0906503409
    },
    "Activity":{
        "0":0.2636196813
    },
    "Activity Data":{
        "0":0.1441699602
    },
    "Further Specification":{
        "0":0.284367528
    },
    "XOR Gateway":{
        "0":0.0892317257
    },
    "Condition Specification":{
        "0":0.2555687986
    },
    "AND Gateway":{
        "0":0.4173854605
    },
    "All":{
        "0":0.1261747527
    }
}