{
    "Actor":{
        "0":0.0644194079
    },
    "Activity":{
        "0":0.1869439087
    },
    "Activity Data":{
        "0":0.1008914294
    },
    "Further Specification":{
        "0":0.2103224007
    },
    "XOR Gateway":{
        "0":0.0628449842
    },
    "Condition Specification":{
        "0":0.1819642187
    },
    "AND Gateway":{
        "0":0.3265022967
    },
    "All":{
        "0":0.0894070679
    }
}