{
    "Actor":{
        "0":0.0838635049,
        "1":0.0881028939,
        "2":0.0874384236,
        "3":0.0961538462,
        "4":0.0903832249
    },
    "Activity":{
        "0":0.2513601741,
        "1":0.2548543689,
        "2":0.268957346,
        "3":0.2734839477,
        "4":0.2683544304
    },
    "Activity Data":{
        "0":0.1326219512,
        "1":0.1393442623,
        "2":0.1400745959,
        "3":0.1423205342,
        "4":0.1523455643
    },
    "Further Specification":{
        "0":0.257751938,
        "1":0.2712871287,
        "2":0.272260274,
        "3":0.261732852,
        "4":0.3243243243
    },
    "XOR Gateway":{
        "0":0.0756972112,
        "1":0.1022222222,
        "2":0.1004366812,
        "3":0.103286385,
        "4":0.064516129
    },
    "Condition Specification":{
        "0":0.2429245283,
        "1":0.2736318408,
        "2":0.2410596026,
        "3":0.2451690821,
        "4":0.2444134078
    },
    "AND Gateway":{
        "0":0.4193548387,
        "1":0.5217391304,
        "2":0.3333333333,
        "3":0.375,
        "4":0.40625
    },
    "All":{
        "0":0.1166522116,
        "1":0.1237246964,
        "2":0.1240537618,
        "3":0.1257071025,
        "4":0.1307476307
    }
}