{
    "Actor":{
        "0":0.0653133274,
        "1":0.0671394799,
        "2":0.066119471,
        "3":0.0726202159,
        "4":0.0717463849
    },
    "Activity":{
        "0":0.1944677284,
        "1":0.1851851852,
        "2":0.2026666667,
        "3":0.2014010508,
        "4":0.2054263566
    },
    "Activity Data":{
        "0":0.1038809454,
        "1":0.1028093246,
        "2":0.1061349693,
        "3":0.1080914145,
        "4":0.1215686275
    },
    "Further Specification":{
        "0":0.1977077364,
        "1":0.2025495751,
        "2":0.1987730061,
        "3":0.1873417722,
        "4":0.2468239564
    },
    "XOR Gateway":{
        "0":0.0574018127,
        "1":0.0741935484,
        "2":0.0756578947,
        "3":0.0782918149,
        "4":0.0498220641
    },
    "Condition Specification":{
        "0":0.1925182482,
        "1":0.2071516646,
        "2":0.1960784314,
        "3":0.1960784314,
        "4":0.2004454343
    },
    "AND Gateway":{
        "0":0.3333333333,
        "1":0.3428571429,
        "2":0.2666666667,
        "3":0.2727272727,
        "4":0.3023255814
    },
    "All":{
        "0":0.091160221,
        "1":0.091876552,
        "2":0.0941812328,
        "3":0.0950773886,
        "4":0.1031317495
    }
}