{
    "Actor":{
        "0":0.055988135,
        "1":0.0586766542,
        "2":0.0581257414,
        "3":0.0633921075,
        "4":0.0581867388
    },
    "Activity":{
        "0":0.1621052632,
        "1":0.1627906977,
        "2":0.1723614275,
        "3":0.173062453,
        "4":0.1711057304
    },
    "Activity Data":{
        "0":0.0878987095,
        "1":0.0928402832,
        "2":0.0920912951,
        "3":0.0916271722,
        "4":0.0974403723
    },
    "Further Specification":{
        "0":0.1756410256,
        "1":0.1837769328,
        "2":0.1797385621,
        "3":0.1730545877,
        "4":0.215408805
    },
    "XOR Gateway":{
        "0":0.047979798,
        "1":0.0649717514,
        "2":0.0655270655,
        "3":0.0666666667,
        "4":0.0405797101
    },
    "Condition Specification":{
        "0":0.1616858238,
        "1":0.1728778468,
        "2":0.1653679654,
        "3":0.1670569867,
        "4":0.1698806244
    },
    "AND Gateway":{
        "0":0.2916666667,
        "1":0.3611111111,
        "2":0.2222222222,
        "3":0.25,
        "4":0.2916666667
    },
    "All":{
        "0":0.0768730247,
        "1":0.0814423376,
        "2":0.0817947191,
        "3":0.0820604972,
        "4":0.0848868176
    }
}