{
    "Actor":{
        "0":0.3670634921,
        "1":0.3844444444,
        "2":0.3715693174,
        "3":0.391634981,
        "4":0.3903436989
    },
    "Activity":{
        "0":0.4352557127,
        "1":0.4490291262,
        "2":0.4502369668,
        "3":0.4494649227,
        "4":0.4518987342
    },
    "Activity Data":{
        "0":0.4090909091,
        "1":0.4218684541,
        "2":0.3995789474,
        "3":0.410988075,
        "4":0.4359943316
    },
    "Further Specification":{
        "0":0.4573643411,
        "1":0.4910891089,
        "2":0.4828767123,
        "3":0.4747292419,
        "4":0.4963144963
    },
    "XOR Gateway":{
        "0":0.4210526316,
        "1":0.4122807018,
        "2":0.4504504505,
        "3":0.4387755102,
        "4":0.4
    },
    "Condition Specification":{
        "0":0.4693396226,
        "1":0.4950166113,
        "2":0.4621513944,
        "3":0.4721549637,
        "4":0.4579831933
    },
    "AND Gateway":{
        "0":0.5217391304,
        "1":0.5263157895,
        "2":0.5,
        "3":0.5,
        "4":0.5
    },
    "All":{
        "0":0.4040885337,
        "1":0.4235476642,
        "2":0.4060963618,
        "3":0.4169723241,
        "4":0.4238422912
    }
}