{
    "Actor":{
        "0":0.0685296846,
        "1":0.0733011608,
        "2":0.0691994573,
        "3":0.0717565263,
        "4":0.0697480161
    },
    "Activity":{
        "0":0.0771291866,
        "1":0.0790697674,
        "2":0.0795195693,
        "3":0.0783911348,
        "4":0.0788025534
    },
    "Activity Data":{
        "0":0.0775838745,
        "1":0.0801666179,
        "2":0.0752427184,
        "3":0.0771260997,
        "4":0.080754352
    },
    "Further Specification":{
        "0":0.0951048951,
        "1":0.0974766678,
        "2":0.0986333928,
        "3":0.097877732,
        "4":0.0969125214
    },
    "XOR Gateway":{
        "0":0.0718475073,
        "1":0.0727272727,
        "2":0.0813397129,
        "3":0.0784313725,
        "4":0.0707070707
    },
    "Condition Specification":{
        "0":0.0961337513,
        "1":0.0940243557,
        "2":0.0946969697,
        "3":0.095390525,
        "4":0.0951783024
    },
    "AND Gateway":{
        "0":0.1136363636,
        "1":0.1181818182,
        "2":0.1298701299,
        "3":0.0909090909,
        "4":0.1157024793
    },
    "All":{
        "0":0.0769977354,
        "1":0.0800901578,
        "2":0.0772124275,
        "3":0.078549151,
        "4":0.078811411
    }
}