{
    "Actor":{
        "0":0.5435847209,
        "1":0.5328542094,
        "2":0.5398773006,
        "3":0.6087470449,
        "4":0.5514450867
    },
    "Activity":{
        "0":0.6441223833,
        "1":0.6146179402,
        "2":0.6631762653,
        "3":0.7026022305,
        "4":0.6660447761
    },
    "Activity Data":{
        "0":0.6086705202,
        "1":0.5990481856,
        "2":0.5843596059,
        "3":0.6274382315,
        "4":0.624915369
    },
    "Further Specification":{
        "0":0.8027210884,
        "1":0.6019417476,
        "2":0.7014925373,
        "3":0.8117283951,
        "4":0.6965517241
    },
    "XOR Gateway":{
        "0":0.5925925926,
        "1":0.5662650602,
        "2":0.6493506494,
        "3":0.7543859649,
        "4":0.65625
    },
    "Condition Specification":{
        "0":0.7249544627,
        "1":0.6592920354,
        "2":0.6692307692,
        "3":0.805785124,
        "4":0.6526946108
    },
    "AND Gateway":{
        "0":0.7058823529,
        "1":0.7142857143,
        "2":0.7,
        "3":1.0,
        "4":1.0
    },
    "All":{
        "0":0.6095525157,
        "1":0.5825035562,
        "2":0.5922562141,
        "3":0.6590250329,
        "4":0.608707265
    }
}