{
    "Actor":{
        "0":0.4866297336
    },
    "Activity":{
        "0":0.5674179089
    },
    "Activity Data":{
        "0":0.5365592196
    },
    "Further Specification":{
        "0":0.592553855
    },
    "XOR Gateway":{
        "0":0.5474519665
    },
    "Condition Specification":{
        "0":0.6239131437
    },
    "AND Gateway":{
        "0":0.7890734266
    },
    "All":{
        "0":0.5326563394
    }
}