{
    "Actor":{
        "0":0.0940688776,
        "1":0.1006097561,
        "2":0.0949796472,
        "3":0.0992063492,
        "4":0.0939892802
    },
    "Activity":{
        "0":0.1060526316,
        "1":0.1087209302,
        "2":0.1093394077,
        "3":0.1077878104,
        "4":0.1083535109
    },
    "Activity Data":{
        "0":0.1063988095,
        "1":0.1088223473,
        "2":0.1032564725,
        "3":0.1045362903,
        "4":0.1113696809
    },
    "Further Specification":{
        "0":0.1307692308,
        "1":0.1297528517,
        "2":0.1331699346,
        "3":0.1345818815,
        "4":0.1279481132
    },
    "XOR Gateway":{
        "0":0.0987903226,
        "1":0.1,
        "2":0.1118421053,
        "3":0.1053921569,
        "4":0.0972222222
    },
    "Condition Specification":{
        "0":0.1293103448,
        "1":0.1269470405,
        "2":0.130859375,
        "3":0.1294014085,
        "4":0.1284530387
    },
    "AND Gateway":{
        "0":0.15625,
        "1":0.1625,
        "2":0.1785714286,
        "3":0.125,
        "4":0.125
    },
    "All":{
        "0":0.1054641163,
        "1":0.1088842975,
        "2":0.1058117498,
        "3":0.1073697586,
        "4":0.1072184963
    }
}