{
    "Actor":{
        "0":0.070506969
    },
    "Activity":{
        "0":0.0785824423
    },
    "Activity Data":{
        "0":0.0781747325
    },
    "Further Specification":{
        "0":0.0972010418
    },
    "XOR Gateway":{
        "0":0.0750105872
    },
    "Condition Specification":{
        "0":0.0950847808
    },
    "AND Gateway":{
        "0":0.1136599764
    },
    "All":{
        "0":0.0783321765
    }
}