{
    "Actor":{
        "0":0.3635204082,
        "1":0.3852223816,
        "2":0.3616010855,
        "3":0.3759018759,
        "4":0.3736600306
    },
    "Activity":{
        "0":0.4210526316,
        "1":0.4302325581,
        "2":0.4328018223,
        "3":0.4266365688,
        "4":0.4322033898
    },
    "Activity Data":{
        "0":0.4073660714,
        "1":0.411977492,
        "2":0.3887540453,
        "3":0.3959677419,
        "4":0.4162234043
    },
    "Further Specification":{
        "0":0.4788461538,
        "1":0.4885931559,
        "2":0.4836601307,
        "3":0.4790940767,
        "4":0.5117924528
    },
    "XOR Gateway":{
        "0":0.3870967742,
        "1":0.3916666667,
        "2":0.4473684211,
        "3":0.4215686275,
        "4":0.3888888889
    },
    "Condition Specification":{
        "0":0.4712643678,
        "1":0.4704049844,
        "2":0.48046875,
        "3":0.4694835681,
        "4":0.4682320442
    },
    "AND Gateway":{
        "0":0.5,
        "1":0.5,
        "2":0.5,
        "3":0.5,
        "4":0.5
    },
    "All":{
        "0":0.4019869514,
        "1":0.414214876,
        "2":0.3995578016,
        "3":0.4043837357,
        "4":0.411754324
    }
}