{
    "Actor":{
        "0":0.4169726112
    },
    "Activity":{
        "0":0.4823624943
    },
    "Activity Data":{
        "0":0.4509637106
    },
    "Further Specification":{
        "0":0.5150026371
    },
    "XOR Gateway":{
        "0":0.4797465034
    },
    "Condition Specification":{
        "0":0.5031404073
    },
    "AND Gateway":{
        "0":0.6101541733
    },
    "All":{
        "0":0.4495696956
    }
}