{
    "Actor":{
        "0":0.4357966697
    },
    "Activity":{
        "0":0.5164621482
    },
    "Activity Data":{
        "0":0.4735436008
    },
    "Further Specification":{
        "0":0.6236748532
    },
    "XOR Gateway":{
        "0":0.4702862574
    },
    "Condition Specification":{
        "0":0.5512085818
    },
    "AND Gateway":{
        "0":0.5663389242
    },
    "All":{
        "0":0.48032363
    }
}