{
    "Actor":{
        "0":0.3858566456
    },
    "Activity":{
        "0":0.4480831407
    },
    "Activity Data":{
        "0":0.4275239949
    },
    "Further Specification":{
        "0":0.5026009668
    },
    "XOR Gateway":{
        "0":0.4245118588
    },
    "Condition Specification":{
        "0":0.4889782684
    },
    "AND Gateway":{
        "0":0.5368837113
    },
    "All":{
        "0":0.4250984876
    }
}