{
    "Actor":{
        "0":0.2879554656,
        "1":0.2943089431,
        "2":0.2794577685,
        "3":0.2950084128,
        "4":0.3069679849
    },
    "Activity":{
        "0":0.3378038558,
        "1":0.3271604938,
        "2":0.3413333333,
        "3":0.3309982487,
        "4":0.3459302326
    },
    "Activity Data":{
        "0":0.3213329366,
        "1":0.3154834761,
        "2":0.3066833229,
        "3":0.3167035049,
        "4":0.3480783176
    },
    "Further Specification":{
        "0":0.3638968481,
        "1":0.3767705382,
        "2":0.3607361963,
        "3":0.3493670886,
        "4":0.388384755
    },
    "XOR Gateway":{
        "0":0.3137254902,
        "1":0.2919254658,
        "2":0.3269230769,
        "3":0.3257575758,
        "4":0.3181818182
    },
    "Condition Specification":{
        "0":0.3795620438,
        "1":0.3782447466,
        "2":0.3819875776,
        "3":0.3816651076,
        "4":0.3839285714
    },
    "AND Gateway":{
        "0":0.4,
        "1":0.3333333333,
        "2":0.3888888889,
        "3":0.3636363636,
        "4":0.3793103448
    },
    "All":{
        "0":0.3183260844,
        "1":0.3183704263,
        "2":0.3114634146,
        "3":0.3180752622,
        "4":0.3368616793
    }
}