{
    "Actor":{
        "0":0.6702490171
    },
    "Activity":{
        "0":0.7934354902
    },
    "Activity Data":{
        "0":0.7254958927
    },
    "Further Specification":{
        "0":0.8623826682
    },
    "XOR Gateway":{
        "0":0.7723305462
    },
    "Condition Specification":{
        "0":0.8381096615
    },
    "AND Gateway":{
        "0":0.9692307692
    },
    "All":{
        "0":0.7314848771
    }
}