{
    "Bert Score":{
        "0":0.9806462526,
        "1":0.9786674976,
        "2":0.9786690474,
        "3":0.9804925919,
        "4":0.9815311432
    }
}