{
    "Actor":{
        "0":0.0473178138,
        "1":0.0495750708,
        "2":0.0453817405,
        "3":0.0512744517,
        "4":0.0501529052
    },
    "Activity":{
        "0":0.1217208814,
        "1":0.1228273465,
        "2":0.1299659478,
        "3":0.1307042254,
        "4":0.129305136
    },
    "Activity Data":{
        "0":0.0693496227,
        "1":0.0720912254,
        "2":0.071974897,
        "3":0.0719131615,
        "4":0.0771538791
    },
    "Further Specification":{
        "0":0.131797235,
        "1":0.1385165326,
        "2":0.1353032659,
        "3":0.131120332,
        "4":0.168161435
    },
    "XOR Gateway":{
        "0":0.0378787879,
        "1":0.0508474576,
        "2":0.0512820513,
        "3":0.0522727273,
        "4":0.0326086957
    },
    "Condition Specification":{
        "0":0.1192090395,
        "1":0.1342486651,
        "2":0.1229404309,
        "3":0.1234213548,
        "4":0.1246612466
    },
    "AND Gateway":{
        "0":0.234375,
        "1":0.2708333333,
        "2":0.2083333333,
        "3":0.2083333333,
        "4":0.234375
    },
    "All":{
        "0":0.0584358819,
        "1":0.0615844544,
        "2":0.0613426753,
        "3":0.0619951976,
        "4":0.0645678122
    }
}