{
    "Actor":{
        "0":0.0482481566
    },
    "Activity":{
        "0":0.1264418032
    },
    "Activity Data":{
        "0":0.0724382877
    },
    "Further Specification":{
        "0":0.14073173
    },
    "XOR Gateway":{
        "0":0.0449779439
    },
    "Condition Specification":{
        "0":0.1240090618
    },
    "AND Gateway":{
        "0":0.23125
    },
    "All":{
        "0":0.0612915414
    }
}