{
    "Actor":{
        "0":0.0406345672,
        "1":0.0431115276,
        "2":0.0424458296,
        "3":0.0456549118,
        "4":0.0426684727
    },
    "Activity":{
        "0":0.1215789474,
        "1":0.1226744186,
        "2":0.1298405467,
        "3":0.1303611738,
        "4":0.1289346247
    },
    "Activity Data":{
        "0":0.0635500365,
        "1":0.0668764752,
        "2":0.0672770701,
        "3":0.0673380727,
        "4":0.0715532286
    },
    "Further Specification":{
        "0":0.1278846154,
        "1":0.1302281369,
        "2":0.1299019608,
        "3":0.1263066202,
        "4":0.1556603774
    },
    "XOR Gateway":{
        "0":0.0359848485,
        "1":0.0487288136,
        "2":0.0491452991,
        "3":0.05,
        "4":0.0304347826
    },
    "Condition Specification":{
        "0":0.1183908046,
        "1":0.1288819876,
        "2":0.1188311688,
        "3":0.1194379391,
        "4":0.1212121212
    },
    "AND Gateway":{
        "0":0.203125,
        "1":0.25,
        "2":0.1666666667,
        "3":0.1875,
        "4":0.203125
    },
    "All":{
        "0":0.0563419566,
        "1":0.0596191216,
        "2":0.0600193611,
        "3":0.0600479185,
        "4":0.0622658786
    }
}