{
    "Actor":{
        "0.0":0.721530121,
        "0.1":0.715640807,
        "0.2":0.7092319481,
        "0.3":0.7126922245,
        "0.4":0.6941812365,
        "0.5":0.7105663882,
        "0.6":0.7327257948,
        "0.7":0.7172976639,
        "0.8":0.7248946393,
        "0.9":0.7206736967,
        "1.0":0.7115390639,
        "1.25":0.7090381945,
        "1.5":0.7244055796,
        "1.75":0.7266445786,
        "2.0":0.7168408244,
        "3.0":0.7060767168,
        "4.0":0.7468890449,
        "5.0":0.7306697189,
        "7.0":0.7271395181,
        "10.0":0.7363944514
    },
    "Activity":{
        "0.0":0.7649218209,
        "0.1":0.766960055,
        "0.2":0.763403482,
        "0.3":0.7735051541,
        "0.4":0.7632474113,
        "0.5":0.7658624793,
        "0.6":0.7702518953,
        "0.7":0.7707476779,
        "0.8":0.7723575437,
        "0.9":0.7707117658,
        "1.0":0.7709135292,
        "1.25":0.7651888401,
        "1.5":0.774317204,
        "1.75":0.7704960656,
        "2.0":0.7670114301,
        "3.0":0.7623225827,
        "4.0":0.7597550263,
        "5.0":0.7631435076,
        "7.0":0.7541857475,
        "10.0":0.7587286798
    },
    "Activity Data":{
        "0.0":0.6158860061,
        "0.1":0.606963247,
        "0.2":0.6155751059,
        "0.3":0.6211122243,
        "0.4":0.6155541241,
        "0.5":0.6203388876,
        "0.6":0.6298226446,
        "0.7":0.6220452379,
        "0.8":0.6216775022,
        "0.9":0.6442487232,
        "1.0":0.633975878,
        "1.25":0.6271060123,
        "1.5":0.6336325076,
        "1.75":0.6144456298,
        "2.0":0.6153928766,
        "3.0":0.6339750553,
        "4.0":0.6074221221,
        "5.0":0.6234679147,
        "7.0":0.6140832635,
        "10.0":0.6185578764
    },
    "Further Specification":{
        "0.0":0.2552923105,
        "0.1":0.2531030034,
        "0.2":0.2476495726,
        "0.3":0.2505955964,
        "0.4":0.1791025641,
        "0.5":0.1815628816,
        "0.6":0.2476141506,
        "0.7":0.1874747475,
        "0.8":0.2735599926,
        "0.9":0.2315384615,
        "1.0":0.2243662431,
        "1.25":0.2148495854,
        "1.5":0.271154437,
        "1.75":0.263962704,
        "2.0":0.2045783814,
        "3.0":0.2210173697,
        "4.0":0.1871509894,
        "5.0":0.2124206349,
        "7.0":0.1521052632,
        "10.0":0.1695562436
    },
    "XOR Gateway":{
        "0.0":0.7246239374,
        "0.1":0.7265891252,
        "0.2":0.7356708665,
        "0.3":0.7366139657,
        "0.4":0.7027977686,
        "0.5":0.7362145749,
        "0.6":0.7292292956,
        "0.7":0.7129848189,
        "0.8":0.7186183899,
        "0.9":0.719220613,
        "1.0":0.7192105263,
        "1.25":0.7211111111,
        "1.5":0.714619883,
        "1.75":0.7292876675,
        "2.0":0.7396151541,
        "3.0":0.7166459719,
        "4.0":0.7184826893,
        "5.0":0.7346881489,
        "7.0":0.7223071966,
        "10.0":0.7373921464
    },
    "Condition Specification":{
        "0.0":0.5953056321,
        "0.1":0.6117091706,
        "0.2":0.6445387088,
        "0.3":0.6282087912,
        "0.4":0.5891097308,
        "0.5":0.6246778711,
        "0.6":0.595667078,
        "0.7":0.6279446044,
        "0.8":0.6183540904,
        "0.9":0.6397402597,
        "1.0":0.6634441603,
        "1.25":0.6389368801,
        "1.5":0.6285861415,
        "1.75":0.6435185185,
        "2.0":0.6660989821,
        "3.0":0.6312520325,
        "4.0":0.5861399861,
        "5.0":0.6259247289,
        "7.0":0.6537924438,
        "10.0":0.6192427442
    },
    "AND Gateway":{
        "0.0":0.0,
        "0.1":0.1,
        "0.2":0.0,
        "0.3":0.2,
        "0.4":0.2,
        "0.5":0.2,
        "0.6":0.1,
        "0.7":0.0,
        "0.8":0.0,
        "0.9":0.2,
        "1.0":0.0,
        "1.25":0.16,
        "1.5":0.1,
        "1.75":0.16,
        "2.0":0.16,
        "3.0":0.16,
        "4.0":0.16,
        "5.0":0.1333333333,
        "7.0":0.36,
        "10.0":0.1333333333
    }
}