{
    "Bleu Score":{
        "0":0.0,
        "1":0.0000012874,
        "2":0.0000000002,
        "3":0.0000018839,
        "4":0.0000000002
    }
}