{
    "Bleu Score":{
        "0":4.90413835e-25,
        "1":2.287117778e-28,
        "2":2.777048956e-27,
        "3":3.053964371e-25,
        "4":4.682770977e-25
    }
}