{
    "Bleu Score":{
        "0":0.0000851895,
        "1":0.0165416775,
        "2":0.0187910221,
        "3":0.019693819,
        "4":0.0012887757
    }
}