{
    "Actor":{
        "0":0.149330587,
        "1":0.165060241,
        "2":0.1569060773,
        "3":0.1627384961,
        "4":0.1481042654
    },
    "Activity":{
        "0":0.4592445328,
        "1":0.4625550661,
        "2":0.4819532909,
        "3":0.4732510288,
        "4":0.4700665188
    },
    "Activity Data":{
        "0":0.2334004024,
        "1":0.2562170309,
        "2":0.2518628912,
        "3":0.2398030942,
        "4":0.2498095963
    },
    "Further Specification":{
        "0":0.5095785441,
        "1":0.5131086142,
        "2":0.4774774775,
        "3":0.5,
        "4":0.6168224299
    },
    "XOR Gateway":{
        "0":0.1319444444,
        "1":0.1782945736,
        "2":0.1869918699,
        "3":0.1746031746,
        "4":0.1102362205
    },
    "Condition Specification":{
        "0":0.4458874459,
        "1":0.46875,
        "2":0.449382716,
        "3":0.385199241,
        "4":0.421686747
    },
    "AND Gateway":{
        "0":0.8125,
        "1":0.9230769231,
        "2":0.5714285714,
        "3":0.75,
        "4":0.7647058824
    },
    "All":{
        "0":0.2097193347,
        "1":0.2265717675,
        "2":0.2234901197,
        "3":0.2131060202,
        "4":0.2203490092
    }
}