{
    "Actor":{
        "0":0.125432526,
        "1":0.1400817996,
        "2":0.1521972133,
        "3":0.1560818084,
        "4":0.1388888889
    },
    "Activity":{
        "0":0.3830845771,
        "1":0.4375,
        "2":0.440776699,
        "3":0.4347826087,
        "4":0.4353182752
    },
    "Activity Data":{
        "0":0.1994269341,
        "1":0.2316076294,
        "2":0.2368605466,
        "3":0.230873392,
        "4":0.2276197085
    },
    "Further Specification":{
        "0":0.4182389937,
        "1":0.4892857143,
        "2":0.4608695652,
        "3":0.4131054131,
        "4":0.4505119454
    },
    "XOR Gateway":{
        "0":0.1104651163,
        "1":0.1755725191,
        "2":0.1654676259,
        "3":0.1774193548,
        "4":0.1029411765
    },
    "Condition Specification":{
        "0":0.3665480427,
        "1":0.4647887324,
        "2":0.3676767677,
        "3":0.406,
        "4":0.3630705394
    },
    "AND Gateway":{
        "0":0.65,
        "1":0.9230769231,
        "2":0.4705882353,
        "3":0.6428571429,
        "4":0.7647058824
    },
    "All":{
        "0":0.1763548951,
        "1":0.2062078273,
        "2":0.207439938,
        "3":0.2038735984,
        "4":0.1983493078
    }
}