{
    "Actor":{
        "0":0.0414904209
    },
    "Activity":{
        "0":0.1251208183
    },
    "Activity Data":{
        "0":0.0655058921
    },
    "Further Specification":{
        "0":0.131193312
    },
    "XOR Gateway":{
        "0":0.043860054
    },
    "Condition Specification":{
        "0":0.1212164991
    },
    "AND Gateway":{
        "0":0.2020833333
    },
    "All":{
        "0":0.058323866
    }
}