{
    "Actor":{
        "0":0.1137254902,
        "1":0.1188204683,
        "2":0.1184320267,
        "3":0.1258680556,
        "4":0.1220703125
    },
    "Activity":{
        "0":0.3494704992,
        "1":0.3387096774,
        "2":0.3673139159,
        "3":0.3538461538,
        "4":0.3806104129
    },
    "Activity Data":{
        "0":0.184029614,
        "1":0.1894150418,
        "2":0.1865342163,
        "3":0.1938601478,
        "4":0.2199865862
    },
    "Further Specification":{
        "0":0.3900293255,
        "1":0.3246445498,
        "2":0.4087403599,
        "3":0.3039832285,
        "4":0.4505119454
    },
    "XOR Gateway":{
        "0":0.1130952381,
        "1":0.1411042945,
        "2":0.1292134831,
        "3":0.1392405063,
        "4":0.0880503145
    },
    "Condition Specification":{
        "0":0.3410596026,
        "1":0.4104477612,
        "2":0.2879746835,
        "3":0.3212025316,
        "4":0.3564154786
    },
    "AND Gateway":{
        "0":0.619047619,
        "1":0.7058823529,
        "2":0.4444444444,
        "3":0.4090909091,
        "4":0.619047619
    },
    "All":{
        "0":0.1626688168,
        "1":0.167104112,
        "2":0.1657036731,
        "3":0.1649484536,
        "4":0.1845887017
    }
}