{
    "Actor":{
        "0":0.1335174954,
        "1":0.1359126984,
        "2":0.1297989031,
        "3":0.1559139785,
        "4":0.1303441084
    },
    "Activity":{
        "0":0.3862876254,
        "1":0.4142011834,
        "2":0.4157509158,
        "3":0.4483430799,
        "4":0.408477842
    },
    "Activity Data":{
        "0":0.2101449275,
        "1":0.2193548387,
        "2":0.2159744409,
        "3":0.2271818787,
        "4":0.2180851064
    },
    "Further Specification":{
        "0":0.3888888889,
        "1":0.4823943662,
        "2":0.4441340782,
        "3":0.4461538462,
        "4":0.511627907
    },
    "XOR Gateway":{
        "0":0.1137724551,
        "1":0.1691176471,
        "2":0.1654676259,
        "3":0.1746031746,
        "4":0.095890411
    },
    "Condition Specification":{
        "0":0.335504886,
        "1":0.4634831461,
        "2":0.3737166324,
        "3":0.4229166667,
        "4":0.4117647059
    },
    "AND Gateway":{
        "0":0.7647058824,
        "1":0.9230769231,
        "2":0.5714285714,
        "3":0.6,
        "4":0.5416666667
    },
    "All":{
        "0":0.1801339286,
        "1":0.1982355994,
        "2":0.191054009,
        "3":0.205655527,
        "4":0.1942633638
    }
}