{
    "Actor":{
        "0":0.1333946642,
        "1":0.1360476663,
        "2":0.1311172669,
        "3":0.1557465091,
        "4":0.1311647429
    },
    "Activity":{
        "0":0.3888888889,
        "1":0.4117647059,
        "2":0.4203703704,
        "3":0.4474708171,
        "4":0.4076923077
    },
    "Activity Data":{
        "0":0.2118076689,
        "1":0.2199223803,
        "2":0.2158365262,
        "3":0.2279411765,
        "4":0.2222222222
    },
    "Further Specification":{
        "0":0.3923303835,
        "1":0.4807017544,
        "2":0.4344262295,
        "3":0.4434250765,
        "4":0.5038167939
    },
    "XOR Gateway":{
        "0":0.1137724551,
        "1":0.1691176471,
        "2":0.1608391608,
        "3":0.1692307692,
        "4":0.0945945946
    },
    "Condition Specification":{
        "0":0.3468013468,
        "1":0.46875,
        "2":0.3699186992,
        "3":0.4176954733,
        "4":0.4069767442
    },
    "AND Gateway":{
        "0":0.7647058824,
        "1":0.9230769231,
        "2":0.5714285714,
        "3":0.6,
        "4":0.5416666667
    },
    "All":{
        "0":0.1817158298,
        "1":0.1984931151,
        "2":0.1910085633,
        "3":0.2051808156,
        "4":0.1953842119
    }
}