{
    "Actor":{
        "0":0.0727911647,
        "1":0.0764082543,
        "2":0.0740740741,
        "3":0.0820599887,
        "4":0.0776397516
    },
    "Activity":{
        "0":0.2221153846,
        "1":0.2160493827,
        "2":0.233299075,
        "3":0.2383419689,
        "4":0.2324561404
    },
    "Activity Data":{
        "0":0.1169354839,
        "1":0.120098905,
        "2":0.1191399366,
        "3":0.1199859254,
        "4":0.1297981797
    },
    "Further Specification":{
        "0":0.2246621622,
        "1":0.2245901639,
        "2":0.2345132743,
        "3":0.2543859649,
        "4":0.2808510638
    },
    "XOR Gateway":{
        "0":0.0648464164,
        "1":0.0871212121,
        "2":0.0877862595,
        "3":0.093220339,
        "4":0.0571428571
    },
    "Condition Specification":{
        "0":0.2191489362,
        "1":0.2226720648,
        "2":0.2214111922,
        "3":0.2132352941,
        "4":0.2258064516
    },
    "AND Gateway":{
        "0":0.3421052632,
        "1":0.375,
        "2":0.275862069,
        "3":0.36,
        "4":0.40625
    },
    "All":{
        "0":0.1025282683,
        "1":0.1054811542,
        "2":0.1068103219,
        "3":0.1087399755,
        "4":0.1133769594
    }
}