{
    "Actor":{
        "0":0.0574030087,
        "1":0.0609973286,
        "2":0.0592654424,
        "3":0.0662705667,
        "4":0.0590179415
    },
    "Activity":{
        "0":0.1731634183,
        "1":0.180878553,
        "2":0.1845528455,
        "3":0.1900826446,
        "4":0.1856392294
    },
    "Activity Data":{
        "0":0.0916996047,
        "1":0.1012206014,
        "2":0.0967095851,
        "3":0.098497978,
        "4":0.1013597033
    },
    "Further Specification":{
        "0":0.1844660194,
        "1":0.1853856563,
        "2":0.1899641577,
        "3":0.1647727273,
        "4":0.2241086587
    },
    "XOR Gateway":{
        "0":0.0514905149,
        "1":0.072555205,
        "2":0.0688622754,
        "3":0.0740740741,
        "4":0.0454545455
    },
    "Condition Specification":{
        "0":0.170388751,
        "1":0.1927570093,
        "2":0.1683626272,
        "3":0.1708754209,
        "4":0.1765893037
    },
    "AND Gateway":{
        "0":0.2708333333,
        "1":0.375,
        "2":0.2666666667,
        "3":0.2727272727,
        "4":0.2954545455
    },
    "All":{
        "0":0.0806838632,
        "1":0.0877152698,
        "2":0.0853982771,
        "3":0.086411752,
        "4":0.0883958234
    }
}