{
    "Actor":{
        "0":0.039359392,
        "1":0.0417810308,
        "2":0.0412790698,
        "3":0.0443425076,
        "4":0.0406901042
    },
    "Activity":{
        "0":0.1211326691,
        "1":0.1209677419,
        "2":0.1277433877,
        "3":0.1273532669,
        "4":0.128407026
    },
    "Activity Data":{
        "0":0.0629636331,
        "1":0.0643573727,
        "2":0.0651001541,
        "3":0.0662007377,
        "4":0.068907563
    },
    "Further Specification":{
        "0":0.1257088847,
        "1":0.1247723133,
        "2":0.1269968051,
        "3":0.1198347107,
        "4":0.1586538462
    },
    "XOR Gateway":{
        "0":0.0368217054,
        "1":0.0515695067,
        "2":0.0503282276,
        "3":0.0503432494,
        "4":0.030237581
    },
    "Condition Specification":{
        "0":0.1164499717,
        "1":0.1299212598,
        "2":0.1172680412,
        "3":0.1185055458,
        "4":0.1239376771
    },
    "AND Gateway":{
        "0":0.203125,
        "1":0.25,
        "2":0.1666666667,
        "3":0.1875,
        "4":0.203125
    },
    "All":{
        "0":0.0555593804,
        "1":0.0580547112,
        "2":0.0585362298,
        "3":0.0586725339,
        "4":0.0607964746
    }
}