{
    "Actor":{
        "0":0.0793650794,
        "1":0.0836896762,
        "2":0.0816561242,
        "3":0.0905118602,
        "4":0.0834445928
    },
    "Activity":{
        "0":0.2369230769,
        "1":0.2430555556,
        "2":0.2564971751,
        "3":0.2598870056,
        "4":0.2582216809
    },
    "Activity Data":{
        "0":0.1266375546,
        "1":0.1316298877,
        "2":0.1352,
        "3":0.1338304553,
        "4":0.14291939
    },
    "Further Specification":{
        "0":0.25,
        "1":0.2378472222,
        "2":0.2531847134,
        "3":0.2670349908,
        "4":0.2920353982
    },
    "XOR Gateway":{
        "0":0.0745098039,
        "1":0.0954356846,
        "2":0.0962343096,
        "3":0.0969162996,
        "4":0.0611353712
    },
    "Condition Specification":{
        "0":0.2322435175,
        "1":0.2623211447,
        "2":0.2394736842,
        "3":0.2396694215,
        "4":0.2361673414
    },
    "AND Gateway":{
        "0":0.40625,
        "1":0.5,
        "2":0.3333333333,
        "3":0.375,
        "4":0.40625
    },
    "All":{
        "0":0.1112183021,
        "1":0.1165700336,
        "2":0.1185239852,
        "3":0.1198322349,
        "4":0.1227752142
    }
}