{
    "Actor":{
        "0":0.1055876307
    },
    "Activity":{
        "0":0.3230249752
    },
    "Activity Data":{
        "0":0.168454219
    },
    "Further Specification":{
        "0":0.3459442676
    },
    "XOR Gateway":{
        "0":0.1090928228
    },
    "Condition Specification":{
        "0":0.3084684505
    },
    "AND Gateway":{
        "0":0.4484543443
    },
    "All":{
        "0":0.1495386217
    }
}