{
    "Actor":{
        "0":0.1084525596
    },
    "Activity":{
        "0":0.32151837
    },
    "Activity Data":{
        "0":0.1714068621
    },
    "Further Specification":{
        "0":0.3451060495
    },
    "XOR Gateway":{
        "0":0.1068976468
    },
    "Condition Specification":{
        "0":0.3061853058
    },
    "AND Gateway":{
        "0":0.4484543443
    },
    "All":{
        "0":0.1511747209
    }
}