{
    "Actor":{
        "0":0.0998567737
    },
    "Activity":{
        "0":0.299737251
    },
    "Activity Data":{
        "0":0.1583460104
    },
    "Further Specification":{
        "0":0.3240965953
    },
    "XOR Gateway":{
        "0":0.1000457655
    },
    "Condition Specification":{
        "0":0.2866303131
    },
    "AND Gateway":{
        "0":0.4887410976
    },
    "All":{
        "0":0.1401203289
    }
}