{
    "Actor":{
        "0":0.0334662019
    },
    "Activity":{
        "0":0.1010935825
    },
    "Activity Data":{
        "0":0.0526604491
    },
    "Further Specification":{
        "0":0.1050733432
    },
    "XOR Gateway":{
        "0":0.0350775397
    },
    "Condition Specification":{
        "0":0.0968357146
    },
    "AND Gateway":{
        "0":0.1616666667
    },
    "All":{
        "0":0.0469057802
    }
}