{
    "Actor":{
        "0":0.1150793651,
        "1":0.1188204683,
        "2":0.1194280908,
        "3":0.1273046532,
        "4":0.1227897839
    },
    "Activity":{
        "0":0.3532110092,
        "1":0.3442622951,
        "2":0.366720517,
        "3":0.3538461538,
        "4":0.381294964
    },
    "Activity Data":{
        "0":0.1821989529,
        "1":0.193953223,
        "2":0.1881959911,
        "3":0.1945236737,
        "4":0.2167878387
    },
    "Further Specification":{
        "0":0.4054878049,
        "1":0.3142201835,
        "2":0.4045801527,
        "3":0.3078556263,
        "4":0.4474576271
    },
    "XOR Gateway":{
        "0":0.1130952381,
        "1":0.1402439024,
        "2":0.1299435028,
        "3":0.1325301205,
        "4":0.0869565217
    },
    "Condition Specification":{
        "0":0.3509369676,
        "1":0.4034229829,
        "2":0.3023255814,
        "3":0.3316993464,
        "4":0.35
    },
    "AND Gateway":{
        "0":0.619047619,
        "1":0.7058823529,
        "2":0.4444444444,
        "3":0.4090909091,
        "4":0.619047619
    },
    "All":{
        "0":0.1637581169,
        "1":0.168207838,
        "2":0.167501043,
        "3":0.166216497,
        "4":0.1833169291
    }
}