{
    "Actor":{
        "0":0.1098640878
    },
    "Activity":{
        "0":0.3331824792
    },
    "Activity Data":{
        "0":0.1742866527
    },
    "Further Specification":{
        "0":0.3706465698
    },
    "XOR Gateway":{
        "0":0.1124574782
    },
    "Condition Specification":{
        "0":0.3098626001
    },
    "AND Gateway":{
        "0":0.5663061796
    },
    "All":{
        "0":0.1548911788
    }
}