{
    "Actor":{
        "0":0.0825740319,
        "1":0.0870947235,
        "2":0.088639201,
        "3":0.1,
        "4":0.0889046942
    },
    "Activity":{
        "0":0.2505422993,
        "1":0.2530120482,
        "2":0.2708830549,
        "3":0.282208589,
        "4":0.2742561449
    },
    "Activity Data":{
        "0":0.129753915,
        "1":0.1377633712,
        "2":0.1389231402,
        "3":0.150818222,
        "4":0.1487528345
    },
    "Further Specification":{
        "0":0.2708757637,
        "1":0.2790224033,
        "2":0.2694915254,
        "3":0.2680221811,
        "4":0.3358778626
    },
    "XOR Gateway":{
        "0":0.0736434109,
        "1":0.0970464135,
        "2":0.1050228311,
        "3":0.1094527363,
        "4":0.0642201835
    },
    "Condition Specification":{
        "0":0.2387022016,
        "1":0.2594339623,
        "2":0.2592592593,
        "3":0.2724832215,
        "4":0.2558479532
    },
    "AND Gateway":{
        "0":0.40625,
        "1":0.5217391304,
        "2":0.347826087,
        "3":0.375,
        "4":0.4482758621
    },
    "All":{
        "0":0.1152198744,
        "1":0.1220837328,
        "2":0.1253316685,
        "3":0.1325161504,
        "4":0.1305185704
    }
}