{
    "Actor":{
        "0":0.2250675229
    },
    "Activity":{
        "0":0.5250530146
    },
    "Activity Data":{
        "0":0.2440201985
    },
    "Further Specification":{
        "0":0.1913384349
    },
    "XOR Gateway":{
        "0":0.2741983454
    },
    "Condition Specification":{
        "0":0.1185897405
    },
    "AND Gateway":{
        "0":0.0983333333
    },
    "All":{
        "0":0.2558710645
    }
}