{
    "Actor":{
        "0":0.4619307808
    },
    "Activity":{
        "0":0.7338407102
    },
    "Activity Data":{
        "0":0.4914891473
    },
    "Further Specification":{
        "0":0.4636827229
    },
    "XOR Gateway":{
        "0":0.558916122
    },
    "Condition Specification":{
        "0":0.4161773683
    },
    "AND Gateway":{
        "0":0.4139893268
    },
    "All":{
        "0":0.4984841447
    }
}