{
    "Actor":{
        "0":0.6141862035
    },
    "Activity":{
        "0":0.7254426606
    },
    "Activity Data":{
        "0":0.6576101206
    },
    "Further Specification":{
        "0":0.7754982954
    },
    "XOR Gateway":{
        "0":0.7060131197
    },
    "Condition Specification":{
        "0":0.7404505473
    },
    "AND Gateway":{
        "0":0.8690909091
    },
    "All":{
        "0":0.6625667171
    }
}