{
    "Actor":{
        "0":0.5366218236,
        "1":0.5622866894,
        "2":0.5955156951,
        "3":0.6076190476,
        "4":0.553667263
    },
    "Activity":{
        "0":0.7962466488,
        "1":0.8110795455,
        "2":0.8045801527,
        "3":0.8002980626,
        "4":0.7796101949
    },
    "Activity Data":{
        "0":0.5680421422,
        "1":0.5992420654,
        "2":0.613340564,
        "3":0.6266666667,
        "4":0.6176470588
    },
    "Further Specification":{
        "0":0.5986696231,
        "1":0.6274089936,
        "2":0.7255369928,
        "3":0.6818181818,
        "4":0.6981132075
    },
    "XOR Gateway":{
        "0":0.6262626263,
        "1":0.587628866,
        "2":0.7594936709,
        "3":0.6024096386,
        "4":0.7
    },
    "Condition Specification":{
        "0":0.6416539051,
        "1":0.5736842105,
        "2":0.6299483649,
        "3":0.6509433962,
        "4":0.5957820738
    },
    "AND Gateway":{
        "0":0.5217391304,
        "1":0.5263157895,
        "2":0.5384615385,
        "3":0.5,
        "4":0.6111111111
    },
    "All":{
        "0":0.5884037223,
        "1":0.609922179,
        "2":0.6345091373,
        "3":0.6407664772,
        "4":0.6155015198
    }
}