{
    "Actor":{
        "0":0.5648075412,
        "1":0.594924812,
        "2":0.601826484,
        "3":0.6023875115,
        "4":0.5899705015
    },
    "Activity":{
        "0":0.7766233766,
        "1":0.8037676609,
        "2":0.803514377,
        "3":0.7782608696,
        "4":0.7961476726
    },
    "Activity Data":{
        "0":0.6145384983,
        "1":0.6401944895,
        "2":0.5634880163,
        "3":0.6109947644,
        "4":0.6301994302
    },
    "Further Specification":{
        "0":0.5659574468,
        "1":0.7598870056,
        "2":0.7615384615,
        "3":0.6599099099,
        "4":0.7551020408
    },
    "XOR Gateway":{
        "0":0.6504854369,
        "1":0.7215189873,
        "2":0.7341772152,
        "3":0.6436781609,
        "4":0.7066666667
    },
    "Condition Specification":{
        "0":0.6180758017,
        "1":0.5863377609,
        "2":0.6247818499,
        "3":0.6282642089,
        "4":0.6060070671
    },
    "AND Gateway":{
        "0":0.5217391304,
        "1":0.6666666667,
        "2":1.0,
        "3":0.6153846154,
        "4":0.6875
    },
    "All":{
        "0":0.6081979321,
        "1":0.6470068478,
        "2":0.6163601776,
        "3":0.6261261261,
        "4":0.6364473079
    }
}