{
    "Actor":{
        "0":0.6647264261,
        "1":0.7314049587,
        "2":0.7005076142,
        "3":0.6956521739,
        "4":0.664893617
    },
    "Activity":{
        "0":0.8210735586,
        "1":0.8502202643,
        "2":0.8617021277,
        "3":0.8353909465,
        "4":0.8418708241
    },
    "Activity Data":{
        "0":0.7398485891,
        "1":0.7863705972,
        "2":0.7377543331,
        "3":0.7043354655,
        "4":0.7474589523
    },
    "Further Specification":{
        "0":0.908045977,
        "1":0.9325842697,
        "2":0.8834355828,
        "3":0.9103448276,
        "4":0.9485981308
    },
    "XOR Gateway":{
        "0":0.7183098592,
        "1":0.7903225806,
        "2":0.8524590164,
        "3":0.8070175439,
        "4":0.7580645161
    },
    "Condition Specification":{
        "0":0.867965368,
        "1":0.8628571429,
        "2":0.8638613861,
        "3":0.75,
        "4":0.7833333333
    },
    "AND Gateway":{
        "0":1.0,
        "1":0.9090909091,
        "2":0.875,
        "3":1.0,
        "4":0.9166666667
    },
    "All":{
        "0":0.7417840376,
        "1":0.7909319899,
        "2":0.7582742317,
        "3":0.7282181001,
        "4":0.741217064
    }
}