{
    "Actor":{
        "0":0.378679825
    },
    "Activity":{
        "0":0.6713724634
    },
    "Activity Data":{
        "0":0.386560322
    },
    "Further Specification":{
        "0":0.3435066143
    },
    "XOR Gateway":{
        "0":0.4682488985
    },
    "Condition Specification":{
        "0":0.2812133888
    },
    "AND Gateway":{
        "0":0.26125
    },
    "All":{
        "0":0.4024419836
    }
}