{
    "Actor":{
        "0":0.5324675325,
        "1":0.5319767442,
        "2":0.5311381532,
        "3":0.5704113924,
        "4":0.5346215781
    },
    "Activity":{
        "0":0.7581344902,
        "1":0.7771084337,
        "2":0.7696897375,
        "3":0.7852760736,
        "4":0.765847348
    },
    "Activity Data":{
        "0":0.5440729483,
        "1":0.5571665286,
        "2":0.5369828667,
        "3":0.5764014467,
        "4":0.56359447
    },
    "Further Specification":{
        "0":0.5641547862,
        "1":0.6048879837,
        "2":0.5559322034,
        "3":0.5674676525,
        "4":0.6005089059
    },
    "XOR Gateway":{
        "0":0.5409836066,
        "1":0.5573770492,
        "2":0.712962963,
        "3":0.6382978723,
        "4":0.5436893204
    },
    "Condition Specification":{
        "0":0.5005793743,
        "1":0.5157728707,
        "2":0.5442857143,
        "3":0.5625841184,
        "4":0.5234604106
    },
    "AND Gateway":{
        "0":0.5,
        "1":0.5263157895,
        "2":0.5,
        "3":0.5,
        "4":0.55
    },
    "All":{
        "0":0.5545950864,
        "1":0.5733944954,
        "2":0.5600993377,
        "3":0.5908531223,
        "4":0.5704997213
    }
}