{
    "Actor":{
        "0":0.4636470014
    },
    "Activity":{
        "0":0.5454579303
    },
    "Activity Data":{
        "0":0.5033072955
    },
    "Further Specification":{
        "0":0.5975887659
    },
    "XOR Gateway":{
        "0":0.5078194569
    },
    "Condition Specification":{
        "0":0.5793292356
    },
    "AND Gateway":{
        "0":0.5395255139
    },
    "All":{
        "0":0.5051734561
    }
}