{
    "Actor":{
        "0":0.5696498054,
        "1":0.5341945289,
        "2":0.5536809816,
        "3":0.5422696116,
        "4":0.5415959253
    },
    "Activity":{
        "0":0.7577255871,
        "1":0.7792378449,
        "2":0.7703412073,
        "3":0.7700865266,
        "4":0.7716216216
    },
    "Activity Data":{
        "0":0.5785340314,
        "1":0.5986143187,
        "2":0.5559195133,
        "3":0.5608676405,
        "4":0.5918470055
    },
    "Further Specification":{
        "0":0.694214876,
        "1":0.6490825688,
        "2":0.5642361111,
        "3":0.5381944444,
        "4":0.614973262
    },
    "XOR Gateway":{
        "0":0.6153846154,
        "1":0.580952381,
        "2":0.7065217391,
        "3":0.6,
        "4":0.6739130435
    },
    "Condition Specification":{
        "0":0.5888111888,
        "1":0.5892193309,
        "2":0.5466472303,
        "3":0.544516129,
        "4":0.5243722304
    },
    "AND Gateway":{
        "0":0.619047619,
        "1":0.7142857143,
        "2":0.7,
        "3":0.5333333333,
        "4":0.6470588235
    },
    "All":{
        "0":0.5979602791,
        "1":0.6022492971,
        "2":0.5737380995,
        "3":0.5695228322,
        "4":0.5875616979
    }
}