{
    "Actor":{
        "0":0.5905316983
    },
    "Activity":{
        "0":0.704908319
    },
    "Activity Data":{
        "0":0.6441146601
    },
    "Further Specification":{
        "0":0.7824212291
    },
    "XOR Gateway":{
        "0":0.6658984326
    },
    "Condition Specification":{
        "0":0.7591634085
    },
    "AND Gateway":{
        "0":0.8712299465
    },
    "All":{
        "0":0.6501334179
    }
}