{
    "Actor":{
        "0":0.4289026275,
        "1":0.4621549421,
        "2":0.483074108,
        "3":0.5068897638,
        "4":0.4372135655
    },
    "Activity":{
        "0":0.5256241787,
        "1":0.5203938115,
        "2":0.5819295559,
        "3":0.5625,
        "4":0.5368421053
    },
    "Activity Data":{
        "0":0.4743243243,
        "1":0.4980217606,
        "2":0.5211422295,
        "3":0.523318872,
        "4":0.4997292907
    },
    "Further Specification":{
        "0":0.5375854214,
        "1":0.5123966942,
        "2":0.6828087167,
        "3":0.6430317848,
        "4":0.6121212121
    },
    "XOR Gateway":{
        "0":0.4444444444,
        "1":0.4433962264,
        "2":0.5952380952,
        "3":0.5375,
        "4":0.5185185185
    },
    "Condition Specification":{
        "0":0.603030303,
        "1":0.5340501792,
        "2":0.606271777,
        "3":0.5855855856,
        "4":0.5677083333
    },
    "AND Gateway":{
        "0":0.5217391304,
        "1":0.5263157895,
        "2":0.5384615385,
        "3":0.5,
        "4":0.6111111111
    },
    "All":{
        "0":0.4775658492,
        "1":0.4891499104,
        "2":0.5327886476,
        "3":0.5317882203,
        "4":0.4945746528
    }
}