{
    "Actor":{
        "0":0.5053224796,
        "1":0.5178446466,
        "2":0.5219384414,
        "3":0.5328571429,
        "4":0.5226244344
    },
    "Activity":{
        "0":0.7251282051,
        "1":0.7800925926,
        "2":0.7683615819,
        "3":0.7683615819,
        "4":0.7697929354
    },
    "Activity Data":{
        "0":0.5300222387,
        "1":0.5444839858,
        "2":0.5300813008,
        "3":0.531650641,
        "4":0.5608676405
    },
    "Further Specification":{
        "0":0.537593985,
        "1":0.5243055556,
        "2":0.5366242038,
        "3":0.5893186004,
        "4":0.517699115
    },
    "XOR Gateway":{
        "0":0.6608695652,
        "1":0.544,
        "2":0.5882352941,
        "3":0.6146788991,
        "4":0.6635514019
    },
    "Condition Specification":{
        "0":0.488162345,
        "1":0.5263157895,
        "2":0.5092348285,
        "3":0.5017751479,
        "4":0.4803788904
    },
    "AND Gateway":{
        "0":0.5416666667,
        "1":0.5,
        "2":0.5,
        "3":0.5,
        "4":0.5
    },
    "All":{
        "0":0.5369068541,
        "1":0.559643436,
        "2":0.5481145361,
        "3":0.5562440419,
        "4":0.5583304226
    }
}