{
    "Actor":{
        "0":0.6599286564,
        "1":0.7168508287,
        "2":0.6700507614,
        "3":0.6636597938,
        "4":0.6445945946
    },
    "Activity":{
        "0":0.7952286282,
        "1":0.8149779736,
        "2":0.8067940552,
        "3":0.7777777778,
        "4":0.7915742794
    },
    "Activity Data":{
        "0":0.7182810368,
        "1":0.7746153846,
        "2":0.7178517398,
        "3":0.691260745,
        "4":0.7127413127
    },
    "Further Specification":{
        "0":0.9042145594,
        "1":0.9288389513,
        "2":0.8468468468,
        "3":0.9068965517,
        "4":0.9439252336
    },
    "XOR Gateway":{
        "0":0.676056338,
        "1":0.7121212121,
        "2":0.8196721311,
        "3":0.7543859649,
        "4":0.6774193548
    },
    "Condition Specification":{
        "0":0.8614718615,
        "1":0.849002849,
        "2":0.8613861386,
        "3":0.7414448669,
        "4":0.7898550725
    },
    "AND Gateway":{
        "0":1.0,
        "1":0.9090909091,
        "2":0.875,
        "3":1.0,
        "4":0.9166666667
    },
    "All":{
        "0":0.7270464602,
        "1":0.7743460448,
        "2":0.7316209035,
        "3":0.706696807,
        "4":0.714868256
    }
}