{
    "Actor":{
        "0":0.4469659595,
        "1":0.4526315789,
        "2":0.4637837838,
        "3":0.4695700726,
        "4":0.476702509
    },
    "Activity":{
        "0":0.7134646962,
        "1":0.7393715342,
        "2":0.7441643324,
        "3":0.7384751773,
        "4":0.7337278107
    },
    "Activity Data":{
        "0":0.4792267744,
        "1":0.487400319,
        "2":0.4877717391,
        "3":0.5042875989,
        "4":0.4987593052
    },
    "Further Specification":{
        "0":0.4285714286,
        "1":0.5353535354,
        "2":0.4648786718,
        "3":0.4482306684,
        "4":0.4413793103
    },
    "XOR Gateway":{
        "0":0.54375,
        "1":0.5163398693,
        "2":0.5777777778,
        "3":0.562962963,
        "4":0.59375
    },
    "Condition Specification":{
        "0":0.4012400354,
        "1":0.4067207416,
        "2":0.4278017241,
        "3":0.4089661482,
        "4":0.4361581921
    },
    "AND Gateway":{
        "0":0.4666666667,
        "1":0.3448275862,
        "2":0.4375,
        "3":0.380952381,
        "4":0.44
    },
    "All":{
        "0":0.4812621027,
        "1":0.5030674847,
        "2":0.4987705448,
        "3":0.5030767299,
        "4":0.5062438614
    }
}