{
    "Actor":{
        "0":0.5059252507,
        "1":0.5133531157,
        "2":0.5106382979,
        "3":0.5099009901,
        "4":0.5329608939
    },
    "Activity":{
        "0":0.6116207951,
        "1":0.606557377,
        "2":0.6138933764,
        "3":0.5815384615,
        "4":0.6420863309
    },
    "Activity Data":{
        "0":0.5598086124,
        "1":0.5882009346,
        "2":0.5355530474,
        "3":0.5656506448,
        "4":0.6194630872
    },
    "Further Specification":{
        "0":0.7195121951,
        "1":0.5688073394,
        "2":0.7175572519,
        "3":0.5583864119,
        "4":0.6847457627
    },
    "XOR Gateway":{
        "0":0.6315789474,
        "1":0.5595238095,
        "2":0.5681818182,
        "3":0.5375,
        "4":0.5384615385
    },
    "Condition Specification":{
        "0":0.6780238501,
        "1":0.7303921569,
        "2":0.58,
        "3":0.6393442623,
        "4":0.656626506
    },
    "AND Gateway":{
        "0":0.8,
        "1":0.7142857143,
        "2":0.7,
        "3":0.5333333333,
        "4":0.7857142857
    },
    "All":{
        "0":0.5668391548,
        "1":0.5747368421,
        "2":0.5487156776,
        "3":0.5506384852,
        "4":0.595661265
    }
}