{
    "Actor":{
        "0":0.3029686865,
        "1":0.2964824121,
        "2":0.3227252353,
        "3":0.3106522759,
        "4":0.3101096224
    },
    "Activity":{
        "0":0.6067179846,
        "1":0.6360093531,
        "2":0.6231939163,
        "3":0.6321619557,
        "4":0.6266720713
    },
    "Activity Data":{
        "0":0.3248649975,
        "1":0.3324859513,
        "2":0.3130994613,
        "3":0.3209892698,
        "4":0.3400117855
    },
    "Further Specification":{
        "0":0.2493902439,
        "1":0.2727821364,
        "2":0.2575991757,
        "3":0.2720546386,
        "4":0.2653386454
    },
    "XOR Gateway":{
        "0":0.3884057971,
        "1":0.3928571429,
        "2":0.3848396501,
        "3":0.3754045307,
        "4":0.4044585987
    },
    "Condition Specification":{
        "0":0.1963048499,
        "1":0.202320888,
        "2":0.1968709257,
        "3":0.1999195495,
        "4":0.2040164309
    },
    "AND Gateway":{
        "0":0.1666666667,
        "1":0.1833333333,
        "2":0.1904761905,
        "3":0.1875,
        "4":0.1666666667
    },
    "All":{
        "0":0.3316973614,
        "1":0.3437720488,
        "2":0.3335230212,
        "3":0.3368371509,
        "4":0.346793902
    }
}