{
    "Actor":{
        "0":0.2905040108
    },
    "Activity":{
        "0":0.3427759337
    },
    "Activity Data":{
        "0":0.3184987433
    },
    "Further Specification":{
        "0":0.3572649841
    },
    "XOR Gateway":{
        "0":0.3159738315
    },
    "Condition Specification":{
        "0":0.3649849724
    },
    "AND Gateway":{
        "0":0.4006559934
    },
    "All":{
        "0":0.3170643929
    }
}