{
    "Bert Score":{
        "0":0.998859942,
        "1":0.9987589717,
        "2":0.9984917045,
        "3":0.9989234209,
        "4":0.9989410639
    }
}