{
    "Bert Score":{
        "0":0.9978044629,
        "1":0.9972883463,
        "2":0.9971629381,
        "3":0.9977754951,
        "4":0.9978672266
    }
}