{
    "Bert Score":{
        "0":0.9997168183,
        "1":0.9994743466,
        "2":0.999432385,
        "3":0.9993000627,
        "4":0.9997823238
    }
}