{
    "Actor":{
        "0":0.0817120623,
        "1":0.0855181024,
        "2":0.0848161329,
        "3":0.0913098237,
        "4":0.0845737483
    },
    "Activity":{
        "0":0.2431578947,
        "1":0.2441860465,
        "2":0.2585421412,
        "3":0.2595936795,
        "4":0.2566585956
    },
    "Activity Data":{
        "0":0.1274653031,
        "1":0.1344868266,
        "2":0.1360381862,
        "3":0.136829653,
        "4":0.1439162669
    },
    "Further Specification":{
        "0":0.2557692308,
        "1":0.2604562738,
        "2":0.2598039216,
        "3":0.2526132404,
        "4":0.3113207547
    },
    "XOR Gateway":{
        "0":0.0757575758,
        "1":0.0974576271,
        "2":0.1025641026,
        "3":0.1,
        "4":0.0608695652
    },
    "Condition Specification":{
        "0":0.2379310345,
        "1":0.2593167702,
        "2":0.2376623377,
        "3":0.2388758782,
        "4":0.241046832
    },
    "AND Gateway":{
        "0":0.40625,
        "1":0.5,
        "2":0.3333333333,
        "3":0.375,
        "4":0.40625
    },
    "All":{
        "0":0.112923463,
        "1":0.1193473193,
        "2":0.1204227449,
        "3":0.1206225681,
        "4":0.1243135297
    }
}