{
    "Actor":{
        "0":0.0853725937
    },
    "Activity":{
        "0":0.2524276715
    },
    "Activity Data":{
        "0":0.1352438815
    },
    "Further Specification":{
        "0":0.2683729124
    },
    "XOR Gateway":{
        "0":0.0857174975
    },
    "Condition Specification":{
        "0":0.2423163444
    },
    "AND Gateway":{
        "0":0.4041666667
    },
    "All":{
        "0":0.1192435598
    }
}