{
    "Actor":{
        "0":0.0858578361
    },
    "Activity":{
        "0":0.2524276715
    },
    "Activity Data":{
        "0":0.1356968848
    },
    "Further Specification":{
        "0":0.2683194816
    },
    "XOR Gateway":{
        "0":0.0857174975
    },
    "Condition Specification":{
        "0":0.2427481203
    },
    "AND Gateway":{
        "0":0.4041666667
    },
    "All":{
        "0":0.1194826255
    }
}