{
    "Actor":{
        "0":0.0812013348,
        "1":0.0867665418,
        "2":0.084223013,
        "3":0.0919395466,
        "4":0.0845737483
    },
    "Activity":{
        "0":0.2431578947,
        "1":0.2441860465,
        "2":0.2585421412,
        "3":0.2595936795,
        "4":0.2566585956
    },
    "Activity Data":{
        "0":0.1278305332,
        "1":0.1343811395,
        "2":0.1353503185,
        "3":0.137726914,
        "4":0.1439790576
    },
    "Further Specification":{
        "0":0.2596153846,
        "1":0.2618595825,
        "2":0.2638436482,
        "3":0.2543554007,
        "4":0.3113207547
    },
    "XOR Gateway":{
        "0":0.0757575758,
        "1":0.0974576271,
        "2":0.1025641026,
        "3":0.1040723982,
        "4":0.0608695652
    },
    "Condition Specification":{
        "0":0.2390804598,
        "1":0.2562111801,
        "2":0.2373540856,
        "3":0.2412177986,
        "4":0.2424242424
    },
    "AND Gateway":{
        "0":0.40625,
        "1":0.5,
        "2":0.3333333333,
        "3":0.375,
        "4":0.40625
    },
    "All":{
        "0":0.1130786392,
        "1":0.1192917055,
        "2":0.1204048221,
        "3":0.120939979,
        "4":0.1245006658
    }
}