{
    "Actor":{
        "0":0.0817575083,
        "1":0.0867665418,
        "2":0.0848161329,
        "3":0.0937696665,
        "4":0.0845737483
    },
    "Activity":{
        "0":0.2431578947,
        "1":0.2441860465,
        "2":0.2585421412,
        "3":0.2595936795,
        "4":0.2566585956
    },
    "Activity Data":{
        "0":0.1288321168,
        "1":0.1356132075,
        "2":0.1362192216,
        "3":0.137564052,
        "4":0.1444153578
    },
    "Further Specification":{
        "0":0.2596153846,
        "1":0.2623574144,
        "2":0.2654723127,
        "3":0.2543554007,
        "4":0.3145539906
    },
    "XOR Gateway":{
        "0":0.0757575758,
        "1":0.0974576271,
        "2":0.0982905983,
        "3":0.1040723982,
        "4":0.0608695652
    },
    "Condition Specification":{
        "0":0.2390804598,
        "1":0.2604651163,
        "2":0.238961039,
        "3":0.2388758782,
        "4":0.2424242424
    },
    "AND Gateway":{
        "0":0.40625,
        "1":0.5,
        "2":0.3333333333,
        "3":0.375,
        "4":0.40625
    },
    "All":{
        "0":0.1134652913,
        "1":0.1197762933,
        "2":0.1204640095,
        "3":0.1210172027,
        "4":0.1249584027
    }
}