{
    "Actor":{
        "0":0.0857408369
    },
    "Activity":{
        "0":0.2524276715
    },
    "Activity Data":{
        "0":0.1358535926
    },
    "Further Specification":{
        "0":0.2701989542
    },
    "XOR Gateway":{
        "0":0.0881442538
    },
    "Condition Specification":{
        "0":0.2432575533
    },
    "AND Gateway":{
        "0":0.4041666667
    },
    "All":{
        "0":0.1196431623
    }
}