{
    "Actor":{
        "0":0.3558673469,
        "1":0.3827956989,
        "2":0.3622795115,
        "3":0.3763518385,
        "4":0.3683001531
    },
    "Activity":{
        "0":0.4336842105,
        "1":0.4453488372,
        "2":0.4487471526,
        "3":0.4401805869,
        "4":0.4467312349
    },
    "Activity Data":{
        "0":0.3947172619,
        "1":0.413253012,
        "2":0.3881924788,
        "3":0.3975806452,
        "4":0.4171833481
    },
    "Further Specification":{
        "0":0.4538461538,
        "1":0.4714828897,
        "2":0.4689542484,
        "3":0.4581881533,
        "4":0.4787735849
    },
    "XOR Gateway":{
        "0":0.3870967742,
        "1":0.3916666667,
        "2":0.4385964912,
        "3":0.4215686275,
        "4":0.3888888889
    },
    "Condition Specification":{
        "0":0.4609195402,
        "1":0.4735202492,
        "2":0.453125,
        "3":0.4577464789,
        "4":0.4571823204
    },
    "AND Gateway":{
        "0":0.5416666667,
        "1":0.55,
        "2":0.5,
        "3":0.5,
        "4":0.5
    },
    "All":{
        "0":0.393831554,
        "1":0.4153312407,
        "2":0.3969682615,
        "3":0.4035254883,
        "4":0.4091390261
    }
}