{
    "Actor":{
        "0":0.3710859629
    },
    "Activity":{
        "0":0.4494354898
    },
    "Activity Data":{
        "0":0.4026593162
    },
    "Further Specification":{
        "0":0.4665267902
    },
    "XOR Gateway":{
        "0":0.4192390448
    },
    "Condition Specification":{
        "0":0.4613902056
    },
    "AND Gateway":{
        "0":0.5083333333
    },
    "All":{
        "0":0.405638535
    }
}