{
    "Actor":{
        "0":0.3667091837,
        "1":0.3830703013,
        "2":0.3738127544,
        "3":0.380952381,
        "4":0.375957121
    },
    "Activity":{
        "0":0.4589473684,
        "1":0.4627906977,
        "2":0.4646924829,
        "3":0.4627539503,
        "4":0.4757869249
    },
    "Activity Data":{
        "0":0.403195838,
        "1":0.4140562249,
        "2":0.3987878788,
        "3":0.4044354839,
        "4":0.421355782
    },
    "Further Specification":{
        "0":0.4653846154,
        "1":0.4867424242,
        "2":0.4730831974,
        "3":0.4722222222,
        "4":0.483490566
    },
    "XOR Gateway":{
        "0":0.3870967742,
        "1":0.425,
        "2":0.4473684211,
        "3":0.431372549,
        "4":0.3981481481
    },
    "Condition Specification":{
        "0":0.4643678161,
        "1":0.476635514,
        "2":0.4635416667,
        "3":0.4718309859,
        "4":0.455801105
    },
    "AND Gateway":{
        "0":0.5416666667,
        "1":0.55,
        "2":0.5,
        "3":0.5,
        "4":0.5
    },
    "All":{
        "0":0.4046242775,
        "1":0.4205483978,
        "2":0.4076704545,
        "3":0.4137821531,
        "4":0.4171519322
    }
}