{
    "Actor":{
        "0":0.3635204082,
        "1":0.3827956989,
        "2":0.3661016949,
        "3":0.3835616438,
        "4":0.3774885145
    },
    "Activity":{
        "0":0.4484210526,
        "1":0.4534883721,
        "2":0.4658314351,
        "3":0.4683972912,
        "4":0.4697336562
    },
    "Activity Data":{
        "0":0.3991815476,
        "1":0.4144578313,
        "2":0.3971717172,
        "3":0.4026602177,
        "4":0.418769367
    },
    "Further Specification":{
        "0":0.4576923077,
        "1":0.4800759013,
        "2":0.4689542484,
        "3":0.4651567944,
        "4":0.4882075472
    },
    "XOR Gateway":{
        "0":0.4032258065,
        "1":0.4166666667,
        "2":0.4473684211,
        "3":0.431372549,
        "4":0.3888888889
    },
    "Condition Specification":{
        "0":0.4730195178,
        "1":0.4790046656,
        "2":0.4629388817,
        "3":0.468933177,
        "4":0.453038674
    },
    "AND Gateway":{
        "0":0.5,
        "1":0.5,
        "2":0.5,
        "3":0.5625,
        "4":0.5
    },
    "All":{
        "0":0.4014825797,
        "1":0.4181668043,
        "2":0.4050812687,
        "3":0.4135577076,
        "4":0.4154171812
    }
}