{
    "Actor":{
        "0":0.3830808351
    },
    "Activity":{
        "0":0.4939979535
    },
    "Activity Data":{
        "0":0.4166732676
    },
    "Further Specification":{
        "0":0.4861254909
    },
    "XOR Gateway":{
        "0":0.436506299
    },
    "Condition Specification":{
        "0":0.4690394252
    },
    "AND Gateway":{
        "0":0.5208333333
    },
    "All":{
        "0":0.4232181255
    }
}