{
    "Actor":{
        "0":0.3667091837,
        "1":0.3888091822,
        "2":0.3724559023,
        "3":0.3886085076,
        "4":0.3805513017
    },
    "Activity":{
        "0":0.4684210526,
        "1":0.4755813953,
        "2":0.486332574,
        "3":0.4695259594,
        "4":0.4842615012
    },
    "Activity Data":{
        "0":0.4063197026,
        "1":0.421686747,
        "2":0.4015334948,
        "3":0.4132796781,
        "4":0.4228723404
    },
    "Further Specification":{
        "0":0.4692307692,
        "1":0.4828897338,
        "2":0.4853420195,
        "3":0.4634146341,
        "4":0.5
    },
    "XOR Gateway":{
        "0":0.4193548387,
        "1":0.4,
        "2":0.4385964912,
        "3":0.4660194175,
        "4":0.3981481481
    },
    "Condition Specification":{
        "0":0.4666666667,
        "1":0.4790046656,
        "2":0.4635416667,
        "3":0.4671361502,
        "4":0.4613259669
    },
    "AND Gateway":{
        "0":0.5,
        "1":0.5,
        "2":0.5,
        "3":0.5,
        "4":0.5
    },
    "All":{
        "0":0.4082419211,
        "1":0.4260697175,
        "2":0.4126182965,
        "3":0.4190068221,
        "4":0.4218419195
    }
}