{
    "Bleu Score":{
        "0":0.9516087244,
        "1":0.9431438687,
        "2":0.9488492144,
        "3":0.9450346469,
        "4":0.9489007107
    }
}