{
    "Bleu Score":{
        "0":0.9837729381,
        "1":0.985615707,
        "2":0.9908623699,
        "3":0.9906952673,
        "4":0.9854540805
    }
}