{
    "Bleu Score":{
        "0":0.985740212,
        "1":0.9818593964,
        "2":0.983251286,
        "3":0.9864337905,
        "4":0.9810818495
    }
}