{
    "Actor":{
        "0":0.0861082149
    },
    "Activity":{
        "0":0.2526602297
    },
    "Activity Data":{
        "0":0.1348828804
    },
    "Further Specification":{
        "0":0.2679926842
    },
    "XOR Gateway":{
        "0":0.089101187
    },
    "Condition Specification":{
        "0":0.2416216351
    },
    "AND Gateway":{
        "0":0.4104166667
    },
    "All":{
        "0":0.1189255963
    }
}