{
    "Actor":{
        "0":0.0806451613,
        "1":0.0855181024,
        "2":0.084223013,
        "3":0.0913098237,
        "4":0.0845737483
    },
    "Activity":{
        "0":0.2452631579,
        "1":0.2476744186,
        "2":0.2596810934,
        "3":0.262979684,
        "4":0.2602905569
    },
    "Activity Data":{
        "0":0.127100073,
        "1":0.1337529504,
        "2":0.1345541401,
        "3":0.1346761453,
        "4":0.1431064572
    },
    "Further Specification":{
        "0":0.2557692308,
        "1":0.2604562738,
        "2":0.2598039216,
        "3":0.2526132404,
        "4":0.3113207547
    },
    "XOR Gateway":{
        "0":0.0795454545,
        "1":0.1016949153,
        "2":0.1025641026,
        "3":0.1090909091,
        "4":0.0652173913
    },
    "Condition Specification":{
        "0":0.2413793103,
        "1":0.2670807453,
        "2":0.238961039,
        "3":0.2400468384,
        "4":0.2465564738
    },
    "AND Gateway":{
        "0":0.40625,
        "1":0.5,
        "2":0.3333333333,
        "3":0.375,
        "4":0.40625
    },
    "All":{
        "0":0.1132180703,
        "1":0.1196767174,
        "2":0.1198630137,
        "3":0.1200958371,
        "4":0.1248335553
    }
}