{
    "Actor":{
        "0":0.381377551,
        "1":0.4103299857,
        "2":0.3962008141,
        "3":0.398989899,
        "4":0.3996937213
    },
    "Activity":{
        "0":0.4473684211,
        "1":0.4639534884,
        "2":0.4624145786,
        "3":0.4559819413,
        "4":0.4564164649
    },
    "Activity Data":{
        "0":0.4233630952,
        "1":0.4368971061,
        "2":0.4065533981,
        "3":0.4237903226,
        "4":0.4468085106
    },
    "Further Specification":{
        "0":0.4615384615,
        "1":0.4714828897,
        "2":0.4624183007,
        "3":0.4634146341,
        "4":0.4764150943
    },
    "XOR Gateway":{
        "0":0.4758064516,
        "1":0.45,
        "2":0.5,
        "3":0.4901960784,
        "4":0.4351851852
    },
    "Condition Specification":{
        "0":0.5137931034,
        "1":0.531152648,
        "2":0.51171875,
        "3":0.5023474178,
        "4":0.5
    },
    "AND Gateway":{
        "0":0.7083333333,
        "1":0.65,
        "2":0.7142857143,
        "3":0.5,
        "4":0.7272727273
    },
    "All":{
        "0":0.4214116251,
        "1":0.441322314,
        "2":0.4210360076,
        "3":0.4274142313,
        "4":0.4354041652
    }
}