{
    "Actor":{
        "0":0.3577806122,
        "1":0.3758967001,
        "2":0.3609226594,
        "3":0.373015873,
        "4":0.3690658499
    },
    "Activity":{
        "0":0.4347368421,
        "1":0.4523255814,
        "2":0.4487471526,
        "3":0.4435665914,
        "4":0.4467312349
    },
    "Activity Data":{
        "0":0.3921130952,
        "1":0.4087620579,
        "2":0.3847087379,
        "3":0.3915322581,
        "4":0.412677305
    },
    "Further Specification":{
        "0":0.4769230769,
        "1":0.5038022814,
        "2":0.4754901961,
        "3":0.4773519164,
        "4":0.4811320755
    },
    "XOR Gateway":{
        "0":0.3870967742,
        "1":0.3916666667,
        "2":0.4385964912,
        "3":0.4215686275,
        "4":0.3888888889
    },
    "Condition Specification":{
        "0":0.4666666667,
        "1":0.4859813084,
        "2":0.4635416667,
        "3":0.4788732394,
        "4":0.4848066298
    },
    "AND Gateway":{
        "0":0.5,
        "1":0.5,
        "2":0.5,
        "3":0.5,
        "4":0.5
    },
    "All":{
        "0":0.3954626335,
        "1":0.4163636364,
        "2":0.3965571699,
        "3":0.4050190597,
        "4":0.4103423932
    }
}