{
    "Bleu Score":{
        "0":0.9464318723,
        "1":0.9447223053,
        "2":0.9429298764,
        "3":0.9425312424,
        "4":0.9422734059
    }
}