{
    "Bleu Score":{
        "0":0.9540642901,
        "1":0.957737875,
        "2":0.9512361852,
        "3":0.952596602,
        "4":0.9531260838
    }
}