{
    "Bleu Score":{
        "0":0.956075153,
        "1":0.951109309,
        "2":0.9451403012,
        "3":0.9479711498,
        "4":0.9453681364
    }
}