{
    "Bleu Score":{
        "0":0.9490292293,
        "1":0.9495707321,
        "2":0.94644604,
        "3":0.9485367657,
        "4":0.9471410212
    }
}