{
    "Bleu Score":{
        "0":0.9513568442,
        "1":0.9521175432,
        "2":0.9484956591,
        "3":0.9481354725,
        "4":0.9476609639
    }
}