{
    "Bleu Score":{
        "0":0.95776065,
        "1":0.9523434898,
        "2":0.9494016932,
        "3":0.9491751214,
        "4":0.944536974
    }
}