{
    "Bleu Score":{
        "0":0.9747315988,
        "1":0.9718562798,
        "2":0.9816542,
        "3":0.9811445361,
        "4":0.9811241273
    }
}