{
    "Bleu Score":{
        "0":0.948894292,
        "1":0.9453361639,
        "2":0.9426395698,
        "3":0.9465636397,
        "4":0.9483845372
    }
}