{
    "Bleu Score":{
        "0":0.97712972,
        "1":0.9710213251,
        "2":0.9648013297,
        "3":0.9757916511,
        "4":0.9693792971
    }
}