{
    "Bleu Score":{
        "0":0.9555548922,
        "1":0.9553784996,
        "2":0.9480417824,
        "3":0.9550080239,
        "4":0.9563164041
    }
}