{
    "Bleu Score":{
        "0":0.95014221,
        "1":0.9495183666,
        "2":0.9486002532,
        "3":0.9484999623,
        "4":0.9504214535
    }
}