{
    "Bleu Score":{
        "0":0.95154208,
        "1":0.9474222094,
        "2":0.9459363824,
        "3":0.9495420532,
        "4":0.9498042592
    }
}