{
    "Bleu Score":{
        "0":0.9479221969,
        "1":0.9472296584,
        "2":0.9429800642,
        "3":0.945839004,
        "4":0.9483990241
    }
}