{
    "Bleu Score":{
        "0":0.9466274506,
        "1":0.9473248676,
        "2":0.9449730198,
        "3":0.9464753512,
        "4":0.9488080651
    }
}