{
    "Bleu Score":{
        "0":0.9584169111,
        "1":0.9545642767,
        "2":0.9456136496,
        "3":0.9499049582,
        "4":0.9528043958
    }
}