{
    "Bleu Score":{
        "0":0.9475153177,
        "1":0.9482904684,
        "2":0.9426156872,
        "3":0.9448799796,
        "4":0.948896409
    }
}