{
    "Bleu Score":{
        "0":0.9434673775,
        "1":0.9494926937,
        "2":0.944012525,
        "3":0.9426700343,
        "4":0.9451483481
    }
}