{
    "Bleu Score":{
        "0":0.9724054821,
        "1":0.9729840982,
        "2":0.9744845164,
        "3":0.9685743121,
        "4":0.9673679421
    }
}