{
    "Bleu Score":{
        "0":0.9415674138,
        "1":0.9451760343,
        "2":0.9383616992,
        "3":0.9447076274,
        "4":0.9409059418
    }
}