{
    "Bleu Score":{
        "0":0.9665354959,
        "1":0.9619713916,
        "2":0.9559663903,
        "3":0.9624828802,
        "4":0.9650309724
    }
}