{
    "Bleu Score":{
        "0":0.9662300582,
        "1":0.971869686,
        "2":0.967027806,
        "3":0.9685952633,
        "4":0.9644056508
    }
}