{
    "Bleu Score":{
        "0":0.9521931138,
        "1":0.9525700874,
        "2":0.9449132415,
        "3":0.9490515589,
        "4":0.9524051437
    }
}