{
    "Bleu Score":{
        "0":0.9446506264,
        "1":0.9452696833,
        "2":0.9441061773,
        "3":0.9455040761,
        "4":0.9424650504
    }
}