{
    "Bleu Score":{
        "0":0.9948276396,
        "1":0.9885948147,
        "2":0.9907722851,
        "3":0.9966311857,
        "4":0.9856728368
    }
}