{
    "Bleu Score":{
        "0":0.9451139506,
        "1":0.9471359451,
        "2":0.9400542933,
        "3":0.9427182668,
        "4":0.944185909
    }
}