{
    "Bleu Score":{
        "0":0.9479312958,
        "1":0.9489595217,
        "2":0.9499332386,
        "3":0.9492816532,
        "4":0.9498675347
    }
}