{
    "Bleu Score":{
        "0":0.9661109024,
        "1":0.9682695954,
        "2":0.9596854059,
        "3":0.9657209143,
        "4":0.970712942
    }
}