{
    "Bleu Score":{
        "0":0.9496079103,
        "1":0.9480611572,
        "2":0.9472894826,
        "3":0.9462458182,
        "4":0.9459290979
    }
}