{
    "Bleu Score":{
        "0":0.9482400169,
        "1":0.9475670453,
        "2":0.9412581836,
        "3":0.9456622056,
        "4":0.9425767889
    }
}