{
    "Bleu Score":{
        "0":0.9594584209,
        "1":0.9572694493,
        "2":0.9484092353,
        "3":0.9561578644,
        "4":0.9559866905
    }
}