{
    "Bleu Score":{
        "0":0.9479308683,
        "1":0.9474226754,
        "2":0.9407679727,
        "3":0.9443380431,
        "4":0.9429270444
    }
}