{
    "Actor":{
        "0":0.0210165638
    },
    "Activity":{
        "0":0.0621667348
    },
    "Activity Data":{
        "0":0.0331568106
    },
    "Further Specification":{
        "0":0.0660616874
    },
    "XOR Gateway":{
        "0":0.0210963479
    },
    "Condition Specification":{
        "0":0.0593970924
    },
    "AND Gateway":{
        "0":0.0979425233
    },
    "All":{
        "0":0.0292872467
    }
}