{
    "Actor":{
        "0":0.0224597274,
        "1":0.0237311623,
        "2":0.0232443935,
        "3":0.0256229016,
        "4":0.0236339573
    },
    "Activity":{
        "0":0.0672684916,
        "1":0.0676328502,
        "2":0.0713387806,
        "3":0.0728309056,
        "4":0.0715732613
    },
    "Activity Data":{
        "0":0.0351302241,
        "1":0.0371422329,
        "2":0.0373192006,
        "3":0.0378174559,
        "4":0.0398978226
    },
    "Further Specification":{
        "0":0.0716981132,
        "1":0.0698267074,
        "2":0.069675723,
        "3":0.0717111771,
        "4":0.086557377
    },
    "XOR Gateway":{
        "0":0.0199579832,
        "1":0.0272511848,
        "2":0.0273483948,
        "3":0.028241335,
        "4":0.0167464115
    },
    "Condition Specification":{
        "0":0.0656469089,
        "1":0.0710900474,
        "2":0.065942029,
        "3":0.0664049722,
        "4":0.0661625709
    },
    "AND Gateway":{
        "0":0.1101694915,
        "1":0.1411764706,
        "2":0.091954023,
        "3":0.1071428571,
        "4":0.1120689655
    },
    "All":{
        "0":0.0312077033,
        "1":0.0328686973,
        "2":0.0330208076,
        "3":0.0336473755,
        "4":0.0345003242
    }
}