{
    "Actor":{
        "0":0.0227272727,
        "1":0.024136716,
        "2":0.0238295016,
        "3":0.0258651445,
        "4":0.0236966825
    },
    "Activity":{
        "0":0.0685459941,
        "1":0.0692383778,
        "2":0.0731550113,
        "3":0.0735059124,
        "4":0.0722070845
    },
    "Activity Data":{
        "0":0.0357656732,
        "1":0.0378745683,
        "2":0.0380716378,
        "3":0.0382415611,
        "4":0.0401223242
    },
    "Further Specification":{
        "0":0.0721258134,
        "1":0.0741341991,
        "2":0.0740223464,
        "3":0.0721034311,
        "4":0.08811749
    },
    "XOR Gateway":{
        "0":0.0203644159,
        "1":0.0277442702,
        "2":0.0276442308,
        "3":0.028277635,
        "4":0.0171568627
    },
    "Condition Specification":{
        "0":0.067013663,
        "1":0.0732031943,
        "2":0.0665447898,
        "3":0.0673970784,
        "4":0.0676720804
    },
    "AND Gateway":{
        "0":0.1160714286,
        "1":0.1428571429,
        "2":0.091954023,
        "3":0.1071428571,
        "4":0.1150442478
    },
    "All":{
        "0":0.0317179578,
        "1":0.0336549051,
        "2":0.033821919,
        "3":0.0339890385,
        "4":0.034814711
    }
}