{
    "Actor":{
        "0":0.0180844012
    },
    "Activity":{
        "0":0.0508460922
    },
    "Activity Data":{
        "0":0.0282597589
    },
    "Further Specification":{
        "0":0.0578603151
    },
    "XOR Gateway":{
        "0":0.0178396624
    },
    "Condition Specification":{
        "0":0.052037582
    },
    "AND Gateway":{
        "0":0.0925
    },
    "All":{
        "0":0.0249862817
    }
}