{
    "Actor":{
        "0":0.0538732394,
        "1":0.0548098434,
        "2":0.0544267054,
        "3":0.0604241697,
        "4":0.0541892455
    },
    "Activity":{
        "0":0.1552878179,
        "1":0.1497515969,
        "2":0.1614730878,
        "3":0.1673881674,
        "4":0.1557017544
    },
    "Activity Data":{
        "0":0.0839289832,
        "1":0.0852898898,
        "2":0.0860267315,
        "3":0.08775,
        "4":0.091174907
    },
    "Further Specification":{
        "0":0.1699507389,
        "1":0.1614301192,
        "2":0.174717369,
        "3":0.1720670391,
        "4":0.2122137405
    },
    "XOR Gateway":{
        "0":0.0458937198,
        "1":0.0618556701,
        "2":0.0655737705,
        "3":0.0659025788,
        "4":0.0382653061
    },
    "Condition Specification":{
        "0":0.1534170153,
        "1":0.175944334,
        "2":0.1589618816,
        "3":0.16,
        "4":0.1497975709
    },
    "AND Gateway":{
        "0":0.2916666667,
        "1":0.325,
        "2":0.2432432432,
        "3":0.25,
        "4":0.2631578947
    },
    "All":{
        "0":0.0739080763,
        "1":0.0755978159,
        "2":0.0771208226,
        "3":0.078934855,
        "4":0.0787393595
    }
}