{
    "Actor":{
        "0":0.0164403647
    },
    "Activity":{
        "0":0.0462237202
    },
    "Activity Data":{
        "0":0.0256906899
    },
    "Further Specification":{
        "0":0.0526002864
    },
    "XOR Gateway":{
        "0":0.0162178749
    },
    "Condition Specification":{
        "0":0.0473068927
    },
    "AND Gateway":{
        "0":0.0840909091
    },
    "All":{
        "0":0.0227148016
    }
}