{
    "Actor":{
        "0":0.0231440451
    },
    "Activity":{
        "0":0.0651465003
    },
    "Activity Data":{
        "0":0.0361546209
    },
    "Further Specification":{
        "0":0.0744075305
    },
    "XOR Gateway":{
        "0":0.0228906374
    },
    "Condition Specification":{
        "0":0.0668200025
    },
    "AND Gateway":{
        "0":0.1179071288
    },
    "All":{
        "0":0.0320106109
    }
}