{
    "Actor":{
        "0":0.0176737898
    },
    "Activity":{
        "0":0.0495711745
    },
    "Activity Data":{
        "0":0.0275711123
    },
    "Further Specification":{
        "0":0.0563437351
    },
    "XOR Gateway":{
        "0":0.017387143
    },
    "Condition Specification":{
        "0":0.0505277956
    },
    "AND Gateway":{
        "0":0.0902191007
    },
    "All":{
        "0":0.0243699645
    }
}