{
    "Actor":{
        "0":0.0220969217,
        "1":0.0233390119,
        "2":0.0232520059,
        "3":0.0250561604,
        "4":0.0233950964
    },
    "Activity":{
        "0":0.0664174813,
        "1":0.0662251656,
        "2":0.0709596749,
        "3":0.0714063955,
        "4":0.0701986755
    },
    "Activity Data":{
        "0":0.0347617621,
        "1":0.0363480864,
        "2":0.0370045982,
        "3":0.0372474058,
        "4":0.0392438382
    },
    "Further Specification":{
        "0":0.0675126904,
        "1":0.0712799168,
        "2":0.0724043716,
        "3":0.0682995761,
        "4":0.0862181581
    },
    "XOR Gateway":{
        "0":0.0195473251,
        "1":0.0262557078,
        "2":0.0270906949,
        "3":0.0279542567,
        "4":0.0164899882
    },
    "Condition Specification":{
        "0":0.0649432535,
        "1":0.0695322377,
        "2":0.064976794,
        "3":0.0671296296,
        "4":0.06498329
    },
    "AND Gateway":{
        "0":0.1101694915,
        "1":0.1276595745,
        "2":0.0941176471,
        "3":0.1071428571,
        "4":0.1074380165
    },
    "All":{
        "0":0.0307042575,
        "1":0.0322907861,
        "2":0.0329489968,
        "3":0.0330838261,
        "4":0.0339949806
    }
}