{
    "Actor":{
        "0":0.0989901922
    },
    "Activity":{
        "0":0.2879737748
    },
    "Activity Data":{
        "0":0.156126723
    },
    "Further Specification":{
        "0":0.2993313512
    },
    "XOR Gateway":{
        "0":0.1006039721
    },
    "Condition Specification":{
        "0":0.2943013522
    },
    "AND Gateway":{
        "0":0.4930128813
    },
    "All":{
        "0":0.1381902662
    }
}