{
    "Actor":{
        "0":0.0351637945
    },
    "Activity":{
        "0":0.099631162
    },
    "Activity Data":{
        "0":0.0551280608
    },
    "Further Specification":{
        "0":0.112086419
    },
    "XOR Gateway":{
        "0":0.0349760473
    },
    "Condition Specification":{
        "0":0.1015193378
    },
    "AND Gateway":{
        "0":0.1821760343
    },
    "All":{
        "0":0.0487111804
    }
}