{
    "Actor":{
        "0":0.0665790626,
        "1":0.0729743332,
        "2":0.0714285714,
        "3":0.0778625954,
        "4":0.0747290359
    },
    "Activity":{
        "0":0.1895850285,
        "1":0.2001906578,
        "2":0.2091324201,
        "3":0.2109090909,
        "4":0.2145015106
    },
    "Activity Data":{
        "0":0.1042559269,
        "1":0.1110412079,
        "2":0.1129343629,
        "3":0.1153212521,
        "4":0.1244019139
    },
    "Further Specification":{
        "0":0.2008733624,
        "1":0.2345276873,
        "2":0.2219286658,
        "3":0.1922110553,
        "4":0.2736220472
    },
    "XOR Gateway":{
        "0":0.0530726257,
        "1":0.0869565217,
        "2":0.0761589404,
        "3":0.0848708487,
        "4":0.0555555556
    },
    "Condition Specification":{
        "0":0.1916961131,
        "1":0.2306684142,
        "2":0.2027455121,
        "3":0.196857671,
        "4":0.2101033295
    },
    "AND Gateway":{
        "0":0.3043478261,
        "1":0.5384615385,
        "2":0.2727272727,
        "3":0.3846153846,
        "4":0.4117647059
    },
    "All":{
        "0":0.0908401906,
        "1":0.1009627565,
        "2":0.1003127255,
        "3":0.100060423,
        "4":0.1078925273
    }
}