{
    "Actor":{
        "0":0.0414878398,
        "1":0.0438680756,
        "2":0.0438136378,
        "3":0.0470932121,
        "4":0.044122838
    },
    "Activity":{
        "0":0.1256117455,
        "1":0.1241868717,
        "2":0.1346381969,
        "3":0.1341890315,
        "4":0.1359846055
    },
    "Activity Data":{
        "0":0.0654873918,
        "1":0.0686591276,
        "2":0.0696619951,
        "3":0.0698484228,
        "4":0.0749885688
    },
    "Further Specification":{
        "0":0.1323383085,
        "1":0.1309751434,
        "2":0.1419642857,
        "3":0.1296958855,
        "4":0.1641791045
    },
    "XOR Gateway":{
        "0":0.0368932039,
        "1":0.0491452991,
        "2":0.0507726269,
        "3":0.0511627907,
        "4":0.0322580645
    },
    "Condition Specification":{
        "0":0.1221102549,
        "1":0.1281055901,
        "2":0.1202113606,
        "3":0.1211940299,
        "4":0.1276440554
    },
    "AND Gateway":{
        "0":0.203125,
        "1":0.25,
        "2":0.170212766,
        "3":0.1875,
        "4":0.2321428571
    },
    "All":{
        "0":0.057978303,
        "1":0.0605580216,
        "2":0.0621853946,
        "3":0.0617951491,
        "4":0.0651736506
    }
}