{
    "Actor":{
        "0":0.0169201741
    },
    "Activity":{
        "0":0.0501304298
    },
    "Activity Data":{
        "0":0.026742846
    },
    "Further Specification":{
        "0":0.0533151773
    },
    "XOR Gateway":{
        "0":0.0170259215
    },
    "Condition Specification":{
        "0":0.0481083129
    },
    "AND Gateway":{
        "0":0.0807324017
    },
    "All":{
        "0":0.023627145
    }
}