{
    "Actor":{
        "0":0.0264522822,
        "1":0.0287783868,
        "2":0.0277161863,
        "3":0.0309796822,
        "4":0.0276845638
    },
    "Activity":{
        "0":0.0770508137,
        "1":0.0771762985,
        "2":0.0817857143,
        "3":0.083573487,
        "4":0.0798650169
    },
    "Activity Data":{
        "0":0.0419668382,
        "1":0.0440594059,
        "2":0.0439995056,
        "3":0.0447180003,
        "4":0.046618783
    },
    "Further Specification":{
        "0":0.088162762,
        "1":0.0901937046,
        "2":0.0854145854,
        "3":0.0884808013,
        "4":0.101744186
    },
    "XOR Gateway":{
        "0":0.0225385528,
        "1":0.0316205534,
        "2":0.0326530612,
        "3":0.0333333333,
        "4":0.0199468085
    },
    "Condition Specification":{
        "0":0.0791470907,
        "1":0.0869354055,
        "2":0.0822942643,
        "3":0.0808796124,
        "4":0.079608344
    },
    "AND Gateway":{
        "0":0.1442307692,
        "1":0.1818181818,
        "2":0.12,
        "3":0.1351351351,
        "4":0.1363636364
    },
    "All":{
        "0":0.0369382759,
        "1":0.0393277639,
        "2":0.0392175085,
        "3":0.0401393662,
        "4":0.0402041132
    }
}