{
    "Actor":{
        "0":0.0214878483,
        "1":0.0229135307,
        "2":0.0225182366,
        "3":0.0243288591,
        "4":0.0223934074
    },
    "Activity":{
        "0":0.0647240123,
        "1":0.0656865812,
        "2":0.0690809495,
        "3":0.0697603882,
        "4":0.0674944285
    },
    "Activity Data":{
        "0":0.0337046005,
        "1":0.0357480812,
        "2":0.0360072441,
        "3":0.0359401349,
        "4":0.0377575688
    },
    "Further Specification":{
        "0":0.0690909091,
        "1":0.0708742887,
        "2":0.0715571557,
        "3":0.0659390632,
        "4":0.0840229153
    },
    "XOR Gateway":{
        "0":0.0190380762,
        "1":0.0267753201,
        "2":0.0260475651,
        "3":0.0270935961,
        "4":0.0157657658
    },
    "Condition Specification":{
        "0":0.0626520681,
        "1":0.0700934579,
        "2":0.0637701472,
        "3":0.0646085296,
        "4":0.0617719732
    },
    "AND Gateway":{
        "0":0.1048387097,
        "1":0.1395348837,
        "2":0.0869565217,
        "3":0.1046511628,
        "4":0.104
    },
    "All":{
        "0":0.0299143715,
        "1":0.0319411347,
        "2":0.0320815022,
        "3":0.0320204931,
        "4":0.0326367898
    }
}