{
    "Actor":{
        "0":0.0234278392
    },
    "Activity":{
        "0":0.0690414786
    },
    "Activity Data":{
        "0":0.0369211381
    },
    "Further Specification":{
        "0":0.0731429426
    },
    "XOR Gateway":{
        "0":0.0234675945
    },
    "Condition Specification":{
        "0":0.066313041
    },
    "AND Gateway":{
        "0":0.1093055173
    },
    "All":{
        "0":0.0326045694
    }
}