{
    "Actor":{
        "0":0.0255091968
    },
    "Activity":{
        "0":0.0718399755
    },
    "Activity Data":{
        "0":0.039850479
    },
    "Further Specification":{
        "0":0.0821548172
    },
    "XOR Gateway":{
        "0":0.0252212895
    },
    "Condition Specification":{
        "0":0.0736200961
    },
    "AND Gateway":{
        "0":0.1311668992
    },
    "All":{
        "0":0.0352968006
    }
}