{
    "Actor":{
        "0":0.0204256171
    },
    "Activity":{
        "0":0.0573673403
    },
    "Activity Data":{
        "0":0.031896502
    },
    "Further Specification":{
        "0":0.0649593735
    },
    "XOR Gateway":{
        "0":0.0201643761
    },
    "Condition Specification":{
        "0":0.0588413082
    },
    "AND Gateway":{
        "0":0.1044795803
    },
    "All":{
        "0":0.0281969024
    }
}