{
    "Actor":{
        "0":0.0182191304
    },
    "Activity":{
        "0":0.0539512712
    },
    "Activity Data":{
        "0":0.0287284685
    },
    "Further Specification":{
        "0":0.0576513922
    },
    "XOR Gateway":{
        "0":0.018342713
    },
    "Condition Specification":{
        "0":0.0514490379
    },
    "AND Gateway":{
        "0":0.0866309354
    },
    "All":{
        "0":0.0254038537
    }
}