{
    "Actor":{
        "0":0.0191138521
    },
    "Activity":{
        "0":0.0536540615
    },
    "Activity Data":{
        "0":0.0298652952
    },
    "Further Specification":{
        "0":0.0609180844
    },
    "XOR Gateway":{
        "0":0.0189242629
    },
    "Condition Specification":{
        "0":0.055277085
    },
    "AND Gateway":{
        "0":0.096484542
    },
    "All":{
        "0":0.0264111055
    }
}