{
    "Actor":{
        "0":0.0295021497
    },
    "Activity":{
        "0":0.0874263549
    },
    "Activity Data":{
        "0":0.0465765033
    },
    "Further Specification":{
        "0":0.0935946066
    },
    "XOR Gateway":{
        "0":0.0296059418
    },
    "Condition Specification":{
        "0":0.0829909078
    },
    "AND Gateway":{
        "0":0.1384016037
    },
    "All":{
        "0":0.0411416628
    }
}