{
    "Actor":{
        "0":0.0148307252,
        "1":0.0157272414,
        "2":0.0154920358,
        "3":0.0167108448,
        "4":0.0155511321
    },
    "Activity":{
        "0":0.0447674419,
        "1":0.045045045,
        "2":0.0477191507,
        "3":0.0475403059,
        "4":0.0472055222
    },
    "Activity Data":{
        "0":0.0234375,
        "1":0.0246483979,
        "2":0.0247600908,
        "3":0.0246156067,
        "4":0.026309457
    },
    "Further Specification":{
        "0":0.0471631206,
        "1":0.0474541046,
        "2":0.0481818182,
        "3":0.0461930551,
        "4":0.0572419775
    },
    "XOR Gateway":{
        "0":0.0132311978,
        "1":0.0180533752,
        "2":0.0182539683,
        "3":0.0184409053,
        "4":0.0112
    },
    "Condition Specification":{
        "0":0.0437832094,
        "1":0.0474820144,
        "2":0.0437079731,
        "3":0.044111256,
        "4":0.0445066124
    },
    "AND Gateway":{
        "0":0.0738636364,
        "1":0.094488189,
        "2":0.062992126,
        "3":0.0697674419,
        "4":0.0738636364
    },
    "All":{
        "0":0.0207337752,
        "1":0.0218723161,
        "2":0.0220452986,
        "3":0.0219593204,
        "4":0.0228107777
    }
}