{
    "Actor":{
        "0":0.1494845361,
        "1":0.1581986143,
        "2":0.1539289559,
        "3":0.1657271702,
        "4":0.1580278129
    },
    "Activity":{
        "0":0.4556213018,
        "1":0.4585152838,
        "2":0.4661190965,
        "3":0.4655870445,
        "4":0.4851258581
    },
    "Activity Data":{
        "0":0.2383561644,
        "1":0.2487198244,
        "2":0.2430307362,
        "3":0.2402234637,
        "4":0.2640901771
    },
    "Further Specification":{
        "0":0.4350649351,
        "1":0.515037594,
        "2":0.4938271605,
        "3":0.4802631579,
        "4":0.5569620253
    },
    "XOR Gateway":{
        "0":0.1338028169,
        "1":0.185483871,
        "2":0.1811023622,
        "3":0.186440678,
        "4":0.1176470588
    },
    "Condition Specification":{
        "0":0.43125,
        "1":0.4782608696,
        "2":0.4329411765,
        "3":0.4463894967,
        "4":0.4820936639
    },
    "AND Gateway":{
        "0":0.7647058824,
        "1":1.0,
        "2":0.6666666667,
        "3":0.75,
        "4":0.7647058824
    },
    "All":{
        "0":0.2080329557,
        "1":0.2222222222,
        "2":0.2182014583,
        "3":0.2178725702,
        "4":0.2323767935
    }
}