{
    "Actor":{
        "0":0.0280168467,
        "1":0.0299816439,
        "2":0.0286153255,
        "3":0.0316611842,
        "4":0.0292618045
    },
    "Activity":{
        "0":0.0808185917,
        "1":0.0798033283,
        "2":0.0849091583,
        "3":0.0856404577,
        "4":0.0837593394
    },
    "Activity Data":{
        "0":0.044121183,
        "1":0.0457348407,
        "2":0.0461917737,
        "3":0.0457253886,
        "4":0.0487285126
    },
    "Further Specification":{
        "0":0.091024825,
        "1":0.0939470366,
        "2":0.0882352941,
        "3":0.0862255965,
        "4":0.1081916538
    },
    "XOR Gateway":{
        "0":0.0237797247,
        "1":0.0328767123,
        "2":0.0334261838,
        "3":0.0344827586,
        "4":0.0210378682
    },
    "Condition Specification":{
        "0":0.0830489192,
        "1":0.0882498761,
        "2":0.0849338455,
        "3":0.0843373494,
        "4":0.0824151609
    },
    "AND Gateway":{
        "0":0.1458333333,
        "1":0.1688311688,
        "2":0.12,
        "3":0.1388888889,
        "4":0.1485148515
    },
    "All":{
        "0":0.0387778544,
        "1":0.0407274201,
        "2":0.0408025139,
        "3":0.0410778033,
        "4":0.0422306443
    }
}