{
    "Actor":{
        "0":0.033203125,
        "1":0.0355317596,
        "2":0.0349273324,
        "3":0.0372914622,
        "4":0.0348652932
    },
    "Activity":{
        "0":0.0961221122,
        "1":0.0955183341,
        "2":0.102690583,
        "3":0.1022026432,
        "4":0.1016221374
    },
    "Activity Data":{
        "0":0.0521664766,
        "1":0.0547332717,
        "2":0.0559143172,
        "3":0.0542730469,
        "4":0.0585531915
    },
    "Further Specification":{
        "0":0.1087452471,
        "1":0.1047819972,
        "2":0.1082441787,
        "3":0.1065852003,
        "4":0.1320754717
    },
    "XOR Gateway":{
        "0":0.027982327,
        "1":0.0396039604,
        "2":0.0404040404,
        "3":0.0412926391,
        "4":0.0255972696
    },
    "Condition Specification":{
        "0":0.0993647913,
        "1":0.1078787879,
        "2":0.0992907801,
        "3":0.1004164739,
        "4":0.1006458558
    },
    "AND Gateway":{
        "0":0.1785714286,
        "1":0.2333333333,
        "2":0.1475409836,
        "3":0.1639344262,
        "4":0.1875
    },
    "All":{
        "0":0.0460447354,
        "1":0.0485431024,
        "2":0.049287933,
        "3":0.0488359881,
        "4":0.0508441431
    }
}