{
    "Actor":{
        "0":0.1019151847,
        "1":0.1008287293,
        "2":0.1008922443,
        "3":0.1117734724,
        "4":0.1024819856
    },
    "Activity":{
        "0":0.2927756654,
        "1":0.2765399738,
        "2":0.2998678996,
        "3":0.3100671141,
        "4":0.3
    },
    "Activity Data":{
        "0":0.1606498195,
        "1":0.1523642732,
        "2":0.1621621622,
        "3":0.1619981326,
        "4":0.168004012
    },
    "Further Specification":{
        "0":0.2854166667,
        "1":0.2854209446,
        "2":0.3009174312,
        "3":0.2813688213,
        "4":0.3498694517
    },
    "XOR Gateway":{
        "0":0.087962963,
        "1":0.1137440758,
        "2":0.115,
        "3":0.125,
        "4":0.0676328502
    },
    "Condition Specification":{
        "0":0.3147058824,
        "1":0.3096539162,
        "2":0.3006430868,
        "3":0.3039073806,
        "4":0.2755417957
    },
    "AND Gateway":{
        "0":0.4814814815,
        "1":0.5652173913,
        "2":0.4,
        "3":0.5,
        "4":0.4193548387
    },
    "All":{
        "0":0.1407155026,
        "1":0.1361665221,
        "2":0.1432051505,
        "3":0.1446808511,
        "4":0.1450191571
    }
}