{
    "Actor":{
        "0":0.0162786473
    },
    "Activity":{
        "0":0.0482252697
    },
    "Activity Data":{
        "0":0.0257330988
    },
    "Further Specification":{
        "0":0.0514773067
    },
    "XOR Gateway":{
        "0":0.0163345183
    },
    "Condition Specification":{
        "0":0.0462804939
    },
    "AND Gateway":{
        "0":0.0767512111
    },
    "All":{
        "0":0.0227355537
    }
}