{
    "Actor":{
        "0":0.0208689302
    },
    "Activity":{
        "0":0.0585698641
    },
    "Activity Data":{
        "0":0.0325796758
    },
    "Further Specification":{
        "0":0.0664040788
    },
    "XOR Gateway":{
        "0":0.0205738704
    },
    "Condition Specification":{
        "0":0.0600941472
    },
    "AND Gateway":{
        "0":0.1056402034
    },
    "All":{
        "0":0.0288019228
    }
}