{
    "Actor":{
        "0":0.0149917287,
        "1":0.0159098827,
        "2":0.0156439352,
        "3":0.0170528049,
        "4":0.0159053315
    },
    "Activity":{
        "0":0.0451083773,
        "1":0.0455927052,
        "2":0.0480220013,
        "3":0.0485027415,
        "4":0.0482805739
    },
    "Activity Data":{
        "0":0.0235692516,
        "1":0.0248865466,
        "2":0.0249852158,
        "3":0.0251197053,
        "4":0.0269161333
    },
    "Further Specification":{
        "0":0.0476531709,
        "1":0.0483415667,
        "2":0.0486387274,
        "3":0.0465190889,
        "4":0.0583038869
    },
    "XOR Gateway":{
        "0":0.0133053221,
        "1":0.0182975338,
        "2":0.018459069,
        "3":0.0185810811,
        "4":0.0115131579
    },
    "Condition Specification":{
        "0":0.0436718253,
        "1":0.0481330222,
        "2":0.0445205479,
        "3":0.0441592343,
        "4":0.0462107209
    },
    "AND Gateway":{
        "0":0.0755813953,
        "1":0.0952380952,
        "2":0.062992126,
        "3":0.0687022901,
        "4":0.0755813953
    },
    "All":{
        "0":0.0208710495,
        "1":0.0221295331,
        "2":0.0222672065,
        "3":0.0223158247,
        "4":0.023372549
    }
}