{
    "Actor":{
        "0":0.0411589494,
        "1":0.0437273824,
        "2":0.0425592688,
        "3":0.047146402,
        "4":0.0435069216
    },
    "Activity":{
        "0":0.1202891069,
        "1":0.1181410974,
        "2":0.1259625963,
        "3":0.1279778393,
        "4":0.1266349584
    },
    "Activity Data":{
        "0":0.0646536412,
        "1":0.0669937724,
        "2":0.0683170217,
        "3":0.0691064824,
        "4":0.0735199829
    },
    "Further Specification":{
        "0":0.1351094196,
        "1":0.137769447,
        "2":0.1284540702,
        "3":0.1359307359,
        "4":0.1639344262
    },
    "XOR Gateway":{
        "0":0.0353817505,
        "1":0.0465587045,
        "2":0.0495867769,
        "3":0.0518018018,
        "4":0.0320512821
    },
    "Condition Specification":{
        "0":0.1203133744,
        "1":0.1324404762,
        "2":0.125,
        "3":0.1241339492,
        "4":0.1261872456
    },
    "AND Gateway":{
        "0":0.234375,
        "1":0.2264150943,
        "2":0.1875,
        "3":0.2083333333,
        "4":0.2089552239
    },
    "All":{
        "0":0.0572147765,
        "1":0.0599595778,
        "2":0.0603503754,
        "3":0.0619416759,
        "4":0.0635503345
    }
}