{
    "Actor":{
        "0":0.0157917665,
        "1":0.0166971359,
        "2":0.0164085972,
        "3":0.01807304,
        "4":0.016691147
    },
    "Activity":{
        "0":0.0476190476,
        "1":0.047868703,
        "2":0.0502657219,
        "3":0.0510430537,
        "4":0.0506208214
    },
    "Activity Data":{
        "0":0.0249283668,
        "1":0.0261538462,
        "2":0.0262544664,
        "3":0.0266073658,
        "4":0.0282490742
    },
    "Further Specification":{
        "0":0.0490774908,
        "1":0.0517371601,
        "2":0.0499371859,
        "3":0.0497768623,
        "4":0.0606617647
    },
    "XOR Gateway":{
        "0":0.0141579732,
        "1":0.0189925681,
        "2":0.0189925681,
        "3":0.0195208518,
        "4":0.0120274914
    },
    "Condition Specification":{
        "0":0.0468394725,
        "1":0.0502436054,
        "2":0.0463458111,
        "3":0.0462414579,
        "4":0.0476709344
    },
    "AND Gateway":{
        "0":0.0807453416,
        "1":0.0967741935,
        "2":0.064,
        "3":0.0743801653,
        "4":0.08125
    },
    "All":{
        "0":0.0220467708,
        "1":0.0232508597,
        "2":0.0232814357,
        "3":0.0236016049,
        "4":0.024459109
    }
}