{
    "Actor":{
        "0":0.037809648,
        "1":0.040317834,
        "2":0.0395433027,
        "3":0.0424100614,
        "4":0.0396951413
    },
    "Activity":{
        "0":0.1161971831,
        "1":0.1148168398,
        "2":0.1218464842,
        "3":0.121436114,
        "4":0.1203861442
    },
    "Activity Data":{
        "0":0.0599070408,
        "1":0.0628465804,
        "2":0.0634146341,
        "3":0.0630897317,
        "4":0.0666395774
    },
    "Further Specification":{
        "0":0.1221303949,
        "1":0.1225402504,
        "2":0.1206373293,
        "3":0.1124031008,
        "4":0.1442622951
    },
    "XOR Gateway":{
        "0":0.0346083789,
        "1":0.0460921844,
        "2":0.046277666,
        "3":0.0475161987,
        "4":0.0288065844
    },
    "Condition Specification":{
        "0":0.1130005485,
        "1":0.1229508197,
        "2":0.1119311193,
        "3":0.1122787611,
        "4":0.1107594937
    },
    "AND Gateway":{
        "0":0.2,
        "1":0.2264150943,
        "2":0.1481481481,
        "3":0.18,
        "4":0.1940298507
    },
    "All":{
        "0":0.0532392136,
        "1":0.0559747967,
        "2":0.0562364311,
        "3":0.0558308326,
        "4":0.0578416149
    }
}