{
    "Actor":{
        "0":0.0281662782,
        "1":0.0292609996,
        "2":0.02908644,
        "3":0.0317982456,
        "4":0.0291987853
    },
    "Activity":{
        "0":0.0847084708,
        "1":0.083499006,
        "2":0.0895463511,
        "3":0.0903023165,
        "4":0.0890756303
    },
    "Activity Data":{
        "0":0.0441176471,
        "1":0.0460081191,
        "2":0.0462950281,
        "3":0.0470864402,
        "4":0.0493752823
    },
    "Further Specification":{
        "0":0.0930720784,
        "1":0.0886731392,
        "2":0.0952095808,
        "3":0.0849941383,
        "4":0.1060240964
    },
    "XOR Gateway":{
        "0":0.0246753247,
        "1":0.0331412104,
        "2":0.0340236686,
        "3":0.0352,
        "4":0.0209895052
    },
    "Condition Specification":{
        "0":0.0811343048,
        "1":0.0865687303,
        "2":0.0821670429,
        "3":0.0829248366,
        "4":0.0821596244
    },
    "AND Gateway":{
        "0":0.1368421053,
        "1":0.1714285714,
        "2":0.1111111111,
        "3":0.1343283582,
        "4":0.1382978723
    },
    "All":{
        "0":0.0391823655,
        "1":0.0406339751,
        "2":0.0414965635,
        "3":0.0416775202,
        "4":0.0427178899
    }
}