{
    "Actor":{
        "0":0.0635129216,
        "1":0.0689481631,
        "2":0.0685328185,
        "3":0.0737913486,
        "4":0.071306332
    },
    "Activity":{
        "0":0.1879576892,
        "1":0.2001906578,
        "2":0.2073059361,
        "3":0.2090909091,
        "4":0.2134944612
    },
    "Activity Data":{
        "0":0.0994001714,
        "1":0.1069518717,
        "2":0.1087516088,
        "3":0.1123558484,
        "4":0.1207213839
    },
    "Further Specification":{
        "0":0.1935953421,
        "1":0.2231270358,
        "2":0.2100396301,
        "3":0.182160804,
        "4":0.2598425197
    },
    "XOR Gateway":{
        "0":0.0530726257,
        "1":0.0833333333,
        "2":0.0761589404,
        "3":0.0811808118,
        "4":0.0518518519
    },
    "Condition Specification":{
        "0":0.1819787986,
        "1":0.2162516383,
        "2":0.1921858501,
        "3":0.1876155268,
        "4":0.2009184845
    },
    "AND Gateway":{
        "0":0.2826086957,
        "1":0.4615384615,
        "2":0.2424242424,
        "3":0.3461538462,
        "4":0.3823529412
    },
    "All":{
        "0":0.0873754872,
        "1":0.0967823664,
        "2":0.0965840751,
        "3":0.0966767372,
        "4":0.1042541282
    }
}