{
    "Actor":{
        "0":0.0407891229,
        "1":0.0433878158,
        "2":0.0427715997,
        "3":0.0451708767,
        "4":0.0423484119
    },
    "Activity":{
        "0":0.1167919799,
        "1":0.1187394485,
        "2":0.1265892758,
        "3":0.1236616702,
        "4":0.1224137931
    },
    "Activity Data":{
        "0":0.0643746711,
        "1":0.0673349726,
        "2":0.0685515105,
        "3":0.0667672576,
        "4":0.070880829
    },
    "Further Specification":{
        "0":0.1233709818,
        "1":0.1381578947,
        "2":0.1340125392,
        "3":0.1223694466,
        "4":0.1525054466
    },
    "XOR Gateway":{
        "0":0.0340501792,
        "1":0.0489795918,
        "2":0.0501043841,
        "3":0.05,
        "4":0.0304259635
    },
    "Condition Specification":{
        "0":0.1198030635,
        "1":0.1359816654,
        "2":0.1260396673,
        "3":0.1222285389,
        "4":0.1209941138
    },
    "AND Gateway":{
        "0":0.2205882353,
        "1":0.2916666667,
        "2":0.1836734694,
        "3":0.2040816327,
        "4":0.1884057971
    },
    "All":{
        "0":0.0561387191,
        "1":0.06011994,
        "2":0.0606629595,
        "3":0.0594207014,
        "4":0.0610668978
    }
}