{
    "Actor":{
        "0":0.0251420447
    },
    "Activity":{
        "0":0.0706296438
    },
    "Activity Data":{
        "0":0.0392919193
    },
    "Further Specification":{
        "0":0.0797685276
    },
    "XOR Gateway":{
        "0":0.0248798147
    },
    "Condition Specification":{
        "0":0.0722031574
    },
    "AND Gateway":{
        "0":0.1287261532
    },
    "All":{
        "0":0.0347094576
    }
}