{
    "Actor":{
        "0":0.0287156192
    },
    "Activity":{
        "0":0.0810058952
    },
    "Activity Data":{
        "0":0.0447533691
    },
    "Further Specification":{
        "0":0.0919817837
    },
    "XOR Gateway":{
        "0":0.0284483834
    },
    "Condition Specification":{
        "0":0.0829442261
    },
    "AND Gateway":{
        "0":0.1441733029
    },
    "All":{
        "0":0.0396655952
    }
}