{
    "Actor":{
        "0":0.0177522037,
        "1":0.0188835286,
        "2":0.0185451221,
        "3":0.0201332963,
        "4":0.0187041748
    },
    "Activity":{
        "0":0.053152324,
        "1":0.0537909836,
        "2":0.0569636136,
        "3":0.0573995508,
        "4":0.0565936999
    },
    "Activity Data":{
        "0":0.0278422274,
        "1":0.0294601854,
        "2":0.0296231376,
        "3":0.0296934866,
        "4":0.0315627406
    },
    "Further Specification":{
        "0":0.0558120017,
        "1":0.0577328276,
        "2":0.0577132486,
        "3":0.0561362756,
        "4":0.0688935282
    },
    "XOR Gateway":{
        "0":0.0156378601,
        "1":0.0214552239,
        "2":0.0216368768,
        "3":0.0220883534,
        "4":0.0134228188
    },
    "Condition Specification":{
        "0":0.0513459621,
        "1":0.0558564658,
        "2":0.0517192384,
        "3":0.0528233151,
        "4":0.0533699299
    },
    "AND Gateway":{
        "0":0.0872483221,
        "1":0.1100917431,
        "2":0.0720720721,
        "3":0.0833333333,
        "4":0.0896551724
    },
    "All":{
        "0":0.0246246796,
        "1":0.0261572172,
        "2":0.0263278689,
        "3":0.026469907,
        "4":0.0273856786
    }
}