{
    "Actor":{
        "0":0.0171145613
    },
    "Activity":{
        "0":0.048210901
    },
    "Activity Data":{
        "0":0.0267671162
    },
    "Further Specification":{
        "0":0.0544849002
    },
    "XOR Gateway":{
        "0":0.0170206576
    },
    "Condition Specification":{
        "0":0.0495445465
    },
    "AND Gateway":{
        "0":0.0888314258
    },
    "All":{
        "0":0.0236743278
    }
}