{
    "Actor":{
        "0":0.1178311655
    },
    "Activity":{
        "0":0.3382202536
    },
    "Activity Data":{
        "0":0.1860196947
    },
    "Further Specification":{
        "0":0.3546409894
    },
    "XOR Gateway":{
        "0":0.1177284108
    },
    "Condition Specification":{
        "0":0.3412497249
    },
    "AND Gateway":{
        "0":0.5655014006
    },
    "All":{
        "0":0.1632485327
    }
}