{
    "Actor":{
        "0":0.0164735287,
        "1":0.0173703563,
        "2":0.0172351013,
        "3":0.01873143,
        "4":0.017250897
    },
    "Activity":{
        "0":0.0499459459,
        "1":0.0496923805,
        "2":0.0526315789,
        "3":0.0534759358,
        "4":0.0521653543
    },
    "Activity Data":{
        "0":0.0261339742,
        "1":0.0271912988,
        "2":0.0275199479,
        "3":0.0275689223,
        "4":0.0290574061
    },
    "Further Specification":{
        "0":0.0519937451,
        "1":0.0527531767,
        "2":0.052251068,
        "3":0.0529390288,
        "4":0.0636758321
    },
    "XOR Gateway":{
        "0":0.0148321624,
        "1":0.0197934596,
        "2":0.0200348432,
        "3":0.0206185567,
        "4":0.0122699387
    },
    "Condition Specification":{
        "0":0.0485162506,
        "1":0.0525477707,
        "2":0.0480718436,
        "3":0.0493317132,
        "4":0.0486246179
    },
    "AND Gateway":{
        "0":0.0844155844,
        "1":0.1,
        "2":0.0683760684,
        "3":0.075,
        "4":0.0817610063
    },
    "All":{
        "0":0.0230690069,
        "1":0.0241497029,
        "2":0.0243865403,
        "3":0.0246517934,
        "4":0.0251944538
    }
}