{
    "Actor":{
        "0":0.0188036651
    },
    "Activity":{
        "0":0.0555800344
    },
    "Activity Data":{
        "0":0.0296363555
    },
    "Further Specification":{
        "0":0.0592575764
    },
    "XOR Gateway":{
        "0":0.0188482266
    },
    "Condition Specification":{
        "0":0.0530229823
    },
    "AND Gateway":{
        "0":0.0884801286
    },
    "All":{
        "0":0.0261930703
    }
}