{
    "Actor":{
        "0":0.0377770946
    },
    "Activity":{
        "0":0.1061545435
    },
    "Activity Data":{
        "0":0.0588487526
    },
    "Further Specification":{
        "0":0.1192618007
    },
    "XOR Gateway":{
        "0":0.0372716518
    },
    "Condition Specification":{
        "0":0.108144367
    },
    "AND Gateway":{
        "0":0.1874030494
    },
    "All":{
        "0":0.0520346811
    }
}