{
    "Actor":{
        "0":0.0175743699
    },
    "Activity":{
        "0":0.0519917995
    },
    "Activity Data":{
        "0":0.0277235427
    },
    "Further Specification":{
        "0":0.0554772083
    },
    "XOR Gateway":{
        "0":0.0177438114
    },
    "Condition Specification":{
        "0":0.0497858112
    },
    "AND Gateway":{
        "0":0.0837378376
    },
    "All":{
        "0":0.0245113079
    }
}