{
    "Actor":{
        "0":0.0619919026
    },
    "Activity":{
        "0":0.18307111
    },
    "Activity Data":{
        "0":0.0979364298
    },
    "Further Specification":{
        "0":0.1949481425
    },
    "XOR Gateway":{
        "0":0.0621551218
    },
    "Condition Specification":{
        "0":0.1783291951
    },
    "AND Gateway":{
        "0":0.2832694595
    },
    "All":{
        "0":0.0865509684
    }
}