{
    "Actor":{
        "0":0.0194508009,
        "1":0.021353864,
        "2":0.0207239569,
        "3":0.0221296163,
        "4":0.0206864128
    },
    "Activity":{
        "0":0.05623944,
        "1":0.0568733154,
        "2":0.0605980418,
        "3":0.0598400825,
        "4":0.059298441
    },
    "Activity Data":{
        "0":0.0306497411,
        "1":0.0325143849,
        "2":0.0330363771,
        "3":0.0321560835,
        "4":0.0345417925
    },
    "Further Specification":{
        "0":0.063753901,
        "1":0.0667861945,
        "2":0.0634686347,
        "3":0.0631453535,
        "4":0.0748663102
    },
    "XOR Gateway":{
        "0":0.0162950257,
        "1":0.0235294118,
        "2":0.023880597,
        "3":0.0240585774,
        "4":0.0151057402
    },
    "Condition Specification":{
        "0":0.0578338591,
        "1":0.0646442759,
        "2":0.0607077486,
        "3":0.0585536967,
        "4":0.0587311558
    },
    "AND Gateway":{
        "0":0.1056338028,
        "1":0.1296296296,
        "2":0.0891089109,
        "3":0.0943396226,
        "4":0.1094890511
    },
    "All":{
        "0":0.0269959793,
        "1":0.029091829,
        "2":0.0292519126,
        "3":0.028808276,
        "4":0.0298616169
    }
}