{
    "Actor":{
        "0":0.0797371904
    },
    "Activity":{
        "0":0.2291382406
    },
    "Activity Data":{
        "0":0.1252818089
    },
    "Further Specification":{
        "0":0.2487362232
    },
    "XOR Gateway":{
        "0":0.0797376489
    },
    "Condition Specification":{
        "0":0.2294567145
    },
    "AND Gateway":{
        "0":0.4057867088
    },
    "All":{
        "0":0.1105812167
    }
}