{
    "Actor":{
        "0":0.0340378198,
        "1":0.0367041199,
        "2":0.0355871886,
        "3":0.038790932,
        "4":0.0357239513
    },
    "Activity":{
        "0":0.0976842105,
        "1":0.0976744186,
        "2":0.1043280182,
        "3":0.1047404063,
        "4":0.1031476998
    },
    "Activity Data":{
        "0":0.0536157779,
        "1":0.0560188828,
        "2":0.0565286624,
        "3":0.0562401264,
        "4":0.0595113438
    },
    "Further Specification":{
        "0":0.11,
        "1":0.1133079848,
        "2":0.1117647059,
        "3":0.1101045296,
        "4":0.1320754717
    },
    "XOR Gateway":{
        "0":0.0287878788,
        "1":0.0406779661,
        "2":0.041025641,
        "3":0.0418181818,
        "4":0.0260869565
    },
    "Condition Specification":{
        "0":0.1006896552,
        "1":0.1111801242,
        "2":0.1023376623,
        "3":0.1011709602,
        "4":0.103030303
    },
    "AND Gateway":{
        "0":0.1875,
        "1":0.2166666667,
        "2":0.15,
        "3":0.1666666667,
        "4":0.175
    },
    "All":{
        "0":0.0470719465,
        "1":0.0499844576,
        "2":0.0502084574,
        "3":0.0503743636,
        "4":0.0517310253
    }
}