{
    "Actor":{
        "0":0.01724721,
        "1":0.0186690373,
        "2":0.0182193611,
        "3":0.0196930946,
        "4":0.0180451128
    },
    "Activity":{
        "0":0.049658994,
        "1":0.0498935919,
        "2":0.0532434318,
        "3":0.0532598714,
        "4":0.0521164668
    },
    "Activity Data":{
        "0":0.027161042,
        "1":0.0284027445,
        "2":0.0289148798,
        "3":0.0286496057,
        "4":0.0303833245
    },
    "Further Specification":{
        "0":0.0553191489,
        "1":0.05898654,
        "2":0.0585831063,
        "3":0.0555749738,
        "4":0.0670498084
    },
    "XOR Gateway":{
        "0":0.0146266359,
        "1":0.0206185567,
        "2":0.0210526316,
        "3":0.0213754647,
        "4":0.0131578947
    },
    "Condition Specification":{
        "0":0.0510085787,
        "1":0.0561304484,
        "2":0.0522309711,
        "3":0.0519262982,
        "4":0.052074631
    },
    "AND Gateway":{
        "0":0.0961538462,
        "1":0.1176470588,
        "2":0.0775862069,
        "3":0.0869565217,
        "4":0.0943396226
    },
    "All":{
        "0":0.0238794174,
        "1":0.0254464991,
        "2":0.0257245494,
        "3":0.0256144732,
        "4":0.0262608579
    }
}