{
    "Actor":{
        "0":0.0232024522
    },
    "Activity":{
        "0":0.0656960027
    },
    "Activity Data":{
        "0":0.0364298631
    },
    "Further Specification":{
        "0":0.0744335923
    },
    "XOR Gateway":{
        "0":0.0230573857
    },
    "Condition Specification":{
        "0":0.0678219707
    },
    "AND Gateway":{
        "0":0.1175973723
    },
    "All":{
        "0":0.032219983
    }
}