{
    "Actor":{
        "0":0.0158188586,
        "1":0.017071188,
        "2":0.0165252837,
        "3":0.0181112549,
        "4":0.01679603
    },
    "Activity":{
        "0":0.045498926,
        "1":0.0458098133,
        "2":0.0484451026,
        "3":0.0489245044,
        "4":0.0485083125
    },
    "Activity Data":{
        "0":0.0248560786,
        "1":0.0260576782,
        "2":0.0263157895,
        "3":0.0262246777,
        "4":0.0282291154
    },
    "Further Specification":{
        "0":0.0512361161,
        "1":0.0525758645,
        "2":0.0526154787,
        "3":0.0510105871,
        "4":0.0618374558
    },
    "XOR Gateway":{
        "0":0.0133053221,
        "1":0.0190930788,
        "2":0.0192616372,
        "3":0.0194256757,
        "4":0.0123355263
    },
    "Condition Specification":{
        "0":0.0466398134,
        "1":0.0522170362,
        "2":0.0486790607,
        "3":0.0472046987,
        "4":0.049379456
    },
    "AND Gateway":{
        "0":0.0872093023,
        "1":0.1111111111,
        "2":0.0708661417,
        "3":0.0763358779,
        "4":0.0872093023
    },
    "All":{
        "0":0.0218796876,
        "1":0.0233171127,
        "2":0.0234318673,
        "3":0.0234595107,
        "4":0.0244705882
    }
}