{
    "Actor":{
        "0":0.0535291212
    },
    "Activity":{
        "0":0.1525177784
    },
    "Activity Data":{
        "0":0.0834151643
    },
    "Further Specification":{
        "0":0.1738007858
    },
    "XOR Gateway":{
        "0":0.0537239712
    },
    "Condition Specification":{
        "0":0.1580222371
    },
    "AND Gateway":{
        "0":0.2717741031
    },
    "All":{
        "0":0.07448942
    }
}