{
    "Actor":{
        "0":0.0166118158
    },
    "Activity":{
        "0":0.0467872115
    },
    "Activity Data":{
        "0":0.0259644253
    },
    "Further Specification":{
        "0":0.0531610726
    },
    "XOR Gateway":{
        "0":0.0164792499
    },
    "Condition Specification":{
        "0":0.0481544101
    },
    "AND Gateway":{
        "0":0.0858152575
    },
    "All":{
        "0":0.0229839862
    }
}