{
    "Actor":{
        "0":0.0354577057,
        "1":0.0386943933,
        "2":0.0372856078,
        "3":0.0407838983,
        "4":0.0366638679
    },
    "Activity":{
        "0":0.1014366565,
        "1":0.1033806957,
        "2":0.1088825215,
        "3":0.1092793217,
        "4":0.1077935223
    },
    "Activity Data":{
        "0":0.0559290954,
        "1":0.0583580613,
        "2":0.058813784,
        "3":0.058891646,
        "4":0.0622511763
    },
    "Further Specification":{
        "0":0.1117230527,
        "1":0.1217895609,
        "2":0.1171662125,
        "3":0.1126158232,
        "4":0.1330143541
    },
    "XOR Gateway":{
        "0":0.0296875,
        "1":0.0427046263,
        "2":0.0431654676,
        "3":0.0434782609,
        "4":0.0273224044
    },
    "Condition Specification":{
        "0":0.1048118152,
        "1":0.1151866152,
        "2":0.1065310493,
        "3":0.1061946903,
        "4":0.1079976649
    },
    "AND Gateway":{
        "0":0.1875,
        "1":0.2203389831,
        "2":0.1698113208,
        "3":0.1694915254,
        "4":0.1898734177
    },
    "All":{
        "0":0.0489388844,
        "1":0.0524594453,
        "2":0.0523667536,
        "3":0.0525392949,
        "4":0.053869027
    }
}