{
    "Actor":{
        "0":0.0256062128
    },
    "Activity":{
        "0":0.0755490388
    },
    "Activity Data":{
        "0":0.0404381037
    },
    "Further Specification":{
        "0":0.0805377884
    },
    "XOR Gateway":{
        "0":0.0256271938
    },
    "Condition Specification":{
        "0":0.0719357231
    },
    "AND Gateway":{
        "0":0.1213645863
    },
    "All":{
        "0":0.0356592045
    }
}