{
    "Actor":{
        "0":0.0325280613
    },
    "Activity":{
        "0":0.0916167567
    },
    "Activity Data":{
        "0":0.0508272393
    },
    "Further Specification":{
        "0":0.102970427
    },
    "XOR Gateway":{
        "0":0.0320425077
    },
    "Condition Specification":{
        "0":0.0926554117
    },
    "AND Gateway":{
        "0":0.1689590395
    },
    "All":{
        "0":0.0448432299
    }
}