{
    "Actor":{
        "0":0.0181947913,
        "1":0.0195141378,
        "2":0.0188513259,
        "3":0.020923913,
        "4":0.0191332077
    },
    "Activity":{
        "0":0.0526553672,
        "1":0.0520345253,
        "2":0.0556635877,
        "3":0.0564065159,
        "4":0.0549252192
    },
    "Activity Data":{
        "0":0.0287392326,
        "1":0.0296370296,
        "2":0.02996633,
        "3":0.0302463891,
        "4":0.0321585491
    },
    "Further Specification":{
        "0":0.0594594595,
        "1":0.0603972436,
        "2":0.0611446854,
        "3":0.059394845,
        "4":0.0707785642
    },
    "XOR Gateway":{
        "0":0.0153970827,
        "1":0.0215827338,
        "2":0.021978022,
        "3":0.0225269344,
        "4":0.0139534884
    },
    "Condition Specification":{
        "0":0.0541605121,
        "1":0.0584776217,
        "2":0.055323881,
        "3":0.0544952285,
        "4":0.0545507585
    },
    "AND Gateway":{
        "0":0.0974025974,
        "1":0.1238938053,
        "2":0.0818181818,
        "3":0.0917431193,
        "4":0.1006711409
    },
    "All":{
        "0":0.0252846768,
        "1":0.0265212664,
        "2":0.0267718531,
        "3":0.027101057,
        "4":0.0277540564
    }
}