{
    "Actor":{
        "0":0.0594621525
    },
    "Activity":{
        "0":0.1691852027
    },
    "Activity Data":{
        "0":0.0934048529
    },
    "Further Specification":{
        "0":0.1902830684
    },
    "XOR Gateway":{
        "0":0.0594655414
    },
    "Condition Specification":{
        "0":0.1710354346
    },
    "AND Gateway":{
        "0":0.3027777778
    },
    "All":{
        "0":0.082680687
    }
}