{
    "Actor":{
        "0":0.0451151213,
        "1":0.0466939332,
        "2":0.0476190476,
        "3":0.0540842969,
        "4":0.0492125984
    },
    "Activity":{
        "0":0.1346153846,
        "1":0.1340140396,
        "2":0.1448627951,
        "3":0.1518151815,
        "4":0.1466113416
    },
    "Activity Data":{
        "0":0.0708902017,
        "1":0.0734182682,
        "2":0.0764532911,
        "3":0.0793207723,
        "4":0.0828701364
    },
    "Further Specification":{
        "0":0.1474501109,
        "1":0.1381048387,
        "2":0.1540697674,
        "3":0.1479591837,
        "4":0.168797954
    },
    "XOR Gateway":{
        "0":0.0387755102,
        "1":0.054631829,
        "2":0.0551558753,
        "3":0.0586666667,
        "4":0.0350877193
    },
    "Condition Specification":{
        "0":0.1247728649,
        "1":0.1448639157,
        "2":0.1296296296,
        "3":0.1425561798,
        "4":0.1358695652
    },
    "AND Gateway":{
        "0":0.2096774194,
        "1":0.2790697674,
        "2":0.1739130435,
        "3":0.2307692308,
        "4":0.2363636364
    },
    "All":{
        "0":0.0623454883,
        "1":0.0651488019,
        "2":0.0676552363,
        "3":0.0707151065,
        "4":0.0711692778
    }
}