{
    "Actor":{
        "0":0.0396349413,
        "1":0.0432607416,
        "2":0.0414926204,
        "3":0.0450424101,
        "4":0.0416005081
    },
    "Activity":{
        "0":0.1167002012,
        "1":0.1153635867,
        "2":0.1229200215,
        "3":0.1224920803,
        "4":0.1209540034
    },
    "Activity Data":{
        "0":0.0631778275,
        "1":0.0656192237,
        "2":0.0664165103,
        "3":0.065679926,
        "4":0.0698902885
    },
    "Further Specification":{
        "0":0.1313131313,
        "1":0.1323792487,
        "2":0.128983308,
        "3":0.123255814,
        "4":0.1519125683
    },
    "XOR Gateway":{
        "0":0.0346083789,
        "1":0.0480961924,
        "2":0.0482897384,
        "3":0.0496760259,
        "4":0.0308641975
    },
    "Condition Specification":{
        "0":0.1195831048,
        "1":0.1326378539,
        "2":0.1211562116,
        "3":0.1194690265,
        "4":0.1183544304
    },
    "AND Gateway":{
        "0":0.2307692308,
        "1":0.2641509434,
        "2":0.1666666667,
        "3":0.2,
        "4":0.223880597
    },
    "All":{
        "0":0.0556801689,
        "1":0.0589786798,
        "2":0.0588976819,
        "3":0.0586921627,
        "4":0.0604037267
    }
}