{
    "Actor":{
        "0":0.0579583769
    },
    "Activity":{
        "0":0.1646980248
    },
    "Activity Data":{
        "0":0.0910917849
    },
    "Further Specification":{
        "0":0.1853041842
    },
    "XOR Gateway":{
        "0":0.057806264
    },
    "Condition Specification":{
        "0":0.1673929099
    },
    "AND Gateway":{
        "0":0.2752469664
    },
    "All":{
        "0":0.0803905194
    }
}