{
    "Actor":{
        "0":0.0162368672,
        "1":0.0177065767,
        "2":0.0170862285,
        "3":0.018766756,
        "4":0.0170278638
    },
    "Activity":{
        "0":0.0470516963,
        "1":0.0475225225,
        "2":0.0500218436,
        "3":0.0508437432,
        "4":0.0491689751
    },
    "Activity Data":{
        "0":0.0256643357,
        "1":0.0271238095,
        "2":0.0272713345,
        "3":0.027200489,
        "4":0.0285809239
    },
    "Further Specification":{
        "0":0.0517366136,
        "1":0.0538878843,
        "2":0.0533664288,
        "3":0.0535353535,
        "4":0.0635208711
    },
    "XOR Gateway":{
        "0":0.0138181818,
        "1":0.019818332,
        "2":0.0197693575,
        "3":0.0202821869,
        "4":0.012244898
    },
    "Condition Specification":{
        "0":0.048415493,
        "1":0.0546398046,
        "2":0.0493551587,
        "3":0.0491172476,
        "4":0.0479487179
    },
    "AND Gateway":{
        "0":0.0914634146,
        "1":0.1166666667,
        "2":0.0743801653,
        "3":0.0819672131,
        "4":0.0872093023
    },
    "All":{
        "0":0.0225467726,
        "1":0.0242185385,
        "2":0.0241421674,
        "3":0.024376105,
        "4":0.0246671516
    }
}