{
    "Actor":{
        "0":0.0211475155
    },
    "Activity":{
        "0":0.0593209386
    },
    "Activity Data":{
        "0":0.0330165628
    },
    "Further Specification":{
        "0":0.0670775099
    },
    "XOR Gateway":{
        "0":0.0207849066
    },
    "Condition Specification":{
        "0":0.0607916762
    },
    "AND Gateway":{
        "0":0.1064109989
    },
    "All":{
        "0":0.0291599263
    }
}