{
    "Actor":{
        "0":0.0196142285
    },
    "Activity":{
        "0":0.0553067811
    },
    "Activity Data":{
        "0":0.0306904891
    },
    "Further Specification":{
        "0":0.0634408425
    },
    "XOR Gateway":{
        "0":0.0193946928
    },
    "Condition Specification":{
        "0":0.0568861655
    },
    "AND Gateway":{
        "0":0.1005575086
    },
    "All":{
        "0":0.0271773708
    }
}