{
    "Actor":{
        "0":0.0392634714,
        "1":0.0413148372,
        "2":0.04055984,
        "3":0.0449751861,
        "4":0.0411997363
    },
    "Activity":{
        "0":0.1192565823,
        "1":0.117581187,
        "2":0.1248624862,
        "3":0.1274238227,
        "4":0.1260404281
    },
    "Activity Data":{
        "0":0.0618117229,
        "1":0.0641630496,
        "2":0.0648627903,
        "3":0.0663811563,
        "4":0.0701004488
    },
    "Further Specification":{
        "0":0.1265461465,
        "1":0.1283973758,
        "2":0.1187453323,
        "3":0.1255411255,
        "4":0.1545667447
    },
    "XOR Gateway":{
        "0":0.0353817505,
        "1":0.0465587045,
        "2":0.0475206612,
        "3":0.0495495495,
        "4":0.0299145299
    },
    "Condition Specification":{
        "0":0.1152770006,
        "1":0.1227678571,
        "2":0.1148989899,
        "3":0.1172055427,
        "4":0.118724559
    },
    "AND Gateway":{
        "0":0.203125,
        "1":0.2264150943,
        "2":0.1666666667,
        "3":0.1875,
        "4":0.1940298507
    },
    "All":{
        "0":0.054901694,
        "1":0.0571899094,
        "2":0.0574186629,
        "3":0.0590623846,
        "4":0.0607766357
    }
}