{
    "Actor":{
        "0":0.0333256723,
        "1":0.0356956748,
        "2":0.0342251145,
        "3":0.0372176591,
        "4":0.0341716785
    },
    "Activity":{
        "0":0.1003911343,
        "1":0.1017935046,
        "2":0.1050925926,
        "3":0.1055045872,
        "4":0.1044334975
    },
    "Activity Data":{
        "0":0.0527992717,
        "1":0.0558659218,
        "2":0.0547545764,
        "3":0.0548496059,
        "4":0.0582696749
    },
    "Further Specification":{
        "0":0.1064,
        "1":0.1065318818,
        "2":0.1046052632,
        "3":0.1024011299,
        "4":0.1291585127
    },
    "XOR Gateway":{
        "0":0.0296411856,
        "1":0.0409252669,
        "2":0.04,
        "3":0.0410447761,
        "4":0.0247349823
    },
    "Condition Specification":{
        "0":0.0996131528,
        "1":0.1072821847,
        "2":0.0960422164,
        "3":0.0979257115,
        "4":0.0970604548
    },
    "AND Gateway":{
        "0":0.1625,
        "1":0.2142857143,
        "2":0.1355932203,
        "3":0.15,
        "4":0.1666666667
    },
    "All":{
        "0":0.0466959843,
        "1":0.049517143,
        "2":0.0485754038,
        "3":0.0488460129,
        "4":0.0503854998
    }
}