{
    "Actor":{
        "0":0.0161052632,
        "1":0.0174729585,
        "2":0.0169510679,
        "3":0.0186350436,
        "4":0.0171629177
    },
    "Activity":{
        "0":0.0466559872,
        "1":0.0467331118,
        "2":0.0494600432,
        "3":0.0503362985,
        "4":0.0496619259
    },
    "Activity Data":{
        "0":0.0254348881,
        "1":0.026628768,
        "2":0.0269778721,
        "3":0.0270311314,
        "4":0.028956229
    },
    "Further Specification":{
        "0":0.0532985464,
        "1":0.0548197204,
        "2":0.052712228,
        "3":0.0539165819,
        "4":0.0631199279
    },
    "XOR Gateway":{
        "0":0.0135908441,
        "1":0.0193392425,
        "2":0.0191693291,
        "3":0.0202643172,
        "4":0.0126368997
    },
    "Condition Specification":{
        "0":0.0480454248,
        "1":0.053131493,
        "2":0.0484107579,
        "3":0.0494643264,
        "4":0.0498666667
    },
    "AND Gateway":{
        "0":0.0862068966,
        "1":0.1111111111,
        "2":0.0714285714,
        "3":0.08,
        "4":0.0903614458
    },
    "All":{
        "0":0.0224064412,
        "1":0.0238511452,
        "2":0.0238377676,
        "3":0.0242789919,
        "4":0.0250152336
    }
}