{
    "Actor":{
        "0":0.026461432,
        "1":0.0277935337,
        "2":0.0274122807,
        "3":0.0299087201,
        "4":0.0273745334
    },
    "Activity":{
        "0":0.0756247971,
        "1":0.0749289773,
        "2":0.0802945302,
        "3":0.0820367751,
        "4":0.0788304959
    },
    "Activity Data":{
        "0":0.041487678,
        "1":0.042382999,
        "2":0.0436970664,
        "3":0.0435953955,
        "4":0.0459770115
    },
    "Further Specification":{
        "0":0.0864799026,
        "1":0.0894800484,
        "2":0.0884318766,
        "3":0.088863892,
        "4":0.1040892193
    },
    "XOR Gateway":{
        "0":0.0221703617,
        "1":0.0308880309,
        "2":0.0310478655,
        "3":0.0331412104,
        "4":0.0197628458
    },
    "Condition Specification":{
        "0":0.0771118121,
        "1":0.0856049737,
        "2":0.0788118812,
        "3":0.0798381163,
        "4":0.0802230802
    },
    "AND Gateway":{
        "0":0.141509434,
        "1":0.1707317073,
        "2":0.1111111111,
        "3":0.1351351351,
        "4":0.1376146789
    },
    "All":{
        "0":0.0364742953,
        "1":0.0380839459,
        "2":0.0387703602,
        "3":0.0392395011,
        "4":0.0398976982
    }
}