{
    "Actor":{
        "0":0.0248474444
    },
    "Activity":{
        "0":0.069535008
    },
    "Activity Data":{
        "0":0.0387261273
    },
    "Further Specification":{
        "0":0.0789547981
    },
    "XOR Gateway":{
        "0":0.0244211772
    },
    "Condition Specification":{
        "0":0.0712691427
    },
    "AND Gateway":{
        "0":0.1249903457
    },
    "All":{
        "0":0.0342426597
    }
}