{
    "Actor":{
        "0":0.0163453951,
        "1":0.0173990348,
        "2":0.0172476618,
        "3":0.0185421995,
        "4":0.017088175
    },
    "Activity":{
        "0":0.0492327366,
        "1":0.0496571293,
        "2":0.0527784236,
        "3":0.0528007346,
        "4":0.0518717886
    },
    "Activity Data":{
        "0":0.0257548845,
        "1":0.0271262167,
        "2":0.0274528915,
        "3":0.0274424594,
        "4":0.0289701466
    },
    "Further Specification":{
        "0":0.051450677,
        "1":0.0542359462,
        "2":0.0541553134,
        "3":0.0506815799,
        "4":0.0632183908
    },
    "XOR Gateway":{
        "0":0.0146266359,
        "1":0.0197594502,
        "2":0.0201754386,
        "3":0.0204460967,
        "4":0.0122807018
    },
    "Condition Specification":{
        "0":0.0477625783,
        "1":0.0517403575,
        "2":0.0477690289,
        "3":0.0485762144,
        "4":0.0487329435
    },
    "AND Gateway":{
        "0":0.0833333333,
        "1":0.1008403361,
        "2":0.0689655172,
        "3":0.0782608696,
        "4":0.0817610063
    },
    "All":{
        "0":0.0227785932,
        "1":0.0241504663,
        "2":0.0244459328,
        "3":0.0243657296,
        "4":0.025082486
    }
}