{
    "Actor":{
        "0":0.0478438779,
        "1":0.0537951363,
        "2":0.0489184692,
        "3":0.0546959338,
        "4":0.0489089541
    },
    "Activity":{
        "0":0.1384432561,
        "1":0.1425675676,
        "2":0.1455009572,
        "3":0.1461245235,
        "4":0.1437246964
    },
    "Activity Data":{
        "0":0.0759941703,
        "1":0.0813176687,
        "2":0.0804362645,
        "3":0.0801993657,
        "4":0.0832928606
    },
    "Further Specification":{
        "0":0.1443089431,
        "1":0.1655251142,
        "2":0.1524663677,
        "3":0.1417040359,
        "4":0.1891156463
    },
    "XOR Gateway":{
        "0":0.0416666667,
        "1":0.0583941606,
        "2":0.0574162679,
        "3":0.0608465608,
        "4":0.036407767
    },
    "Condition Specification":{
        "0":0.1430446194,
        "1":0.160437557,
        "2":0.1485671192,
        "3":0.1466758053,
        "4":0.1410060976
    },
    "AND Gateway":{
        "0":0.2727272727,
        "1":0.3181818182,
        "2":0.2,
        "3":0.25,
        "4":0.2542372881
    },
    "All":{
        "0":0.0663933134,
        "1":0.0727902946,
        "2":0.0706407342,
        "3":0.0710094396,
        "4":0.0720118782
    }
}