{
    "Actor":{
        "0":0.0336426914,
        "1":0.0367785235,
        "2":0.0362892921,
        "3":0.039295393,
        "4":0.0367538959
    },
    "Activity":{
        "0":0.1017173052,
        "1":0.1055806938,
        "2":0.1108939912,
        "3":0.111976631,
        "4":0.1115202525
    },
    "Activity Data":{
        "0":0.0528795016,
        "1":0.0567517944,
        "2":0.0580656245,
        "3":0.0587323458,
        "4":0.0630769231
    },
    "Further Specification":{
        "0":0.1044776119,
        "1":0.1175965665,
        "2":0.1058588549,
        "3":0.1085329341,
        "4":0.1337386018
    },
    "XOR Gateway":{
        "0":0.0301587302,
        "1":0.0427509294,
        "2":0.0427509294,
        "3":0.0442655936,
        "4":0.0264650284
    },
    "Condition Specification":{
        "0":0.0973995272,
        "1":0.1134020619,
        "2":0.1027088036,
        "3":0.1068983676,
        "4":0.1062537948
    },
    "AND Gateway":{
        "0":0.1666666667,
        "1":0.2181818182,
        "2":0.1428571429,
        "3":0.1698113208,
        "4":0.1733333333
    },
    "All":{
        "0":0.0467609225,
        "1":0.0512132994,
        "2":0.051313183,
        "3":0.0521682426,
        "4":0.0542212518
    }
}