{
    "Actor":{
        "0":0.0915643161
    },
    "Activity":{
        "0":0.2646576601
    },
    "Activity Data":{
        "0":0.1438595029
    },
    "Further Specification":{
        "0":0.298058074
    },
    "XOR Gateway":{
        "0":0.0927428985
    },
    "Condition Specification":{
        "0":0.2660631216
    },
    "AND Gateway":{
        "0":0.4604367459
    },
    "All":{
        "0":0.1278338993
    }
}