{
    "Actor":{
        "0":0.0356695804
    },
    "Activity":{
        "0":0.105497274
    },
    "Activity Data":{
        "0":0.0561983956
    },
    "Further Specification":{
        "0":0.1112245903
    },
    "XOR Gateway":{
        "0":0.0358136972
    },
    "Condition Specification":{
        "0":0.1007426564
    },
    "AND Gateway":{
        "0":0.1667865123
    },
    "All":{
        "0":0.0496528413
    }
}