{
    "Actor":{
        "0":0.0166376686,
        "1":0.0180036742,
        "2":0.017466232,
        "3":0.0188425303,
        "4":0.017418844
    },
    "Activity":{
        "0":0.0479818781,
        "1":0.0478892419,
        "2":0.0509908706,
        "3":0.0511576626,
        "4":0.049836219
    },
    "Activity Data":{
        "0":0.0262386502,
        "1":0.0274882248,
        "2":0.0278211941,
        "3":0.0272950946,
        "4":0.0290123977
    },
    "Further Specification":{
        "0":0.053041543,
        "1":0.0558052434,
        "2":0.0545512211,
        "3":0.0544520548,
        "4":0.0638686131
    },
    "XOR Gateway":{
        "0":0.0141791045,
        "1":0.0195758564,
        "2":0.0201342282,
        "3":0.0204626335,
        "4":0.0125838926
    },
    "Condition Specification":{
        "0":0.0499092559,
        "1":0.052849129,
        "2":0.0506748154,
        "3":0.0494981752,
        "4":0.0497076023
    },
    "AND Gateway":{
        "0":0.0920245399,
        "1":0.1129032258,
        "2":0.0743801653,
        "3":0.0819672131,
        "4":0.0898203593
    },
    "All":{
        "0":0.0230857392,
        "1":0.0244465365,
        "2":0.0246585736,
        "3":0.0245155265,
        "4":0.0251434466
    }
}