{
    "Actor":{
        "0":0.0236988848,
        "1":0.0254633639,
        "2":0.0245539368,
        "3":0.0270365789,
        "4":0.0249574589
    },
    "Activity":{
        "0":0.0678509027,
        "1":0.0679549114,
        "2":0.0719673162,
        "3":0.0734642179,
        "4":0.071910871
    },
    "Activity Data":{
        "0":0.0370482536,
        "1":0.0388901027,
        "2":0.0391962018,
        "3":0.0394809804,
        "4":0.0418440579
    },
    "Further Specification":{
        "0":0.0770889488,
        "1":0.0759429154,
        "2":0.0753724803,
        "3":0.0786350148,
        "4":0.0918032787
    },
    "XOR Gateway":{
        "0":0.0199579832,
        "1":0.028436019,
        "2":0.0285374554,
        "3":0.0295250321,
        "4":0.0179425837
    },
    "Condition Specification":{
        "0":0.0701083493,
        "1":0.0771219302,
        "2":0.0721014493,
        "3":0.0709846254,
        "4":0.0706994329
    },
    "AND Gateway":{
        "0":0.1271186441,
        "1":0.1647058824,
        "2":0.1034482759,
        "3":0.119047619,
        "4":0.1293103448
    },
    "All":{
        "0":0.0327158823,
        "1":0.0346325934,
        "2":0.0347479233,
        "3":0.0353297443,
        "4":0.0361211448
    }
}