{
    "Actor":{
        "0":0.0399551975
    },
    "Activity":{
        "0":0.1189365531
    },
    "Activity Data":{
        "0":0.0631795129
    },
    "Further Specification":{
        "0":0.1243946741
    },
    "XOR Gateway":{
        "0":0.0406602025
    },
    "Condition Specification":{
        "0":0.1141841485
    },
    "AND Gateway":{
        "0":0.1897186186
    },
    "All":{
        "0":0.0558245778
    }
}