{
    "Actor":{
        "0":0.0527579643
    },
    "Activity":{
        "0":0.1570682293
    },
    "Activity Data":{
        "0":0.0832545234
    },
    "Further Specification":{
        "0":0.1678344315
    },
    "XOR Gateway":{
        "0":0.0533530271
    },
    "Condition Specification":{
        "0":0.1494696511
    },
    "AND Gateway":{
        "0":0.253023945
    },
    "All":{
        "0":0.0736296967
    }
}