{
    "Actor":{
        "0":0.0219630415,
        "1":0.0231340763,
        "2":0.0225468403,
        "3":0.0246808511,
        "4":0.0231010904
    },
    "Activity":{
        "0":0.0660755149,
        "1":0.0658513641,
        "2":0.0696532679,
        "3":0.0701861459,
        "4":0.0703851262
    },
    "Activity Data":{
        "0":0.0343534057,
        "1":0.0359902615,
        "2":0.0360764222,
        "3":0.0363810946,
        "4":0.0391361413
    },
    "Further Specification":{
        "0":0.0708200213,
        "1":0.0719915922,
        "2":0.0696452037,
        "3":0.0693448111,
        "4":0.0851612903
    },
    "XOR Gateway":{
        "0":0.0196280992,
        "1":0.0264064294,
        "2":0.0263459336,
        "3":0.0267639903,
        "4":0.0168067227
    },
    "Condition Specification":{
        "0":0.065334602,
        "1":0.0688073394,
        "2":0.0645619014,
        "3":0.064159292,
        "4":0.0653961136
    },
    "AND Gateway":{
        "0":0.1101694915,
        "1":0.1333333333,
        "2":0.0888888889,
        "3":0.1,
        "4":0.1160714286
    },
    "All":{
        "0":0.0306319985,
        "1":0.0320738875,
        "2":0.0321315674,
        "3":0.0323991576,
        "4":0.0339021615
    }
}