{
    "Actor":{
        "0":0.0254265641,
        "1":0.0276471695,
        "2":0.0262651024,
        "3":0.0289358462,
        "4":0.0267674704
    },
    "Activity":{
        "0":0.0734320832,
        "1":0.0737504369,
        "2":0.0770006725,
        "3":0.0784048665,
        "4":0.0778508772
    },
    "Activity Data":{
        "0":0.0400786284,
        "1":0.0424264092,
        "2":0.0419465064,
        "3":0.0423960938,
        "4":0.0453407144
    },
    "Further Specification":{
        "0":0.0860927152,
        "1":0.082320442,
        "2":0.0825335893,
        "3":0.0855298548,
        "4":0.098245614
    },
    "XOR Gateway":{
        "0":0.021134594,
        "1":0.0304955527,
        "2":0.0302648172,
        "3":0.0316804408,
        "4":0.0197889182
    },
    "Condition Specification":{
        "0":0.0742741391,
        "1":0.0830241187,
        "2":0.0760412686,
        "3":0.0773085183,
        "4":0.0762953896
    },
    "AND Gateway":{
        "0":0.1351351351,
        "1":0.1794871795,
        "2":0.1139240506,
        "3":0.119047619,
        "4":0.1470588235
    },
    "All":{
        "0":0.0353368698,
        "1":0.0376168224,
        "2":0.0371510222,
        "3":0.0379666546,
        "4":0.0390918659
    }
}