{
    "Actor":{
        "0":0.025297831
    },
    "Activity":{
        "0":0.0747288758
    },
    "Activity Data":{
        "0":0.039877011
    },
    "Further Specification":{
        "0":0.0798061165
    },
    "XOR Gateway":{
        "0":0.0252971781
    },
    "Condition Specification":{
        "0":0.0712349868
    },
    "AND Gateway":{
        "0":0.1174442455
    },
    "All":{
        "0":0.035218466
    }
}