{
    "Actor":{
        "0":0.01939237
    },
    "Activity":{
        "0":0.0573819883
    },
    "Activity Data":{
        "0":0.0306769105
    },
    "Further Specification":{
        "0":0.0608862833
    },
    "XOR Gateway":{
        "0":0.019428119
    },
    "Condition Specification":{
        "0":0.0547054839
    },
    "AND Gateway":{
        "0":0.0919172342
    },
    "All":{
        "0":0.0270465097
    }
}