{
    "Actor":{
        "0":0.0250778277,
        "1":0.0259028172,
        "2":0.0259502924,
        "3":0.0281608079,
        "4":0.0259228536
    },
    "Activity":{
        "0":0.0749756573,
        "1":0.0745738636,
        "2":0.0795932679,
        "3":0.0813295615,
        "4":0.0784603997
    },
    "Activity Data":{
        "0":0.0393398146,
        "1":0.0405921681,
        "2":0.0414876642,
        "3":0.0417585109,
        "4":0.0438385458
    },
    "Further Specification":{
        "0":0.080998782,
        "1":0.0828295042,
        "2":0.081748072,
        "3":0.081552306,
        "4":0.0981412639
    },
    "XOR Gateway":{
        "0":0.0221703617,
        "1":0.0296010296,
        "2":0.0297542044,
        "3":0.0317002882,
        "4":0.0184453228
    },
    "Condition Specification":{
        "0":0.0722046968,
        "1":0.0789096126,
        "2":0.0720792079,
        "3":0.0746872701,
        "4":0.0750750751
    },
    "AND Gateway":{
        "0":0.1226415094,
        "1":0.1463414634,
        "2":0.0987654321,
        "3":0.1216216216,
        "4":0.119266055
    },
    "All":{
        "0":0.0348340312,
        "1":0.0362342898,
        "2":0.0368433127,
        "3":0.0373709534,
        "4":0.0381074169
    }
}