{
    "Actor":{
        "0":0.1261152146
    },
    "Activity":{
        "0":0.358169714
    },
    "Activity Data":{
        "0":0.1960264684
    },
    "Further Specification":{
        "0":0.3839165941
    },
    "XOR Gateway":{
        "0":0.118709407
    },
    "Condition Specification":{
        "0":0.35616404
    },
    "AND Gateway":{
        "0":0.5597883598
    },
    "All":{
        "0":0.1727754822
    }
}