{
    "Actor":{
        "0":0.0729376258,
        "1":0.0771830986,
        "2":0.0759358289,
        "3":0.0827625571,
        "4":0.0734430082
    },
    "Activity":{
        "0":0.2225433526,
        "1":0.223880597,
        "2":0.2345041322,
        "3":0.2363823227,
        "4":0.2252922423
    },
    "Activity Data":{
        "0":0.1145490454,
        "1":0.1210395158,
        "2":0.1216702664,
        "3":0.1228386167,
        "4":0.1241483724
    },
    "Further Specification":{
        "0":0.2242833052,
        "1":0.2495446266,
        "2":0.2142857143,
        "3":0.2283464567,
        "4":0.2699386503
    },
    "XOR Gateway":{
        "0":0.0666666667,
        "1":0.0871212121,
        "2":0.0894941634,
        "3":0.0909090909,
        "4":0.053030303
    },
    "Condition Specification":{
        "0":0.2161594963,
        "1":0.2401746725,
        "2":0.2141176471,
        "3":0.2141350211,
        "4":0.2080856124
    },
    "AND Gateway":{
        "0":0.3939393939,
        "1":0.4285714286,
        "2":0.3333333333,
        "3":0.36,
        "4":0.3513513514
    },
    "All":{
        "0":0.1017911201,
        "1":0.1083687943,
        "2":0.1072239284,
        "3":0.1088287308,
        "4":0.1077212261
    }
}