{
    "Actor":{
        "0":0.0257242282
    },
    "Activity":{
        "0":0.0725721916
    },
    "Activity Data":{
        "0":0.0403710842
    },
    "Further Specification":{
        "0":0.0825477029
    },
    "XOR Gateway":{
        "0":0.0252367848
    },
    "Condition Specification":{
        "0":0.0743394029
    },
    "AND Gateway":{
        "0":0.1321428571
    },
    "All":{
        "0":0.0356610984
    }
}