{
    "Actor":{
        "0":0.0180573587,
        "1":0.0193599368,
        "2":0.0186011905,
        "3":0.0205470314,
        "4":0.0190037432
    },
    "Activity":{
        "0":0.0519277914,
        "1":0.0515892421,
        "2":0.0547584888,
        "3":0.0554493308,
        "4":0.0545454545
    },
    "Activity Data":{
        "0":0.0284253737,
        "1":0.0294580058,
        "2":0.0296148407,
        "3":0.0299084264,
        "4":0.0319198293
    },
    "Further Specification":{
        "0":0.059042114,
        "1":0.0603972436,
        "2":0.0583248559,
        "3":0.0575878305,
        "4":0.0692383778
    },
    "XOR Gateway":{
        "0":0.0152979066,
        "1":0.0214094558,
        "2":0.0216606498,
        "3":0.0222868217,
        "4":0.0139664804
    },
    "Condition Specification":{
        "0":0.0534110221,
        "1":0.0585732984,
        "2":0.055002764,
        "3":0.0544952285,
        "4":0.0549031122
    },
    "AND Gateway":{
        "0":0.0993377483,
        "1":0.1176470588,
        "2":0.0762711864,
        "3":0.0884955752,
        "4":0.1006711409
    },
    "All":{
        "0":0.0250258837,
        "1":0.0263666437,
        "2":0.0263568309,
        "3":0.026723864,
        "4":0.0275823049
    }
}