{
    "Actor":{
        "0":0.0194399941
    },
    "Activity":{
        "0":0.0544936957
    },
    "Activity Data":{
        "0":0.0303260429
    },
    "Further Specification":{
        "0":0.0620880701
    },
    "XOR Gateway":{
        "0":0.0191291231
    },
    "Condition Specification":{
        "0":0.0561847311
    },
    "AND Gateway":{
        "0":0.0977749953
    },
    "All":{
        "0":0.0268368847
    }
}