{
    "Actor":{
        "0":0.0614370732
    },
    "Activity":{
        "0":0.1753317128
    },
    "Activity Data":{
        "0":0.0967936117
    },
    "Further Specification":{
        "0":0.1928732799
    },
    "XOR Gateway":{
        "0":0.0590829598
    },
    "Condition Specification":{
        "0":0.1736754937
    },
    "AND Gateway":{
        "0":0.3112407103
    },
    "All":{
        "0":0.0850418753
    }
}