{
    "Actor":{
        "0":0.0153878807,
        "1":0.0165020477,
        "2":0.016174963,
        "3":0.0176699976,
        "4":0.016124871
    },
    "Activity":{
        "0":0.0466478191,
        "1":0.0472972973,
        "2":0.0495849716,
        "3":0.050405435,
        "4":0.0489381348
    },
    "Activity Data":{
        "0":0.0243356643,
        "1":0.0259047619,
        "2":0.0258924468,
        "3":0.026054401,
        "4":0.0272515786
    },
    "Further Specification":{
        "0":0.0481186686,
        "1":0.0495479204,
        "2":0.0493329196,
        "3":0.0488215488,
        "4":0.0598911071
    },
    "XOR Gateway":{
        "0":0.0138181818,
        "1":0.0189925681,
        "2":0.0189456343,
        "3":0.0194003527,
        "4":0.0114285714
    },
    "Condition Specification":{
        "0":0.045334507,
        "1":0.0503663004,
        "2":0.0451388889,
        "3":0.0459483929,
        "4":0.0448717949
    },
    "AND Gateway":{
        "0":0.0792682927,
        "1":0.1,
        "2":0.0661157025,
        "3":0.0737704918,
        "4":0.0755813953
    },
    "All":{
        "0":0.0215073823,
        "1":0.0229850477,
        "2":0.0229422017,
        "3":0.0231877337,
        "4":0.0235602922
    }
}