{
    "Actor":{
        "0":0.0215692152
    },
    "Activity":{
        "0":0.0606456553
    },
    "Activity Data":{
        "0":0.0337350559
    },
    "Further Specification":{
        "0":0.068489483
    },
    "XOR Gateway":{
        "0":0.0211852303
    },
    "Condition Specification":{
        "0":0.0617232143
    },
    "AND Gateway":{
        "0":0.1095366242
    },
    "All":{
        "0":0.0297690832
    }
}