{
    "Actor":{
        "0":0.0603663614,
        "1":0.0626715462,
        "2":0.0644575579,
        "3":0.0664223546,
        "4":0.0609756098
    },
    "Activity":{
        "0":0.1786542923,
        "1":0.1811906816,
        "2":0.1953528399,
        "3":0.194092827,
        "4":0.1876106195
    },
    "Activity Data":{
        "0":0.0948228883,
        "1":0.1003541913,
        "2":0.1017765733,
        "3":0.0988979118,
        "4":0.1041600508
    },
    "Further Specification":{
        "0":0.1797297297,
        "1":0.1869031378,
        "2":0.2139973082,
        "3":0.1842439644,
        "4":0.2264150943
    },
    "XOR Gateway":{
        "0":0.0513513514,
        "1":0.071875,
        "2":0.0754098361,
        "3":0.0740740741,
        "4":0.04375
    },
    "Condition Specification":{
        "0":0.1726739313,
        "1":0.1920838184,
        "2":0.1716981132,
        "3":0.1748492679,
        "4":0.1725838264
    },
    "AND Gateway":{
        "0":0.2826086957,
        "1":0.4285714286,
        "2":0.25,
        "3":0.2647058824,
        "4":0.2765957447
    },
    "All":{
        "0":0.0830759728,
        "1":0.0880894731,
        "2":0.0909811919,
        "3":0.0879604178,
        "4":0.0898348004
    }
}