{
    "Actor":{
        "0":0.0215309024
    },
    "Activity":{
        "0":0.0638333315
    },
    "Activity Data":{
        "0":0.0339878679
    },
    "Further Specification":{
        "0":0.067426194
    },
    "XOR Gateway":{
        "0":0.0217192535
    },
    "Condition Specification":{
        "0":0.0612438157
    },
    "AND Gateway":{
        "0":0.1022954805
    },
    "All":{
        "0":0.0300396875
    }
}