{
    "Actor":{
        "0":0.0592183182,
        "1":0.065873742,
        "2":0.0659583887,
        "3":0.0692482916,
        "4":0.0630806846
    },
    "Activity":{
        "0":0.1743050338,
        "1":0.1802575107,
        "2":0.1930860034,
        "3":0.1854516387,
        "4":0.1871704745
    },
    "Activity Data":{
        "0":0.0947643979,
        "1":0.1005442567,
        "2":0.1030320871,
        "3":0.1013165426,
        "4":0.1085369724
    },
    "Further Specification":{
        "0":0.1983240223,
        "1":0.2291993721,
        "2":0.2036144578,
        "3":0.1850117096,
        "4":0.2206119163
    },
    "XOR Gateway":{
        "0":0.0514905149,
        "1":0.075,
        "2":0.0757097792,
        "3":0.0709677419,
        "4":0.0438871473
    },
    "Condition Specification":{
        "0":0.1848381601,
        "1":0.2071005917,
        "2":0.1773897059,
        "3":0.1801189465,
        "4":0.1915113872
    },
    "AND Gateway":{
        "0":0.3260869565,
        "1":0.3888888889,
        "2":0.3,
        "3":0.2571428571,
        "4":0.3191489362
    },
    "All":{
        "0":0.0836920613,
        "1":0.0918202765,
        "2":0.091907324,
        "3":0.0894160584,
        "4":0.0932786292
    }
}