{
    "Actor":{
        "0":0.0237384284
    },
    "Activity":{
        "0":0.0701288579
    },
    "Activity Data":{
        "0":0.0374613872
    },
    "Further Specification":{
        "0":0.0738938196
    },
    "XOR Gateway":{
        "0":0.0239090619
    },
    "Condition Specification":{
        "0":0.0670493057
    },
    "AND Gateway":{
        "0":0.1125023616
    },
    "All":{
        "0":0.0330489816
    }
}