{
    "Actor":{
        "0":0.0208843439,
        "1":0.021898977,
        "2":0.0216992665,
        "3":0.0235122426,
        "4":0.0217051571
    },
    "Activity":{
        "0":0.0627206082,
        "1":0.0627615063,
        "2":0.0666666667,
        "3":0.0676470588,
        "4":0.0663536776
    },
    "Activity Data":{
        "0":0.0329420674,
        "1":0.0342845619,
        "2":0.0346311475,
        "3":0.0349170592,
        "4":0.0367877972
    },
    "Further Specification":{
        "0":0.0655495318,
        "1":0.0662796323,
        "2":0.067116927,
        "3":0.0649932766,
        "4":0.080832823
    },
    "XOR Gateway":{
        "0":0.0184466019,
        "1":0.0252469813,
        "2":0.0252747253,
        "3":0.0261904762,
        "4":0.015625
    },
    "Condition Specification":{
        "0":0.0613460393,
        "1":0.0678733032,
        "2":0.0606868956,
        "3":0.0628872367,
        "4":0.0621228257
    },
    "AND Gateway":{
        "0":0.1015625,
        "1":0.125,
        "2":0.085106383,
        "3":0.1,
        "4":0.1023622047
    },
    "All":{
        "0":0.0290968091,
        "1":0.0305306905,
        "2":0.0307886968,
        "3":0.0311017806,
        "4":0.0319153494
    }
}