{
    "Actor":{
        "0":0.0198598131,
        "1":0.0210903874,
        "2":0.0207153708,
        "3":0.0226904376,
        "4":0.02054155
    },
    "Activity":{
        "0":0.0574033013,
        "1":0.0565380493,
        "2":0.0608072225,
        "3":0.0613756614,
        "4":0.0595637584
    },
    "Activity Data":{
        "0":0.031276632,
        "1":0.0322142793,
        "2":0.0329324699,
        "3":0.0330855019,
        "4":0.0345624435
    },
    "Further Specification":{
        "0":0.0663573086,
        "1":0.0648672181,
        "2":0.0661792997,
        "3":0.0666104553,
        "4":0.0772626932
    },
    "XOR Gateway":{
        "0":0.0167548501,
        "1":0.0233236152,
        "2":0.0241935484,
        "3":0.0244420829,
        "4":0.0150300601
    },
    "Condition Specification":{
        "0":0.0587763826,
        "1":0.0639971398,
        "2":0.060102688,
        "3":0.0592896175,
        "4":0.0593839314
    },
    "AND Gateway":{
        "0":0.1102941176,
        "1":0.1308411215,
        "2":0.0909090909,
        "3":0.0943396226,
        "4":0.1056338028
    },
    "All":{
        "0":0.0275884559,
        "1":0.028767466,
        "2":0.0293219516,
        "3":0.0295712173,
        "4":0.0299355235
    }
}