{
    "Actor":{
        "0":0.0588894916
    },
    "Activity":{
        "0":0.1743983334
    },
    "Activity Data":{
        "0":0.0932170021
    },
    "Further Specification":{
        "0":0.1825484432
    },
    "XOR Gateway":{
        "0":0.0590829598
    },
    "Condition Specification":{
        "0":0.165277785
    },
    "AND Gateway":{
        "0":0.2797321869
    },
    "All":{
        "0":0.0820314074
    }
}