{
    "Actor":{
        "0":0.0592651126,
        "1":0.0606446141,
        "2":0.0610906109,
        "3":0.0651521646,
        "4":0.0610328638
    },
    "Activity":{
        "0":0.1742707554,
        "1":0.1673306773,
        "2":0.1793265466,
        "3":0.1783783784,
        "4":0.1773522065
    },
    "Activity Data":{
        "0":0.094654498,
        "1":0.0946888412,
        "2":0.0971570522,
        "3":0.0942281879,
        "4":0.1032394793
    },
    "Further Specification":{
        "0":0.1855807744,
        "1":0.1899224806,
        "2":0.1833150384,
        "3":0.1842105263,
        "4":0.2213375796
    },
    "XOR Gateway":{
        "0":0.0517711172,
        "1":0.0668604651,
        "2":0.0666666667,
        "3":0.0676923077,
        "4":0.0424242424
    },
    "Condition Specification":{
        "0":0.1769547325,
        "1":0.1872340426,
        "2":0.167104112,
        "3":0.1690251572,
        "4":0.1680594243
    },
    "AND Gateway":{
        "0":0.3181818182,
        "1":0.3888888889,
        "2":0.2571428571,
        "3":0.2941176471,
        "4":0.2978723404
    },
    "All":{
        "0":0.0828537408,
        "1":0.084472708,
        "2":0.0852348307,
        "3":0.0844195519,
        "4":0.0882285452
    }
}