{
    "Actor":{
        "0":0.0193234751
    },
    "Activity":{
        "0":0.0543370431
    },
    "Activity Data":{
        "0":0.0301495061
    },
    "Further Specification":{
        "0":0.0622349595
    },
    "XOR Gateway":{
        "0":0.0190876522
    },
    "Condition Specification":{
        "0":0.0554016004
    },
    "AND Gateway":{
        "0":0.0991057689
    },
    "All":{
        "0":0.0266865819
    }
}