{
    "Actor":{
        "0":0.0193279434,
        "1":0.0208599404,
        "2":0.0200776335,
        "3":0.0222736477,
        "4":0.0203014457
    },
    "Activity":{
        "0":0.0556750299,
        "1":0.055570187,
        "2":0.0590510572,
        "3":0.0602440924,
        "4":0.0584201865
    },
    "Activity Data":{
        "0":0.0304437993,
        "1":0.0318214414,
        "2":0.031956912,
        "3":0.0324521422,
        "4":0.0342050313
    },
    "Further Specification":{
        "0":0.0620121422,
        "1":0.0642518327,
        "2":0.0642750374,
        "3":0.0625737898,
        "4":0.0755124056
    },
    "XOR Gateway":{
        "0":0.0162393162,
        "1":0.0228571429,
        "2":0.0230769231,
        "3":0.0241090147,
        "4":0.0148075025
    },
    "Condition Specification":{
        "0":0.0572618428,
        "1":0.0618521078,
        "2":0.0582041533,
        "3":0.0587121212,
        "4":0.0584923366
    },
    "AND Gateway":{
        "0":0.1071428571,
        "1":0.1308411215,
        "2":0.0865384615,
        "3":0.0970873786,
        "4":0.1041666667
    },
    "All":{
        "0":0.0267602961,
        "1":0.0283397956,
        "2":0.0284243811,
        "3":0.028971029,
        "4":0.0295309128
    }
}