{
    "Actor":{
        "0":0.0227104052,
        "1":0.0243377483,
        "2":0.0232162204,
        "3":0.0257181029,
        "4":0.0234833659
    },
    "Activity":{
        "0":0.0652661064,
        "1":0.0655483069,
        "2":0.0685834082,
        "3":0.0697534576,
        "4":0.067192429
    },
    "Activity Data":{
        "0":0.0357595245,
        "1":0.0372190277,
        "2":0.0370408906,
        "3":0.0374855217,
        "4":0.0392112162
    },
    "Further Specification":{
        "0":0.0708622398,
        "1":0.0731827112,
        "2":0.0730981725,
        "3":0.0719131615,
        "4":0.0866336634
    },
    "XOR Gateway":{
        "0":0.0190954774,
        "1":0.0273972603,
        "2":0.0267558528,
        "3":0.0284301607,
        "4":0.0167785235
    },
    "Condition Specification":{
        "0":0.0678384212,
        "1":0.0759439966,
        "2":0.0682675815,
        "3":0.0693069307,
        "4":0.0655220743
    },
    "AND Gateway":{
        "0":0.1260504202,
        "1":0.1627906977,
        "2":0.0989010989,
        "3":0.1162790698,
        "4":0.1229508197
    },
    "All":{
        "0":0.0313972908,
        "1":0.0332933537,
        "2":0.0329216504,
        "3":0.033575535,
        "4":0.0338394794
    }
}