{
    "Actor":{
        "0":0.0664989216,
        "1":0.0710375034,
        "2":0.0677792041,
        "3":0.0704900082,
        "4":0.0691003911
    },
    "Activity":{
        "0":0.0793493354,
        "1":0.082058106,
        "2":0.0815275692,
        "3":0.081168134,
        "4":0.0822770224
    },
    "Activity Data":{
        "0":0.0735540654,
        "1":0.0771765788,
        "2":0.0726590613,
        "3":0.0738162625,
        "4":0.0775630252
    },
    "Further Specification":{
        "0":0.0837176304,
        "1":0.0881621045,
        "2":0.0849141825,
        "3":0.0889715832,
        "4":0.0911141182
    },
    "XOR Gateway":{
        "0":0.0730593607,
        "1":0.0753205128,
        "2":0.0819672131,
        "3":0.0814393939,
        "4":0.0752688172
    },
    "Condition Specification":{
        "0":0.0859796932,
        "1":0.0891948518,
        "2":0.0854197349,
        "3":0.0876010782,
        "4":0.0866684336
    },
    "AND Gateway":{
        "0":0.0952380952,
        "1":0.0980392157,
        "2":0.0909090909,
        "3":0.0987654321,
        "4":0.0973451327
    },
    "All":{
        "0":0.0731619079,
        "1":0.077402892,
        "2":0.073763172,
        "3":0.075666354,
        "4":0.0764688119
    }
}