{
    "Actor":{
        "0":0.1124620061,
        "1":0.1210072278,
        "2":0.1177520071,
        "3":0.1203552232,
        "4":0.1183035714
    },
    "Activity":{
        "0":0.1332001332,
        "1":0.1400454201,
        "2":0.1407928863,
        "3":0.1389705882,
        "4":0.139453125
    },
    "Activity Data":{
        "0":0.1245269631,
        "1":0.131324987,
        "2":0.1252144082,
        "3":0.1254387105,
        "4":0.1323487238
    },
    "Further Specification":{
        "0":0.1402257873,
        "1":0.1559748428,
        "2":0.1487341772,
        "3":0.1506300115,
        "4":0.1491875923
    },
    "XOR Gateway":{
        "0":0.1224489796,
        "1":0.127027027,
        "2":0.1432664756,
        "3":0.1347962382,
        "4":0.1231671554
    },
    "Condition Specification":{
        "0":0.1461086637,
        "1":0.1502773575,
        "2":0.1471458774,
        "3":0.1487981686,
        "4":0.1461779169
    },
    "AND Gateway":{
        "0":0.1558441558,
        "1":0.1666666667,
        "2":0.1590909091,
        "3":0.1666666667,
        "4":0.1594202899
    },
    "All":{
        "0":0.1236013164,
        "1":0.1320825718,
        "2":0.1276266996,
        "3":0.128744981,
        "4":0.1297318836
    }
}