{
    "Actor":{
        "0":0.10554371,
        "1":0.1123729827,
        "2":0.1055191768,
        "3":0.11079603,
        "4":0.1080965606
    },
    "Activity":{
        "0":0.1193942924,
        "1":0.1217391304,
        "2":0.1219358894,
        "3":0.1231792274,
        "4":0.1228899392
    },
    "Activity Data":{
        "0":0.1177620076,
        "1":0.122278057,
        "2":0.115302571,
        "3":0.11817976,
        "4":0.1226834692
    },
    "Further Specification":{
        "0":0.1466307278,
        "1":0.1467889908,
        "2":0.1459246275,
        "3":0.1547972305,
        "4":0.1514754098
    },
    "XOR Gateway":{
        "0":0.1073825503,
        "1":0.1142191142,
        "2":0.1265206813,
        "3":0.1253481894,
        "4":0.1125319693
    },
    "Condition Specification":{
        "0":0.1443594646,
        "1":0.1477960242,
        "2":0.1478387214,
        "3":0.1452459016,
        "4":0.1414486159
    },
    "AND Gateway":{
        "0":0.2,
        "1":0.2253521127,
        "2":0.2,
        "3":0.1964285714,
        "4":0.2125
    },
    "All":{
        "0":0.1175817397,
        "1":0.1229924502,
        "2":0.1181421718,
        "3":0.1214757316,
        "4":0.1209131075
    }
}