{
    "Actor":{
        "0":0.167612025,
        "1":0.1786058465,
        "2":0.1649362207,
        "3":0.176092545,
        "4":0.1759162304
    },
    "Activity":{
        "0":0.1897674419,
        "1":0.1978021978,
        "2":0.1951710262,
        "3":0.1952692501,
        "4":0.1994520548
    },
    "Activity Data":{
        "0":0.1867240523,
        "1":0.1970816069,
        "2":0.1817375887,
        "3":0.1894104803,
        "4":0.1981511254
    },
    "Further Specification":{
        "0":0.2205513784,
        "1":0.2575068244,
        "2":0.2273042273,
        "3":0.2510024058,
        "4":0.2319277108
    },
    "XOR Gateway":{
        "0":0.1696113074,
        "1":0.1856060606,
        "2":0.2055335968,
        "3":0.2064220183,
        "4":0.1904761905
    },
    "Condition Specification":{
        "0":0.2286723877,
        "1":0.2372644801,
        "2":0.2364904126,
        "3":0.2340425532,
        "4":0.2235079172
    },
    "AND Gateway":{
        "0":0.2727272727,
        "1":0.2888888889,
        "2":0.25,
        "3":0.2352941176,
        "4":0.3863636364
    },
    "All":{
        "0":0.1855839296,
        "1":0.1989415623,
        "2":0.1861672667,
        "3":0.1942178331,
        "4":0.1947690595
    }
}