{
    "Actor":{
        "0":0.1032174683
    },
    "Activity":{
        "0":0.1160519943
    },
    "Activity Data":{
        "0":0.113425767
    },
    "Further Specification":{
        "0":0.1404954222
    },
    "XOR Gateway":{
        "0":0.1105940864
    },
    "Condition Specification":{
        "0":0.1398638475
    },
    "AND Gateway":{
        "0":0.2018426121
    },
    "All":{
        "0":0.1144267651
    }
}