{
    "Actor":{
        "0":0.5679264556,
        "1":0.5853658537,
        "2":0.5757906216,
        "3":0.5997693195,
        "4":0.5830346476
    },
    "Activity":{
        "0":0.6493506494,
        "1":0.6374570447,
        "2":0.7142857143,
        "3":0.6872727273,
        "4":0.6685393258
    },
    "Activity Data":{
        "0":0.6152086907,
        "1":0.6160287081,
        "2":0.5945102932,
        "3":0.6438992042,
        "4":0.6695402299
    },
    "Further Specification":{
        "0":0.8581818182,
        "1":0.7360703812,
        "2":0.7403598972,
        "3":0.6749379653,
        "4":0.71875
    },
    "XOR Gateway":{
        "0":0.5925925926,
        "1":0.6351351351,
        "2":0.7027027027,
        "3":0.6417910448,
        "4":0.6176470588
    },
    "Condition Specification":{
        "0":0.6993127148,
        "1":0.6816143498,
        "2":0.7058823529,
        "3":0.7749510763,
        "4":0.7121848739
    },
    "AND Gateway":{
        "0":0.6,
        "1":0.6666666667,
        "2":1.0,
        "3":0.8888888889,
        "4":0.7857142857
    },
    "All":{
        "0":0.6187819619,
        "1":0.6197916667,
        "2":0.6205357143,
        "3":0.645210728,
        "4":0.6417290108
    }
}