{
    "Actor":{
        "0":0.0804923507
    },
    "Activity":{
        "0":0.090327025
    },
    "Activity Data":{
        "0":0.0883583908
    },
    "Further Specification":{
        "0":0.1123215826
    },
    "XOR Gateway":{
        "0":0.0868819984
    },
    "Condition Specification":{
        "0":0.1081107539
    },
    "AND Gateway":{
        "0":0.1543872091
    },
    "All":{
        "0":0.0892934311
    }
}