{
    "Actor":{
        "0":0.1883371275
    },
    "Activity":{
        "0":0.222246037
    },
    "Activity Data":{
        "0":0.2048241414
    },
    "Further Specification":{
        "0":0.2420381118
    },
    "XOR Gateway":{
        "0":0.2090022512
    },
    "Condition Specification":{
        "0":0.2342151369
    },
    "AND Gateway":{
        "0":0.2597465887
    },
    "All":{
        "0":0.2055616211
    }
}