{
    "Actor":{
        "0":0.3419418298
    },
    "Activity":{
        "0":0.391756173
    },
    "Activity Data":{
        "0":0.3752069337
    },
    "Further Specification":{
        "0":0.4472529521
    },
    "XOR Gateway":{
        "0":0.3707193547
    },
    "Condition Specification":{
        "0":0.4499350948
    },
    "AND Gateway":{
        "0":0.6169006211
    },
    "All":{
        "0":0.3766674822
    }
}