{
    "Actor":{
        "0":0.108027637
    },
    "Activity":{
        "0":0.1268580949
    },
    "Activity Data":{
        "0":0.1171969142
    },
    "Further Specification":{
        "0":0.138348712
    },
    "XOR Gateway":{
        "0":0.1197730678
    },
    "Condition Specification":{
        "0":0.13471394
    },
    "AND Gateway":{
        "0":0.1461868439
    },
    "All":{
        "0":0.1176754627
    }
}