{
    "Actor":{
        "0":0.4224669558
    },
    "Activity":{
        "0":0.4937222622
    },
    "Activity Data":{
        "0":0.4628102553
    },
    "Further Specification":{
        "0":0.5299186115
    },
    "XOR Gateway":{
        "0":0.4718169848
    },
    "Condition Specification":{
        "0":0.5692758585
    },
    "AND Gateway":{
        "0":0.732640665
    },
    "All":{
        "0":0.4660813817
    }
}