{
    "Actor":{
        "0":0.0711771843
    },
    "Activity":{
        "0":0.083568482
    },
    "Activity Data":{
        "0":0.0772596774
    },
    "Further Specification":{
        "0":0.090416279
    },
    "XOR Gateway":{
        "0":0.0791177091
    },
    "Condition Specification":{
        "0":0.0887441563
    },
    "AND Gateway":{
        "0":0.0979707901
    },
    "All":{
        "0":0.0775219755
    }
}