{
    "Actor":{
        "0":0.0945807771,
        "1":0.0988759764,
        "2":0.0933191941,
        "3":0.0985834609,
        "4":0.0960531615
    },
    "Activity":{
        "0":0.1120448179,
        "1":0.1149425287,
        "2":0.1138065289,
        "3":0.1136500301,
        "4":0.1126182965
    },
    "Activity Data":{
        "0":0.104516129,
        "1":0.107505071,
        "2":0.1003701745,
        "3":0.1037745994,
        "4":0.1069153249
    },
    "Further Specification":{
        "0":0.1169474727,
        "1":0.1218074656,
        "2":0.1198470038,
        "3":0.118950701,
        "4":0.125
    },
    "XOR Gateway":{
        "0":0.1014799154,
        "1":0.1056179775,
        "2":0.1128668172,
        "3":0.1134564644,
        "4":0.1004784689
    },
    "Condition Specification":{
        "0":0.1227258711,
        "1":0.1268085106,
        "2":0.1196698762,
        "3":0.1248399488,
        "4":0.1148981026
    },
    "AND Gateway":{
        "0":0.1348314607,
        "1":0.1408450704,
        "2":0.1296296296,
        "3":0.1428571429,
        "4":0.1294117647
    },
    "All":{
        "0":0.1037653931,
        "1":0.1080617496,
        "2":0.102354399,
        "3":0.1058893264,
        "4":0.1048587467
    }
}