{
    "Actor":{
        "0":0.0954709911
    },
    "Activity":{
        "0":0.1074336703
    },
    "Activity Data":{
        "0":0.104898553
    },
    "Further Specification":{
        "0":0.1323286758
    },
    "XOR Gateway":{
        "0":0.1030699906
    },
    "Condition Specification":{
        "0":0.1287880726
    },
    "AND Gateway":{
        "0":0.183434059
    },
    "All":{
        "0":0.1059895583
    }
}