{
    "Actor":{
        "0":0.3268167747
    },
    "Activity":{
        "0":0.3880495142
    },
    "Activity Data":{
        "0":0.3551622024
    },
    "Further Specification":{
        "0":0.4114043763
    },
    "XOR Gateway":{
        "0":0.3615000434
    },
    "Condition Specification":{
        "0":0.4131077523
    },
    "AND Gateway":{
        "0":0.4749565217
    },
    "All":{
        "0":0.3568235528
    }
}