{
    "Actor":{
        "0":0.0762439829
    },
    "Activity":{
        "0":0.0855124307
    },
    "Activity Data":{
        "0":0.0837498449
    },
    "Further Specification":{
        "0":0.1059824719
    },
    "XOR Gateway":{
        "0":0.0819302719
    },
    "Condition Specification":{
        "0":0.1019119255
    },
    "AND Gateway":{
        "0":0.1458622945
    },
    "All":{
        "0":0.0845227021
    }
}