{
    "Actor":{
        "0":0.0997304582,
        "1":0.1050607287,
        "2":0.1013824885,
        "3":0.1052524014,
        "4":0.102338554
    },
    "Activity":{
        "0":0.118694362,
        "1":0.1219914276,
        "2":0.1224621334,
        "3":0.1208053691,
        "4":0.1215940054
    },
    "Activity Data":{
        "0":0.1102386935,
        "1":0.1145880746,
        "2":0.1086060883,
        "3":0.110487749,
        "4":0.1147011309
    },
    "Further Specification":{
        "0":0.1279826464,
        "1":0.1341991342,
        "2":0.1312849162,
        "3":0.1307807061,
        "4":0.1348464619
    },
    "XOR Gateway":{
        "0":0.1095890411,
        "1":0.1111111111,
        "2":0.1228501229,
        "3":0.1194444444,
        "4":0.109375
    },
    "Condition Specification":{
        "0":0.1294729993,
        "1":0.1326212728,
        "2":0.1275659824,
        "3":0.1297836938,
        "4":0.1267933307
    },
    "AND Gateway":{
        "0":0.1428571429,
        "1":0.1428571429,
        "2":0.137254902,
        "3":0.1428571429,
        "4":0.1428571429
    },
    "All":{
        "0":0.1098758724,
        "1":0.1150873577,
        "2":0.1107090202,
        "3":0.1127185866,
        "4":0.1129224061
    }
}