{
    "Actor":{
        "0":0.3103078511
    },
    "Activity":{
        "0":0.3509433616
    },
    "Activity Data":{
        "0":0.3389329291
    },
    "Further Specification":{
        "0":0.4086140409
    },
    "XOR Gateway":{
        "0":0.3417932281
    },
    "Condition Specification":{
        "0":0.4068813158
    },
    "AND Gateway":{
        "0":0.600216574
    },
    "All":{
        "0":0.3408913604
    }
}