{
    "Actor":{
        "0":0.0930268918,
        "1":0.0987394958,
        "2":0.0930846674,
        "3":0.0973106865,
        "4":0.0951932139
    },
    "Activity":{
        "0":0.1059979317,
        "1":0.1072340426,
        "2":0.107628294,
        "3":0.1082962138,
        "4":0.1080118694
    },
    "Activity Data":{
        "0":0.1043319653,
        "1":0.1075881025,
        "2":0.1018573404,
        "3":0.1028509206,
        "4":0.1078644362
    },
    "Further Specification":{
        "0":0.1293062765,
        "1":0.1362141851,
        "2":0.1297830375,
        "3":0.1345657782,
        "4":0.1317741015
    },
    "XOR Gateway":{
        "0":0.096,
        "1":0.1,
        "2":0.1094736842,
        "3":0.1089588378,
        "4":0.1009174312
    },
    "Condition Specification":{
        "0":0.1288762447,
        "1":0.1305334847,
        "2":0.1292063492,
        "3":0.1299882629,
        "4":0.1253360215
    },
    "AND Gateway":{
        "0":0.1875,
        "1":0.1951219512,
        "2":0.1694915254,
        "3":0.171875,
        "4":0.1931818182
    },
    "All":{
        "0":0.104191704,
        "1":0.1087693798,
        "2":0.1040953663,
        "3":0.1064678953,
        "4":0.106423446
    }
}