{
    "Actor":{
        "0":0.142427229
    },
    "Activity":{
        "0":0.167952189
    },
    "Activity Data":{
        "0":0.1547330303
    },
    "Further Specification":{
        "0":0.1800906517
    },
    "XOR Gateway":{
        "0":0.1584055809
    },
    "Condition Specification":{
        "0":0.1791672731
    },
    "AND Gateway":{
        "0":0.1980952381
    },
    "All":{
        "0":0.1553462261
    }
}