{
    "Actor":{
        "0":0.3632614008
    },
    "Activity":{
        "0":0.4165254719
    },
    "Activity Data":{
        "0":0.396004841
    },
    "Further Specification":{
        "0":0.4880600225
    },
    "XOR Gateway":{
        "0":0.4061999139
    },
    "Condition Specification":{
        "0":0.4788364443
    },
    "AND Gateway":{
        "0":0.5486111111
    },
    "All":{
        "0":0.4002413177
    }
}