{
    "Actor":{
        "0":0.2689033277
    },
    "Activity":{
        "0":0.3181075455
    },
    "Activity Data":{
        "0":0.2940387331
    },
    "Further Specification":{
        "0":0.3434922117
    },
    "XOR Gateway":{
        "0":0.2977607243
    },
    "Condition Specification":{
        "0":0.3342413927
    },
    "AND Gateway":{
        "0":0.3687223948
    },
    "All":{
        "0":0.2940001843
    }
}