{
    "Actor":{
        "0":0.1102941176,
        "1":0.1164460399,
        "2":0.1118881119,
        "3":0.1189101824,
        "4":0.1131404175
    },
    "Activity":{
        "0":0.1328462305,
        "1":0.1353328456,
        "2":0.1357142857,
        "3":0.136167147,
        "4":0.1338582677
    },
    "Activity Data":{
        "0":0.1225558659,
        "1":0.1273233026,
        "2":0.119191158,
        "3":0.1236703832,
        "4":0.1271525003
    },
    "Further Specification":{
        "0":0.1454993835,
        "1":0.1501210654,
        "2":0.1408591409,
        "3":0.1463550362,
        "4":0.1468023256
    },
    "XOR Gateway":{
        "0":0.1191066998,
        "1":0.1211340206,
        "2":0.1373626374,
        "3":0.1352201258,
        "4":0.1173184358
    },
    "Condition Specification":{
        "0":0.1438380918,
        "1":0.1452241715,
        "2":0.145,
        "3":0.1456854688,
        "4":0.1396242528
    },
    "AND Gateway":{
        "0":0.1558441558,
        "1":0.15625,
        "2":0.1590909091,
        "3":0.1632653061,
        "4":0.1447368421
    },
    "All":{
        "0":0.1222563244,
        "1":0.1275965933,
        "2":0.1221231088,
        "3":0.1266264999,
        "4":0.1245763638
    }
}