{
    "Actor":{
        "0":0.1836544438,
        "1":0.192574601,
        "2":0.1832734401,
        "3":0.1923897582,
        "4":0.188411215
    },
    "Activity":{
        "0":0.2111512648,
        "1":0.2105263158,
        "2":0.2134213421,
        "3":0.2138504155,
        "4":0.2164090369
    },
    "Activity Data":{
        "0":0.2043399638,
        "1":0.2100694444,
        "2":0.2010933229,
        "3":0.2046493145,
        "4":0.2146733232
    },
    "Further Specification":{
        "0":0.2530922931,
        "1":0.2624179944,
        "2":0.2442120986,
        "3":0.2675324675,
        "4":0.2704918033
    },
    "XOR Gateway":{
        "0":0.1912350598,
        "1":0.185770751,
        "2":0.218487395,
        "3":0.2205882353,
        "4":0.1990950226
    },
    "Condition Specification":{
        "0":0.2451035255,
        "1":0.2514925373,
        "2":0.2539582014,
        "3":0.2505787037,
        "4":0.2510204082
    },
    "AND Gateway":{
        "0":0.375,
        "1":0.2222222222,
        "2":0.3571428571,
        "3":0.34375,
        "4":0.3043478261
    },
    "All":{
        "0":0.2040225727,
        "1":0.2111969419,
        "2":0.2047023132,
        "3":0.2106664578,
        "4":0.2121159671
    }
}