{
    "Actor":{
        "0":0.1111068062
    },
    "Activity":{
        "0":0.1251051599
    },
    "Activity Data":{
        "0":0.1225826153
    },
    "Further Specification":{
        "0":0.1540395289
    },
    "XOR Gateway":{
        "0":0.1189506182
    },
    "Condition Specification":{
        "0":0.1498952669
    },
    "AND Gateway":{
        "0":0.2128293135
    },
    "All":{
        "0":0.1235425042
    }
}