{
    "Actor":{
        "0":0.1453701441,
        "1":0.1529475686,
        "2":0.1477213201,
        "3":0.1533071749,
        "4":0.1495243757
    },
    "Activity":{
        "0":0.1652559452,
        "1":0.1680746999,
        "2":0.1688424717,
        "3":0.1700174825,
        "4":0.1711330512
    },
    "Activity Data":{
        "0":0.1626178908,
        "1":0.1681769313,
        "2":0.1592713685,
        "3":0.1624318005,
        "4":0.1705386336
    },
    "Further Specification":{
        "0":0.2051476154,
        "1":0.2033660589,
        "2":0.2067881835,
        "3":0.2129692833,
        "4":0.2115027829
    },
    "XOR Gateway":{
        "0":0.1518987342,
        "1":0.1565495208,
        "2":0.1727574751,
        "3":0.1744186047,
        "4":0.1588447653
    },
    "Condition Specification":{
        "0":0.1992084433,
        "1":0.2104942038,
        "2":0.1983308787,
        "3":0.2006383949,
        "4":0.2006455083
    },
    "AND Gateway":{
        "0":0.2950819672,
        "1":0.32,
        "2":0.2564102564,
        "3":0.275,
        "4":0.2931034483
    },
    "All":{
        "0":0.1625626995,
        "1":0.1696389186,
        "2":0.1633246501,
        "3":0.1674369877,
        "4":0.1684506656
    }
}