{
    "Actor":{
        "0":0.083836858,
        "1":0.0879213959,
        "2":0.0835046655,
        "3":0.0863659232,
        "4":0.0841715193
    },
    "Activity":{
        "0":0.0987898246,
        "1":0.101369863,
        "2":0.1007156109,
        "3":0.0991865652,
        "4":0.1000280191
    },
    "Activity Data":{
        "0":0.0923360224,
        "1":0.095323741,
        "2":0.0896382356,
        "3":0.0905253283,
        "4":0.0947346813
    },
    "Further Specification":{
        "0":0.1090069284,
        "1":0.1079199304,
        "2":0.1062547099,
        "3":0.1044479746,
        "4":0.110442865
    },
    "XOR Gateway":{
        "0":0.0903954802,
        "1":0.0919765166,
        "2":0.1008064516,
        "3":0.0983981693,
        "4":0.0886075949
    },
    "Condition Specification":{
        "0":0.1063602352,
        "1":0.1105341246,
        "2":0.1068796069,
        "3":0.1076455976,
        "4":0.1021555764
    },
    "AND Gateway":{
        "0":0.1121495327,
        "1":0.119047619,
        "2":0.1166666667,
        "3":0.1142857143,
        "4":0.112244898
    },
    "All":{
        "0":0.0918652596,
        "1":0.0955807983,
        "2":0.0912740801,
        "3":0.0923491618,
        "4":0.0927138847
    }
}