{
    "Actor":{
        "0":0.0804115338,
        "1":0.0854545455,
        "2":0.080034057,
        "3":0.0843391902,
        "4":0.0823011734
    },
    "Activity":{
        "0":0.0913750836,
        "1":0.0924205379,
        "2":0.0927785748,
        "3":0.0929732314,
        "4":0.0932138284
    },
    "Activity Data":{
        "0":0.0902783253,
        "1":0.0928227238,
        "2":0.0871734168,
        "3":0.0895599211,
        "4":0.0938825525
    },
    "Further Specification":{
        "0":0.1139554088,
        "1":0.1175516822,
        "2":0.1115632418,
        "3":0.1148134734,
        "4":0.1142433234
    },
    "XOR Gateway":{
        "0":0.0829015544,
        "1":0.0858143608,
        "2":0.095412844,
        "3":0.0943396226,
        "4":0.088
    },
    "Condition Specification":{
        "0":0.10997815,
        "1":0.1132261241,
        "2":0.1127736215,
        "3":0.111530715,
        "4":0.1098027671
    },
    "AND Gateway":{
        "0":0.1607142857,
        "1":0.1616161616,
        "2":0.1449275362,
        "3":0.1466666667,
        "4":0.1683168317
    },
    "All":{
        "0":0.0900626003,
        "1":0.093927464,
        "2":0.0895527326,
        "3":0.0920764383,
        "4":0.0924259468
    }
}