{
    "Actor":{
        "0":0.1366559486,
        "1":0.1484912652,
        "2":0.1360347323,
        "3":0.142118863,
        "4":0.1394642364
    },
    "Activity":{
        "0":0.1564651875,
        "1":0.162440911,
        "2":0.1585615039,
        "3":0.1557707829,
        "4":0.1575075725
    },
    "Activity Data":{
        "0":0.1535560345,
        "1":0.1622021607,
        "2":0.147599885,
        "3":0.152050197,
        "4":0.1575190355
    },
    "Further Specification":{
        "0":0.1879286694,
        "1":0.2060117302,
        "2":0.1913294798,
        "3":0.187987988,
        "4":0.2022767075
    },
    "XOR Gateway":{
        "0":0.1428571429,
        "1":0.1540880503,
        "2":0.1609907121,
        "3":0.1530612245,
        "4":0.1386138614
    },
    "Condition Specification":{
        "0":0.1908171862,
        "1":0.198265896,
        "2":0.1895823557,
        "3":0.1841774801,
        "4":0.1809801067
    },
    "AND Gateway":{
        "0":0.2903225806,
        "1":0.3076923077,
        "2":0.2380952381,
        "3":0.2340425532,
        "4":0.265625
    },
    "All":{
        "0":0.1533669853,
        "1":0.164216587,
        "2":0.1521066547,
        "3":0.1544669243,
        "4":0.1556370998
    }
}