{
    "Actor":{
        "0":0.1155882549
    },
    "Activity":{
        "0":0.1298106598
    },
    "Activity Data":{
        "0":0.1268953211
    },
    "Further Specification":{
        "0":0.1606176442
    },
    "XOR Gateway":{
        "0":0.1240443137
    },
    "Condition Specification":{
        "0":0.154569883
    },
    "AND Gateway":{
        "0":0.2177009553
    },
    "All":{
        "0":0.1280665969
    }
}