{
    "Actor":{
        "0":0.0942115091,
        "1":0.0997693195,
        "2":0.0957910015,
        "3":0.0991337825,
        "4":0.0966957227
    },
    "Activity":{
        "0":0.1120762118,
        "1":0.1157335002,
        "2":0.1156421181,
        "3":0.1146496815,
        "4":0.1136580707
    },
    "Activity Data":{
        "0":0.1038666404,
        "1":0.1081052067,
        "2":0.1027056277,
        "3":0.1038304282,
        "4":0.1079532164
    },
    "Further Specification":{
        "0":0.1225974026,
        "1":0.1282979824,
        "2":0.1269126913,
        "3":0.1195998181,
        "4":0.128580522
    },
    "XOR Gateway":{
        "0":0.1030042918,
        "1":0.1077981651,
        "2":0.1160092807,
        "3":0.1134564644,
        "4":0.1004784689
    },
    "Condition Specification":{
        "0":0.1210462287,
        "1":0.1269706008,
        "2":0.1222768798,
        "3":0.1244416082,
        "4":0.1157112527
    },
    "AND Gateway":{
        "0":0.1290322581,
        "1":0.1408450704,
        "2":0.1296296296,
        "3":0.1403508772,
        "4":0.125
    },
    "All":{
        "0":0.1036263303,
        "1":0.1091951469,
        "2":0.1050400576,
        "3":0.1061770325,
        "4":0.1058670507
    }
}