{
    "Actor":{
        "0":0.263681592,
        "1":0.289556962,
        "2":0.2828746177,
        "3":0.2805194805,
        "4":0.2740331492
    },
    "Activity":{
        "0":0.3050338092,
        "1":0.3201716738,
        "2":0.3271500843,
        "3":0.309352518,
        "4":0.3181019332
    },
    "Activity Data":{
        "0":0.298372031,
        "1":0.3093777388,
        "2":0.2975478469,
        "3":0.2991803279,
        "4":0.3148207943
    },
    "Further Specification":{
        "0":0.3659217877,
        "1":0.4364207221,
        "2":0.3771084337,
        "3":0.355971897,
        "4":0.3494363929
    },
    "XOR Gateway":{
        "0":0.2696629213,
        "1":0.3024691358,
        "2":0.3421052632,
        "3":0.2986111111,
        "4":0.2781456954
    },
    "Condition Specification":{
        "0":0.3739352641,
        "1":0.3902728351,
        "2":0.3539170507,
        "3":0.3620102215,
        "4":0.3790238837
    },
    "AND Gateway":{
        "0":0.5142857143,
        "1":0.5333333333,
        "2":0.5555555556,
        "3":0.347826087,
        "4":0.53125
    },
    "All":{
        "0":0.2977001704,
        "1":0.3198871996,
        "2":0.3062842486,
        "3":0.3031751451,
        "4":0.3086277522
    }
}