{
    "Actor":{
        "0":0.5004508566,
        "1":0.5492063492,
        "2":0.5387755102,
        "3":0.5029296875,
        "4":0.5514450867
    },
    "Activity":{
        "0":0.5788712012,
        "1":0.6292517007,
        "2":0.625,
        "3":0.5779816514,
        "4":0.6252189142
    },
    "Activity Data":{
        "0":0.5568482285,
        "1":0.5923529412,
        "2":0.5648809524,
        "3":0.5382041272,
        "4":0.5947164948
    },
    "Further Specification":{
        "0":0.5412844037,
        "1":0.72303207,
        "2":0.6928746929,
        "3":0.5990888383,
        "4":0.7087719298
    },
    "XOR Gateway":{
        "0":0.5161290323,
        "1":0.5164835165,
        "2":0.5617977528,
        "3":0.5810810811,
        "4":0.5526315789
    },
    "Condition Specification":{
        "0":0.6644407346,
        "1":0.7129186603,
        "2":0.6083916084,
        "3":0.6794425087,
        "4":0.6399217221
    },
    "AND Gateway":{
        "0":0.5714285714,
        "1":0.6666666667,
        "2":0.6363636364,
        "3":0.5333333333,
        "4":0.6875
    },
    "All":{
        "0":0.5431818182,
        "1":0.5992682927,
        "2":0.5700483092,
        "3":0.5469057511,
        "4":0.5879772962
    }
}