{
    "Actor":{
        "0":0.2930843492
    },
    "Activity":{
        "0":0.3336607866
    },
    "Activity Data":{
        "0":0.3185434107
    },
    "Further Specification":{
        "0":0.4081822413
    },
    "XOR Gateway":{
        "0":0.2995155306
    },
    "Condition Specification":{
        "0":0.3899155598
    },
    "AND Gateway":{
        "0":0.5369773937
    },
    "All":{
        "0":0.3234117879
    }
}