{
    "Actor":{
        "0":0.1027529262
    },
    "Activity":{
        "0":0.1211094595
    },
    "Activity Data":{
        "0":0.1117243473
    },
    "Further Specification":{
        "0":0.131818773
    },
    "XOR Gateway":{
        "0":0.1144739439
    },
    "Condition Specification":{
        "0":0.1292474558
    },
    "AND Gateway":{
        "0":0.1417366947
    },
    "All":{
        "0":0.1122626486
    }
}