{
    "Actor":{
        "0":0.2775,
        "1":0.3008695652,
        "2":0.2902693788,
        "3":0.2987238979,
        "4":0.3103448276
    },
    "Activity":{
        "0":0.32546786,
        "1":0.3527168732,
        "2":0.3470319635,
        "3":0.3436363636,
        "4":0.3595166163
    },
    "Activity Data":{
        "0":0.3067288086,
        "1":0.322859891,
        "2":0.3099281515,
        "3":0.3251347709,
        "4":0.3446601942
    },
    "Further Specification":{
        "0":0.3435225619,
        "1":0.4039087948,
        "2":0.3725231176,
        "3":0.3304020101,
        "4":0.3976377953
    },
    "XOR Gateway":{
        "0":0.2857142857,
        "1":0.3455882353,
        "2":0.3333333333,
        "3":0.3553719008,
        "4":0.3414634146
    },
    "Condition Specification":{
        "0":0.351590106,
        "1":0.3915900131,
        "2":0.3686440678,
        "3":0.3614457831,
        "4":0.3762945915
    },
    "AND Gateway":{
        "0":0.3333333333,
        "1":0.4761904762,
        "2":0.3684210526,
        "3":0.5,
        "4":0.4782608696
    },
    "All":{
        "0":0.3027058146,
        "1":0.3309090909,
        "2":0.3158297222,
        "3":0.3204766786,
        "4":0.3385826772
    }
}