{
    "Actor":{
        "0":0.0786564626,
        "1":0.0827355332,
        "2":0.07960199,
        "3":0.0825717492,
        "4":0.0811638591
    },
    "Activity":{
        "0":0.0935672515,
        "1":0.0956072351,
        "2":0.0961781827,
        "3":0.0948081264,
        "4":0.0960451977
    },
    "Activity Data":{
        "0":0.0870535714,
        "1":0.0899428367,
        "2":0.0853110392,
        "3":0.0864695341,
        "4":0.0909180457
    },
    "Further Specification":{
        "0":0.1008547009,
        "1":0.1047739755,
        "2":0.1023965142,
        "3":0.1018195896,
        "4":0.105870021
    },
    "XOR Gateway":{
        "0":0.0860215054,
        "1":0.087037037,
        "2":0.0974658869,
        "3":0.0936819172,
        "4":0.0864197531
    },
    "Condition Specification":{
        "0":0.101660281,
        "1":0.1031498789,
        "2":0.1006944444,
        "3":0.1017214397,
        "4":0.1003683241
    },
    "AND Gateway":{
        "0":0.1111111111,
        "1":0.1111111111,
        "2":0.1111111111,
        "3":0.1111111111,
        "4":0.1111111111
    },
    "All":{
        "0":0.0866284434,
        "1":0.0902479339,
        "2":0.086965677,
        "3":0.0882747423,
        "4":0.0893830647
    }
}