{
    "Actor":{
        "0":0.1592720173
    },
    "Activity":{
        "0":0.1792721027
    },
    "Activity Data":{
        "0":0.1757790849
    },
    "Further Specification":{
        "0":0.2189957781
    },
    "XOR Gateway":{
        "0":0.1727982103
    },
    "Condition Specification":{
        "0":0.2135962762
    },
    "AND Gateway":{
        "0":0.3048715988
    },
    "All":{
        "0":0.1768303577
    }
}