{
    "Actor":{
        "0":0.117845787,
        "1":0.1265425174,
        "2":0.1195168468,
        "3":0.1274532441,
        "4":0.1200189753
    },
    "Activity":{
        "0":0.1351710395,
        "1":0.1382589612,
        "2":0.1385714286,
        "3":0.140129683,
        "4":0.1364829396
    },
    "Activity Data":{
        "0":0.1331471136,
        "1":0.1387027437,
        "2":0.1294900779,
        "3":0.1336665385,
        "4":0.137208982
    },
    "Further Specification":{
        "0":0.1689272503,
        "1":0.1731234867,
        "2":0.1638361638,
        "3":0.1764051196,
        "4":0.1664244186
    },
    "XOR Gateway":{
        "0":0.1191066998,
        "1":0.1262886598,
        "2":0.1428571429,
        "3":0.141509434,
        "4":0.1229050279
    },
    "Condition Specification":{
        "0":0.1626310083,
        "1":0.168128655,
        "2":0.1683333333,
        "3":0.1654837505,
        "4":0.159265585
    },
    "AND Gateway":{
        "0":0.2337662338,
        "1":0.25,
        "2":0.2272727273,
        "3":0.2244897959,
        "4":0.2236842105
    },
    "All":{
        "0":0.1326729911,
        "1":0.1397486498,
        "2":0.1332610517,
        "3":0.1382714799,
        "4":0.1346889691
    }
}