{
    "Actor":{
        "0":0.1008317773,
        "1":0.1084198385,
        "2":0.1023222061,
        "3":0.1060635226,
        "4":0.1021690655
    },
    "Activity":{
        "0":0.1148781171,
        "1":0.1182358461,
        "2":0.118076689,
        "3":0.1179860479,
        "4":0.1158866603
    },
    "Activity Data":{
        "0":0.1125468534,
        "1":0.1177670424,
        "2":0.1114718615,
        "3":0.1121153432,
        "4":0.1164912281
    },
    "Further Specification":{
        "0":0.1423376623,
        "1":0.1474392137,
        "2":0.1489648965,
        "3":0.1432469304,
        "4":0.1470401018
    },
    "XOR Gateway":{
        "0":0.1030042918,
        "1":0.1123853211,
        "2":0.120649652,
        "3":0.1187335092,
        "4":0.1052631579
    },
    "Condition Specification":{
        "0":0.1377737226,
        "1":0.1469961653,
        "2":0.1430077301,
        "3":0.1413529036,
        "4":0.1319886766
    },
    "AND Gateway":{
        "0":0.1935483871,
        "1":0.2253521127,
        "2":0.1851851852,
        "3":0.1929824561,
        "4":0.1931818182
    },
    "All":{
        "0":0.1126527395,
        "1":0.1195502422,
        "2":0.1147895384,
        "3":0.1157715984,
        "4":0.1144609096
    }
}