{
    "Actor":{
        "0":0.0901612797
    },
    "Activity":{
        "0":0.1010386351
    },
    "Activity Data":{
        "0":0.0990043905
    },
    "Further Specification":{
        "0":0.1250674495
    },
    "XOR Gateway":{
        "0":0.096766967
    },
    "Condition Specification":{
        "0":0.1211790562
    },
    "AND Gateway":{
        "0":0.1700974158
    },
    "All":{
        "0":0.0999537492
    }
}