{
    "Actor":{
        "0":0.1574344023,
        "1":0.1702063107,
        "2":0.160022779,
        "3":0.1671207993,
        "4":0.15901172
    },
    "Activity":{
        "0":0.1784936874,
        "1":0.1847133758,
        "2":0.1838586437,
        "3":0.1832312765,
        "4":0.1842105263
    },
    "Activity Data":{
        "0":0.177258567,
        "1":0.1823539316,
        "2":0.172698199,
        "3":0.1756756757,
        "4":0.1824535589
    },
    "Further Specification":{
        "0":0.2116443745,
        "1":0.2303231152,
        "2":0.2254768392,
        "3":0.2209550962,
        "4":0.2181818182
    },
    "XOR Gateway":{
        "0":0.1589403974,
        "1":0.1713286713,
        "2":0.1933085502,
        "3":0.1829268293,
        "4":0.1692307692
    },
    "Condition Specification":{
        "0":0.2158170557,
        "1":0.2227243383,
        "2":0.2136339238,
        "3":0.2167487685,
        "4":0.2135751902
    },
    "AND Gateway":{
        "0":0.3,
        "1":0.2653061224,
        "2":0.3225806452,
        "3":0.275,
        "4":0.3148148148
    },
    "All":{
        "0":0.1756256935,
        "1":0.1852857242,
        "2":0.1772960864,
        "3":0.1804181879,
        "4":0.1794251357
    }
}