{
    "Actor":{
        "0":0.3323353293,
        "1":0.3490248823,
        "2":0.3480553724,
        "3":0.3593859037,
        "4":0.3565022422
    },
    "Activity":{
        "0":0.3937007874,
        "1":0.4052573932,
        "2":0.4226918799,
        "3":0.4122137405,
        "4":0.4224852071
    },
    "Activity Data":{
        "0":0.3710359408,
        "1":0.3774362819,
        "2":0.3779370769,
        "3":0.3750485814,
        "4":0.3993942016
    },
    "Further Specification":{
        "0":0.4252252252,
        "1":0.4592592593,
        "2":0.4447949527,
        "3":0.4534482759,
        "4":0.4686774942
    },
    "XOR Gateway":{
        "0":0.3529411765,
        "1":0.3790322581,
        "2":0.4385964912,
        "3":0.4174757282,
        "4":0.3888888889
    },
    "Condition Specification":{
        "0":0.4402654867,
        "1":0.4350364964,
        "2":0.453125,
        "3":0.4457142857,
        "4":0.4448979592
    },
    "AND Gateway":{
        "0":0.4444444444,
        "1":0.5,
        "2":0.5,
        "3":0.5,
        "4":0.5
    },
    "All":{
        "0":0.3678981248,
        "1":0.3816995495,
        "2":0.3837695524,
        "3":0.3849468986,
        "4":0.3936096718
    }
}