{
    "Actor":{
        "0":0.0905826669,
        "1":0.0950027457,
        "2":0.0921305182,
        "3":0.0946169392,
        "4":0.0937131631
    },
    "Activity":{
        "0":0.1076136669,
        "1":0.1097922849,
        "2":0.1117318436,
        "3":0.1091224018,
        "4":0.1108351444
    },
    "Activity Data":{
        "0":0.1000475059,
        "1":0.1031445252,
        "2":0.0988027069,
        "3":0.0991268618,
        "4":0.1051731996
    },
    "Further Specification":{
        "0":0.1136801541,
        "1":0.1192881193,
        "2":0.1220250974,
        "3":0.1184151283,
        "4":0.1233211233
    },
    "XOR Gateway":{
        "0":0.0983606557,
        "1":0.0993657505,
        "2":0.1133786848,
        "3":0.1075,
        "4":0.102189781
    },
    "Condition Specification":{
        "0":0.1161365626,
        "1":0.1184890656,
        "2":0.1170534813,
        "3":0.119302539,
        "4":0.1156703219
    },
    "AND Gateway":{
        "0":0.1263157895,
        "1":0.1265822785,
        "2":0.1296296296,
        "3":0.125,
        "4":0.1294117647
    },
    "All":{
        "0":0.0993762994,
        "1":0.1034874905,
        "2":0.1010768478,
        "3":0.1016832005,
        "4":0.1033653846
    }
}