{
    "Actor":{
        "0":0.0868992176
    },
    "Activity":{
        "0":0.1022473949
    },
    "Activity Data":{
        "0":0.0945464526
    },
    "Further Specification":{
        "0":0.1098728006
    },
    "XOR Gateway":{
        "0":0.0968795079
    },
    "Condition Specification":{
        "0":0.1084565622
    },
    "AND Gateway":{
        "0":0.1182493728
    },
    "All":{
        "0":0.0947239712
    }
}