{
    "Actor":{
        "0":0.1402036005
    },
    "Activity":{
        "0":0.1648311761
    },
    "Activity Data":{
        "0":0.15242971
    },
    "Further Specification":{
        "0":0.1793437645
    },
    "XOR Gateway":{
        "0":0.1572925302
    },
    "Condition Specification":{
        "0":0.1762838477
    },
    "AND Gateway":{
        "0":0.1931727327
    },
    "All":{
        "0":0.153060062
    }
}