{
    "Actor":{
        "0":0.4412770871
    },
    "Activity":{
        "0":0.5048315991
    },
    "Activity Data":{
        "0":0.4799121074
    },
    "Further Specification":{
        "0":0.5315354987
    },
    "XOR Gateway":{
        "0":0.4717541931
    },
    "Condition Specification":{
        "0":0.583792015
    },
    "AND Gateway":{
        "0":0.6252791069
    },
    "All":{
        "0":0.4801405988
    }
}