{
    "Actor":{
        "0":0.0728419386
    },
    "Activity":{
        "0":0.0818281495
    },
    "Activity Data":{
        "0":0.0800195863
    },
    "Further Specification":{
        "0":0.1012349355
    },
    "XOR Gateway":{
        "0":0.0784379231
    },
    "Condition Specification":{
        "0":0.0984318339
    },
    "AND Gateway":{
        "0":0.1389360805
    },
    "All":{
        "0":0.0808692377
    }
}