{
    "Actor":{
        "0":0.1475858636,
        "1":0.1561452514,
        "2":0.1500535906,
        "3":0.1535001406,
        "4":0.1511523496
    },
    "Activity":{
        "0":0.1687293729,
        "1":0.171118153,
        "2":0.1739910314,
        "3":0.1713656388,
        "4":0.1727099237
    },
    "Activity Data":{
        "0":0.1653600465,
        "1":0.1713970356,
        "2":0.1638662186,
        "3":0.1616729089,
        "4":0.1721694036
    },
    "Further Specification":{
        "0":0.2068441065,
        "1":0.2011251758,
        "2":0.208936438,
        "3":0.2097759674,
        "4":0.2179245283
    },
    "XOR Gateway":{
        "0":0.1486068111,
        "1":0.1580645161,
        "2":0.1805555556,
        "3":0.1737451737,
        "4":0.1594202899
    },
    "Condition Specification":{
        "0":0.2046279492,
        "1":0.2066869301,
        "2":0.2026409345,
        "3":0.2045454545,
        "4":0.201295197
    },
    "AND Gateway":{
        "0":0.2857142857,
        "1":0.32,
        "2":0.2857142857,
        "3":0.275,
        "4":0.3090909091
    },
    "All":{
        "0":0.1653031622,
        "1":0.1717444402,
        "2":0.1673502361,
        "3":0.1676050238,
        "4":0.1702613024
    }
}