{
    "Actor":{
        "0":0.5823773796
    },
    "Activity":{
        "0":0.6713810923
    },
    "Activity Data":{
        "0":0.6278374252
    },
    "Further Specification":{
        "0":0.7456600124
    },
    "XOR Gateway":{
        "0":0.6379737068
    },
    "Condition Specification":{
        "0":0.7147890736
    },
    "AND Gateway":{
        "0":0.7882539683
    },
    "All":{
        "0":0.6292098163
    }
}