{
    "Actor":{
        "0":0.2019720536
    },
    "Activity":{
        "0":0.2290847092
    },
    "Activity Data":{
        "0":0.2227620026
    },
    "Further Specification":{
        "0":0.2802606846
    },
    "XOR Gateway":{
        "0":0.2134529227
    },
    "Condition Specification":{
        "0":0.2663010952
    },
    "AND Gateway":{
        "0":0.3446723076
    },
    "All":{
        "0":0.2239480099
    }
}