{
    "Actor":{
        "0":0.0748959778,
        "1":0.0804106074,
        "2":0.0757250269,
        "3":0.0792306588,
        "4":0.0770636613
    },
    "Activity":{
        "0":0.0855949896,
        "1":0.0874392783,
        "2":0.0874267688,
        "3":0.0872980251,
        "4":0.0877108434
    },
    "Activity Data":{
        "0":0.0843480186,
        "1":0.0877417293,
        "2":0.0825130052,
        "3":0.0836605497,
        "4":0.0880091897
    },
    "Further Specification":{
        "0":0.1048201989,
        "1":0.1100151745,
        "2":0.1077123332,
        "3":0.1096506399,
        "4":0.1081967213
    },
    "XOR Gateway":{
        "0":0.077046549,
        "1":0.0812603648,
        "2":0.0902777778,
        "3":0.0873786408,
        "4":0.0813308688
    },
    "Condition Specification":{
        "0":0.1040183697,
        "1":0.1072094469,
        "2":0.1050593702,
        "3":0.1029514292,
        "4":0.103038674
    },
    "AND Gateway":{
        "0":0.15,
        "1":0.16,
        "2":0.1428571429,
        "3":0.1375,
        "4":0.1545454545
    },
    "All":{
        "0":0.0841278249,
        "1":0.0886608787,
        "2":0.0847250891,
        "3":0.0862074406,
        "4":0.0867119097
    }
}