{
    "Actor":{
        "0":0.1198655992
    },
    "Activity":{
        "0":0.1351239159
    },
    "Activity Data":{
        "0":0.1317865236
    },
    "Further Specification":{
        "0":0.1708783731
    },
    "XOR Gateway":{
        "0":0.1294203107
    },
    "Condition Specification":{
        "0":0.1619324533
    },
    "AND Gateway":{
        "0":0.2220972816
    },
    "All":{
        "0":0.1334329058
    }
}