{
    "Actor":{
        "0":0.26378327,
        "1":0.2714435146,
        "2":0.2748568454,
        "3":0.27176781,
        "4":0.2626651982
    },
    "Activity":{
        "0":0.309358082,
        "1":0.3192407248,
        "2":0.3270223752,
        "3":0.3189873418,
        "4":0.3159292035
    },
    "Activity Data":{
        "0":0.2925,
        "1":0.3038624019,
        "2":0.2899480599,
        "3":0.2857565887,
        "4":0.298126615
    },
    "Further Specification":{
        "0":0.3189189189,
        "1":0.3383356071,
        "2":0.3795423957,
        "3":0.334180432,
        "4":0.346483705
    },
    "XOR Gateway":{
        "0":0.2790697674,
        "1":0.2901234568,
        "2":0.3401360544,
        "3":0.304964539,
        "4":0.2745098039
    },
    "Condition Specification":{
        "0":0.333612741,
        "1":0.3481308411,
        "2":0.3292336802,
        "3":0.3367875648,
        "4":0.3234421365
    },
    "AND Gateway":{
        "0":0.3428571429,
        "1":0.4347826087,
        "2":0.3888888889,
        "3":0.3333333333,
        "4":0.34375
    },
    "All":{
        "0":0.2877312028,
        "1":0.3011398456,
        "2":0.2978007451,
        "3":0.291934166,
        "4":0.2913949623
    }
}