{
    "Actor":{
        "0":0.0969601677,
        "1":0.1015854375,
        "2":0.0987654321,
        "3":0.1019196517,
        "4":0.1008883249
    },
    "Activity":{
        "0":0.1150086256,
        "1":0.1166824346,
        "2":0.118787121,
        "3":0.1173548587,
        "4":0.1182119205
    },
    "Activity Data":{
        "0":0.1071755725,
        "1":0.1100065545,
        "2":0.1055617353,
        "3":0.1076648444,
        "4":0.1122461389
    },
    "Further Specification":{
        "0":0.1197969543,
        "1":0.1290322581,
        "2":0.1284153005,
        "3":0.1238813,
        "4":0.1319399086
    },
    "XOR Gateway":{
        "0":0.1038961039,
        "1":0.1056179775,
        "2":0.1219512195,
        "3":0.1171662125,
        "4":0.1052631579
    },
    "Condition Specification":{
        "0":0.1254728878,
        "1":0.1259509721,
        "2":0.1245526127,
        "3":0.1292674843,
        "4":0.1217423678
    },
    "AND Gateway":{
        "0":0.1348314607,
        "1":0.1282051282,
        "2":0.1428571429,
        "3":0.1428571429,
        "4":0.1294117647
    },
    "All":{
        "0":0.1063511327,
        "1":0.1104517869,
        "2":0.1078141316,
        "3":0.1096929825,
        "4":0.110245743
    }
}