{
    "Actor":{
        "0":0.0860924585
    },
    "Activity":{
        "0":0.0964020989
    },
    "Activity Data":{
        "0":0.0944472944
    },
    "Further Specification":{
        "0":0.1202699244
    },
    "XOR Gateway":{
        "0":0.0924033208
    },
    "Condition Specification":{
        "0":0.1151251582
    },
    "AND Gateway":{
        "0":0.1623480286
    },
    "All":{
        "0":0.0954103926
    }
}