{
    "Actor":{
        "0":0.0828112069
    },
    "Activity":{
        "0":0.0974170606
    },
    "Activity Data":{
        "0":0.0901772387
    },
    "Further Specification":{
        "0":0.1054243405
    },
    "XOR Gateway":{
        "0":0.0917277355
    },
    "Condition Specification":{
        "0":0.103450919
    },
    "AND Gateway":{
        "0":0.1135471961
    },
    "All":{
        "0":0.0903617346
    }
}