{
    "Actor":{
        "0":0.0986663346
    },
    "Activity":{
        "0":0.1161831587
    },
    "Activity Data":{
        "0":0.1069569772
    },
    "Further Specification":{
        "0":0.1271215102
    },
    "XOR Gateway":{
        "0":0.1094207192
    },
    "Condition Specification":{
        "0":0.1241420617
    },
    "AND Gateway":{
        "0":0.1337093188
    },
    "All":{
        "0":0.1076797182
    }
}