{
    "Actor":{
        "0":0.2379603399,
        "1":0.2407011543,
        "2":0.2336798337,
        "3":0.2487333026,
        "4":0.2307692308
    },
    "Activity":{
        "0":0.2704149933,
        "1":0.2682753726,
        "2":0.2719546742,
        "3":0.2799422799,
        "4":0.2660818713
    },
    "Activity Data":{
        "0":0.2657276995,
        "1":0.2660460559,
        "2":0.2522833868,
        "3":0.2616012239,
        "4":0.2672250743
    },
    "Further Specification":{
        "0":0.3177339901,
        "1":0.3066088841,
        "2":0.3288797533,
        "3":0.3296089385,
        "4":0.3450381679
    },
    "XOR Gateway":{
        "0":0.2513089005,
        "1":0.2425742574,
        "2":0.2872928177,
        "3":0.2777777778,
        "4":0.2458100559
    },
    "Condition Specification":{
        "0":0.3110181311,
        "1":0.333998006,
        "2":0.3203252033,
        "3":0.3229398664,
        "4":0.2913961039
    },
    "AND Gateway":{
        "0":0.4166666667,
        "1":0.3939393939,
        "2":0.4761904762,
        "3":0.3333333333,
        "4":0.4146341463
    },
    "All":{
        "0":0.2627593943,
        "1":0.2665398859,
        "2":0.2600019469,
        "3":0.2694054709,
        "4":0.2611731844
    }
}