{
    "Actor":{
        "0":0.0714633559
    },
    "Activity":{
        "0":0.0840148569
    },
    "Activity Data":{
        "0":0.0777122038
    },
    "Further Specification":{
        "0":0.0904848222
    },
    "XOR Gateway":{
        "0":0.0788890339
    },
    "Condition Specification":{
        "0":0.089744059
    },
    "AND Gateway":{
        "0":0.0981711054
    },
    "All":{
        "0":0.0779335545
    }
}