{
    "Actor":{
        "0":0.1111257083
    },
    "Activity":{
        "0":0.1296735158
    },
    "Activity Data":{
        "0":0.1205287448
    },
    "Further Specification":{
        "0":0.1407790271
    },
    "XOR Gateway":{
        "0":0.1214070567
    },
    "Condition Specification":{
        "0":0.1380480916
    },
    "AND Gateway":{
        "0":0.1476345667
    },
    "All":{
        "0":0.1207299532
    }
}