{
    "Actor":{
        "0":0.0885284928,
        "1":0.092812397,
        "2":0.0892263882,
        "3":0.0930743243,
        "4":0.0890024674
    },
    "Activity":{
        "0":0.101010101,
        "1":0.1012861736,
        "2":0.1030270844,
        "3":0.1029100529,
        "4":0.1017897092
    },
    "Activity Data":{
        "0":0.0992538608,
        "1":0.1015256588,
        "2":0.0965983838,
        "3":0.0990324417,
        "4":0.1016741527
    },
    "Further Specification":{
        "0":0.1280742459,
        "1":0.1253809316,
        "2":0.1281262024,
        "3":0.1306913997,
        "4":0.1274834437
    },
    "XOR Gateway":{
        "0":0.0902255639,
        "1":0.0931558935,
        "2":0.1078838174,
        "3":0.1044083527,
        "4":0.093220339
    },
    "Condition Specification":{
        "0":0.121025915,
        "1":0.123700251,
        "2":0.1226529376,
        "3":0.1213033954,
        "4":0.1187898089
    },
    "AND Gateway":{
        "0":0.1764705882,
        "1":0.1797752809,
        "2":0.1754385965,
        "3":0.1527777778,
        "4":0.1734693878
    },
    "All":{
        "0":0.0992787295,
        "1":0.1023409592,
        "2":0.0995988075,
        "3":0.1017594979,
        "4":0.1003337675
    }
}