{
    "Actor":{
        "0":0.1178918169,
        "1":0.1223692775,
        "2":0.1174755259,
        "3":0.1233243968,
        "4":0.1182669789
    },
    "Activity":{
        "0":0.1330736774,
        "1":0.1342329545,
        "2":0.1360448808,
        "3":0.137553041,
        "4":0.1347150259
    },
    "Activity Data":{
        "0":0.1317061939,
        "1":0.1333252013,
        "2":0.1284609628,
        "3":0.1303859123,
        "4":0.1350543478
    },
    "Further Specification":{
        "0":0.1662606577,
        "1":0.1723095526,
        "2":0.1712082262,
        "3":0.1743532058,
        "4":0.170260223
    },
    "XOR Gateway":{
        "0":0.1224489796,
        "1":0.1231155779,
        "2":0.1375661376,
        "3":0.1410658307,
        "4":0.1229050279
    },
    "Condition Specification":{
        "0":0.1587802313,
        "1":0.1654676259,
        "2":0.1616362192,
        "3":0.1633480826,
        "4":0.1604301075
    },
    "AND Gateway":{
        "0":0.225,
        "1":0.231884058,
        "2":0.2083333333,
        "3":0.2244897959,
        "4":0.2207792208
    },
    "All":{
        "0":0.1313071025,
        "1":0.1354581673,
        "2":0.1318093385,
        "3":0.1351083346,
        "4":0.1334815859
    }
}