{
    "Actor":{
        "0":0.0963040083,
        "1":0.1006789525,
        "2":0.0959825486,
        "3":0.1004290172,
        "4":0.0999371464
    },
    "Activity":{
        "0":0.114416476,
        "1":0.1160238319,
        "2":0.1166001841,
        "3":0.1153494049,
        "4":0.1185258964
    },
    "Activity Data":{
        "0":0.1059036508,
        "1":0.1089001838,
        "2":0.1029730903,
        "3":0.1051427326,
        "4":0.1118652285
    },
    "Further Specification":{
        "0":0.1256656017,
        "1":0.1303205465,
        "2":0.123521682,
        "3":0.1257771401,
        "4":0.1303225806
    },
    "XOR Gateway":{
        "0":0.1064301552,
        "1":0.1060948081,
        "2":0.1154734411,
        "3":0.1116883117,
        "4":0.1074168798
    },
    "Condition Specification":{
        "0":0.1262289883,
        "1":0.1246340443,
        "2":0.1237553343,
        "3":0.1235741445,
        "4":0.1225177969
    },
    "AND Gateway":{
        "0":0.1333333333,
        "1":0.1315789474,
        "2":0.1296296296,
        "3":0.131147541,
        "4":0.1428571429
    },
    "All":{
        "0":0.1061193186,
        "1":0.1096679164,
        "2":0.1051871976,
        "3":0.1074497336,
        "4":0.1099744246
    }
}