{
    "Actor":{
        "0":0.3705357143,
        "1":0.3823529412,
        "2":0.3697421981,
        "3":0.3831168831,
        "4":0.375957121
    },
    "Activity":{
        "0":0.4305263158,
        "1":0.4313953488,
        "2":0.4350797267,
        "3":0.434537246,
        "4":0.4358353511
    },
    "Activity Data":{
        "0":0.4114583333,
        "1":0.4276527331,
        "2":0.4029126214,
        "3":0.4068548387,
        "4":0.4273049645
    },
    "Further Specification":{
        "0":0.4865384615,
        "1":0.5076045627,
        "2":0.5032679739,
        "3":0.5,
        "4":0.5023584906
    },
    "XOR Gateway":{
        "0":0.3870967742,
        "1":0.4083333333,
        "2":0.4385964912,
        "3":0.4215686275,
        "4":0.4074074074
    },
    "Condition Specification":{
        "0":0.4896551724,
        "1":0.5031152648,
        "2":0.484375,
        "3":0.4835680751,
        "4":0.4875690608
    },
    "AND Gateway":{
        "0":0.625,
        "1":0.8,
        "2":0.5,
        "3":0.5,
        "4":0.7727272727
    },
    "All":{
        "0":0.4098457888,
        "1":0.426446281,
        "2":0.4091914087,
        "3":0.414707751,
        "4":0.4198729262
    }
}