{
    "Actor":{
        "0":0.197228145,
        "1":0.2024970737,
        "2":0.2025316456,
        "3":0.2201795639,
        "4":0.2122830441
    },
    "Activity":{
        "0":0.2331002331,
        "1":0.2361199745,
        "2":0.2425015954,
        "3":0.2495049505,
        "4":0.2468879668
    },
    "Activity Data":{
        "0":0.2184647303,
        "1":0.2223448885,
        "2":0.2179604961,
        "3":0.2289442467,
        "4":0.236727366
    },
    "Further Specification":{
        "0":0.2616407982,
        "1":0.25,
        "2":0.273255814,
        "3":0.2683673469,
        "4":0.2583120205
    },
    "XOR Gateway":{
        "0":0.2123893805,
        "1":0.220657277,
        "2":0.2525252525,
        "3":0.2485549133,
        "4":0.2282608696
    },
    "Condition Specification":{
        "0":0.2410660206,
        "1":0.2623239437,
        "2":0.2483940043,
        "3":0.2744546094,
        "4":0.2546728972
    },
    "AND Gateway":{
        "0":0.2608695652,
        "1":0.2777777778,
        "2":0.2592592593,
        "3":0.32,
        "4":0.3055555556
    },
    "All":{
        "0":0.2159342916,
        "1":0.2226350127,
        "2":0.2215269086,
        "3":0.2344394451,
        "4":0.2307147196
    }
}