{
    "Actor":{
        "0":0.1470978002,
        "1":0.1574635922,
        "2":0.1503416856,
        "3":0.1559188616,
        "4":0.1510928096
    },
    "Activity":{
        "0":0.1741401828,
        "1":0.1812836845,
        "2":0.1814708691,
        "3":0.1780499293,
        "4":0.1806680162
    },
    "Activity Data":{
        "0":0.1640186916,
        "1":0.1695571645,
        "2":0.1597374179,
        "3":0.1630067568,
        "4":0.1697627368
    },
    "Further Specification":{
        "0":0.1856805665,
        "1":0.2054681027,
        "2":0.1920980926,
        "3":0.1874554526,
        "4":0.1933014354
    },
    "XOR Gateway":{
        "0":0.1589403974,
        "1":0.1643356643,
        "2":0.1858736059,
        "3":0.174796748,
        "4":0.1615384615
    },
    "Condition Specification":{
        "0":0.189614102,
        "1":0.1923821821,
        "2":0.1867954911,
        "3":0.1921182266,
        "4":0.1913399649
    },
    "AND Gateway":{
        "0":0.2,
        "1":0.2040816327,
        "2":0.2258064516,
        "3":0.2,
        "4":0.2037037037
    },
    "All":{
        "0":0.1620638639,
        "1":0.1710169138,
        "2":0.1632626169,
        "3":0.1660139396,
        "4":0.1671066139
    }
}