{
    "Actor":{
        "0":0.0651026393,
        "1":0.0684877276,
        "2":0.0659505371,
        "3":0.0680317041,
        "4":0.0672020287
    },
    "Activity":{
        "0":0.0775193798,
        "1":0.0793650794,
        "2":0.0798822787,
        "3":0.0781314593,
        "4":0.079492318
    },
    "Activity Data":{
        "0":0.0722420417,
        "1":0.0745704976,
        "2":0.0706311402,
        "3":0.0711179895,
        "4":0.0752302551
    },
    "Further Specification":{
        "0":0.0836879433,
        "1":0.0859023207,
        "2":0.0854545455,
        "3":0.0837846448,
        "4":0.0875975716
    },
    "XOR Gateway":{
        "0":0.0710059172,
        "1":0.0724191063,
        "2":0.0816993464,
        "3":0.0773381295,
        "4":0.0710659898
    },
    "Condition Specification":{
        "0":0.0845908608,
        "1":0.0860277136,
        "2":0.0837948471,
        "3":0.0849303136,
        "4":0.0833970926
    },
    "AND Gateway":{
        "0":0.0909090909,
        "1":0.0952380952,
        "2":0.0945945946,
        "3":0.0930232558,
        "4":0.0909090909
    },
    "All":{
        "0":0.0718423785,
        "1":0.0747967975,
        "2":0.0721649485,
        "3":0.0728093159,
        "4":0.0740007144
    }
}