{
    "Actor":{
        "0":0.0679516927
    },
    "Activity":{
        "0":0.0799689735
    },
    "Activity Data":{
        "0":0.0737656484
    },
    "Further Specification":{
        "0":0.0863859716
    },
    "XOR Gateway":{
        "0":0.0757280934
    },
    "Condition Specification":{
        "0":0.0857081388
    },
    "AND Gateway":{
        "0":0.0932106966
    },
    "All":{
        "0":0.0741399434
    }
}