{
    "Actor":{
        "0":0.0692883895,
        "1":0.0727094424,
        "2":0.0697121732,
        "3":0.0734979306,
        "4":0.0721088435
    },
    "Activity":{
        "0":0.0824572253,
        "1":0.0843400957,
        "2":0.0841452613,
        "3":0.0838881491,
        "4":0.085243553
    },
    "Activity Data":{
        "0":0.076855704,
        "1":0.0791231241,
        "2":0.0749486653,
        "3":0.076874054,
        "4":0.0807594715
    },
    "Further Specification":{
        "0":0.0870848708,
        "1":0.0936555891,
        "2":0.0885678392,
        "3":0.0902849296,
        "4":0.0928308824
    },
    "XOR Gateway":{
        "0":0.0757097792,
        "1":0.0758064516,
        "2":0.0838926174,
        "3":0.0825335893,
        "4":0.0765027322
    },
    "Condition Specification":{
        "0":0.0904956799,
        "1":0.0910201588,
        "2":0.0888435027,
        "3":0.0890410959,
        "4":0.089319858
    },
    "AND Gateway":{
        "0":0.0991735537,
        "1":0.0970873786,
        "2":0.0945945946,
        "3":0.1,
        "4":0.1
    },
    "All":{
        "0":0.0763689179,
        "1":0.0795222837,
        "2":0.0761922332,
        "3":0.0782540676,
        "4":0.0793302701
    }
}