{
    "Actor":{
        "0":0.1515306122,
        "1":0.1606886657,
        "2":0.1525101764,
        "3":0.1593073593,
        "4":0.154058193
    },
    "Activity":{
        "0":0.1713684211,
        "1":0.1744186047,
        "2":0.1767653759,
        "3":0.1751693002,
        "4":0.1762711864
    },
    "Activity Data":{
        "0":0.1696428571,
        "1":0.1754019293,
        "2":0.1661812298,
        "3":0.1674193548,
        "4":0.174822695
    },
    "Further Specification":{
        "0":0.2092307692,
        "1":0.2190114068,
        "2":0.2156862745,
        "3":0.2160278746,
        "4":0.2179245283
    },
    "XOR Gateway":{
        "0":0.1548387097,
        "1":0.1633333333,
        "2":0.1824561404,
        "3":0.1764705882,
        "4":0.162962963
    },
    "Condition Specification":{
        "0":0.2055172414,
        "1":0.2130841121,
        "2":0.209375,
        "3":0.2051643192,
        "4":0.2044198895
    },
    "AND Gateway":{
        "0":0.3,
        "1":0.26,
        "2":0.2857142857,
        "3":0.275,
        "4":0.2545454545
    },
    "All":{
        "0":0.16886121,
        "1":0.1767933884,
        "2":0.1705622236,
        "3":0.1723634053,
        "4":0.1727497353
    }
}