{
    "Actor":{
        "0":0.0825769975,
        "1":0.0855588526,
        "2":0.0835310869,
        "3":0.0869932432,
        "4":0.0840676771
    },
    "Activity":{
        "0":0.09854644,
        "1":0.0991425509,
        "2":0.1009028147,
        "3":0.1,
        "4":0.0998322148
    },
    "Activity Data":{
        "0":0.0913586674,
        "1":0.0931114193,
        "2":0.0891749671,
        "3":0.0915386075,
        "4":0.0942221315
    },
    "Further Specification":{
        "0":0.109512761,
        "1":0.1079669134,
        "2":0.1085032705,
        "3":0.1108768971,
        "4":0.1114790287
    },
    "XOR Gateway":{
        "0":0.0902255639,
        "1":0.0893536122,
        "2":0.1037344398,
        "3":0.0997679814,
        "4":0.0889830508
    },
    "Condition Specification":{
        "0":0.1063318194,
        "1":0.1068483327,
        "2":0.1053906723,
        "3":0.1067907996,
        "4":0.1041401274
    },
    "AND Gateway":{
        "0":0.1176470588,
        "1":0.1123595506,
        "2":0.1228070175,
        "3":0.1111111111,
        "4":0.112244898
    },
    "All":{
        "0":0.0911644358,
        "1":0.0933723493,
        "2":0.0912068902,
        "3":0.0934289663,
        "4":0.0927629437
    }
}