{
    "Actor":{
        "0":0.2383687723
    },
    "Activity":{
        "0":0.2713338383
    },
    "Activity Data":{
        "0":0.2625766881
    },
    "Further Specification":{
        "0":0.3255739468
    },
    "XOR Gateway":{
        "0":0.2609527619
    },
    "Condition Specification":{
        "0":0.3159354621
    },
    "AND Gateway":{
        "0":0.4069528033
    },
    "All":{
        "0":0.2639759765
    }
}