{
    "Actor":{
        "0":0.1222754741
    },
    "Activity":{
        "0":0.1377228104
    },
    "Activity Data":{
        "0":0.1344430911
    },
    "Further Specification":{
        "0":0.1697432878
    },
    "XOR Gateway":{
        "0":0.1305333929
    },
    "Condition Specification":{
        "0":0.1647684664
    },
    "AND Gateway":{
        "0":0.2318425935
    },
    "All":{
        "0":0.1357286283
    }
}