{
    "Actor":{
        "0":0.0986140725,
        "1":0.1034070532,
        "2":0.0987839102,
        "3":0.1043143609,
        "4":0.1019013031
    },
    "Activity":{
        "0":0.1164822365,
        "1":0.1191626409,
        "2":0.1194217473,
        "3":0.1196960101,
        "4":0.1205266712
    },
    "Activity Data":{
        "0":0.1082999074,
        "1":0.1124511446,
        "2":0.1065454137,
        "3":0.1092370387,
        "4":0.1140350877
    },
    "Further Specification":{
        "0":0.1272237197,
        "1":0.126401631,
        "2":0.1235758107,
        "3":0.1300692384,
        "4":0.1324590164
    },
    "XOR Gateway":{
        "0":0.1073825503,
        "1":0.1095571096,
        "2":0.1216545012,
        "3":0.1197771588,
        "4":0.1074168798
    },
    "Condition Specification":{
        "0":0.1268323773,
        "1":0.128781331,
        "2":0.1264075554,
        "3":0.1278688525,
        "4":0.1240045506
    },
    "AND Gateway":{
        "0":0.1333333333,
        "1":0.1408450704,
        "2":0.14,
        "3":0.1428571429,
        "4":0.1375
    },
    "All":{
        "0":0.1081225581,
        "1":0.1124227865,
        "2":0.1080680331,
        "3":0.1115720914,
        "4":0.111880216
    }
}