{
    "Actor":{
        "0":0.1319073084,
        "1":0.1378550441,
        "2":0.1323011963,
        "3":0.1384422111,
        "4":0.1337748344
    },
    "Activity":{
        "0":0.1503483682,
        "1":0.1502982107,
        "2":0.1530571992,
        "3":0.1511582254,
        "4":0.1529411765
    },
    "Activity Data":{
        "0":0.1476891299,
        "1":0.150802435,
        "2":0.1423804227,
        "3":0.1458979419,
        "4":0.1523634695
    },
    "Further Specification":{
        "0":0.1917424773,
        "1":0.1825242718,
        "2":0.1958083832,
        "3":0.1834701055,
        "4":0.1855421687
    },
    "XOR Gateway":{
        "0":0.1325966851,
        "1":0.1404011461,
        "2":0.1575757576,
        "3":0.1567944251,
        "4":0.1383647799
    },
    "Condition Specification":{
        "0":0.1772351319,
        "1":0.18,
        "2":0.1841628959,
        "3":0.1814086814,
        "4":0.1756120527
    },
    "AND Gateway":{
        "0":0.25,
        "1":0.2711864407,
        "2":0.2380952381,
        "3":0.2558139535,
        "4":0.2615384615
    },
    "All":{
        "0":0.14754945,
        "1":0.1513574661,
        "2":0.1479004495,
        "3":0.1500635394,
        "4":0.1499027001
    }
}