{
    "Actor":{
        "0":0.3126014062,
        "1":0.351994852,
        "2":0.3087248322,
        "3":0.3302526186,
        "4":0.3234714004
    },
    "Activity":{
        "0":0.3596102746,
        "1":0.386199794,
        "2":0.3586142322,
        "3":0.3726829268,
        "4":0.3793103448
    },
    "Activity Data":{
        "0":0.3511620503,
        "1":0.3751328374,
        "2":0.340161182,
        "3":0.3481865285,
        "4":0.3663479924
    },
    "Further Specification":{
        "0":0.3879699248,
        "1":0.4714038128,
        "2":0.4102228047,
        "3":0.4111888112,
        "4":0.4682713348
    },
    "XOR Gateway":{
        "0":0.2962962963,
        "1":0.3533834586,
        "2":0.3611111111,
        "3":0.3813559322,
        "4":0.3333333333
    },
    "Condition Specification":{
        "0":0.429,
        "1":0.4253926702,
        "2":0.4104477612,
        "3":0.4362694301,
        "4":0.40625
    },
    "AND Gateway":{
        "0":0.5454545455,
        "1":0.4761904762,
        "2":0.5882352941,
        "3":0.4705882353,
        "4":0.44
    },
    "All":{
        "0":0.3466599825,
        "1":0.3787812363,
        "2":0.3423856549,
        "3":0.3571622724,
        "4":0.3603960396
    }
}