{
    "Actor":{
        "0":0.1660501275
    },
    "Activity":{
        "0":0.1874902838
    },
    "Activity Data":{
        "0":0.1833509494
    },
    "Further Specification":{
        "0":0.2279050851
    },
    "XOR Gateway":{
        "0":0.1824322347
    },
    "Condition Specification":{
        "0":0.2264340161
    },
    "AND Gateway":{
        "0":0.3137698179
    },
    "All":{
        "0":0.1848328178
    }
}