{
    "Actor":{
        "0":0.1260710869
    },
    "Activity":{
        "0":0.1484219811
    },
    "Activity Data":{
        "0":0.1368878659
    },
    "Further Specification":{
        "0":0.1621882615
    },
    "XOR Gateway":{
        "0":0.1401367159
    },
    "Condition Specification":{
        "0":0.1569445517
    },
    "AND Gateway":{
        "0":0.1716204279
    },
    "All":{
        "0":0.1374722771
    }
}