{
    "Actor":{
        "0":0.097120267
    },
    "Activity":{
        "0":0.1143519165
    },
    "Activity Data":{
        "0":0.1052922239
    },
    "Further Specification":{
        "0":0.1251976833
    },
    "XOR Gateway":{
        "0":0.1081493342
    },
    "Condition Specification":{
        "0":0.122089314
    },
    "AND Gateway":{
        "0":0.1329715671
    },
    "All":{
        "0":0.1059811236
    }
}