{
    "Actor":{
        "0":0.1052190244
    },
    "Activity":{
        "0":0.1240001562
    },
    "Activity Data":{
        "0":0.1145834509
    },
    "Further Specification":{
        "0":0.1344381037
    },
    "XOR Gateway":{
        "0":0.1171212368
    },
    "Condition Specification":{
        "0":0.1322271132
    },
    "AND Gateway":{
        "0":0.1432330827
    },
    "All":{
        "0":0.1149650995
    }
}