{
    "Actor":{
        "0":0.1542523624,
        "1":0.1591536339,
        "2":0.1563055062,
        "3":0.1624093346,
        "4":0.1553239987
    },
    "Activity":{
        "0":0.1830663616,
        "1":0.1851851852,
        "2":0.1898101898,
        "3":0.1854759568,
        "4":0.1843056273
    },
    "Activity Data":{
        "0":0.1712473573,
        "1":0.1746747615,
        "2":0.1673426203,
        "3":0.1686178578,
        "4":0.1742495752
    },
    "Further Specification":{
        "0":0.1883479649,
        "1":0.2021189894,
        "2":0.2076583211,
        "3":0.194239291,
        "4":0.2042467139
    },
    "XOR Gateway":{
        "0":0.1720430108,
        "1":0.1709090909,
        "2":0.1886792453,
        "3":0.174796748,
        "4":0.1634241245
    },
    "Condition Specification":{
        "0":0.2035805627,
        "1":0.205375603,
        "2":0.1993127148,
        "3":0.193452381,
        "4":0.1886901327
    },
    "AND Gateway":{
        "0":0.2222222222,
        "1":0.2222222222,
        "2":0.21875,
        "3":0.2,
        "4":0.2075471698
    },
    "All":{
        "0":0.1699088735,
        "1":0.175224647,
        "2":0.1714641572,
        "3":0.1714422813,
        "4":0.1708780085
    }
}