{
    "Actor":{
        "0":0.0932092066
    },
    "Activity":{
        "0":0.1098190683
    },
    "Activity Data":{
        "0":0.1012589599
    },
    "Further Specification":{
        "0":0.1193459245
    },
    "XOR Gateway":{
        "0":0.1041589744
    },
    "Condition Specification":{
        "0":0.1173303941
    },
    "AND Gateway":{
        "0":0.1273878925
    },
    "All":{
        "0":0.1017978446
    }
}