{
    "Actor":{
        "0":0.2299145292
    },
    "Activity":{
        "0":0.2627764095
    },
    "Activity Data":{
        "0":0.2509102593
    },
    "Further Specification":{
        "0":0.3182597773
    },
    "XOR Gateway":{
        "0":0.2507848372
    },
    "Condition Specification":{
        "0":0.3134178659
    },
    "AND Gateway":{
        "0":0.4300793651
    },
    "All":{
        "0":0.2553690147
    }
}