{
    "Actor":{
        "0":0.0691502616,
        "1":0.0729547371,
        "2":0.0703249867,
        "3":0.072230014,
        "4":0.0712259221
    },
    "Activity":{
        "0":0.0823723229,
        "1":0.0839763958,
        "2":0.0846136718,
        "3":0.0833517089,
        "4":0.0835283107
    },
    "Activity Data":{
        "0":0.0766710354,
        "1":0.0794477318,
        "2":0.0753473601,
        "3":0.0757337938,
        "4":0.079098466
    },
    "Further Specification":{
        "0":0.087537092,
        "1":0.0928838951,
        "2":0.0894386299,
        "3":0.0900684932,
        "4":0.0921532847
    },
    "XOR Gateway":{
        "0":0.0765550239,
        "1":0.0754414125,
        "2":0.0860585198,
        "3":0.0825335893,
        "4":0.075
    },
    "Condition Specification":{
        "0":0.0902903811,
        "1":0.0882701422,
        "2":0.0888435027,
        "3":0.0891632373,
        "4":0.0871535181
    },
    "AND Gateway":{
        "0":0.0991735537,
        "1":0.0970873786,
        "2":0.1,
        "3":0.0987654321,
        "4":0.0948275862
    },
    "All":{
        "0":0.0762736451,
        "1":0.0793425259,
        "2":0.0766826551,
        "3":0.0774231496,
        "4":0.0778879016
    }
}