{
    "Actor":{
        "0":0.0774651864
    },
    "Activity":{
        "0":0.087093981
    },
    "Activity Data":{
        "0":0.0852544985
    },
    "Further Specification":{
        "0":0.1080790136
    },
    "XOR Gateway":{
        "0":0.0834588402
    },
    "Condition Specification":{
        "0":0.104455458
    },
    "AND Gateway":{
        "0":0.1489805195
    },
    "All":{
        "0":0.0860866286
    }
}