{
    "Actor":{
        "0":0.0914182178,
        "1":0.0952993022,
        "2":0.0922109675,
        "3":0.0957427031,
        "4":0.0937131631
    },
    "Activity":{
        "0":0.1086071138,
        "1":0.1105797968,
        "2":0.1116005874,
        "3":0.1111764706,
        "4":0.1117370892
    },
    "Activity Data":{
        "0":0.1016016982,
        "1":0.1037716406,
        "2":0.0988335763,
        "3":0.1008464834,
        "4":0.1052091645
    },
    "Further Specification":{
        "0":0.1163134549,
        "1":0.1199806483,
        "2":0.1190375686,
        "3":0.1178843568,
        "4":0.123698714
    },
    "XOR Gateway":{
        "0":0.0989690722,
        "1":0.1008583691,
        "2":0.1126126126,
        "3":0.1091370558,
        "4":0.0990566038
    },
    "Condition Specification":{
        "0":0.1185229303,
        "1":0.1229372937,
        "2":0.1163101604,
        "3":0.1210804098,
        "4":0.1164115344
    },
    "AND Gateway":{
        "0":0.125,
        "1":0.125,
        "2":0.125,
        "3":0.1355932203,
        "4":0.1264367816
    },
    "All":{
        "0":0.1007820287,
        "1":0.104406578,
        "2":0.100756282,
        "3":0.1031212633,
        "4":0.1035391395
    }
}