{
    "Actor":{
        "0":0.1841406768,
        "1":0.1981672394,
        "2":0.182952183,
        "3":0.1933909125,
        "4":0.194218241
    },
    "Activity":{
        "0":0.2188183807,
        "1":0.228960396,
        "2":0.2247191011,
        "3":0.2220916569,
        "4":0.2248110831
    },
    "Activity Data":{
        "0":0.2045454545,
        "1":0.2138458271,
        "2":0.1979144943,
        "3":0.2050138092,
        "4":0.2164634146
    },
    "Further Specification":{
        "0":0.2341269841,
        "1":0.2713347921,
        "2":0.2428940568,
        "3":0.2367236724,
        "4":0.2445520581
    },
    "XOR Gateway":{
        "0":0.1983471074,
        "1":0.2008547009,
        "2":0.2272727273,
        "3":0.2182741117,
        "4":0.2048780488
    },
    "Condition Specification":{
        "0":0.2378959952,
        "1":0.2382094325,
        "2":0.2365737593,
        "3":0.2340936375,
        "4":0.229312763
    },
    "AND Gateway":{
        "0":0.2608695652,
        "1":0.25,
        "2":0.2692307692,
        "3":0.2580645161,
        "4":0.2619047619
    },
    "All":{
        "0":0.2028705919,
        "1":0.2158481947,
        "2":0.2022857143,
        "3":0.2070878529,
        "4":0.2108818358
    }
}