{
    "Actor":{
        "0":0.0887730045
    },
    "Activity":{
        "0":0.0996841896
    },
    "Activity Data":{
        "0":0.0977863835
    },
    "Further Specification":{
        "0":0.1233841627
    },
    "XOR Gateway":{
        "0":0.0950091983
    },
    "Condition Specification":{
        "0":0.118792537
    },
    "AND Gateway":{
        "0":0.1689551395
    },
    "All":{
        "0":0.0985346843
    }
}