{
    "Actor":{
        "0":0.0780672518
    },
    "Activity":{
        "0":0.0877102862
    },
    "Activity Data":{
        "0":0.0858402454
    },
    "Further Specification":{
        "0":0.1087779061
    },
    "XOR Gateway":{
        "0":0.0840061735
    },
    "Condition Specification":{
        "0":0.1049266868
    },
    "AND Gateway":{
        "0":0.1489805195
    },
    "All":{
        "0":0.0866724702
    }
}