{
    "Actor":{
        "0":0.0847117804
    },
    "Activity":{
        "0":0.0953997565
    },
    "Activity Data":{
        "0":0.0931794339
    },
    "Further Specification":{
        "0":0.1192868822
    },
    "XOR Gateway":{
        "0":0.0909247276
    },
    "Condition Specification":{
        "0":0.114695148
    },
    "AND Gateway":{
        "0":0.1620430548
    },
    "All":{
        "0":0.0942568546
    }
}