{
    "Actor":{
        "0":0.1201213347,
        "1":0.1292470156,
        "2":0.12041997,
        "3":0.1264341441,
        "4":0.1242327523
    },
    "Activity":{
        "0":0.1368948247,
        "1":0.1395779341,
        "2":0.140885984,
        "3":0.140433213,
        "4":0.1404862987
    },
    "Activity Data":{
        "0":0.1338961191,
        "1":0.1401940756,
        "2":0.1316296391,
        "3":0.1338896021,
        "4":0.1394955615
    },
    "Further Specification":{
        "0":0.1751269036,
        "1":0.176875,
        "2":0.1638361638,
        "3":0.1711663067,
        "4":0.1720754717
    },
    "XOR Gateway":{
        "0":0.1230769231,
        "1":0.1289473684,
        "2":0.1460674157,
        "3":0.1397515528,
        "4":0.1286549708
    },
    "Condition Specification":{
        "0":0.1626397404,
        "1":0.168210629,
        "2":0.1732652192,
        "3":0.1677419355,
        "4":0.1641725352
    },
    "AND Gateway":{
        "0":0.2337662338,
        "1":0.2388059701,
        "2":0.2380952381,
        "3":0.1666666667,
        "4":0.2394366197
    },
    "All":{
        "0":0.1342729622,
        "1":0.1415178807,
        "2":0.1351906599,
        "3":0.1378508217,
        "4":0.1382589612
    }
}