{
    "Actor":{
        "0":0.1805131338,
        "1":0.1911262799,
        "2":0.1833279062,
        "3":0.1836734694,
        "4":0.1835994194
    },
    "Activity":{
        "0":0.2050125313,
        "1":0.2110298255,
        "2":0.2139303483,
        "3":0.2055674518,
        "4":0.2086206897
    },
    "Activity Data":{
        "0":0.2038262113,
        "1":0.2103128621,
        "2":0.2014558332,
        "3":0.1994219653,
        "4":0.2080876158
    },
    "Further Specification":{
        "0":0.2319721981,
        "1":0.2640977444,
        "2":0.2547021944,
        "3":0.2392829306,
        "4":0.2516339869
    },
    "XOR Gateway":{
        "0":0.1811320755,
        "1":0.196,
        "2":0.2251082251,
        "3":0.2102803738,
        "4":0.1872340426
    },
    "Condition Specification":{
        "0":0.2461706783,
        "1":0.2605363985,
        "2":0.2559332906,
        "3":0.249002849,
        "4":0.2368766404
    },
    "AND Gateway":{
        "0":0.3529411765,
        "1":0.4,
        "2":0.3571428571,
        "3":0.34375,
        "4":0.2340425532
    },
    "All":{
        "0":0.2007487462,
        "1":0.2126116071,
        "2":0.2057134104,
        "3":0.2025297395,
        "4":0.2037934492
    }
}