{
    "Actor":{
        "0":0.1059969442,
        "1":0.1086683417,
        "2":0.10733889,
        "3":0.1112791703,
        "4":0.1068548387
    },
    "Activity":{
        "0":0.125274037,
        "1":0.1255088195,
        "2":0.1296485841,
        "3":0.1274873524,
        "4":0.1263716814
    },
    "Activity Data":{
        "0":0.1165467626,
        "1":0.1181924883,
        "2":0.1154641684,
        "3":0.1162370513,
        "4":0.1195441005
    },
    "Further Specification":{
        "0":0.1420830825,
        "1":0.1377777778,
        "2":0.13371266,
        "3":0.1401918977,
        "4":0.1379781421
    },
    "XOR Gateway":{
        "0":0.1140142518,
        "1":0.1146341463,
        "2":0.1329787234,
        "3":0.1246376812,
        "4":0.1126005362
    },
    "Condition Specification":{
        "0":0.1328437917,
        "1":0.1352087114,
        "2":0.1360969887,
        "3":0.1390374332,
        "4":0.1303827751
    },
    "AND Gateway":{
        "0":0.1428571429,
        "1":0.1449275362,
        "2":0.1555555556,
        "3":0.1428571429,
        "4":0.1447368421
    },
    "All":{
        "0":0.1161937594,
        "1":0.1185410334,
        "2":0.1171298922,
        "3":0.1192258188,
        "4":0.1172868097
    }
}