{
    "Actor":{
        "0":0.132765194,
        "1":0.1410159212,
        "2":0.1336176262,
        "3":0.1364992541,
        "4":0.135911899
    },
    "Activity":{
        "0":0.1515711645,
        "1":0.1540970241,
        "2":0.154151768,
        "3":0.1513850956,
        "4":0.1536513297
    },
    "Activity Data":{
        "0":0.1480280228,
        "1":0.154825927,
        "2":0.1454981654,
        "3":0.1461161652,
        "4":0.1546616776
    },
    "Further Specification":{
        "0":0.1995630007,
        "1":0.1835401698,
        "2":0.1887550201,
        "3":0.1919068056,
        "4":0.1943972835
    },
    "XOR Gateway":{
        "0":0.1383285303,
        "1":0.1432748538,
        "2":0.1590214067,
        "3":0.1551724138,
        "4":0.142394822
    },
    "Condition Specification":{
        "0":0.1810865191,
        "1":0.1868191721,
        "2":0.1833862914,
        "3":0.1772819473,
        "4":0.1789827255
    },
    "AND Gateway":{
        "0":0.2647058824,
        "1":0.2909090909,
        "2":0.2564102564,
        "3":0.2291666667,
        "4":0.2575757576
    },
    "All":{
        "0":0.1489683991,
        "1":0.155162413,
        "2":0.1492059991,
        "3":0.1496916979,
        "4":0.152388032
    }
}