{
    "Actor":{
        "0":0.0723553013
    },
    "Activity":{
        "0":0.0811818167
    },
    "Activity Data":{
        "0":0.0794882752
    },
    "Further Specification":{
        "0":0.1003800439
    },
    "XOR Gateway":{
        "0":0.0778660461
    },
    "Condition Specification":{
        "0":0.0970438939
    },
    "AND Gateway":{
        "0":0.1385555621
    },
    "All":{
        "0":0.0802293117
    }
}