{
    "Actor":{
        "0":0.5012845571
    },
    "Activity":{
        "0":0.57637715
    },
    "Activity Data":{
        "0":0.5491431811
    },
    "Further Specification":{
        "0":0.6253438049
    },
    "XOR Gateway":{
        "0":0.5600145687
    },
    "Condition Specification":{
        "0":0.6500087051
    },
    "AND Gateway":{
        "0":0.8041729323
    },
    "All":{
        "0":0.5475981976
    }
}