{
    "Actor":{
        "0":0.0825081
    },
    "Activity":{
        "0":0.0925522512
    },
    "Activity Data":{
        "0":0.0907433879
    },
    "Further Specification":{
        "0":0.1144254259
    },
    "XOR Gateway":{
        "0":0.0892936764
    },
    "Condition Specification":{
        "0":0.1114622755
    },
    "AND Gateway":{
        "0":0.1564482964
    },
    "All":{
        "0":0.0916090364
    }
}