{
    "Actor":{
        "1":0.7309030506,
        "2":0.7077631886,
        "3":0.7067655243,
        "4":0.7118172197,
        "5":0.7140788361,
        "6":0.7110711366,
        "7":0.7043536545,
        "8":0.7151861176,
        "9":0.7223739888,
        "10":0.7111444269
    },
    "Activity":{
        "1":0.7783312285,
        "2":0.7829279689,
        "3":0.7771037197,
        "4":0.7694755792,
        "5":0.7760040745,
        "6":0.779099751,
        "7":0.7733138683,
        "8":0.769376727,
        "9":0.7700933806,
        "10":0.7752365353
    },
    "Activity Data":{
        "1":0.6323460024,
        "2":0.6317794287,
        "3":0.6321776933,
        "4":0.6252471105,
        "5":0.6357311254,
        "6":0.63997592,
        "7":0.6405948375,
        "8":0.6335908819,
        "9":0.6315504286,
        "10":0.6267271837
    },
    "Further Specification":{
        "1":0.2838361412,
        "2":0.2593145743,
        "3":0.2079409479,
        "4":0.2126984127,
        "5":0.2073953824,
        "6":0.2430376641,
        "7":0.2616594875,
        "8":0.2527834738,
        "9":0.2610704033,
        "10":0.2536796537
    },
    "XOR Gateway":{
        "1":0.7101144979,
        "2":0.7104151684,
        "3":0.7169958332,
        "4":0.7225120773,
        "5":0.7124806935,
        "6":0.7023888427,
        "7":0.7003840995,
        "8":0.7261018209,
        "9":0.7178969402,
        "10":0.7155750047
    },
    "Condition Specification":{
        "1":0.5548681685,
        "2":0.5806190476,
        "3":0.5975524476,
        "4":0.6324503863,
        "5":0.5950988118,
        "6":0.609025641,
        "7":0.5832409619,
        "8":0.5847714604,
        "9":0.6075177421,
        "10":0.5966666667
    },
    "AND Gateway":{
        "1":0.36,
        "2":0.36,
        "3":0.3333333333,
        "4":0.36,
        "5":0.3333333333,
        "6":0.16,
        "7":0.3333333333,
        "8":0.36,
        "9":0.16,
        "10":0.1333333333
    }
}