{
    "F1 CRF":{
        "1":0.5919971885,
        "2":0.5646305095,
        "3":0.5834670899,
        "4":0.5511917124,
        "5":0.5770873507,
        "6":0.5685683244,
        "7":0.5746196425,
        "8":0.5672617329,
        "9":0.5760426895,
        "10":0.5811719732
    },
    "F1 Neural":{
        "1":0.3282359871,
        "2":0.3259984575,
        "3":0.3263784464,
        "4":0.3209326531,
        "5":0.3242279649,
        "6":0.320470719,
        "7":0.333096064,
        "8":0.3258366514,
        "9":0.3314607741,
        "10":0.3193080688
    },
    "F1 Relation":{
        "1":0.328788828,
        "2":0.3078749966,
        "3":0.3273376757,
        "4":0.3157148315,
        "5":0.318718521,
        "6":0.3091043188,
        "7":0.3258842134,
        "8":0.3133825735,
        "9":0.3139968436,
        "10":0.3182543665
    },
    "TTR":{
        "1":0.0622053955,
        "2":0.0622811867,
        "3":0.0622529217,
        "4":0.0622688429,
        "5":0.0622667094,
        "6":0.0622684641,
        "7":0.0623122716,
        "8":0.0622502203,
        "9":0.062281684,
        "10":0.0622651101
    },
    "UCER":{
        "1":0.2142810952,
        "2":0.2157544499,
        "3":0.215664717,
        "4":0.2159159797,
        "5":0.2158490697,
        "6":0.2156608441,
        "7":0.2160388801,
        "8":0.2158823569,
        "9":0.2156887871,
        "10":0.2159200123
    },
    "BertScore":{
        "1":null,
        "2":null,
        "3":null,
        "4":null,
        "5":null,
        "6":null,
        "7":null,
        "8":null,
        "9":null,
        "10":null
    },
    "BleuScore":{
        "1":0.9431843925,
        "2":0.9367956054,
        "3":0.9347152193,
        "4":0.9339802774,
        "5":0.9355935881,
        "6":0.9352857643,
        "7":0.9343772303,
        "8":0.9348848877,
        "9":0.9343081114,
        "10":0.9333161684
    }
}