{
    "F1 CRF":{
        "1":0.5786284413,
        "2":0.5761170538,
        "3":0.5674099285,
        "4":0.576314398,
        "5":0.567731751,
        "6":0.5492284222,
        "7":0.5709828918,
        "8":0.5774014974,
        "9":0.5529289834,
        "10":0.5446232578
    },
    "F1 Neural":{
        "1":0.3238610892,
        "2":0.3200528348,
        "3":0.3281707774,
        "4":0.3279049156,
        "5":0.3182137727,
        "6":0.3234980782,
        "7":0.3266556248,
        "8":0.319843129,
        "9":0.3272399656,
        "10":0.3255993248
    },
    "F1 Relation":{
        "1":0.3245267378,
        "2":0.3227447259,
        "3":0.3171681195,
        "4":0.3158779836,
        "5":0.3096088683,
        "6":0.3200608858,
        "7":0.3163949749,
        "8":0.3247917854,
        "9":0.3291563809,
        "10":0.3177579584
    },
    "TTR":{
        "1":0.0621732086,
        "2":0.0622983284,
        "3":0.0622667942,
        "4":0.0622983284,
        "5":0.0622806525,
        "6":0.0622684641,
        "7":0.0622834386,
        "8":0.0622834386,
        "9":0.0622973817,
        "10":0.0622502203
    },
    "UCER":{
        "1":0.2141608558,
        "2":0.2159502812,
        "3":0.2157862996,
        "4":0.2160923431,
        "5":0.2157853737,
        "6":0.2158798938,
        "7":0.2156977474,
        "8":0.2156879354,
        "9":0.2159539182,
        "10":0.2156911963
    },
    "BertScore":{
        "1":null,
        "2":null,
        "3":null,
        "4":null,
        "5":null,
        "6":null,
        "7":null,
        "8":null,
        "9":null,
        "10":null
    },
    "BleuScore":{
        "1":0.9440798929,
        "2":0.9347718474,
        "3":0.9356793629,
        "4":0.9344085769,
        "5":0.9345034131,
        "6":0.9348202658,
        "7":0.9358355415,
        "8":0.935702987,
        "9":0.9354362273,
        "10":0.9362136289
    }
}