{
    "Bleu Score":{
        "0":0.9352579992,
        "1":0.9371364833,
        "2":0.9320196838,
        "3":0.9339616175,
        "4":0.9336671005
    }
}