{
    "Bleu Score":{
        "0":0.9371941096,
        "1":0.9356103547,
        "2":0.9307347416,
        "3":0.9369027526,
        "4":0.9387357489
    }
}