{
    "Bleu Score":{
        "0":0.9367399238,
        "1":0.9371876078,
        "2":0.9295902771,
        "3":0.9336868421,
        "4":0.941310284
    }
}