{
    "Bleu Score":{
        "0":0.9432103156,
        "1":0.9470807154,
        "2":0.9409694602,
        "3":0.9440604671,
        "4":0.9450785063
    }
}