{
    "Bleu Score":{
        "0":0.9327931275,
        "1":0.9375282316,
        "2":0.9307849217,
        "3":0.9340705073,
        "4":0.9314040536
    }
}