{
    "Bleu Score":{
        "0":0.933611017,
        "1":0.9421101675,
        "2":0.933295576,
        "3":0.9333653697,
        "4":0.9360146844
    }
}