{
    "Bleu Score":{
        "0":0.9334814861,
        "1":0.9383862679,
        "2":0.9344925101,
        "3":0.9338702734,
        "4":0.9336286997
    }
}