{
    "Bleu Score":{
        "0":0.9329452897,
        "1":0.9381718884,
        "2":0.9281240088,
        "3":0.9325611835,
        "4":0.9340491478
    }
}