{
    "Bleu Score":{
        "0":0.9353744473,
        "1":0.9385800739,
        "2":0.9299530423,
        "3":0.9327860448,
        "4":0.936379732
    }
}