{
    "Actor":{
        "0":0.0450210596
    },
    "Activity":{
        "0":0.12666214
    },
    "Activity Data":{
        "0":0.0707752122
    },
    "Further Specification":{
        "0":0.1425212592
    },
    "XOR Gateway":{
        "0":0.0428587488
    },
    "Condition Specification":{
        "0":0.1312651253
    },
    "AND Gateway":{
        "0":0.2166666667
    },
    "All":{
        "0":0.0622063422
    }
}