{
    "Actor":{
        "0":0.0451433439
    },
    "Activity":{
        "0":0.12666214
    },
    "Activity Data":{
        "0":0.071322651
    },
    "Further Specification":{
        "0":0.1446231444
    },
    "XOR Gateway":{
        "0":0.0428587488
    },
    "Condition Specification":{
        "0":0.1313822213
    },
    "AND Gateway":{
        "0":0.2166666667
    },
    "All":{
        "0":0.0622973817
    }
}