{
    "Actor":{
        "0":0.0425472747,
        "1":0.0458801498,
        "2":0.0441874259,
        "3":0.0481738035,
        "4":0.0443166441
    },
    "Activity":{
        "0":0.1221052632,
        "1":0.1226744186,
        "2":0.1298405467,
        "3":0.1303611738,
        "4":0.1283292978
    },
    "Activity Data":{
        "0":0.0670197224,
        "1":0.0704169945,
        "2":0.0704617834,
        "3":0.0704976303,
        "4":0.0754799302
    },
    "Further Specification":{
        "0":0.1365384615,
        "1":0.1397338403,
        "2":0.1388888889,
        "3":0.1358885017,
        "4":0.1615566038
    },
    "XOR Gateway":{
        "0":0.0359848485,
        "1":0.0487288136,
        "2":0.0491452991,
        "3":0.05,
        "4":0.0304347826
    },
    "Condition Specification":{
        "0":0.1293103448,
        "1":0.1381987578,
        "2":0.1285714286,
        "3":0.1293911007,
        "4":0.1308539945
    },
    "AND Gateway":{
        "0":0.21875,
        "1":0.2708333333,
        "2":0.1875,
        "3":0.1875,
        "4":0.21875
    },
    "All":{
        "0":0.0588399331,
        "1":0.0622474355,
        "2":0.0625372245,
        "3":0.0627433363,
        "4":0.0646637816
    }
}