{
    "Actor":{
        "0":0.0449450536
    },
    "Activity":{
        "0":0.12666214
    },
    "Activity Data":{
        "0":0.071286128
    },
    "Further Specification":{
        "0":0.1444489284
    },
    "XOR Gateway":{
        "0":0.0428587488
    },
    "Condition Specification":{
        "0":0.1312523512
    },
    "AND Gateway":{
        "0":0.2166666667
    },
    "All":{
        "0":0.0622667094
    }
}