{
    "Actor":{
        "0":0.0450803716
    },
    "Activity":{
        "0":0.12666214
    },
    "Activity Data":{
        "0":0.071195582
    },
    "Further Specification":{
        "0":0.1446123271
    },
    "XOR Gateway":{
        "0":0.0428587488
    },
    "Condition Specification":{
        "0":0.1312523512
    },
    "AND Gateway":{
        "0":0.2166666667
    },
    "All":{
        "0":0.0622507882
    }
}