{
    "Actor":{
        "0":0.1890943878,
        "1":0.2019368723,
        "2":0.1909769335,
        "3":0.1984126984,
        "4":0.191424196
    },
    "Activity":{
        "0":0.2121052632,
        "1":0.2174418605,
        "2":0.2181093394,
        "3":0.2155756208,
        "4":0.2167070218
    },
    "Activity Data":{
        "0":0.2139136905,
        "1":0.2198553055,
        "2":0.2071197411,
        "3":0.2127016129,
        "4":0.2234042553
    },
    "Further Specification":{
        "0":0.2653846154,
        "1":0.2728136882,
        "2":0.2761437908,
        "3":0.275261324,
        "4":0.2700471698
    },
    "XOR Gateway":{
        "0":0.1975806452,
        "1":0.2,
        "2":0.2236842105,
        "3":0.2156862745,
        "4":0.1944444444
    },
    "Condition Specification":{
        "0":0.2643678161,
        "1":0.2562305296,
        "2":0.2623697917,
        "3":0.2623239437,
        "4":0.2617403315
    },
    "AND Gateway":{
        "0":0.3125,
        "1":0.325,
        "2":0.3571428571,
        "3":0.25,
        "4":0.3181818182
    },
    "All":{
        "0":0.212411032,
        "1":0.2202479339,
        "2":0.2130448515,
        "3":0.2170425667,
        "4":0.2174373456
    }
}