{
    "Actor":{
        "0":0.1942207119
    },
    "Activity":{
        "0":0.2161017163
    },
    "Activity Data":{
        "0":0.2154444726
    },
    "Further Specification":{
        "0":0.2687855514
    },
    "XOR Gateway":{
        "0":0.2062791149
    },
    "Condition Specification":{
        "0":0.260842059
    },
    "AND Gateway":{
        "0":0.3125649351
    },
    "All":{
        "0":0.2156879354
    }
}