{
    "Actor":{
        "0":0.1937059435
    },
    "Activity":{
        "0":0.2161017163
    },
    "Activity Data":{
        "0":0.2154805322
    },
    "Further Specification":{
        "0":0.2689226878
    },
    "XOR Gateway":{
        "0":0.2062791149
    },
    "Condition Specification":{
        "0":0.2614831472
    },
    "AND Gateway":{
        "0":0.3125649351
    },
    "All":{
        "0":0.2156341944
    }
}