{
    "Actor":{
        "0":0.1943818118
    },
    "Activity":{
        "0":0.2161017163
    },
    "Activity Data":{
        "0":0.215346068
    },
    "Further Specification":{
        "0":0.2709689169
    },
    "XOR Gateway":{
        "0":0.2062791149
    },
    "Condition Specification":{
        "0":0.261176832
    },
    "AND Gateway":{
        "0":0.3125649351
    },
    "All":{
        "0":0.2158984117
    }
}