{
    "Actor":{
        "0":0.1875,
        "1":0.2019368723,
        "2":0.1909769335,
        "3":0.1984126984,
        "4":0.1902756508
    },
    "Activity":{
        "0":0.2121052632,
        "1":0.2174418605,
        "2":0.2186788155,
        "3":0.2155756208,
        "4":0.2167070218
    },
    "Activity Data":{
        "0":0.2139136905,
        "1":0.2208601286,
        "2":0.2075242718,
        "3":0.2127016129,
        "4":0.2227393617
    },
    "Further Specification":{
        "0":0.2634615385,
        "1":0.2680608365,
        "2":0.2745098039,
        "3":0.2709059233,
        "4":0.2724056604
    },
    "XOR Gateway":{
        "0":0.1975806452,
        "1":0.2,
        "2":0.2236842105,
        "3":0.2156862745,
        "4":0.1944444444
    },
    "Condition Specification":{
        "0":0.2643678161,
        "1":0.2570093458,
        "2":0.26171875,
        "3":0.2623239437,
        "4":0.2610497238
    },
    "AND Gateway":{
        "0":0.3125,
        "1":0.325,
        "2":0.3571428571,
        "3":0.25,
        "4":0.3181818182
    },
    "All":{
        "0":0.2118920522,
        "1":0.2202479339,
        "2":0.2130448515,
        "3":0.2166454892,
        "4":0.2169961172
    }
}