{
    "Actor":{
        "0":0.1944455873
    },
    "Activity":{
        "0":0.2161017163
    },
    "Activity Data":{
        "0":0.2155691847
    },
    "Further Specification":{
        "0":0.2710267349
    },
    "XOR Gateway":{
        "0":0.2062791149
    },
    "Condition Specification":{
        "0":0.2618737722
    },
    "AND Gateway":{
        "0":0.3125649351
    },
    "All":{
        "0":0.2160923431
    }
}