{
    "Actor":{
        "0":0.1884566327,
        "1":0.2019368723,
        "2":0.1909769335,
        "3":0.1984126984,
        "4":0.1918070444
    },
    "Activity":{
        "0":0.2121052632,
        "1":0.2174418605,
        "2":0.2186788155,
        "3":0.2155756208,
        "4":0.2167070218
    },
    "Activity Data":{
        "0":0.2133556548,
        "1":0.2208601286,
        "2":0.2075242718,
        "3":0.2127016129,
        "4":0.2229609929
    },
    "Further Specification":{
        "0":0.2653846154,
        "1":0.2737642586,
        "2":0.2745098039,
        "3":0.2717770035,
        "4":0.2676886792
    },
    "XOR Gateway":{
        "0":0.1975806452,
        "1":0.2,
        "2":0.2236842105,
        "3":0.2156862745,
        "4":0.1944444444
    },
    "Condition Specification":{
        "0":0.2609195402,
        "1":0.2585669782,
        "2":0.2623697917,
        "3":0.2605633803,
        "4":0.2596685083
    },
    "AND Gateway":{
        "0":0.3125,
        "1":0.325,
        "2":0.3571428571,
        "3":0.25,
        "4":0.3181818182
    },
    "All":{
        "0":0.2118179122,
        "1":0.2209090909,
        "2":0.2131238155,
        "3":0.2164866582,
        "4":0.2169078715
    }
}