{
    "Actor":{
        "0":0.1942972816
    },
    "Activity":{
        "0":0.2161017163
    },
    "Activity Data":{
        "0":0.2153174946
    },
    "Further Specification":{
        "0":0.271150001
    },
    "XOR Gateway":{
        "0":0.2062791149
    },
    "Condition Specification":{
        "0":0.2608388975
    },
    "AND Gateway":{
        "0":0.3125649351
    },
    "All":{
        "0":0.2158318557
    }
}