{
    "Actor":{
        "0":0.1924640926
    },
    "Activity":{
        "0":0.2157600307
    },
    "Activity Data":{
        "0":0.2139530802
    },
    "Further Specification":{
        "0":0.2636970803
    },
    "XOR Gateway":{
        "0":0.2062791149
    },
    "Condition Specification":{
        "0":0.2598017144
    },
    "AND Gateway":{
        "0":0.3125649351
    },
    "All":{
        "0":0.2141608558
    }
}