{
    "Actor":{
        "0":0.2557397959,
        "1":0.2643472023,
        "2":0.2686567164,
        "3":0.2647907648,
        "4":0.2538284839
    },
    "Activity":{
        "0":0.2415789474,
        "1":0.2488372093,
        "2":0.2482915718,
        "3":0.2415349887,
        "4":0.2481840194
    },
    "Activity Data":{
        "0":0.3394717262,
        "1":0.3446543408,
        "2":0.3254449838,
        "3":0.3401209677,
        "4":0.3546099291
    },
    "Further Specification":{
        "0":0.3557692308,
        "1":0.3802281369,
        "2":0.3635620915,
        "3":0.3580139373,
        "4":0.366745283
    },
    "XOR Gateway":{
        "0":0.2661290323,
        "1":0.2666666667,
        "2":0.298245614,
        "3":0.2892156863,
        "4":0.2777777778
    },
    "Condition Specification":{
        "0":0.3264367816,
        "1":0.3317757009,
        "2":0.314453125,
        "3":0.3221830986,
        "4":0.3156077348
    },
    "AND Gateway":{
        "0":0.3958333333,
        "1":0.375,
        "2":0.3928571429,
        "3":0.3125,
        "4":0.4090909091
    },
    "All":{
        "0":0.296782325,
        "1":0.3074380165,
        "2":0.2959570436,
        "3":0.3012229987,
        "4":0.3027709142
    }
}