{
    "Actor":{
        "0":1.0,
        "1":1.0,
        "2":1.0,
        "3":1.0,
        "4":1.0
    },
    "Activity":{
        "0":1.0,
        "1":1.0,
        "2":1.0,
        "3":1.0,
        "4":1.0
    },
    "Activity Data":{
        "0":0.9841269841,
        "1":0.9777777778,
        "2":1.0,
        "3":0.98,
        "4":0.9811320755
    },
    "Further Specification":{
        "0":1.0,
        "1":1.0,
        "2":1.0,
        "3":1.0,
        "4":1.0
    },
    "XOR Gateway":{
        "0":1.0,
        "1":1.0,
        "2":1.0,
        "3":1.0,
        "4":0.0
    },
    "Condition Specification":{
        "0":1.0,
        "1":1.0,
        "2":1.0,
        "3":1.0,
        "4":0.0
    },
    "AND Gateway":{
        "0":1.0,
        "1":1.0,
        "2":1.0,
        "3":0.0,
        "4":1.0
    },
    "All":{
        "0":0.9941176471,
        "1":0.9912280702,
        "2":1.0,
        "3":0.9930555556,
        "4":0.9915966387
    }
}