{
    "Bleu Score":{
        "0":0.8621022103,
        "1":0.8554649808,
        "2":0.8548692288,
        "3":0.851882637,
        "4":0.8547434603
    }
}