{
    "Bleu Score":{
        "0":0.878715722,
        "1":0.2481278758,
        "2":0.8720185863,
        "3":0.2588843839,
        "4":0.8842113108
    }
}