{
    "Actor":{
        "0":0.1239644045
    },
    "Activity":{
        "0":0.3477383434
    },
    "Activity Data":{
        "0":0.1876232863
    },
    "Further Specification":{
        "0":0.3766904921
    },
    "XOR Gateway":{
        "0":0.1223812502
    },
    "Condition Specification":{
        "0":0.3368623417
    },
    "AND Gateway":{
        "0":0.572476509
    },
    "All":{
        "0":0.1639646006
    }
}