{
    "Actor":{
        "0":0.0582329317,
        "1":0.0627864345,
        "2":0.0631111111,
        "3":0.0663919414,
        "4":0.0614250614
    },
    "Activity":{
        "0":0.176201373,
        "1":0.1775147929,
        "2":0.1945158526,
        "3":0.1911886949,
        "4":0.1853146853
    },
    "Activity Data":{
        "0":0.0932725811,
        "1":0.0977292325,
        "2":0.1018993066,
        "3":0.0979041057,
        "4":0.1035026822
    },
    "Further Specification":{
        "0":0.1804613297,
        "1":0.1866485014,
        "2":0.1848837209,
        "3":0.1781326781,
        "4":0.2153344209
    },
    "XOR Gateway":{
        "0":0.0533707865,
        "1":0.0716510903,
        "2":0.0739549839,
        "3":0.0743243243,
        "4":0.04375
    },
    "Condition Specification":{
        "0":0.1785095321,
        "1":0.1853932584,
        "2":0.177734375,
        "3":0.1838768116,
        "4":0.1715686275
    },
    "AND Gateway":{
        "0":0.3023255814,
        "1":0.375,
        "2":0.2580645161,
        "3":0.25,
        "4":0.2765957447
    },
    "All":{
        "0":0.0821624924,
        "1":0.0866114953,
        "2":0.0896205357,
        "3":0.0877192982,
        "4":0.0892429324
    }
}