{
    "Actor":{
        "0":0.1039128481
    },
    "Activity":{
        "0":0.2946658858
    },
    "Activity Data":{
        "0":0.1552779779
    },
    "Further Specification":{
        "0":0.3197728751
    },
    "XOR Gateway":{
        "0":0.1105529971
    },
    "Condition Specification":{
        "0":0.2768608329
    },
    "AND Gateway":{
        "0":0.5185048986
    },
    "All":{
        "0":0.1355953104
    }
}