{
    "Actor":{
        "0":0.0759198882,
        "1":0.0782480315,
        "2":0.078117862,
        "3":0.0841633466,
        "4":0.0744456177
    },
    "Activity":{
        "0":0.2175843694,
        "1":0.2010771993,
        "2":0.2117437722,
        "3":0.2182468694,
        "4":0.2279843444
    },
    "Activity Data":{
        "0":0.1139162562,
        "1":0.1110766367,
        "2":0.1084117826,
        "3":0.1178515008,
        "4":0.1213171577
    },
    "Further Specification":{
        "0":0.2274247492,
        "1":0.2170767004,
        "2":0.201183432,
        "3":0.2033462033,
        "4":0.2421602787
    },
    "XOR Gateway":{
        "0":0.0912052117,
        "1":0.1079365079,
        "2":0.1033333333,
        "3":0.1054545455,
        "4":0.0666666667
    },
    "Condition Specification":{
        "0":0.2064700285,
        "1":0.2013129103,
        "2":0.1952479339,
        "3":0.2044573643,
        "4":0.2043715847
    },
    "AND Gateway":{
        "0":0.4117647059,
        "1":0.3870967742,
        "2":0.2580645161,
        "3":0.28125,
        "4":0.4146341463
    },
    "All":{
        "0":0.0970508753,
        "1":0.0938701923,
        "2":0.0934857143,
        "3":0.0986083026,
        "4":0.1005777311
    }
}