{
    "Actor":{
        "0":0.0709427118
    },
    "Activity":{
        "0":0.1814482015
    },
    "Activity Data":{
        "0":0.0964461034
    },
    "Further Specification":{
        "0":0.1909839357
    },
    "XOR Gateway":{
        "0":0.0761985022
    },
    "Condition Specification":{
        "0":0.174073242
    },
    "AND Gateway":{
        "0":0.3180555556
    },
    "All":{
        "0":0.0817104413
    }
}