{
    "Actor":{
        "0":0.0531145717,
        "1":0.0549313358,
        "2":0.0513048636,
        "3":0.060768262,
        "4":0.0561569689
    },
    "Activity":{
        "0":0.1357894737,
        "1":0.1377906977,
        "2":0.1440774487,
        "3":0.151241535,
        "4":0.1392251816
    },
    "Activity Data":{
        "0":0.0717677137,
        "1":0.0761211644,
        "2":0.0750398089,
        "3":0.0744470774,
        "4":0.0807155323
    },
    "Further Specification":{
        "0":0.1461538462,
        "1":0.1454372624,
        "2":0.1429738562,
        "3":0.1445993031,
        "4":0.1780660377
    },
    "XOR Gateway":{
        "0":0.0473484848,
        "1":0.0550847458,
        "2":0.0641025641,
        "3":0.0681818182,
        "4":0.0456521739
    },
    "Condition Specification":{
        "0":0.1316091954,
        "1":0.1482919255,
        "2":0.1357142857,
        "3":0.1288056206,
        "4":0.1349862259
    },
    "AND Gateway":{
        "0":0.203125,
        "1":0.2916666667,
        "2":0.1666666667,
        "3":0.2291666667,
        "4":0.265625
    },
    "All":{
        "0":0.0588399331,
        "1":0.0619365869,
        "2":0.0621649792,
        "3":0.0630428272,
        "4":0.0653295606
    }
}