{
    "Actor":{
        "0":0.1045421774,
        "1":0.112295082,
        "2":0.1057334326,
        "3":0.1195383347,
        "4":0.1065643649
    },
    "Activity":{
        "0":0.3043478261,
        "1":0.3083700441,
        "2":0.3294629898,
        "3":0.3343023256,
        "4":0.3136094675
    },
    "Activity Data":{
        "0":0.1615598886,
        "1":0.1727642276,
        "2":0.169,
        "3":0.1736252546,
        "4":0.1830357143
    },
    "Further Specification":{
        "0":0.2975391499,
        "1":0.3722826087,
        "2":0.3621867882,
        "3":0.3805774278,
        "4":0.419047619
    },
    "XOR Gateway":{
        "0":0.0917874396,
        "1":0.1111111111,
        "2":0.1210526316,
        "3":0.1235955056,
        "4":0.0736842105
    },
    "Condition Specification":{
        "0":0.3002915452,
        "1":0.297833935,
        "2":0.2988505747,
        "3":0.29,
        "4":0.3091872792
    },
    "AND Gateway":{
        "0":0.5909090909,
        "1":0.5454545455,
        "2":0.347826087,
        "3":0.4285714286,
        "4":0.4482758621
    },
    "All":{
        "0":0.1425291416,
        "1":0.1521912351,
        "2":0.1517098054,
        "3":0.1554907677,
        "4":0.1571398439
    }
}