{
    "Actor":{
        "0":0.1370182669
    },
    "Activity":{
        "0":0.417525661
    },
    "Activity Data":{
        "0":0.2179457374
    },
    "Further Specification":{
        "0":0.4410875835
    },
    "XOR Gateway":{
        "0":0.1431171995
    },
    "Condition Specification":{
        "0":0.4052425808
    },
    "AND Gateway":{
        "0":0.7077711762
    },
    "All":{
        "0":0.1939897164
    }
}