{
    "Actor":{
        "0":0.1421744788
    },
    "Activity":{
        "0":0.4231453896
    },
    "Activity Data":{
        "0":0.2199993893
    },
    "Further Specification":{
        "0":0.4436763478
    },
    "XOR Gateway":{
        "0":0.1461145053
    },
    "Condition Specification":{
        "0":0.4070533581
    },
    "AND Gateway":{
        "0":0.7220568905
    },
    "All":{
        "0":0.1948826927
    }
}