{
    "Actor":{
        "0":0.1131444187
    },
    "Activity":{
        "0":0.3080070461
    },
    "Activity Data":{
        "0":0.1656429203
    },
    "Further Specification":{
        "0":0.3239263638
    },
    "XOR Gateway":{
        "0":0.1105377926
    },
    "Condition Specification":{
        "0":0.2816692804
    },
    "AND Gateway":{
        "0":0.4486476795
    },
    "All":{
        "0":0.1420702453
    }
}