{
    "Actor":{
        "0":0.1504149378,
        "1":0.1544532131,
        "2":0.1502645503,
        "3":0.1757575758,
        "4":0.1509661836
    },
    "Activity":{
        "0":0.451171875,
        "1":0.4329896907,
        "2":0.4758909853,
        "3":0.4904051173,
        "4":0.4520255864
    },
    "Activity Data":{
        "0":0.2408304498,
        "1":0.2389318342,
        "2":0.2343966713,
        "3":0.2585291888,
        "4":0.2552529183
    },
    "Further Specification":{
        "0":0.4539249147,
        "1":0.4892857143,
        "2":0.4760479042,
        "3":0.4677419355,
        "4":0.576419214
    },
    "XOR Gateway":{
        "0":0.1338028169,
        "1":0.1782945736,
        "2":0.1869918699,
        "3":0.1803278689,
        "4":0.102189781
    },
    "Condition Specification":{
        "0":0.436440678,
        "1":0.44,
        "2":0.4282352941,
        "3":0.4101010101,
        "4":0.4331683168
    },
    "AND Gateway":{
        "0":0.7647058824,
        "1":1.0,
        "2":0.6153846154,
        "3":0.75,
        "4":0.619047619
    },
    "All":{
        "0":0.2098829649,
        "1":0.2127541075,
        "2":0.2136206438,
        "3":0.2252252252,
        "4":0.2208716276
    }
}