{
    "Actor":{
        "0":0.0423758237
    },
    "Activity":{
        "0":0.0992461589
    },
    "Activity Data":{
        "0":0.0537177157
    },
    "Further Specification":{
        "0":0.107002796
    },
    "XOR Gateway":{
        "0":0.0471098472
    },
    "Condition Specification":{
        "0":0.0959973182
    },
    "AND Gateway":{
        "0":0.1791666667
    },
    "All":{
        "0":0.0426460981
    }
}