{
    "Actor":{
        "0":0.1393596987,
        "1":0.1482617587,
        "2":0.1441263574,
        "3":0.1494949495,
        "4":0.1296296296
    },
    "Activity":{
        "0":0.4193548387,
        "1":0.4132553606,
        "2":0.4395393474,
        "3":0.4379699248,
        "4":0.4056074766
    },
    "Activity Data":{
        "0":0.22,
        "1":0.22265625,
        "2":0.223900197,
        "3":0.2181357007,
        "4":0.215304799
    },
    "Further Specification":{
        "0":0.4393442623,
        "1":0.4539473684,
        "2":0.4392265193,
        "3":0.4256559767,
        "4":0.4602076125
    },
    "XOR Gateway":{
        "0":0.1217948718,
        "1":0.1631205674,
        "2":0.1832061069,
        "3":0.1691176471,
        "4":0.0933333333
    },
    "Condition Specification":{
        "0":0.4241803279,
        "1":0.3851508121,
        "2":0.4441747573,
        "3":0.384469697,
        "4":0.3972911964
    },
    "AND Gateway":{
        "0":0.6842105263,
        "1":1.0,
        "2":0.6428571429,
        "3":0.6923076923,
        "4":0.5909090909
    },
    "All":{
        "0":0.1931709647,
        "1":0.1956577267,
        "2":0.2032193159,
        "3":0.195193008,
        "4":0.1871724482
    }
}