{
    "Actor":{
        "0":0.0966709347,
        "1":0.1113602392,
        "2":0.1020012912,
        "3":0.1034946237,
        "4":0.1060371517
    },
    "Activity":{
        "0":0.2840236686,
        "1":0.3006993007,
        "2":0.2962025316,
        "3":0.2966101695,
        "4":0.2957937585
    },
    "Activity Data":{
        "0":0.1507769845,
        "1":0.1613203161,
        "2":0.1507145951,
        "3":0.1488549618,
        "4":0.1647230321
    },
    "Further Specification":{
        "0":0.288981289,
        "1":0.358974359,
        "2":0.2817391304,
        "3":0.3093812375,
        "4":0.3597883598
    },
    "XOR Gateway":{
        "0":0.0995475113,
        "1":0.1224489796,
        "2":0.1313131313,
        "3":0.1116504854,
        "4":0.087804878
    },
    "Condition Specification":{
        "0":0.2798408488,
        "1":0.3060498221,
        "2":0.2763157895,
        "3":0.2644110276,
        "4":0.2576866764
    },
    "AND Gateway":{
        "0":0.56,
        "1":0.6666666667,
        "2":0.4210526316,
        "3":0.4090909091,
        "4":0.5357142857
    },
    "All":{
        "0":0.1301643005,
        "1":0.1432029795,
        "2":0.1325930764,
        "3":0.1311501855,
        "4":0.14086601
    }
}