{
    "Actor":{
        "0":0.1238257899,
        "1":0.1147403685,
        "2":0.1150729335,
        "3":0.1243567753,
        "4":0.1225490196
    },
    "Activity":{
        "0":0.3581395349,
        "1":0.3271028037,
        "2":0.3626198083,
        "3":0.3715670436,
        "4":0.3648881239
    },
    "Activity Data":{
        "0":0.1878035618,
        "1":0.17507724,
        "2":0.1889323644,
        "3":0.1947458595,
        "4":0.208386277
    },
    "Further Specification":{
        "0":0.4508474576,
        "1":0.3959537572,
        "2":0.4162303665,
        "3":0.3265765766,
        "4":0.4299674267
    },
    "XOR Gateway":{
        "0":0.1049723757,
        "1":0.1270718232,
        "2":0.1360946746,
        "3":0.1456953642,
        "4":0.0869565217
    },
    "Condition Specification":{
        "0":0.3416252073,
        "1":0.3642384106,
        "2":0.3204225352,
        "3":0.3524305556,
        "4":0.3542510121
    },
    "AND Gateway":{
        "0":0.5,
        "1":0.5217391304,
        "2":0.4210526316,
        "3":0.6,
        "4":0.5
    },
    "All":{
        "0":0.1690406368,
        "1":0.1597992052,
        "2":0.1677459787,
        "3":0.1694197374,
        "4":0.1789574826
    }
}