{
    "Actor":{
        "0":0.0411568409,
        "1":0.0405742821,
        "2":0.0417160933,
        "3":0.0451301427,
        "4":0.0433017591
    },
    "Activity":{
        "0":0.0950877193,
        "1":0.0976744186,
        "2":0.099468489,
        "3":0.1027088036,
        "4":0.101291364
    },
    "Activity Data":{
        "0":0.0496712929,
        "1":0.0528455285,
        "2":0.0537420382,
        "3":0.0550289626,
        "4":0.0573007563
    },
    "Further Specification":{
        "0":0.1025641026,
        "1":0.1045627376,
        "2":0.1040305011,
        "3":0.1027874564,
        "4":0.1210691824
    },
    "XOR Gateway":{
        "0":0.0454545455,
        "1":0.0494350282,
        "2":0.0484330484,
        "3":0.0545454545,
        "4":0.0376811594
    },
    "Condition Specification":{
        "0":0.0904214559,
        "1":0.1035196687,
        "2":0.0952380952,
        "3":0.0948477752,
        "4":0.095959596
    },
    "AND Gateway":{
        "0":0.1770833333,
        "1":0.2222222222,
        "2":0.1111111111,
        "3":0.1666666667,
        "4":0.21875
    },
    "All":{
        "0":0.0399702547,
        "1":0.04232722,
        "2":0.0428330355,
        "3":0.0433263452,
        "4":0.0447736352
    }
}