{
    "Actor":{
        "0":0.0470217732
    },
    "Activity":{
        "0":0.115104247
    },
    "Activity Data":{
        "0":0.0621420764
    },
    "Further Specification":{
        "0":0.1263696281
    },
    "XOR Gateway":{
        "0":0.0515222756
    },
    "Condition Specification":{
        "0":0.1107872796
    },
    "AND Gateway":{
        "0":0.1933333333
    },
    "All":{
        "0":0.0505148096
    }
}