{
    "Actor":{
        "0":0.5356705026
    },
    "Activity":{
        "0":0.6162740706
    },
    "Activity Data":{
        "0":0.5819675724
    },
    "Further Specification":{
        "0":0.6798986162
    },
    "XOR Gateway":{
        "0":0.5750344655
    },
    "Condition Specification":{
        "0":0.6600236042
    },
    "AND Gateway":{
        "0":0.7078326746
    },
    "All":{
        "0":0.578943666
    }
}