{
    "Actor":{
        "0":0.2894701546
    },
    "Activity":{
        "0":0.3425746698
    },
    "Activity Data":{
        "0":0.3157783183
    },
    "Further Specification":{
        "0":0.3555348999
    },
    "XOR Gateway":{
        "0":0.3230664518
    },
    "Condition Specification":{
        "0":0.3605698327
    },
    "AND Gateway":{
        "0":0.4014302423
    },
    "All":{
        "0":0.3152329932
    }
}