{
    "Actor":{
        "0":0.3872354339
    },
    "Activity":{
        "0":0.4506474291
    },
    "Activity Data":{
        "0":0.4237724197
    },
    "Further Specification":{
        "0":0.4775975396
    },
    "XOR Gateway":{
        "0":0.422156101
    },
    "Condition Specification":{
        "0":0.4744993997
    },
    "AND Gateway":{
        "0":0.5142857143
    },
    "All":{
        "0":0.420265886
    }
}