{
    "Actor":{
        "0":0.5894843276,
        "1":0.6463560335,
        "2":0.6414201183,
        "3":0.6475609756,
        "4":0.6307692308
    },
    "Activity":{
        "0":0.7013422819,
        "1":0.7529644269,
        "2":0.7647058824,
        "3":0.7572254335,
        "4":0.7520325203
    },
    "Activity Data":{
        "0":0.6706515242,
        "1":0.6986486486,
        "2":0.6811797753,
        "3":0.6791406791,
        "4":0.7091454273
    },
    "Further Specification":{
        "0":0.671957672,
        "1":0.8110749186,
        "2":0.8231884058,
        "3":0.7687861272,
        "4":0.8178294574
    },
    "XOR Gateway":{
        "0":0.5930232558,
        "1":0.6266666667,
        "2":0.8253968254,
        "3":0.703125,
        "4":0.6197183099
    },
    "Condition Specification":{
        "0":0.7657142857,
        "1":0.8108108108,
        "2":0.8159090909,
        "3":0.8024193548,
        "4":0.7398190045
    },
    "AND Gateway":{
        "0":1.0,
        "1":0.7692307692,
        "2":0.875,
        "3":0.8888888889,
        "4":0.7857142857
    },
    "All":{
        "0":0.6480525575,
        "1":0.7015050167,
        "2":0.6965612105,
        "3":0.692182851,
        "4":0.6900619286
    }
}