{
    "Actor":{
        "0":0.5121589361
    },
    "Activity":{
        "0":0.6057255941
    },
    "Activity Data":{
        "0":0.561184223
    },
    "Further Specification":{
        "0":0.7010611399
    },
    "XOR Gateway":{
        "0":0.5589236311
    },
    "Condition Specification":{
        "0":0.655378941
    },
    "AND Gateway":{
        "0":0.6540111419
    },
    "All":{
        "0":0.5645232078
    }
}