{
    "Actor":{
        "0":0.53902071
    },
    "Activity":{
        "0":0.6415765462
    },
    "Activity Data":{
        "0":0.603172488
    },
    "Further Specification":{
        "0":0.7318847322
    },
    "XOR Gateway":{
        "0":0.5879679911
    },
    "Condition Specification":{
        "0":0.6806434162
    },
    "AND Gateway":{
        "0":0.6943472764
    },
    "All":{
        "0":0.5980358579
    }
}