{
    "Actor":{
        "0":0.4847161572,
        "1":0.5592672414,
        "2":0.4911627907,
        "3":0.4631294964,
        "4":0.5090715048
    },
    "Activity":{
        "0":0.5427408412,
        "1":0.6292517007,
        "2":0.5965463108,
        "3":0.5192307692,
        "4":0.595
    },
    "Activity Data":{
        "0":0.52,
        "1":0.607358263,
        "2":0.5138061722,
        "3":0.4849246231,
        "4":0.5827020202
    },
    "Further Specification":{
        "0":0.6555555556,
        "1":0.7209302326,
        "2":0.752,
        "3":0.5146771037,
        "4":0.5994065282
    },
    "XOR Gateway":{
        "0":0.48,
        "1":0.6025641026,
        "2":0.6172839506,
        "3":0.5375,
        "4":0.5454545455
    },
    "Condition Specification":{
        "0":0.5940298507,
        "1":0.6520787746,
        "2":0.606271777,
        "3":0.563583815,
        "4":0.6913319239
    },
    "AND Gateway":{
        "0":0.5217391304,
        "1":0.9090909091,
        "2":0.875,
        "3":0.5,
        "4":0.7333333333
    },
    "All":{
        "0":0.5195652174,
        "1":0.6045767717,
        "2":0.5390472047,
        "3":0.487619419,
        "4":0.5664926672
    }
}