{
    "Actor":{
        "0":0.4379845004
    },
    "Activity":{
        "0":0.510258273
    },
    "Activity Data":{
        "0":0.4916736803
    },
    "Further Specification":{
        "0":0.5404553211
    },
    "XOR Gateway":{
        "0":0.4645238204
    },
    "Condition Specification":{
        "0":0.525100367
    },
    "AND Gateway":{
        "0":0.54004329
    },
    "All":{
        "0":0.4767658485
    }
}