{
    "Actor":{
        "0":0.5703048181,
        "1":0.5199619772,
        "2":0.5199258573,
        "3":0.536345776,
        "4":0.5485651214
    },
    "Activity":{
        "0":0.6372093023,
        "1":0.6230529595,
        "2":0.6389776358,
        "3":0.6494345719,
        "4":0.6592082616
    },
    "Activity Data":{
        "0":0.6267179769,
        "1":0.5747368421,
        "2":0.5902383655,
        "3":0.6007005254,
        "4":0.6234687299
    },
    "Further Specification":{
        "0":0.813559322,
        "1":0.7341040462,
        "2":0.7905759162,
        "3":0.6306306306,
        "4":0.6905537459
    },
    "XOR Gateway":{
        "0":0.6,
        "1":0.5319148936,
        "2":0.6265060241,
        "3":0.6301369863,
        "4":0.5512820513
    },
    "Condition Specification":{
        "0":0.688225539,
        "1":0.6792035398,
        "2":0.6466431095,
        "3":0.7055749129,
        "4":0.6835699797
    },
    "AND Gateway":{
        "0":0.7142857143,
        "1":0.5263157895,
        "2":0.6363636364,
        "3":0.8888888889,
        "4":0.7058823529
    },
    "All":{
        "0":0.6182831661,
        "1":0.5802441731,
        "2":0.5897094699,
        "3":0.5952808989,
        "4":0.6066615815
    }
}