{
    "Actor":{
        "0":0.3480128894,
        "1":0.3530405405,
        "2":0.3403361345,
        "3":0.3548571429,
        "4":0.3494913226
    },
    "Activity":{
        "0":0.4262877442,
        "1":0.4012567325,
        "2":0.4145907473,
        "3":0.4114490161,
        "4":0.4403131115
    },
    "Activity Data":{
        "0":0.4026908636,
        "1":0.4074309305,
        "2":0.3705991353,
        "3":0.3994828701,
        "4":0.4037988041
    },
    "Further Specification":{
        "0":0.4264214047,
        "1":0.4370477569,
        "2":0.4094674556,
        "3":0.4144144144,
        "4":0.425087108
    },
    "XOR Gateway":{
        "0":0.4100719424,
        "1":0.4064516129,
        "2":0.3806451613,
        "3":0.3615384615,
        "4":0.3432835821
    },
    "Condition Specification":{
        "0":0.4319695528,
        "1":0.4182217344,
        "2":0.4068322981,
        "3":0.4427184466,
        "4":0.4151150055
    },
    "AND Gateway":{
        "0":0.52,
        "1":0.3703703704,
        "2":0.3684210526,
        "3":0.380952381,
        "4":0.6296296296
    },
    "All":{
        "0":0.388770789,
        "1":0.3879585837,
        "2":0.3661374379,
        "3":0.3861111111,
        "4":0.3869710468
    }
}