{
    "Actor":{
        "0":0.4505169867,
        "1":0.507346586,
        "2":0.4423076923,
        "3":0.4313123561,
        "4":0.4558180227
    },
    "Activity":{
        "0":0.5289940828,
        "1":0.565034965,
        "2":0.5303797468,
        "3":0.5169491525,
        "4":0.5386702849
    },
    "Activity Data":{
        "0":0.5169164882,
        "1":0.5400284225,
        "2":0.4718309859,
        "3":0.4833116602,
        "4":0.5044378698
    },
    "Further Specification":{
        "0":0.5571725572,
        "1":0.6794871795,
        "2":0.532173913,
        "3":0.5928143713,
        "4":0.5714285714
    },
    "XOR Gateway":{
        "0":0.5,
        "1":0.5425531915,
        "2":0.5473684211,
        "3":0.5051546392,
        "4":0.4838709677
    },
    "Condition Specification":{
        "0":0.5636604775,
        "1":0.575,
        "2":0.5454545455,
        "3":0.5489949749,
        "4":0.5066079295
    },
    "AND Gateway":{
        "0":0.6842105263,
        "1":0.6666666667,
        "2":0.7,
        "3":0.5333333333,
        "4":0.7894736842
    },
    "All":{
        "0":0.4984719864,
        "1":0.5404601349,
        "2":0.4745498615,
        "3":0.4826347305,
        "4":0.4916322111
    }
}