{
    "Actor":{
        "0":0.3035714286,
        "1":0.3151602104,
        "2":0.3224785165,
        "3":0.3232323232,
        "4":0.314446146
    },
    "Activity":{
        "0":0.3677192982,
        "1":0.3674418605,
        "2":0.3781321185,
        "3":0.374717833,
        "4":0.3599677159
    },
    "Activity Data":{
        "0":0.3467261905,
        "1":0.3622722401,
        "2":0.3373786408,
        "3":0.3384408602,
        "4":0.3614066194
    },
    "Further Specification":{
        "0":0.3807692308,
        "1":0.3929024081,
        "2":0.3888888889,
        "3":0.425087108,
        "4":0.3710691824
    },
    "XOR Gateway":{
        "0":0.3279569892,
        "1":0.3222222222,
        "2":0.3040935673,
        "3":0.3529411765,
        "4":0.3271604938
    },
    "Condition Specification":{
        "0":0.3754789272,
        "1":0.3831775701,
        "2":0.3567708333,
        "3":0.3748043818,
        "4":0.3701657459
    },
    "AND Gateway":{
        "0":0.4722222222,
        "1":0.4333333333,
        "2":0.4761904762,
        "3":0.3333333333,
        "4":0.4242424242
    },
    "All":{
        "0":0.3347172796,
        "1":0.3473278237,
        "2":0.3351231838,
        "3":0.3424396442,
        "4":0.3423932227
    }
}