{
    "Actor":{
        "0":0.3266627428,
        "1":0.3042203986,
        "2":0.328358209,
        "3":0.3344155844,
        "4":0.3173652695
    },
    "Activity":{
        "0":0.3816793893,
        "1":0.3578336557,
        "2":0.3974895397,
        "3":0.3791374122,
        "4":0.3793836344
    },
    "Activity Data":{
        "0":0.3626033058,
        "1":0.3371275527,
        "2":0.3507021434,
        "3":0.3456303725,
        "4":0.3588646967
    },
    "Further Specification":{
        "0":0.4290909091,
        "1":0.371814093,
        "2":0.4234234234,
        "3":0.4318555008,
        "4":0.429787234
    },
    "XOR Gateway":{
        "0":0.3529411765,
        "1":0.3071895425,
        "2":0.4098360656,
        "3":0.3333333333,
        "4":0.336
    },
    "Condition Specification":{
        "0":0.3845410628,
        "1":0.3926218709,
        "2":0.4371859296,
        "3":0.3979591837,
        "4":0.397326853
    },
    "AND Gateway":{
        "0":0.4444444444,
        "1":0.3448275862,
        "2":0.4666666667,
        "3":0.347826087,
        "4":0.4074074074
    },
    "All":{
        "0":0.3553182863,
        "1":0.3349693252,
        "2":0.360751201,
        "3":0.353748232,
        "4":0.3527317753
    }
}