{
    "F1 CRF":{
        "0.05":0.5771158149,
        "0.1":0.5792562161,
        "0.15":0.5650434321,
        "0.2":0.5656164911,
        "0.25":0.5228708195,
        "0.3":0.5718185185,
        "0.35":0.5617257351,
        "0.4":0.5661412156,
        "0.45":0.5794594683,
        "0.5":0.5616614462,
        "0.55":0.5680946761,
        "0.6":0.5534137221,
        "0.65":0.5730397791,
        "0.7":0.5894936603,
        "0.75":0.5883131751,
        "0.8":0.5757984859,
        "0.85":0.563774543,
        "0.9":0.5690592202,
        "0.95":0.5681776195,
        "1.0":0.5650290064
    },
    "F1 Neural":{
        "0.05":0.3405132905,
        "0.1":0.3326888863,
        "0.15":0.3212264154,
        "0.2":0.3241946877,
        "0.25":0.3268131265,
        "0.3":0.3426833961,
        "0.35":0.3259833904,
        "0.4":0.3413099324,
        "0.45":0.3326818112,
        "0.5":0.3338498846,
        "0.55":0.3291158543,
        "0.6":0.3392001553,
        "0.65":0.3328418077,
        "0.7":0.3268826299,
        "0.75":0.322099884,
        "0.8":0.3232644559,
        "0.85":0.3128142704,
        "0.9":0.3170683537,
        "0.95":0.3097966312,
        "1.0":0.3226850155
    },
    "F1 Relation":{
        "0.05":0.3195123799,
        "0.1":0.3238712849,
        "0.15":0.3053136143,
        "0.2":0.3127959154,
        "0.25":0.2876819315,
        "0.3":0.3244842501,
        "0.35":0.3008664847,
        "0.4":0.3109435461,
        "0.45":0.3046784512,
        "0.5":0.3181416163,
        "0.55":0.3132381854,
        "0.6":0.2922954357,
        "0.65":0.3118681584,
        "0.7":0.3147847615,
        "0.75":0.3069711376,
        "0.8":0.3088771885,
        "0.85":0.3017104726,
        "0.9":0.305602671,
        "0.95":0.2858909771,
        "1.0":0.302314154
    },
    "TTR":{
        "0.05":0.1189255963,
        "0.1":0.1189255963,
        "0.15":0.1189255963,
        "0.2":0.1189255963,
        "0.25":0.1189255963,
        "0.3":0.1189255963,
        "0.35":0.1189255963,
        "0.4":0.1189255963,
        "0.45":0.1189255963,
        "0.5":0.1189255963,
        "0.55":0.1189255963,
        "0.6":0.1189255963,
        "0.65":0.1189255963,
        "0.7":0.1189255963,
        "0.75":0.1189255963,
        "0.8":0.1189255963,
        "0.85":0.1189255963,
        "0.9":0.1189255963,
        "0.95":0.1189255963,
        "1.0":0.1189255963
    },
    "UCER":{
        "0.05":0.4182620047,
        "0.1":0.4403785402,
        "0.15":0.4625311449,
        "0.2":0.4869014212,
        "0.25":0.5039380237,
        "0.3":0.5236347329,
        "0.35":0.5398336801,
        "0.4":0.5692497738,
        "0.45":0.5850682273,
        "0.5":0.5964230925,
        "0.55":0.6184349721,
        "0.6":0.6272878415,
        "0.65":0.6526626029,
        "0.7":0.6699632594,
        "0.75":0.6905686179,
        "0.8":0.7008319944,
        "0.85":0.7199569963,
        "0.9":0.728849458,
        "0.95":0.7570020702,
        "1.0":0.7702456211
    },
    "BleuScore":{
        "0.05":0.249147291,
        "0.1":0.0269105879,
        "0.15":0.0019105689,
        "0.2":0.0003015673,
        "0.25":0.0004776977,
        "0.3":0.0000136732,
        "0.35":0.0000000253,
        "0.4":0.0000000005,
        "0.45":0.0,
        "0.5":0.0,
        "0.55":0.0,
        "0.6":2.657722501e-17,
        "0.65":1.087455841e-17,
        "0.7":4.644891173e-20,
        "0.75":1.269447742e-25,
        "0.8":1.459385403e-26,
        "0.85":1.423392348e-29,
        "0.9":1.945044685e-32,
        "0.95":5.289680107e-34,
        "1.0":1.150952709e-41
    }
}