{
    "Bleu Score":{
        "0":4.062298372e-21,
        "1":1.258239778e-22,
        "2":1.080162453e-22,
        "3":1.385647411e-24,
        "4":2.279470344e-19
    }
}