{
    "Bleu Score":{
        "0":8.151315785e-45,
        "1":2.943105304e-46,
        "2":2.762698112e-42,
        "3":3.979147806e-50,
        "4":5.477649167e-41
    }
}