{
    "Bleu Score":{
        "0":0.0000000003,
        "1":0.0000000013,
        "2":0.0000000006,
        "3":0.0,
        "4":0.0000000001
    }
}