{
    "Bleu Score":{
        "0":4.274032331e-21,
        "1":1.603139394e-23,
        "2":5.903183631e-20,
        "3":2.781737818e-17,
        "4":2.649209199e-17
    }
}