{
    "Bleu Score":{
        "0":0.0008915894,
        "1":0.0005326162,
        "2":0.000614506,
        "3":0.0049727287,
        "4":0.0025414043
    }
}