{
    "Bleu Score":{
        "0":7.008404013e-29,
        "1":1.390666655e-35,
        "2":1.577986216e-34,
        "3":1.245912689e-34,
        "4":1.085280949e-30
    }
}