{
    "Actor":{
        "0":0.0852539697
    },
    "Activity":{
        "0":0.2524276715
    },
    "Activity Data":{
        "0":0.1346379532
    },
    "Further Specification":{
        "0":0.2679926842
    },
    "XOR Gateway":{
        "0":0.0857174975
    },
    "Condition Specification":{
        "0":0.2416216351
    },
    "AND Gateway":{
        "0":0.4041666667
    },
    "All":{
        "0":0.1189255963
    }
}