{
    "Actor":{
        "0":0.4419642857,
        "1":0.4218077475,
        "2":0.4145183175,
        "3":0.4285714286,
        "4":0.4173047473
    },
    "Activity":{
        "0":0.48,
        "1":0.4906976744,
        "2":0.4851936219,
        "3":0.467268623,
        "4":0.4769975787
    },
    "Activity Data":{
        "0":0.4613095238,
        "1":0.4887459807,
        "2":0.4579288026,
        "3":0.4459677419,
        "4":0.4667553191
    },
    "Further Specification":{
        "0":0.5615384615,
        "1":0.5874524715,
        "2":0.522875817,
        "3":0.5,
        "4":0.5188679245
    },
    "XOR Gateway":{
        "0":0.4758064516,
        "1":0.4833333333,
        "2":0.5175438596,
        "3":0.4901960784,
        "4":0.462962963
    },
    "Condition Specification":{
        "0":0.5264367816,
        "1":0.5358255452,
        "2":0.53125,
        "3":0.5176056338,
        "4":0.5386740331
    },
    "AND Gateway":{
        "0":0.5416666667,
        "1":0.55,
        "2":0.5,
        "3":0.5625,
        "4":0.5
    },
    "All":{
        "0":0.4653024911,
        "1":0.48,
        "2":0.4572015161,
        "3":0.4509212198,
        "4":0.4592304977
    }
}