{
    "Actor":{
        "0":0.6128826531,
        "1":0.6413199426,
        "2":0.5970149254,
        "3":0.6262626263,
        "4":0.617151608
    },
    "Activity":{
        "0":0.6663157895,
        "1":0.6895348837,
        "2":0.69476082,
        "3":0.6749435666,
        "4":0.6828087167
    },
    "Activity Data":{
        "0":0.7068452381,
        "1":0.7186495177,
        "2":0.7046925566,
        "3":0.6818548387,
        "4":0.7353723404
    },
    "Further Specification":{
        "0":0.8576923077,
        "1":0.8117870722,
        "2":0.8480392157,
        "3":0.862369338,
        "4":0.8608490566
    },
    "XOR Gateway":{
        "0":0.6612903226,
        "1":0.6916666667,
        "2":0.7807017544,
        "3":0.7647058824,
        "4":0.712962963
    },
    "Condition Specification":{
        "0":0.8402298851,
        "1":0.8520249221,
        "2":0.8046875,
        "3":0.8427230047,
        "4":0.8522099448
    },
    "AND Gateway":{
        "0":0.7916666667,
        "1":1.0,
        "2":0.9285714286,
        "3":0.875,
        "4":0.8636363636
    },
    "All":{
        "0":0.6926156584,
        "1":0.7095867769,
        "2":0.6929879975,
        "3":0.6964739517,
        "4":0.7124955877
    }
}