{
    "Actor":{
        "0":0.4821428571,
        "1":0.4835007174,
        "2":0.4538670285,
        "3":0.4848484848,
        "4":0.4724349158
    },
    "Activity":{
        "0":0.5210526316,
        "1":0.5488372093,
        "2":0.5615034169,
        "3":0.5259593679,
        "4":0.5411622276
    },
    "Activity Data":{
        "0":0.5279017857,
        "1":0.5514469453,
        "2":0.5335760518,
        "3":0.5048387097,
        "4":0.5359042553
    },
    "Further Specification":{
        "0":0.6326923077,
        "1":0.6292775665,
        "2":0.5849673203,
        "3":0.5696864111,
        "4":0.6037735849
    },
    "XOR Gateway":{
        "0":0.4838709677,
        "1":0.5833333333,
        "2":0.5438596491,
        "3":0.5882352941,
        "4":0.5
    },
    "Condition Specification":{
        "0":0.5816091954,
        "1":0.6464174455,
        "2":0.6015625,
        "3":0.5845070423,
        "4":0.5828729282
    },
    "AND Gateway":{
        "0":0.5833333333,
        "1":0.55,
        "2":0.5,
        "3":0.625,
        "4":0.5454545455
    },
    "All":{
        "0":0.5192763938,
        "1":0.5454545455,
        "2":0.521004422,
        "3":0.5114358323,
        "4":0.5210024709
    }
}