{
    "Actor":{
        "0":0.4955357143,
        "1":0.5243902439,
        "2":0.5196743555,
        "3":0.5331890332,
        "4":0.517611026
    },
    "Activity":{
        "0":0.5631578947,
        "1":0.5569767442,
        "2":0.5979498861,
        "3":0.5643340858,
        "4":0.5702179177
    },
    "Activity Data":{
        "0":0.5524553571,
        "1":0.5844051447,
        "2":0.5663430421,
        "3":0.5689516129,
        "4":0.5726950355
    },
    "Further Specification":{
        "0":0.6884615385,
        "1":0.6330798479,
        "2":0.6535947712,
        "3":0.7317073171,
        "4":0.7240566038
    },
    "XOR Gateway":{
        "0":0.5806451613,
        "1":0.5916666667,
        "2":0.6754385965,
        "3":0.6568627451,
        "4":0.537037037
    },
    "Condition Specification":{
        "0":0.6413793103,
        "1":0.691588785,
        "2":0.6783854167,
        "3":0.6420187793,
        "4":0.6657458564
    },
    "AND Gateway":{
        "0":0.9166666667,
        "1":0.7,
        "2":0.7857142857,
        "3":0.625,
        "4":0.5
    },
    "All":{
        "0":0.5523428233,
        "1":0.5745454545,
        "2":0.5723310171,
        "3":0.5760800508,
        "4":0.5709495235
    }
}