{
    "Actor":{
        "0":0.3737244898,
        "1":0.3852223816,
        "2":0.3751696065,
        "3":0.3946608947,
        "4":0.3813169985
    },
    "Activity":{
        "0":0.4378947368,
        "1":0.4476744186,
        "2":0.4464692483,
        "3":0.4582392777,
        "4":0.4479418886
    },
    "Activity Data":{
        "0":0.4051339286,
        "1":0.4300643087,
        "2":0.4021035599,
        "3":0.4060483871,
        "4":0.427748227
    },
    "Further Specification":{
        "0":0.4538461538,
        "1":0.4733840304,
        "2":0.4901960784,
        "3":0.5174216028,
        "4":0.4811320755
    },
    "XOR Gateway":{
        "0":0.3951612903,
        "1":0.4166666667,
        "2":0.4824561404,
        "3":0.4607843137,
        "4":0.4074074074
    },
    "Condition Specification":{
        "0":0.4931034483,
        "1":0.4875389408,
        "2":0.47265625,
        "3":0.4976525822,
        "4":0.5138121547
    },
    "AND Gateway":{
        "0":0.5,
        "1":0.5,
        "2":0.5714285714,
        "3":0.5,
        "4":0.5
    },
    "All":{
        "0":0.4067319098,
        "1":0.4251239669,
        "2":0.4104548326,
        "3":0.4247141042,
        "4":0.42428521
    }
}