{
    "Actor":{
        "0":0.5452806122,
        "1":0.5545193687,
        "2":0.5352781547,
        "3":0.5158730159,
        "4":0.5313935681
    },
    "Activity":{
        "0":0.5873684211,
        "1":0.5941860465,
        "2":0.6093394077,
        "3":0.5936794582,
        "4":0.6016949153
    },
    "Activity Data":{
        "0":0.5952380952,
        "1":0.6077170418,
        "2":0.5922330097,
        "3":0.6120967742,
        "4":0.6054964539
    },
    "Further Specification":{
        "0":0.6576923077,
        "1":0.716730038,
        "2":0.6797385621,
        "3":0.7055749129,
        "4":0.766509434
    },
    "XOR Gateway":{
        "0":0.6451612903,
        "1":0.5833333333,
        "2":0.6140350877,
        "3":0.637254902,
        "4":0.5462962963
    },
    "Condition Specification":{
        "0":0.6862068966,
        "1":0.6900311526,
        "2":0.66796875,
        "3":0.7323943662,
        "4":0.6947513812
    },
    "AND Gateway":{
        "0":0.8333333333,
        "1":0.8,
        "2":1.0,
        "3":0.5,
        "4":0.5909090909
    },
    "All":{
        "0":0.5892645314,
        "1":0.6038016529,
        "2":0.5885975995,
        "3":0.6019695044,
        "4":0.5984821744
    }
}