{
    "Actor":{
        "0":0.5364689439
    },
    "Activity":{
        "0":0.5972536498
    },
    "Activity Data":{
        "0":0.602556275
    },
    "Further Specification":{
        "0":0.7052490509
    },
    "XOR Gateway":{
        "0":0.6052161819
    },
    "Condition Specification":{
        "0":0.6942705093
    },
    "AND Gateway":{
        "0":0.7448484848
    },
    "All":{
        "0":0.5964230925
    }
}