{
    "Actor":{
        "0":0.4309685521
    },
    "Activity":{
        "0":0.5047123423
    },
    "Activity Data":{
        "0":0.4977283497
    },
    "Further Specification":{
        "0":0.557772366
    },
    "XOR Gateway":{
        "0":0.5091057921
    },
    "Condition Specification":{
        "0":0.5607729049
    },
    "AND Gateway":{
        "0":0.5740151515
    },
    "All":{
        "0":0.4869014212
    }
}