{
    "Actor":{
        "0":0.5580357143,
        "1":0.5889526542,
        "2":0.5848032564,
        "3":0.5836940837,
        "4":0.5635528331
    },
    "Activity":{
        "0":0.6368421053,
        "1":0.6302325581,
        "2":0.6332574032,
        "3":0.6264108352,
        "4":0.6549636804
    },
    "Activity Data":{
        "0":0.6774553571,
        "1":0.6676045016,
        "2":0.6334951456,
        "3":0.6512096774,
        "4":0.6684397163
    },
    "Further Specification":{
        "0":0.7326923077,
        "1":0.7984790875,
        "2":0.7908496732,
        "3":0.7682926829,
        "4":0.7830188679
    },
    "XOR Gateway":{
        "0":0.7177419355,
        "1":0.6833333333,
        "2":0.7543859649,
        "3":0.7647058824,
        "4":0.6203703704
    },
    "Condition Specification":{
        "0":0.7896551724,
        "1":0.7897196262,
        "2":0.77734375,
        "3":0.7828638498,
        "4":0.7955801105
    },
    "AND Gateway":{
        "0":0.875,
        "1":0.55,
        "2":0.7142857143,
        "3":0.625,
        "4":1.0
    },
    "All":{
        "0":0.6509489917,
        "1":0.6601652893,
        "2":0.64576753,
        "3":0.6520012706,
        "4":0.6544299329
    }
}