{
    "Actor":{
        "0":0.6658163265,
        "1":0.6893830703,
        "2":0.6702849389,
        "3":0.6962481962,
        "4":0.6615620214
    },
    "Activity":{
        "0":0.7231578947,
        "1":0.7348837209,
        "2":0.7380410023,
        "3":0.730248307,
        "4":0.7324455206
    },
    "Activity Data":{
        "0":0.783110119,
        "1":0.7958199357,
        "2":0.7714401294,
        "3":0.7794354839,
        "4":0.797429078
    },
    "Further Specification":{
        "0":0.925,
        "1":0.9353612167,
        "2":0.9215686275,
        "3":0.9233449477,
        "4":0.9410377358
    },
    "XOR Gateway":{
        "0":0.7419354839,
        "1":0.8166666667,
        "2":0.798245614,
        "3":0.8333333333,
        "4":0.7962962963
    },
    "Condition Specification":{
        "0":0.9333333333,
        "1":0.9361370717,
        "2":0.9244791667,
        "3":0.9319248826,
        "4":0.9198895028
    },
    "AND Gateway":{
        "0":0.9166666667,
        "1":0.95,
        "2":1.0,
        "3":0.9375,
        "4":0.9545454545
    },
    "All":{
        "0":0.7620106762,
        "1":0.7811570248,
        "2":0.7627921668,
        "3":0.7754129606,
        "4":0.7698552771
    }
}