{
    "Actor":{
        "0":0.6034720758
    },
    "Activity":{
        "0":0.6712665992
    },
    "Activity Data":{
        "0":0.704433437
    },
    "Further Specification":{
        "0":0.8077420284
    },
    "XOR Gateway":{
        "0":0.7336315198
    },
    "Condition Specification":{
        "0":0.8314829232
    },
    "AND Gateway":{
        "0":0.9191991342
    },
    "All":{
        "0":0.6905686179
    }
}