{
    "F1 CRF":{
        "0.0":0.5253656897,
        "0.1":0.530147973,
        "0.2":0.5229919395,
        "0.3":0.539808693,
        "0.4":0.5197628496,
        "0.5":0.542074055,
        "0.6":0.5653484007,
        "0.7":0.5527968758,
        "0.8":0.5563173274,
        "0.9":0.5712295059,
        "1.0":0.579806012,
        "1.25":0.5717680324,
        "1.5":0.5880145072,
        "1.75":0.56904692,
        "2.0":0.547504149,
        "3.0":0.5526732769,
        "4.0":0.5352668235,
        "5.0":0.5805488419,
        "7.0":0.543401821,
        "10.0":0.5644060562
    },
    "F1 Neural":{
        "0.0":0.3280385747,
        "0.1":0.3262471949,
        "0.2":0.308283804,
        "0.3":0.3292628406,
        "0.4":0.3246073544,
        "0.5":0.3232570943,
        "0.6":0.3344606288,
        "0.7":0.3263768483,
        "0.8":0.3432059332,
        "0.9":0.322304372,
        "1.0":0.3328789378,
        "1.25":0.331000978,
        "1.5":0.3310222442,
        "1.75":0.3309190788,
        "2.0":0.3291807021,
        "3.0":0.3308893111,
        "4.0":0.3262208272,
        "5.0":0.3303444546,
        "7.0":0.3299384697,
        "10.0":0.3172471965
    },
    "F1 Relation":{
        "0.0":0.2922315621,
        "0.1":0.3033804659,
        "0.2":0.2618116203,
        "0.3":0.2782504672,
        "0.4":0.277144925,
        "0.5":0.2996345465,
        "0.6":0.2850093709,
        "0.7":0.3048187743,
        "0.8":0.2937905356,
        "0.9":0.3034292551,
        "1.0":0.2955039152,
        "1.25":0.3099847093,
        "1.5":0.3181060697,
        "1.75":0.300454548,
        "2.0":0.2926490521,
        "3.0":0.2987095637,
        "4.0":0.2737898222,
        "5.0":0.2964093585,
        "7.0":0.2930208873,
        "10.0":0.2813318307
    },
    "TTR":{
        "0.0":0.2378511926,
        "0.1":0.2184893649,
        "0.2":0.1981932949,
        "0.3":0.1894608241,
        "0.4":0.1721992853,
        "0.5":0.1552638042,
        "0.6":0.151760613,
        "0.7":0.1382014221,
        "0.8":0.1370524273,
        "0.9":0.1257505566,
        "1.0":0.1203800466,
        "1.25":0.1065593273,
        "1.5":0.0964421217,
        "1.75":0.0878504946,
        "2.0":0.081347078,
        "3.0":0.0617385492,
        "4.0":0.0498628893,
        "5.0":0.0419867712,
        "7.0":0.0319998724,
        "10.0":0.0235838663
    },
    "UCER":{
        "0.0":0.7946997503,
        "0.1":0.7360170823,
        "0.2":0.6745880412,
        "0.3":0.650892223,
        "0.4":0.5972640574,
        "0.5":0.5450821892,
        "0.6":0.5357445601,
        "0.7":0.4953455739,
        "0.8":0.4892490265,
        "0.9":0.4558714264,
        "1.0":0.4403546188,
        "1.25":0.3999210469,
        "1.5":0.3691286444,
        "1.75":0.3410032816,
        "2.0":0.3213796716,
        "3.0":0.2612040438,
        "4.0":0.2223370649,
        "5.0":0.2005170353,
        "7.0":0.166939595,
        "10.0":0.139395563
    },
    "BleuScore":{
        "0.0":1.0,
        "0.1":0.8146101803,
        "0.2":0.9652078313,
        "0.3":0.9509537749,
        "0.4":0.938259899,
        "0.5":0.917851267,
        "0.6":0.9190000248,
        "0.7":0.9066892479,
        "0.8":0.9067097775,
        "0.9":0.894723338,
        "1.0":0.6645183453,
        "1.25":0.8752825365,
        "1.5":0.8676064959,
        "1.75":0.7692936371,
        "2.0":0.7697801228,
        "3.0":0.7701985955,
        "4.0":0.655825981,
        "5.0":0.7719402808,
        "7.0":0.818371005,
        "10.0":0.7536391226
    }
}