{
    "Bleu Score":{
        "0":0.8677380901,
        "1":0.8652660263,
        "2":0.8671297095,
        "3":0.8573072246,
        "4":0.880591429
    }
}