{
    "Bleu Score":{
        "0":0.1534371307,
        "1":0.9823140205,
        "2":0.978038801,
        "3":0.980031164,
        "4":0.9792297855
    }
}