{
    "Bleu Score":{
        "0":0.9306774184,
        "1":0.9448669874,
        "2":0.9388535987,
        "3":0.9310449988,
        "4":0.9458564919
    }
}