{
    "Bleu Score":{
        "0":0.9106280167,
        "1":0.9198151596,
        "2":0.9139568683,
        "3":0.9326265074,
        "4":0.912229783
    }
}