{
    "Bleu Score":{
        "0":0.9404699299,
        "1":0.9423300324,
        "2":0.91968619,
        "3":0.9458002439,
        "4":0.9579644
    }
}