{
    "Bleu Score":{
        "0":0.9650590863,
        "1":0.9601702371,
        "2":0.9291317719,
        "3":0.945322339,
        "4":0.9550854402
    }
}