{
    "Bleu Score":{
        "0":0.8768028981,
        "1":0.8743802925,
        "2":0.8778653859,
        "3":0.8757690539,
        "4":0.8715950518
    }
}