{
    "Bleu Score":{
        "0":0.9197254757,
        "1":0.911295025,
        "2":0.9015281368,
        "3":0.9128062111,
        "4":0.8881940391
    }
}