{
    "Actor":{
        "0":0.1054320761
    },
    "Activity":{
        "0":0.3001961574
    },
    "Activity Data":{
        "0":0.1611000048
    },
    "Further Specification":{
        "0":0.321338817
    },
    "XOR Gateway":{
        "0":0.1111357486
    },
    "Condition Specification":{
        "0":0.2903322567
    },
    "AND Gateway":{
        "0":0.5163522335
    },
    "All":{
        "0":0.1399519473
    }
}