{
    "Actor":{
        "0":0.1355788401
    },
    "Activity":{
        "0":0.4044724063
    },
    "Activity Data":{
        "0":0.2124674858
    },
    "Further Specification":{
        "0":0.4345499463
    },
    "XOR Gateway":{
        "0":0.1385494194
    },
    "Condition Specification":{
        "0":0.3855142048
    },
    "AND Gateway":{
        "0":0.6610364146
    },
    "All":{
        "0":0.1889617385
    }
}