{
    "Actor":{
        "0":0.0725,
        "1":0.0729499468,
        "2":0.0732714138,
        "3":0.0819672131,
        "4":0.0755287009
    },
    "Activity":{
        "0":0.2193732194,
        "1":0.2081268583,
        "2":0.2238658777,
        "3":0.2361396304,
        "4":0.2272240086
    },
    "Activity Data":{
        "0":0.1141732283,
        "1":0.1135983963,
        "2":0.1183887916,
        "3":0.1239549255,
        "4":0.1271810779
    },
    "Further Specification":{
        "0":0.2449355433,
        "1":0.2041728763,
        "2":0.2051612903,
        "3":0.2312599681,
        "4":0.2727272727
    },
    "XOR Gateway":{
        "0":0.0673758865,
        "1":0.0815602837,
        "2":0.0821428571,
        "3":0.0936170213,
        "4":0.0542635659
    },
    "Condition Specification":{
        "0":0.2212674544,
        "1":0.2162516383,
        "2":0.2091954023,
        "3":0.2248062016,
        "4":0.2016129032
    },
    "AND Gateway":{
        "0":0.3714285714,
        "1":0.4,
        "2":0.275862069,
        "3":0.3461538462,
        "4":0.3939393939
    },
    "All":{
        "0":0.1022554486,
        "1":0.1001835825,
        "2":0.1034660482,
        "3":0.1098146877,
        "4":0.1093979442
    }
}