{
    "Actor":{
        "0":0.0709820589
    },
    "Activity":{
        "0":0.1937726914
    },
    "Activity Data":{
        "0":0.103341907
    },
    "Further Specification":{
        "0":0.2063909911
    },
    "XOR Gateway":{
        "0":0.072859671
    },
    "Condition Specification":{
        "0":0.1820625237
    },
    "AND Gateway":{
        "0":0.2912254902
    },
    "All":{
        "0":0.0878504946
    }
}