{
    "Actor":{
        "0":0.1460914393
    },
    "Activity":{
        "0":0.4362191644
    },
    "Activity Data":{
        "0":0.2334333971
    },
    "Further Specification":{
        "0":0.4352639288
    },
    "XOR Gateway":{
        "0":0.1537029686
    },
    "Condition Specification":{
        "0":0.4239905997
    },
    "AND Gateway":{
        "0":0.7347482583
    },
    "All":{
        "0":0.2039774458
    }
}