{
    "Actor":{
        "0":0.1149238212
    },
    "Activity":{
        "0":0.324357796
    },
    "Activity Data":{
        "0":0.1718199659
    },
    "Further Specification":{
        "0":0.3518794187
    },
    "XOR Gateway":{
        "0":0.1133050205
    },
    "Condition Specification":{
        "0":0.3208533001
    },
    "AND Gateway":{
        "0":0.5187378547
    },
    "All":{
        "0":0.151760613
    }
}