{
    "Actor":{
        "0":0.024433634
    },
    "Activity":{
        "0":0.0566087499
    },
    "Activity Data":{
        "0":0.030364893
    },
    "Further Specification":{
        "0":0.0608148635
    },
    "XOR Gateway":{
        "0":0.0290711538
    },
    "Condition Specification":{
        "0":0.0552736638
    },
    "AND Gateway":{
        "0":0.0935606061
    },
    "All":{
        "0":0.0235838663
    }
}