{
    "Actor":{
        "0":0.0323971079,
        "1":0.0330836454,
        "2":0.0303973903,
        "3":0.0335327456,
        "4":0.0302774019
    },
    "Activity":{
        "0":0.0723684211,
        "1":0.0735465116,
        "2":0.076309795,
        "3":0.0770316027,
        "4":0.0780871671
    },
    "Activity Data":{
        "0":0.0380752374,
        "1":0.0392407553,
        "2":0.0395103503,
        "3":0.0399881517,
        "4":0.0422120419
    },
    "Further Specification":{
        "0":0.0754807692,
        "1":0.0826996198,
        "2":0.0788398693,
        "3":0.0783972125,
        "4":0.0878537736
    },
    "XOR Gateway":{
        "0":0.0340909091,
        "1":0.0413135593,
        "2":0.0395299145,
        "3":0.0375,
        "4":0.0239130435
    },
    "Condition Specification":{
        "0":0.0701149425,
        "1":0.075310559,
        "2":0.0701298701,
        "3":0.0682084309,
        "4":0.0716253444
    },
    "AND Gateway":{
        "0":0.15625,
        "1":0.1354166667,
        "2":0.09375,
        "3":0.1145833333,
        "4":0.171875
    },
    "All":{
        "0":0.0305702733,
        "1":0.0319396954,
        "2":0.031938654,
        "3":0.0323450135,
        "4":0.0332057257
    }
}