{
    "Actor":{
        "0":0.100554785,
        "1":0.1033182504,
        "2":0.1106780982,
        "3":0.1194398682,
        "4":0.1046901173
    },
    "Activity":{
        "0":0.3039473684,
        "1":0.2884615385,
        "2":0.3353028065,
        "3":0.3323699422,
        "4":0.3236641221
    },
    "Activity Data":{
        "0":0.1596330275,
        "1":0.1600753296,
        "2":0.1713127217,
        "3":0.1736252546,
        "4":0.1848928974
    },
    "Further Specification":{
        "0":0.3481675393,
        "1":0.3004385965,
        "2":0.3426724138,
        "3":0.2715355805,
        "4":0.3916913947
    },
    "XOR Gateway":{
        "0":0.0875576037,
        "1":0.1105769231,
        "2":0.1191709845,
        "3":0.1301775148,
        "4":0.0740740741
    },
    "Condition Specification":{
        "0":0.282967033,
        "1":0.2962298025,
        "2":0.2898089172,
        "3":0.3222222222,
        "4":0.2773375594
    },
    "AND Gateway":{
        "0":0.4814814815,
        "1":0.5217391304,
        "2":0.380952381,
        "3":0.5625,
        "4":0.5
    },
    "All":{
        "0":0.1406903766,
        "1":0.1409074142,
        "2":0.1532735255,
        "3":0.1532860701,
        "4":0.1550145651
    }
}