{
    "Actor":{
        "0":0.0679238823
    },
    "Activity":{
        "0":0.200001167
    },
    "Activity Data":{
        "0":0.1063844035
    },
    "Further Specification":{
        "0":0.216508456
    },
    "XOR Gateway":{
        "0":0.0686243909
    },
    "Condition Specification":{
        "0":0.1900937094
    },
    "AND Gateway":{
        "0":0.3366513057
    },
    "All":{
        "0":0.0943544196
    }
}