{
    "Actor":{
        "0":0.1414821944,
        "1":0.149726776,
        "2":0.1446028513,
        "3":0.1463654224,
        "4":0.1482799526
    },
    "Activity":{
        "0":0.435272045,
        "1":0.4349593496,
        "2":0.4481409002,
        "3":0.4145907473,
        "4":0.4481327801
    },
    "Activity Data":{
        "0":0.2248062016,
        "1":0.2353347136,
        "2":0.2366040362,
        "3":0.2175572519,
        "4":0.2528647823
    },
    "Further Specification":{
        "0":0.4481605351,
        "1":0.4512987013,
        "2":0.4582132565,
        "3":0.3402298851,
        "4":0.4784172662
    },
    "XOR Gateway":{
        "0":0.1369863014,
        "1":0.1755725191,
        "2":0.1796875,
        "3":0.1617647059,
        "4":0.1145038168
    },
    "Condition Specification":{
        "0":0.4468546638,
        "1":0.4230769231,
        "2":0.4236111111,
        "3":0.4067460317,
        "4":0.4196642686
    },
    "AND Gateway":{
        "0":0.7647058824,
        "1":0.9230769231,
        "2":0.5714285714,
        "3":0.6923076923,
        "4":0.7222222222
    },
    "All":{
        "0":0.1996042543,
        "1":0.2076798269,
        "2":0.2087769411,
        "3":0.1896226415,
        "4":0.2142035653
    }
}