{
    "Actor":{
        "0":0.1276017507
    },
    "Activity":{
        "0":0.3721376278
    },
    "Activity Data":{
        "0":0.1971251344
    },
    "Further Specification":{
        "0":0.3794724442
    },
    "XOR Gateway":{
        "0":0.130658881
    },
    "Condition Specification":{
        "0":0.3538778682
    },
    "AND Gateway":{
        "0":0.6245555556
    },
    "All":{
        "0":0.1721992853
    }
}