{
    "Actor":{
        "0":0.0522803115,
        "1":0.0543071161,
        "2":0.0518979834,
        "3":0.0576196474,
        "4":0.051759134
    },
    "Activity":{
        "0":0.1342105263,
        "1":0.1325581395,
        "2":0.1383826879,
        "3":0.1427765237,
        "4":0.1410411622
    },
    "Activity Data":{
        "0":0.0690284879,
        "1":0.0721872541,
        "2":0.0726512739,
        "3":0.0744470774,
        "4":0.0765706806
    },
    "Further Specification":{
        "0":0.1432692308,
        "1":0.1406844106,
        "2":0.1405228758,
        "3":0.1411149826,
        "4":0.1674528302
    },
    "XOR Gateway":{
        "0":0.0587121212,
        "1":0.0656779661,
        "2":0.0598290598,
        "3":0.0545454545,
        "4":0.047826087
    },
    "Condition Specification":{
        "0":0.1270114943,
        "1":0.1420807453,
        "2":0.124025974,
        "3":0.1293911007,
        "4":0.1308539945
    },
    "AND Gateway":{
        "0":0.203125,
        "1":0.25,
        "2":0.1875,
        "3":0.2083333333,
        "4":0.203125
    },
    "All":{
        "0":0.0584913553,
        "1":0.0613926018,
        "2":0.0617927338,
        "3":0.0625187182,
        "4":0.0644973369
    }
}