{
    "Actor":{
        "0":0.1083707025,
        "1":0.1208112875,
        "2":0.114331723,
        "3":0.1298119964,
        "4":0.124750499
    },
    "Activity":{
        "0":0.3177441541,
        "1":0.3453947368,
        "2":0.3789649416,
        "3":0.3656597774,
        "4":0.3854545455
    },
    "Activity Data":{
        "0":0.1686046512,
        "1":0.1975595584,
        "2":0.1890380313,
        "3":0.1859323882,
        "4":0.2112041211
    },
    "Further Specification":{
        "0":0.3923303835,
        "1":0.3200934579,
        "2":0.3589164786,
        "3":0.4380664653,
        "4":0.4870848708
    },
    "XOR Gateway":{
        "0":0.0909090909,
        "1":0.1329479769,
        "2":0.1419753086,
        "3":0.141025641,
        "4":0.1014492754
    },
    "Condition Specification":{
        "0":0.2934472934,
        "1":0.3658536585,
        "2":0.3533980583,
        "3":0.3411764706,
        "4":0.3986332574
    },
    "AND Gateway":{
        "0":0.4482758621,
        "1":0.7058823529,
        "2":0.6666666667,
        "3":0.4736842105,
        "4":0.7222222222
    },
    "All":{
        "0":0.1492233728,
        "1":0.1685789938,
        "2":0.1686620458,
        "3":0.1709036531,
        "4":0.1876101738
    }
}