{
    "Actor":{
        "0":0.1116504854,
        "1":0.1116138763,
        "2":0.1176929072,
        "3":0.1268533773,
        "4":0.1097152429
    },
    "Activity":{
        "0":0.3118421053,
        "1":0.3008241758,
        "2":0.3397341211,
        "3":0.338150289,
        "4":0.3328244275
    },
    "Activity Data":{
        "0":0.1605504587,
        "1":0.1624293785,
        "2":0.174353776,
        "3":0.1766802444,
        "4":0.1894024803
    },
    "Further Specification":{
        "0":0.3481675393,
        "1":0.3135964912,
        "2":0.3534482759,
        "3":0.2771535581,
        "4":0.4005934718
    },
    "XOR Gateway":{
        "0":0.0921658986,
        "1":0.1153846154,
        "2":0.1243523316,
        "3":0.1420118343,
        "4":0.0899470899
    },
    "Condition Specification":{
        "0":0.2953296703,
        "1":0.3087971275,
        "2":0.2977707006,
        "3":0.3238095238,
        "4":0.2852614897
    },
    "AND Gateway":{
        "0":0.5555555556,
        "1":0.6086956522,
        "2":0.380952381,
        "3":0.5625,
        "4":0.5
    },
    "All":{
        "0":0.1410390516,
        "1":0.1425673183,
        "2":0.15403703,
        "3":0.1538608929,
        "4":0.1558468581
    }
}