{
    "Actor":{
        "0":0.0617482774
    },
    "Activity":{
        "0":0.1824422004
    },
    "Activity Data":{
        "0":0.0973364202
    },
    "Further Specification":{
        "0":0.1954451583
    },
    "XOR Gateway":{
        "0":0.0614515137
    },
    "Condition Specification":{
        "0":0.174422405
    },
    "AND Gateway":{
        "0":0.2862254902
    },
    "All":{
        "0":0.0859665284
    }
}