{
    "Actor":{
        "0":0.0996192893,
        "1":0.1096725057,
        "2":0.0982201714,
        "3":0.1134328358,
        "4":0.1062155783
    },
    "Activity":{
        "0":0.2712643678,
        "1":0.302259887,
        "2":0.3023255814,
        "3":0.3223140496,
        "4":0.3028169014
    },
    "Activity Data":{
        "0":0.1484570475,
        "1":0.1650211566,
        "2":0.1538116592,
        "3":0.1620737973,
        "4":0.1761363636
    },
    "Further Specification":{
        "0":0.2834008097,
        "1":0.3130434783,
        "2":0.3293172691,
        "3":0.28962818,
        "4":0.3913043478
    },
    "XOR Gateway":{
        "0":0.0864197531,
        "1":0.1391752577,
        "2":0.1244019139,
        "3":0.1306818182,
        "4":0.075
    },
    "Condition Specification":{
        "0":0.2551892552,
        "1":0.3199233716,
        "2":0.2824773414,
        "3":0.3039073806,
        "4":0.2901639344
    },
    "AND Gateway":{
        "0":0.4838709677,
        "1":0.6315789474,
        "2":0.4210526316,
        "3":0.5625,
        "4":0.4827586207
    },
    "All":{
        "0":0.1268853988,
        "1":0.1448624368,
        "2":0.137079032,
        "3":0.1439028745,
        "4":0.1470299941
    }
}