{
    "Actor":{
        "0":0.1445663011,
        "1":0.1660606061,
        "2":0.151547492,
        "3":0.1757575758,
        "4":0.1556662516
    },
    "Activity":{
        "0":0.4476744186,
        "1":0.4677060134,
        "2":0.4585858586,
        "3":0.4956896552,
        "4":0.4851258581
    },
    "Activity Data":{
        "0":0.227154047,
        "1":0.2593440122,
        "2":0.2443962401,
        "3":0.2601067887,
        "4":0.2666666667
    },
    "Further Specification":{
        "0":0.5,
        "1":0.487544484,
        "2":0.4789156627,
        "3":0.5052264808,
        "4":0.5866666667
    },
    "XOR Gateway":{
        "0":0.134751773,
        "1":0.1885245902,
        "2":0.1631205674,
        "3":0.1913043478,
        "4":0.1186440678
    },
    "Condition Specification":{
        "0":0.4136546185,
        "1":0.5015197568,
        "2":0.4136363636,
        "3":0.4511111111,
        "4":0.4820936639
    },
    "AND Gateway":{
        "0":0.8125,
        "1":1.0,
        "2":0.4210526316,
        "3":0.75,
        "4":0.8125
    },
    "All":{
        "0":0.2031722054,
        "1":0.2294983479,
        "2":0.2143047772,
        "3":0.2309468822,
        "4":0.23339599
    }
}