{
    "Actor":{
        "0":0.1604786595
    },
    "Activity":{
        "0":0.4709563608
    },
    "Activity Data":{
        "0":0.2519533255
    },
    "Further Specification":{
        "0":0.5122730685
    },
    "XOR Gateway":{
        "0":0.1621059487
    },
    "Condition Specification":{
        "0":0.4533020927
    },
    "AND Gateway":{
        "0":0.7697368421
    },
    "All":{
        "0":0.2225274971
    }
}