{
    "Actor":{
        "0":0.1058238636,
        "1":0.1197007481,
        "2":0.1151189563,
        "3":0.1313932981,
        "4":0.1174957118
    },
    "Activity":{
        "0":0.3183619551,
        "1":0.321958457,
        "2":0.3352685051,
        "3":0.3583460949,
        "4":0.3253012048
    },
    "Activity Data":{
        "0":0.1698564593,
        "1":0.1800310398,
        "2":0.180533752,
        "3":0.1873322598,
        "4":0.1845564074
    },
    "Further Specification":{
        "0":0.3015521064,
        "1":0.3766937669,
        "2":0.3207920792,
        "3":0.3838120104,
        "4":0.3556149733
    },
    "XOR Gateway":{
        "0":0.0913461538,
        "1":0.1370558376,
        "2":0.1428571429,
        "3":0.1371428571,
        "4":0.09375
    },
    "Condition Specification":{
        "0":0.3276131045,
        "1":0.2879045997,
        "2":0.3154362416,
        "3":0.3160305344,
        "4":0.2696456086
    },
    "AND Gateway":{
        "0":0.5769230769,
        "1":0.5217391304,
        "2":0.4705882353,
        "3":0.5238095238,
        "4":0.4838709677
    },
    "All":{
        "0":0.1460311772,
        "1":0.1546329723,
        "2":0.1559067258,
        "3":0.165028665,
        "4":0.1536107711
    }
}