{
    "Actor":{
        "0":0.0665442864,
        "1":0.0683291771,
        "2":0.0637629097,
        "3":0.0729743332,
        "4":0.0680087051
    },
    "Activity":{
        "0":0.1942809083,
        "1":0.1933701657,
        "2":0.198948291,
        "3":0.2075812274,
        "4":0.2058252427
    },
    "Activity Data":{
        "0":0.1019033675,
        "1":0.1048735349,
        "2":0.1021765417,
        "3":0.1080824089,
        "4":0.1148861646
    },
    "Further Specification":{
        "0":0.2162601626,
        "1":0.215408805,
        "2":0.1913357401,
        "3":0.2095375723,
        "4":0.25
    },
    "XOR Gateway":{
        "0":0.0567164179,
        "1":0.0771812081,
        "2":0.0756578947,
        "3":0.0846153846,
        "4":0.048951049
    },
    "Condition Specification":{
        "0":0.1881278539,
        "1":0.1916376307,
        "2":0.1880165289,
        "3":0.2003948667,
        "4":0.1822916667
    },
    "AND Gateway":{
        "0":0.3333333333,
        "1":0.3870967742,
        "2":0.2580645161,
        "3":0.3333333333,
        "4":0.3714285714
    },
    "All":{
        "0":0.0910116161,
        "1":0.0936389263,
        "2":0.0911464245,
        "3":0.0970638195,
        "4":0.0989113117
    }
}