{
    "Actor":{
        "0":0.0237637779,
        "1":0.0241743275,
        "2":0.025018872,
        "3":0.0247309366,
        "4":0.0244802559
    },
    "Activity":{
        "0":0.0522488038,
        "1":0.0570824524,
        "2":0.057775937,
        "3":0.0584855325,
        "4":0.0574510236
    },
    "Activity Data":{
        "0":0.0292184076,
        "1":0.0298261927,
        "2":0.0297481181,
        "3":0.0313801522,
        "4":0.0316515945
    },
    "Further Specification":{
        "0":0.0583916084,
        "1":0.0597995161,
        "2":0.0588235294,
        "3":0.0614507444,
        "4":0.0656089194
    },
    "XOR Gateway":{
        "0":0.023415978,
        "1":0.030816641,
        "2":0.0310800311,
        "3":0.0355371901,
        "4":0.0245059289
    },
    "Condition Specification":{
        "0":0.0543364681,
        "1":0.0598531903,
        "2":0.052892562,
        "3":0.0534383649,
        "4":0.0558477335
    },
    "AND Gateway":{
        "0":0.0852272727,
        "1":0.1136363636,
        "2":0.0984848485,
        "3":0.0909090909,
        "4":0.0795454545
    },
    "All":{
        "0":0.0221568727,
        "1":0.0238223076,
        "2":0.0235800531,
        "3":0.0238775899,
        "4":0.0244825082
    }
}