{
    "Actor":{
        "0":0.0975117687,
        "1":0.1199649737,
        "2":0.1091468101,
        "3":0.1087771943,
        "4":0.1074806535
    },
    "Activity":{
        "0":0.2869565217,
        "1":0.3436988543,
        "2":0.3299418605,
        "3":0.3133514986,
        "4":0.3183183183
    },
    "Activity Data":{
        "0":0.1539823009,
        "1":0.182012848,
        "2":0.1725370087,
        "3":0.1569259089,
        "4":0.1799232035
    },
    "Further Specification":{
        "0":0.2665330661,
        "1":0.3816155989,
        "2":0.3375796178,
        "3":0.3091684435,
        "4":0.424437299
    },
    "XOR Gateway":{
        "0":0.0833333333,
        "1":0.1455696203,
        "2":0.1216931217,
        "3":0.1157894737,
        "4":0.0795454545
    },
    "Condition Specification":{
        "0":0.3011695906,
        "1":0.3909952607,
        "2":0.28,
        "3":0.2769440655,
        "4":0.3333333333
    },
    "AND Gateway":{
        "0":0.4814814815,
        "1":0.8,
        "2":0.3636363636,
        "3":0.4285714286,
        "4":0.52
    },
    "All":{
        "0":0.1347245409,
        "1":0.1669945355,
        "2":0.1520833333,
        "3":0.1415177782,
        "4":0.1588824909
    }
}