{
    "Actor":{
        "0":0.0980741827
    },
    "Activity":{
        "0":0.2721973513
    },
    "Activity Data":{
        "0":0.1450406961
    },
    "Further Specification":{
        "0":0.2816182845
    },
    "XOR Gateway":{
        "0":0.1020580526
    },
    "Condition Specification":{
        "0":0.2568331324
    },
    "AND Gateway":{
        "0":0.4191970547
    },
    "All":{
        "0":0.1257505566
    }
}