{
    "Actor":{
        "0":0.1049092132,
        "1":0.1243432574,
        "2":0.1137586472,
        "3":0.1155288822,
        "4":0.1160791058
    },
    "Activity":{
        "0":0.2931677019,
        "1":0.3469721768,
        "2":0.3386627907,
        "3":0.3201634877,
        "4":0.3228228228
    },
    "Activity Data":{
        "0":0.157079646,
        "1":0.1825481799,
        "2":0.1761102603,
        "3":0.1601472618,
        "4":0.1832144816
    },
    "Further Specification":{
        "0":0.2705410822,
        "1":0.3899721448,
        "2":0.3503184713,
        "3":0.3176972281,
        "4":0.4308681672
    },
    "XOR Gateway":{
        "0":0.0877192982,
        "1":0.1455696203,
        "2":0.1216931217,
        "3":0.1263157895,
        "4":0.0852272727
    },
    "Condition Specification":{
        "0":0.3026315789,
        "1":0.3933649289,
        "2":0.28,
        "3":0.2892223738,
        "4":0.339047619
    },
    "AND Gateway":{
        "0":0.4814814815,
        "1":0.8,
        "2":0.3636363636,
        "3":0.4285714286,
        "4":0.52
    },
    "All":{
        "0":0.1355592654,
        "1":0.1676502732,
        "2":0.1524621212,
        "3":0.1427560587,
        "4":0.1603753466
    }
}