{
    "Actor":{
        "0":0.0920050761,
        "1":0.1043412034,
        "2":0.0936058009,
        "3":0.1082089552,
        "4":0.0983477577
    },
    "Activity":{
        "0":0.2655172414,
        "1":0.2966101695,
        "2":0.2932816537,
        "3":0.3168044077,
        "4":0.2985915493
    },
    "Activity Data":{
        "0":0.1451209341,
        "1":0.1598495534,
        "2":0.1515695067,
        "3":0.1592713685,
        "4":0.1694214876
    },
    "Further Specification":{
        "0":0.2692307692,
        "1":0.297826087,
        "2":0.3192771084,
        "3":0.2837573386,
        "4":0.3826086957
    },
    "XOR Gateway":{
        "0":0.0781893004,
        "1":0.118556701,
        "2":0.1100478469,
        "3":0.125,
        "4":0.07
    },
    "Condition Specification":{
        "0":0.2515262515,
        "1":0.316091954,
        "2":0.2749244713,
        "3":0.2937771346,
        "4":0.2868852459
    },
    "AND Gateway":{
        "0":0.4193548387,
        "1":0.6315789474,
        "2":0.4210526316,
        "3":0.5625,
        "4":0.4482758621
    },
    "All":{
        "0":0.1254859275,
        "1":0.1429908291,
        "2":0.1358943984,
        "3":0.1428316372,
        "4":0.1460497942
    }
}