{
    "Actor":{
        "0":0.3620760174
    },
    "Activity":{
        "0":0.4325246685
    },
    "Activity Data":{
        "0":0.4080198405
    },
    "Further Specification":{
        "0":0.4536442278
    },
    "XOR Gateway":{
        "0":0.408924869
    },
    "Condition Specification":{
        "0":0.4522533095
    },
    "AND Gateway":{
        "0":0.5070707071
    },
    "All":{
        "0":0.3999210469
    }
}