{
    "Actor":{
        "0":0.6517241379,
        "1":0.7226074896,
        "2":0.6457073761,
        "3":0.7238493724,
        "4":0.6807909605
    },
    "Activity":{
        "0":0.7906976744,
        "1":0.8285077951,
        "2":0.7777777778,
        "3":0.8232758621,
        "4":0.819221968
    },
    "Activity Data":{
        "0":0.7098273572,
        "1":0.7872174591,
        "2":0.7088235294,
        "3":0.753894081,
        "4":0.7671345995
    },
    "Further Specification":{
        "0":0.8872180451,
        "1":0.8825622776,
        "2":0.8614457831,
        "3":0.9163763066,
        "4":0.8977777778
    },
    "XOR Gateway":{
        "0":0.7384615385,
        "1":0.7833333333,
        "2":0.7428571429,
        "3":0.8269230769,
        "4":0.7368421053
    },
    "Condition Specification":{
        "0":0.7991967871,
        "1":0.9085365854,
        "2":0.8154897494,
        "3":0.8730512249,
        "4":0.9033149171
    },
    "AND Gateway":{
        "0":1.0,
        "1":1.0,
        "2":0.75,
        "3":1.0,
        "4":1.0
    },
    "All":{
        "0":0.7139030271,
        "1":0.7867177522,
        "2":0.7125884017,
        "3":0.7709291628,
        "4":0.7608767851
    }
}