{
    "Actor":{
        "0":0.1830357143,
        "1":0.1829268293,
        "2":0.183627318,
        "3":0.1863876864,
        "4":0.190403267
    },
    "Activity":{
        "0":0.2196491228,
        "1":0.2073643411,
        "2":0.2171602126,
        "3":0.2208427389,
        "4":0.2259887006
    },
    "Activity Data":{
        "0":0.209077381,
        "1":0.2103429796,
        "2":0.2010517799,
        "3":0.2064516129,
        "4":0.2132092199
    },
    "Further Specification":{
        "0":0.241025641,
        "1":0.2389100127,
        "2":0.2434640523,
        "3":0.2462253194,
        "4":0.213836478
    },
    "XOR Gateway":{
        "0":0.1586021505,
        "1":0.1944444444,
        "2":0.1871345029,
        "3":0.1862745098,
        "4":0.1666666667
    },
    "Condition Specification":{
        "0":0.224137931,
        "1":0.2191069574,
        "2":0.203125,
        "3":0.2171361502,
        "4":0.2140883978
    },
    "AND Gateway":{
        "0":0.2916666667,
        "1":0.2,
        "2":0.2142857143,
        "3":0.2083333333,
        "4":0.1666666667
    },
    "All":{
        "0":0.2008204824,
        "1":0.2012672176,
        "2":0.1961465572,
        "3":0.2025624735,
        "4":0.2017884457
    }
}