{
    "Actor":{
        "0":0.5488648818
    },
    "Activity":{
        "0":0.6542263762
    },
    "Activity Data":{
        "0":0.5989648391
    },
    "Further Specification":{
        "0":0.6739421074
    },
    "XOR Gateway":{
        "0":0.6106138894
    },
    "Condition Specification":{
        "0":0.6811703355
    },
    "AND Gateway":{
        "0":0.8083730159
    },
    "All":{
        "0":0.5972640574
    }
}