{
    "Actor":{
        "0":0.2907228589
    },
    "Activity":{
        "0":0.3395830683
    },
    "Activity Data":{
        "0":0.3125569931
    },
    "Further Specification":{
        "0":0.3751321372
    },
    "XOR Gateway":{
        "0":0.3252092912
    },
    "Condition Specification":{
        "0":0.359772179
    },
    "AND Gateway":{
        "0":0.4303530286
    },
    "All":{
        "0":0.3152904117
    }
}