{
    "Actor":{
        "0":0.6379310345,
        "1":0.7198335645,
        "2":0.638452237,
        "3":0.7182705718,
        "4":0.6737288136
    },
    "Activity":{
        "0":0.7751937984,
        "1":0.8240534521,
        "2":0.7676767677,
        "3":0.8146551724,
        "4":0.8169336384
    },
    "Activity Data":{
        "0":0.6992031873,
        "1":0.7848791894,
        "2":0.6977941176,
        "3":0.7515576324,
        "4":0.7621800165
    },
    "Further Specification":{
        "0":0.8872180451,
        "1":0.8825622776,
        "2":0.8493975904,
        "3":0.9163763066,
        "4":0.8977777778
    },
    "XOR Gateway":{
        "0":0.7384615385,
        "1":0.7833333333,
        "2":0.7142857143,
        "3":0.8269230769,
        "4":0.7368421053
    },
    "Condition Specification":{
        "0":0.7991967871,
        "1":0.9085365854,
        "2":0.7927107062,
        "3":0.868596882,
        "4":0.9033149171
    },
    "AND Gateway":{
        "0":1.0,
        "1":1.0,
        "2":0.5833333333,
        "3":1.0,
        "4":1.0
    },
    "All":{
        "0":0.7042593089,
        "1":0.7844827586,
        "2":0.700990099,
        "3":0.7669426556,
        "4":0.7568913982
    }
}