{
    "Actor":{
        "0":0.4245016573
    },
    "Activity":{
        "0":0.4993606232
    },
    "Activity Data":{
        "0":0.4619428037
    },
    "Further Specification":{
        "0":0.5366625277
    },
    "XOR Gateway":{
        "0":0.4682259992
    },
    "Condition Specification":{
        "0":0.5377113571
    },
    "AND Gateway":{
        "0":0.6034234563
    },
    "All":{
        "0":0.4632415536
    }
}