{
    "Actor":{
        "0":0.3797833561
    },
    "Activity":{
        "0":0.4461082463
    },
    "Activity Data":{
        "0":0.4144446472
    },
    "Further Specification":{
        "0":0.4787777875
    },
    "XOR Gateway":{
        "0":0.4160305883
    },
    "Condition Specification":{
        "0":0.4716600471
    },
    "AND Gateway":{
        "0":0.5120401338
    },
    "All":{
        "0":0.4138058227
    }
}