{
    "Actor":{
        "0":0.4095940959,
        "1":0.4379746835,
        "2":0.4157480315,
        "3":0.4231717338,
        "4":0.3984962406
    },
    "Activity":{
        "0":0.4860267315,
        "1":0.5160390516,
        "2":0.487804878,
        "3":0.485237484,
        "4":0.476635514
    },
    "Activity Data":{
        "0":0.4598253275,
        "1":0.4705607477,
        "2":0.4373271889,
        "3":0.4294615042,
        "4":0.4511241447
    },
    "Further Specification":{
        "0":0.4738955823,
        "1":0.6215538847,
        "2":0.5099457505,
        "3":0.5963718821,
        "4":0.5329815303
    },
    "XOR Gateway":{
        "0":0.4948453608,
        "1":0.4563106796,
        "2":0.5263157895,
        "3":0.4623655914,
        "4":0.4038461538
    },
    "Condition Specification":{
        "0":0.5148771022,
        "1":0.5559701493,
        "2":0.5471698113,
        "3":0.4814814815,
        "4":0.4801762115
    },
    "AND Gateway":{
        "0":0.75,
        "1":0.6666666667,
        "2":0.7777777778,
        "3":0.5714285714,
        "4":0.5
    },
    "All":{
        "0":0.4492481203,
        "1":0.4822374877,
        "2":0.4495645864,
        "3":0.4465274058,
        "4":0.4401313248
    }
}