{
    "Actor":{
        "0":0.6776432443
    },
    "Activity":{
        "0":0.7997025658
    },
    "Activity Data":{
        "0":0.7391228286
    },
    "Further Specification":{
        "0":0.8866663995
    },
    "XOR Gateway":{
        "0":0.7599691537
    },
    "Condition Specification":{
        "0":0.8544711756
    },
    "AND Gateway":{
        "0":0.9166666667
    },
    "All":{
        "0":0.7427132441
    }
}