{
    "Actor":{
        "0":0.3950177936,
        "1":0.4247135843,
        "2":0.4180522565,
        "3":0.4306020067,
        "4":0.4278026906
    },
    "Activity":{
        "0":0.479616307,
        "1":0.4862023653,
        "2":0.5019815059,
        "3":0.4902723735,
        "4":0.5035260931
    },
    "Activity Data":{
        "0":0.4450549451,
        "1":0.4712213383,
        "2":0.4389454209,
        "3":0.4486285449,
        "4":0.4834992142
    },
    "Further Specification":{
        "0":0.4855967078,
        "1":0.5438596491,
        "2":0.5081081081,
        "3":0.5239043825,
        "4":0.5580110497
    },
    "XOR Gateway":{
        "0":0.4285714286,
        "1":0.4122807018,
        "2":0.4854368932,
        "3":0.5058823529,
        "4":0.4285714286
    },
    "Condition Specification":{
        "0":0.5444596443,
        "1":0.4790996785,
        "2":0.5065502183,
        "3":0.5394190871,
        "4":0.5542372881
    },
    "AND Gateway":{
        "0":0.5,
        "1":0.5,
        "2":0.5384615385,
        "3":0.5,
        "4":0.5238095238
    },
    "All":{
        "0":0.4412554549,
        "1":0.4608027007,
        "2":0.4472924188,
        "3":0.4594048494,
        "4":0.4743963364
    }
}