{
    "Actor":{
        "0":0.4961822772
    },
    "Activity":{
        "0":0.578284089
    },
    "Activity Data":{
        "0":0.546010778
    },
    "Further Specification":{
        "0":0.6589037593
    },
    "XOR Gateway":{
        "0":0.5538913768
    },
    "Condition Specification":{
        "0":0.6360275287
    },
    "AND Gateway":{
        "0":0.641822505
    },
    "All":{
        "0":0.5450821892
    }
}