{
    "Actor":{
        "0":0.4169969571
    },
    "Activity":{
        "0":0.4903487318
    },
    "Activity Data":{
        "0":0.4496597826
    },
    "Further Specification":{
        "0":0.546949726
    },
    "XOR Gateway":{
        "0":0.468736715
    },
    "Condition Specification":{
        "0":0.5159349511
    },
    "AND Gateway":{
        "0":0.6531746032
    },
    "All":{
        "0":0.453541785
    }
}