{
    "Actor":{
        "0":0.4928270042,
        "1":0.533,
        "2":0.5120593692,
        "3":0.5532786885,
        "4":0.5597269625
    },
    "Activity":{
        "0":0.5763411279,
        "1":0.6315789474,
        "2":0.6560934891,
        "3":0.6311605723,
        "4":0.6672727273
    },
    "Activity Data":{
        "0":0.5442412259,
        "1":0.6172619048,
        "2":0.5693181818,
        "3":0.5664997218,
        "4":0.6281045752
    },
    "Further Specification":{
        "0":0.7020648968,
        "1":0.6168224299,
        "2":0.6591422122,
        "3":0.8187311178,
        "4":0.7490774908
    },
    "XOR Gateway":{
        "0":0.5319148936,
        "1":0.5568181818,
        "2":0.6172839506,
        "3":0.6081081081,
        "4":0.6363636364
    },
    "Condition Specification":{
        "0":0.6011396011,
        "1":0.6955555556,
        "2":0.7101167315,
        "3":0.664983165,
        "4":0.7716894977
    },
    "AND Gateway":{
        "0":0.5454545455,
        "1":0.8571428571,
        "2":1.0,
        "3":0.5714285714,
        "4":1.0
    },
    "All":{
        "0":0.5390809112,
        "1":0.5967666354,
        "2":0.5771976796,
        "3":0.5911664779,
        "4":0.6276027763
    }
}