{
    "Actor":{
        "0":0.6290502793,
        "1":0.6557377049,
        "2":0.6172695449,
        "3":0.5970982143,
        "4":0.653638814
    },
    "Activity":{
        "0":0.7598499062,
        "1":0.7682926829,
        "2":0.759295499,
        "3":0.6975088968,
        "4":0.765560166
    },
    "Activity Data":{
        "0":0.7095926413,
        "1":0.7255453906,
        "2":0.6899717514,
        "3":0.6397394137,
        "4":0.7331264546
    },
    "Further Specification":{
        "0":0.7959866221,
        "1":0.8214285714,
        "2":0.8126801153,
        "3":0.6413793103,
        "4":0.7482014388
    },
    "XOR Gateway":{
        "0":0.6621621622,
        "1":0.7121212121,
        "2":0.8196721311,
        "3":0.6875,
        "4":0.6935483871
    },
    "Condition Specification":{
        "0":0.863340564,
        "1":0.7763496144,
        "2":0.8167053364,
        "3":0.7872763419,
        "4":0.7932692308
    },
    "AND Gateway":{
        "0":1.0,
        "1":1.0,
        "2":0.875,
        "3":1.0,
        "4":0.9166666667
    },
    "All":{
        "0":0.7028451001,
        "1":0.7177349813,
        "2":0.6923712476,
        "3":0.6422682988,
        "4":0.7095397745
    }
}