{
    "Actor":{
        "0":0.6599286564,
        "1":0.673151751,
        "2":0.6717557252,
        "3":0.6453634085,
        "4":0.6853448276
    },
    "Activity":{
        "0":0.7952286282,
        "1":0.7805907173,
        "2":0.8172043011,
        "3":0.7470355731,
        "4":0.8095238095
    },
    "Activity Data":{
        "0":0.7182810368,
        "1":0.7415316642,
        "2":0.7135338346,
        "3":0.7090374724,
        "4":0.7775905644
    },
    "Further Specification":{
        "0":0.9042145594,
        "1":0.8920863309,
        "2":0.9215686275,
        "3":0.6675126904,
        "4":0.7769230769
    },
    "XOR Gateway":{
        "0":0.676056338,
        "1":0.6184210526,
        "2":0.8474576271,
        "3":0.7678571429,
        "4":0.724137931
    },
    "Condition Specification":{
        "0":0.8614718615,
        "1":0.8514285714,
        "2":0.855036855,
        "3":0.8262711864,
        "4":0.8034398034
    },
    "AND Gateway":{
        "0":1.0,
        "1":0.7692307692,
        "2":1.0,
        "3":1.0,
        "4":1.0
    },
    "All":{
        "0":0.7270464602,
        "1":0.740060241,
        "2":0.7375,
        "3":0.6956884562,
        "4":0.7447712418
    }
}