{
    "Actor":{
        "0":0.3206977677
    },
    "Activity":{
        "0":0.3784094412
    },
    "Activity Data":{
        "0":0.3512770674
    },
    "Further Specification":{
        "0":0.4009808316
    },
    "XOR Gateway":{
        "0":0.3627746064
    },
    "Condition Specification":{
        "0":0.4063747458
    },
    "AND Gateway":{
        "0":0.447008547
    },
    "All":{
        "0":0.3508636753
    }
}