{
    "F1 CRF":{
        "uncertain&Further":0.5774024445,
        "uncertain&XOR":0.5774024445,
        "uncertain&AND":0.5774024445,
        "uncertain&Condition":0.5774024445,
        "uncertain&Data":0.5774024445,
        "speaker&Further":0.5774024445,
        "speaker&XOR":0.5774024445,
        "speaker&AND":0.5774024445,
        "speaker&Condition":0.5774024445,
        "speaker&Data":0.5774024445
    },
    "F1 Neural":{
        "uncertain&Further":0.3272182414,
        "uncertain&XOR":0.3272182414,
        "uncertain&AND":0.3272182414,
        "uncertain&Condition":0.3272182414,
        "uncertain&Data":0.3272182414,
        "speaker&Further":0.3272182414,
        "speaker&XOR":0.3272182414,
        "speaker&AND":0.3272182414,
        "speaker&Condition":0.3272182414,
        "speaker&Data":0.3272182414
    },
    "F1 Relation":{
        "uncertain&Further":0.3244261362,
        "uncertain&XOR":0.3244261362,
        "uncertain&AND":0.3244261362,
        "uncertain&Condition":0.3244261362,
        "uncertain&Data":0.3244261362,
        "speaker&Further":0.3244261362,
        "speaker&XOR":0.3244261362,
        "speaker&AND":0.3244261362,
        "speaker&Condition":0.3244261362,
        "speaker&Data":0.3244261362
    },
    "TTR":{
        "uncertain&Further":0.0594627981,
        "uncertain&XOR":0.0594627981,
        "uncertain&AND":0.0594627981,
        "uncertain&Condition":0.0594627981,
        "uncertain&Data":0.0594627981,
        "speaker&Further":0.0594627981,
        "speaker&XOR":0.0594627981,
        "speaker&AND":0.0594627981,
        "speaker&Condition":0.0594627981,
        "speaker&Data":0.0594627981
    },
    "UCER":{
        "uncertain&Further":0.1986749376,
        "uncertain&XOR":0.1986749376,
        "uncertain&AND":0.1986749376,
        "uncertain&Condition":0.1986749376,
        "uncertain&Data":0.1986749376,
        "speaker&Further":0.1986749376,
        "speaker&XOR":0.1986749376,
        "speaker&AND":0.1986749376,
        "speaker&Condition":0.1986749376,
        "speaker&Data":0.1986749376
    },
    "BertScore":{
        "uncertain&Further":null,
        "uncertain&XOR":null,
        "uncertain&AND":null,
        "uncertain&Condition":null,
        "uncertain&Data":null,
        "speaker&Further":null,
        "speaker&XOR":null,
        "speaker&AND":null,
        "speaker&Condition":null,
        "speaker&Data":null
    },
    "BleuScore":{
        "uncertain&Further":1.0,
        "uncertain&XOR":1.0,
        "uncertain&AND":1.0,
        "uncertain&Condition":1.0,
        "uncertain&Data":1.0,
        "speaker&Further":1.0,
        "speaker&XOR":1.0,
        "speaker&AND":1.0,
        "speaker&Condition":1.0,
        "speaker&Data":1.0
    }
}