{
    "F1 CRF":{
        "uncertain&Further":0.5329245678,
        "uncertain&XOR":0.5579146482,
        "uncertain&AND":0.5465158633,
        "uncertain&Condition":0.5745082124,
        "uncertain&Data":0.552719112,
        "speaker&Further":0.5523561797,
        "speaker&XOR":0.567577221,
        "speaker&AND":0.5517359017,
        "speaker&Condition":0.5601302161,
        "speaker&Data":0.5504030683
    },
    "F1 Neural":{
        "uncertain&Further":0.333401515,
        "uncertain&XOR":0.3353503372,
        "uncertain&AND":0.3252412441,
        "uncertain&Condition":0.3221521769,
        "uncertain&Data":0.3279070077,
        "speaker&Further":0.3333593679,
        "speaker&XOR":0.3337958049,
        "speaker&AND":0.3280281637,
        "speaker&Condition":0.3121350052,
        "speaker&Data":0.3179235663
    },
    "F1 Relation":{
        "uncertain&Further":0.3055546568,
        "uncertain&XOR":0.3252564041,
        "uncertain&AND":0.3264800356,
        "uncertain&Condition":0.3226337375,
        "uncertain&Data":0.3248866636,
        "speaker&Further":0.3034644348,
        "speaker&XOR":0.3226894013,
        "speaker&AND":0.3212563045,
        "speaker&Condition":0.3074683673,
        "speaker&Data":0.3173958172
    },
    "TTR":{
        "uncertain&Further":0.0578278038,
        "uncertain&XOR":0.0589911752,
        "uncertain&AND":0.0598103493,
        "uncertain&Condition":0.0569404812,
        "uncertain&Data":0.0511642384,
        "speaker&Further":0.0563408479,
        "speaker&XOR":0.0584181983,
        "speaker&AND":0.0598380781,
        "speaker&Condition":0.0548297704,
        "speaker&Data":0.0455367428
    },
    "UCER":{
        "uncertain&Further":0.2591424751,
        "uncertain&XOR":0.2178000053,
        "uncertain&AND":0.2017700143,
        "uncertain&Condition":0.2829549616,
        "uncertain&Data":0.3991098083,
        "speaker&Further":0.2635915711,
        "speaker&XOR":0.2190034472,
        "speaker&AND":0.2024051171,
        "speaker&Condition":0.2844738623,
        "speaker&Data":0.3655024279
    },
    "BertScore":{
        "uncertain&Further":null,
        "uncertain&XOR":null,
        "uncertain&AND":null,
        "uncertain&Condition":null,
        "uncertain&Data":null,
        "speaker&Further":null,
        "speaker&XOR":null,
        "speaker&AND":null,
        "speaker&Condition":null,
        "speaker&Data":null
    },
    "BleuScore":{
        "uncertain&Further":0.9509950521,
        "uncertain&XOR":0.9820956293,
        "uncertain&AND":0.9983410917,
        "uncertain&Condition":0.9333582768,
        "uncertain&Data":0.7518074824,
        "speaker&Further":0.9351395053,
        "speaker&XOR":0.9755613198,
        "speaker&AND":0.9975476486,
        "speaker&Condition":0.9145000161,
        "speaker&Data":0.6866920424
    }
}