{
    "Bleu Score":{
        "0":0.9981680336,
        "1":0.9983943482,
        "2":0.9985138755,
        "3":0.9985383026,
        "4":0.9980908984
    }
}