{
    "Bleu Score":{
        "0":0.9806470952,
        "1":0.9817516825,
        "2":0.9814584908,
        "3":0.984252448,
        "4":0.9823684301
    }
}