{
    "Actor":{
        "0":0.0403225806,
        "1":0.0427590512,
        "2":0.0421115065,
        "3":0.0456549118,
        "4":0.0422868742
    },
    "Activity":{
        "0":0.1215789474,
        "1":0.1220930233,
        "2":0.1292710706,
        "3":0.1297968397,
        "4":0.1283292978
    },
    "Activity Data":{
        "0":0.0635500365,
        "1":0.0668764752,
        "2":0.0672770701,
        "3":0.0673380727,
        "4":0.0715532286
    },
    "Further Specification":{
        "0":0.1278846154,
        "1":0.1302281369,
        "2":0.1299019608,
        "3":0.1263066202,
        "4":0.1556603774
    },
    "XOR Gateway":{
        "0":0.0318877551,
        "1":0.0427728614,
        "2":0.0428360414,
        "3":0.0449438202,
        "4":0.0308641975
    },
    "Condition Specification":{
        "0":0.1183908046,
        "1":0.1281055901,
        "2":0.1181818182,
        "3":0.118852459,
        "4":0.120523416
    },
    "AND Gateway":{
        "0":0.203125,
        "1":0.25,
        "2":0.1666666667,
        "3":0.1875,
        "4":0.203125
    },
    "All":{
        "0":0.0556849315,
        "1":0.0588955178,
        "2":0.0593065025,
        "3":0.0595317232,
        "4":0.0615372009
    }
}