{
    "Actor":{
        "0":0.0403225806,
        "1":0.0427590512,
        "2":0.0421115065,
        "3":0.0456549118,
        "4":0.0422868742
    },
    "Activity":{
        "0":0.1215789474,
        "1":0.1220930233,
        "2":0.1292710706,
        "3":0.1297968397,
        "4":0.1283292978
    },
    "Activity Data":{
        "0":0.0635500365,
        "1":0.0668764752,
        "2":0.0672770701,
        "3":0.0673380727,
        "4":0.0715532286
    },
    "Further Specification":{
        "0":0.0927903872,
        "1":0.0941408822,
        "2":0.0943935927,
        "3":0.0914043584,
        "4":0.1081504702
    },
    "XOR Gateway":{
        "0":0.0359848485,
        "1":0.0487288136,
        "2":0.0491452991,
        "3":0.05,
        "4":0.0304347826
    },
    "Condition Specification":{
        "0":0.1183908046,
        "1":0.1281055901,
        "2":0.1181818182,
        "3":0.118852459,
        "4":0.120523416
    },
    "AND Gateway":{
        "0":0.203125,
        "1":0.25,
        "2":0.1666666667,
        "3":0.1875,
        "4":0.203125
    },
    "All":{
        "0":0.0549250101,
        "1":0.0577427822,
        "2":0.0579678991,
        "3":0.0581529582,
        "4":0.0603503697
    }
}