{
    "Actor":{
        "0":0.1824002807
    },
    "Activity":{
        "0":0.2175806794
    },
    "Activity Data":{
        "0":0.6018336673
    },
    "Further Specification":{
        "0":0.2500368413
    },
    "XOR Gateway":{
        "0":0.2390402754
    },
    "Condition Specification":{
        "0":0.2284174657
    },
    "AND Gateway":{
        "0":0.25
    },
    "All":{
        "0":0.3991098083
    }
}