{
    "Actor":{
        "0":0.1852678571,
        "1":0.1947632712,
        "2":0.1879240163,
        "3":0.1922799423,
        "4":0.1891271057
    },
    "Activity":{
        "0":0.2121052632,
        "1":0.2180232558,
        "2":0.2192482916,
        "3":0.2138826185,
        "4":0.2209443099
    },
    "Activity Data":{
        "0":0.1958705357,
        "1":0.2025723473,
        "2":0.1921521036,
        "3":0.1947580645,
        "4":0.2045656028
    },
    "Further Specification":{
        "0":0.2269230769,
        "1":0.2357414449,
        "2":0.2303921569,
        "3":0.2290940767,
        "4":0.2382075472
    },
    "XOR Gateway":{
        "0":0.5079365079,
        "1":0.5381165919,
        "2":0.5789473684,
        "3":0.5839793282,
        "4":0.504950495
    },
    "Condition Specification":{
        "0":0.2747126437,
        "1":0.2757009346,
        "2":0.2747395833,
        "3":0.2664319249,
        "4":0.2700276243
    },
    "AND Gateway":{
        "0":0.25,
        "1":0.25,
        "2":0.25,
        "3":0.25,
        "4":0.25
    },
    "All":{
        "0":0.2142753201,
        "1":0.2221680481,
        "2":0.2164219685,
        "3":0.2165166341,
        "4":0.2196180556
    }
}