{
    "Bert Score":{
        "0":0.9962360263,
        "1":0.9958491325,
        "2":0.9950653315,
        "3":0.9956865311,
        "4":0.995898962
    }
}