{
    "Bert Score":{
        "0":0.9958837032,
        "1":0.9952368736,
        "2":0.9949545264,
        "3":0.9959678054,
        "4":0.9953621626
    }
}