{
    "Bert Score":{
        "0":0.9964322448,
        "1":0.9962819815,
        "2":0.9955742955,
        "3":0.9959763885,
        "4":0.9962172508
    }
}