{
    "Bert Score":{
        "0":0.9824127555,
        "1":0.9809324741,
        "2":0.9808026552,
        "3":0.9811050892,
        "4":0.9820215106
    }
}