{
    "Bert Score":{
        "0":0.9837247729,
        "1":0.9824699759,
        "2":0.9819388986,
        "3":0.9831042886,
        "4":0.9831976295
    }
}