{
    "Bert Score":{
        "0":0.9798193574,
        "1":0.9790889621,
        "2":0.9787758589,
        "3":0.9791426659,
        "4":0.9798768163
    }
}