{
    "Bert Score":{
        "0":0.993631959,
        "1":0.9938878417,
        "2":0.9930517077,
        "3":0.9936626554,
        "4":0.9936109185
    }
}