{
    "Actor":{
        "0":0.0828698554,
        "1":0.0892634207,
        "2":0.0871886121,
        "3":0.0944584383,
        "4":0.0879566982
    },
    "Activity":{
        "0":0.2442105263,
        "1":0.2441860465,
        "2":0.2608200456,
        "3":0.2607223476,
        "4":0.2566585956
    },
    "Activity Data":{
        "0":0.1311176041,
        "1":0.1372934697,
        "2":0.138933121,
        "3":0.1394154818,
        "4":0.1479057592
    },
    "Further Specification":{
        "0":0.2615384615,
        "1":0.2775665399,
        "2":0.272875817,
        "3":0.2682926829,
        "4":0.3254716981
    },
    "XOR Gateway":{
        "0":0.071969697,
        "1":0.0974576271,
        "2":0.1025641026,
        "3":0.1045454545,
        "4":0.0652173913
    },
    "Condition Specification":{
        "0":0.2436781609,
        "1":0.2670807453,
        "2":0.2467532468,
        "3":0.2482435597,
        "4":0.2493112948
    },
    "AND Gateway":{
        "0":0.46875,
        "1":0.5416666667,
        "2":0.375,
        "3":0.4166666667,
        "4":0.46875
    },
    "All":{
        "0":0.1157278305,
        "1":0.1230960522,
        "2":0.1237343657,
        "3":0.1244384546,
        "4":0.1284953395
    }
}