{
    "Actor":{
        "0":0.0834260289,
        "1":0.0898876404,
        "2":0.0883748517,
        "3":0.0957178841,
        "4":0.0893098782
    },
    "Activity":{
        "0":0.2442105263,
        "1":0.2453488372,
        "2":0.2608200456,
        "3":0.2607223476,
        "4":0.2566585956
    },
    "Activity Data":{
        "0":0.1318480643,
        "1":0.1380802518,
        "2":0.1397292994,
        "3":0.1394154818,
        "4":0.1487783595
    },
    "Further Specification":{
        "0":0.2673076923,
        "1":0.2775665399,
        "2":0.2712418301,
        "3":0.2717770035,
        "4":0.3278301887
    },
    "XOR Gateway":{
        "0":0.071969697,
        "1":0.0974576271,
        "2":0.1025641026,
        "3":0.1045454545,
        "4":0.0652173913
    },
    "Condition Specification":{
        "0":0.2436781609,
        "1":0.2686335404,
        "2":0.2493506494,
        "3":0.2494145199,
        "4":0.2493112948
    },
    "AND Gateway":{
        "0":0.46875,
        "1":0.5416666667,
        "2":0.375,
        "3":0.4166666667,
        "4":0.46875
    },
    "All":{
        "0":0.1161461238,
        "1":0.1235623251,
        "2":0.1244788565,
        "3":0.1250374364,
        "4":0.1291611185
    }
}