{
    "Actor":{
        "0":0.0828698554,
        "1":0.0880149813,
        "2":0.0871886121,
        "3":0.0931989924,
        "4":0.0866035183
    },
    "Activity":{
        "0":0.2442105263,
        "1":0.2441860465,
        "2":0.2608200456,
        "3":0.2607223476,
        "4":0.2566585956
    },
    "Activity Data":{
        "0":0.1300219138,
        "1":0.1365066876,
        "2":0.1373407643,
        "3":0.137835703,
        "4":0.1470331588
    },
    "Further Specification":{
        "0":0.2615384615,
        "1":0.2737642586,
        "2":0.272875817,
        "3":0.2630662021,
        "4":0.3231132075
    },
    "XOR Gateway":{
        "0":0.071969697,
        "1":0.0974576271,
        "2":0.1025641026,
        "3":0.1,
        "4":0.0652173913
    },
    "Condition Specification":{
        "0":0.2436781609,
        "1":0.2655279503,
        "2":0.2402597403,
        "3":0.2459016393,
        "4":0.2451790634
    },
    "AND Gateway":{
        "0":0.46875,
        "1":0.5416666667,
        "2":0.3333333333,
        "3":0.375,
        "4":0.46875
    },
    "All":{
        "0":0.1155883993,
        "1":0.1220080821,
        "2":0.1228409768,
        "3":0.1232404912,
        "4":0.1276631158
    }
}