{
    "Actor":{
        "0":0.1003426679
    },
    "Activity":{
        "0":0.2571952117
    },
    "Activity Data":{
        "0":0.1642417938
    },
    "Further Specification":{
        "0":0.2960453651
    },
    "XOR Gateway":{
        "0":0.0908105887
    },
    "Condition Specification":{
        "0":0.2589229467
    },
    "AND Gateway":{
        "0":0.4708333333
    },
    "All":{
        "0":0.1359368029
    }
}