{
    "Actor":{
        "0":0.0884315907,
        "1":0.0936329588,
        "2":0.0895610913,
        "3":0.1026448363,
        "4":0.0926928281
    },
    "Activity":{
        "0":0.2442105263,
        "1":0.2453488372,
        "2":0.2596810934,
        "3":0.2618510158,
        "4":0.2602905569
    },
    "Activity Data":{
        "0":0.1406135866,
        "1":0.1467348544,
        "2":0.1516719745,
        "3":0.1504739336,
        "4":0.157504363
    },
    "Further Specification":{
        "0":0.2634615385,
        "1":0.2737642586,
        "2":0.2745098039,
        "3":0.2595818815,
        "4":0.3254716981
    },
    "XOR Gateway":{
        "0":0.0757575758,
        "1":0.1016949153,
        "2":0.1025641026,
        "3":0.1,
        "4":0.0652173913
    },
    "Condition Specification":{
        "0":0.2540229885,
        "1":0.2577639752,
        "2":0.2402597403,
        "3":0.2494145199,
        "4":0.2451790634
    },
    "AND Gateway":{
        "0":0.40625,
        "1":0.5416666667,
        "2":0.375,
        "3":0.4166666667,
        "4":0.40625
    },
    "All":{
        "0":0.1210262131,
        "1":0.1263599627,
        "2":0.127903514,
        "3":0.1293800539,
        "4":0.1324900133
    }
}