{
    "Actor":{
        "0":0.1083367252
    },
    "Activity":{
        "0":0.2615238995
    },
    "Activity Data":{
        "0":0.1800289383
    },
    "Further Specification":{
        "0":0.3314371616
    },
    "XOR Gateway":{
        "0":0.0934367025
    },
    "Condition Specification":{
        "0":0.2690532104
    },
    "AND Gateway":{
        "0":0.4854166667
    },
    "All":{
        "0":0.1450546017
    }
}