{
    "Actor":{
        "0":0.0817575083,
        "1":0.0873907615,
        "2":0.084223013,
        "3":0.0913098237,
        "4":0.0859269283
    },
    "Activity":{
        "0":0.2442105263,
        "1":0.2441860465,
        "2":0.2585421412,
        "3":0.2595936795,
        "4":0.2566585956
    },
    "Activity Data":{
        "0":0.1285609934,
        "1":0.1353265146,
        "2":0.136544586,
        "3":0.1362559242,
        "4":0.1444153578
    },
    "Further Specification":{
        "0":0.2615384615,
        "1":0.2680608365,
        "2":0.2663398693,
        "3":0.2543554007,
        "4":0.3183962264
    },
    "XOR Gateway":{
        "0":0.071969697,
        "1":0.0974576271,
        "2":0.0982905983,
        "3":0.1,
        "4":0.0652173913
    },
    "Condition Specification":{
        "0":0.2390804598,
        "1":0.2608695652,
        "2":0.238961039,
        "3":0.243559719,
        "4":0.2438016529
    },
    "AND Gateway":{
        "0":0.4375,
        "1":0.5,
        "2":0.3333333333,
        "3":0.375,
        "4":0.4375
    },
    "All":{
        "0":0.1141940881,
        "1":0.1206092633,
        "2":0.1210541989,
        "3":0.1212938005,
        "4":0.1259986684
    }
}