{
    "Actor":{
        "0":0.089580436
    },
    "Activity":{
        "0":0.2537625968
    },
    "Activity Data":{
        "0":0.1398898331
    },
    "Further Specification":{
        "0":0.2848537032
    },
    "XOR Gateway":{
        "0":0.0883508545
    },
    "Condition Specification":{
        "0":0.2528997724
    },
    "AND Gateway":{
        "0":0.4541666667
    },
    "All":{
        "0":0.1240373407
    }
}