{
    "Actor":{
        "0":0.0934371524,
        "1":0.0973782772,
        "2":0.0948991696,
        "3":0.104534005,
        "4":0.0974289581
    },
    "Activity":{
        "0":0.2473684211,
        "1":0.2488372093,
        "2":0.2630979499,
        "3":0.2618510158,
        "4":0.2615012107
    },
    "Activity Data":{
        "0":0.1453615778,
        "1":0.1549960661,
        "2":0.1600318471,
        "3":0.1575829384,
        "4":0.1636125654
    },
    "Further Specification":{
        "0":0.275,
        "1":0.2908745247,
        "2":0.2761437908,
        "3":0.2700348432,
        "4":0.3301886792
    },
    "XOR Gateway":{
        "0":0.0757575758,
        "1":0.1016949153,
        "2":0.1025641026,
        "3":0.1045454545,
        "4":0.0652173913
    },
    "Condition Specification":{
        "0":0.2540229885,
        "1":0.2670807453,
        "2":0.2493506494,
        "3":0.2505854801,
        "4":0.258953168
    },
    "AND Gateway":{
        "0":0.4375,
        "1":0.5416666667,
        "2":0.375,
        "3":0.4166666667,
        "4":0.4375
    },
    "All":{
        "0":0.12437256,
        "1":0.1314889649,
        "2":0.1329660512,
        "3":0.1331236897,
        "4":0.1369840213
    }
}