{
    "Actor":{
        "0":0.064516129,
        "1":0.0674157303,
        "2":0.0684064848,
        "3":0.0726280437,
        "4":0.0672079387
    },
    "Activity":{
        "0":0.1649122807,
        "1":0.1658914729,
        "2":0.1753986333,
        "3":0.1783295711,
        "4":0.1735270379
    },
    "Activity Data":{
        "0":0.1044558072,
        "1":0.1098872279,
        "2":0.1114649682,
        "3":0.112164297,
        "4":0.1183827807
    },
    "Further Specification":{
        "0":0.2051282051,
        "1":0.1913814956,
        "2":0.1982570806,
        "3":0.1986062718,
        "4":0.2327044025
    },
    "XOR Gateway":{
        "0":0.0505050505,
        "1":0.0706214689,
        "2":0.0712250712,
        "3":0.0727272727,
        "4":0.0434782609
    },
    "Condition Specification":{
        "0":0.1716475096,
        "1":0.1863354037,
        "2":0.1696969697,
        "3":0.1717408275,
        "4":0.1772268136
    },
    "AND Gateway":{
        "0":0.2916666667,
        "1":0.3333333333,
        "2":0.25,
        "3":0.2777777778,
        "4":0.3125
    },
    "All":{
        "0":0.0870979736,
        "1":0.0909750285,
        "2":0.0923168553,
        "3":0.0933413198,
        "4":0.0960940968
    }
}