{
    "Actor":{
        "0":0.0997340919
    },
    "Activity":{
        "0":0.2567589518
    },
    "Activity Data":{
        "0":0.1620477665
    },
    "Further Specification":{
        "0":0.2935454473
    },
    "XOR Gateway":{
        "0":0.0908105887
    },
    "Condition Specification":{
        "0":0.2591633519
    },
    "AND Gateway":{
        "0":0.4645833333
    },
    "All":{
        "0":0.1348891042
    }
}