{
    "Actor":{
        "0":0.0883474049
    },
    "Activity":{
        "0":0.2533195123
    },
    "Activity Data":{
        "0":0.1389330872
    },
    "Further Specification":{
        "0":0.2811490399
    },
    "XOR Gateway":{
        "0":0.0883508545
    },
    "Condition Specification":{
        "0":0.2510134015
    },
    "AND Gateway":{
        "0":0.4541666667
    },
    "All":{
        "0":0.1230984085
    }
}