{
    "Actor":{
        "0":0.0828698554,
        "1":0.0911360799,
        "2":0.0901542112,
        "3":0.0944584383,
        "4":0.0886332882
    },
    "Activity":{
        "0":0.2442105263,
        "1":0.2441860465,
        "2":0.2608200456,
        "3":0.2607223476,
        "4":0.2566585956
    },
    "Activity Data":{
        "0":0.1333089847,
        "1":0.1396538159,
        "2":0.1425159236,
        "3":0.1413902054,
        "4":0.1513961606
    },
    "Further Specification":{
        "0":0.2576923077,
        "1":0.2642585551,
        "2":0.2679738562,
        "3":0.2613240418,
        "4":0.320754717
    },
    "XOR Gateway":{
        "0":0.0757575758,
        "1":0.0974576271,
        "2":0.0982905983,
        "3":0.1,
        "4":0.0652173913
    },
    "Condition Specification":{
        "0":0.2402298851,
        "1":0.2639751553,
        "2":0.2415584416,
        "3":0.2400468384,
        "4":0.2451790634
    },
    "AND Gateway":{
        "0":0.40625,
        "1":0.5,
        "2":0.3333333333,
        "3":0.375,
        "4":0.40625
    },
    "All":{
        "0":0.1160066927,
        "1":0.1230960522,
        "2":0.1250744491,
        "3":0.1238394729,
        "4":0.1291611185
    }
}