{
    "Actor":{
        "0":0.0893432567
    },
    "Activity":{
        "0":0.2535520705
    },
    "Activity Data":{
        "0":0.1395702914
    },
    "Further Specification":{
        "0":0.2831446509
    },
    "XOR Gateway":{
        "0":0.0883508545
    },
    "Condition Specification":{
        "0":0.2520776331
    },
    "AND Gateway":{
        "0":0.4541666667
    },
    "All":{
        "0":0.1236771721
    }
}