{
    "Actor":{
        "0":0.372093594
    },
    "Activity":{
        "0":0.4326170067
    },
    "Activity Data":{
        "0":0.4063979948
    },
    "Further Specification":{
        "0":0.4949857571
    },
    "XOR Gateway":{
        "0":0.4127759653
    },
    "Condition Specification":{
        "0":0.477748774
    },
    "AND Gateway":{
        "0":0.6345454545
    },
    "All":{
        "0":0.4097532898
    }
}