{
    "Actor":{
        "0":0.3823389318
    },
    "Activity":{
        "0":0.4361310715
    },
    "Activity Data":{
        "0":0.4299643189
    },
    "Further Specification":{
        "0":0.4918279584
    },
    "XOR Gateway":{
        "0":0.4247606445
    },
    "Condition Specification":{
        "0":0.4760234252
    },
    "AND Gateway":{
        "0":0.5285714286
    },
    "All":{
        "0":0.4213940074
    }
}