{
    "Actor":{
        "0":0.4088010204,
        "1":0.4218077475,
        "2":0.4240162822,
        "3":0.4285714286,
        "4":0.4241960184
    },
    "Activity":{
        "0":0.4421052632,
        "1":0.4523255814,
        "2":0.4589977221,
        "3":0.4469525959,
        "4":0.4576271186
    },
    "Activity Data":{
        "0":0.5003720238,
        "1":0.5164790997,
        "2":0.5076860841,
        "3":0.5036290323,
        "4":0.524822695
    },
    "Further Specification":{
        "0":0.5442307692,
        "1":0.5893536122,
        "2":0.5555555556,
        "3":0.5418118467,
        "4":0.5754716981
    },
    "XOR Gateway":{
        "0":0.4032258065,
        "1":0.4333333333,
        "2":0.4736842105,
        "3":0.4901960784,
        "4":0.4351851852
    },
    "Condition Specification":{
        "0":0.508045977,
        "1":0.5109034268,
        "2":0.5130208333,
        "3":0.5070422535,
        "4":0.5013812155
    },
    "AND Gateway":{
        "0":0.625,
        "1":0.75,
        "2":0.7857142857,
        "3":0.6875,
        "4":0.6818181818
    },
    "All":{
        "0":0.4630782918,
        "1":0.4831404959,
        "2":0.4759949463,
        "3":0.4736340534,
        "4":0.480938934
    }
}