{
    "Actor":{
        "0":0.4214784994
    },
    "Activity":{
        "0":0.4516016562
    },
    "Activity Data":{
        "0":0.510597787
    },
    "Further Specification":{
        "0":0.5612846964
    },
    "XOR Gateway":{
        "0":0.4471249228
    },
    "Condition Specification":{
        "0":0.5080787412
    },
    "AND Gateway":{
        "0":0.7060064935
    },
    "All":{
        "0":0.4753573443
    }
}