{
    "Actor":{
        "0":0.3609693878,
        "1":0.3809182209,
        "2":0.368385346,
        "3":0.3780663781,
        "4":0.3721286371
    },
    "Activity":{
        "0":0.4263157895,
        "1":0.4325581395,
        "2":0.4407744875,
        "3":0.4300225734,
        "4":0.4334140436
    },
    "Activity Data":{
        "0":0.4014136905,
        "1":0.415192926,
        "2":0.3911812298,
        "3":0.4,
        "4":0.4242021277
    },
    "Further Specification":{
        "0":0.4711538462,
        "1":0.5057034221,
        "2":0.4967320261,
        "3":0.4895470383,
        "4":0.5117924528
    },
    "XOR Gateway":{
        "0":0.3870967742,
        "1":0.3916666667,
        "2":0.4561403509,
        "3":0.4215686275,
        "4":0.4074074074
    },
    "Condition Specification":{
        "0":0.4770114943,
        "1":0.4968847352,
        "2":0.46484375,
        "3":0.485915493,
        "4":0.4640883978
    },
    "AND Gateway":{
        "0":0.75,
        "1":0.65,
        "2":0.5,
        "3":0.5,
        "4":0.7727272727
    },
    "All":{
        "0":0.4008007117,
        "1":0.4196694215,
        "2":0.4027163613,
        "3":0.4099428208,
        "4":0.4156371338
    }
}