{
    "Actor":{
        "0":0.3871173469,
        "1":0.400286944,
        "2":0.3785617368,
        "3":0.404040404,
        "4":0.4027565084
    },
    "Activity":{
        "0":0.4326315789,
        "1":0.4418604651,
        "2":0.4487471526,
        "3":0.4379232506,
        "4":0.4455205811
    },
    "Activity Data":{
        "0":0.4501488095,
        "1":0.4577974277,
        "2":0.4530744337,
        "3":0.4564516129,
        "4":0.4649822695
    },
    "Further Specification":{
        "0":0.4865384615,
        "1":0.5323193916,
        "2":0.5016339869,
        "3":0.4965156794,
        "4":0.5283018868
    },
    "XOR Gateway":{
        "0":0.4032258065,
        "1":0.4166666667,
        "2":0.4561403509,
        "3":0.4509803922,
        "4":0.4259259259
    },
    "Condition Specification":{
        "0":0.5022988506,
        "1":0.4906542056,
        "2":0.4765625,
        "3":0.4953051643,
        "4":0.4848066298
    },
    "AND Gateway":{
        "0":0.625,
        "1":0.6,
        "2":0.6428571429,
        "3":0.6875,
        "4":0.5
    },
    "All":{
        "0":0.4314946619,
        "1":0.4447933884,
        "2":0.4325647505,
        "3":0.4420266836,
        "4":0.4435227674
    }
}