{
    "Actor":{
        "0":0.3616071429,
        "1":0.3845050215,
        "2":0.369063772,
        "3":0.3823953824,
        "4":0.3767228178
    },
    "Activity":{
        "0":0.4273684211,
        "1":0.4348837209,
        "2":0.4407744875,
        "3":0.4322799097,
        "4":0.4334140436
    },
    "Activity Data":{
        "0":0.4058779762,
        "1":0.4192122186,
        "2":0.3984627832,
        "3":0.4068548387,
        "4":0.4295212766
    },
    "Further Specification":{
        "0":0.4711538462,
        "1":0.5152091255,
        "2":0.4967320261,
        "3":0.5034843206,
        "4":0.5188679245
    },
    "XOR Gateway":{
        "0":0.3870967742,
        "1":0.3916666667,
        "2":0.4561403509,
        "3":0.4411764706,
        "4":0.4074074074
    },
    "Condition Specification":{
        "0":0.4793103448,
        "1":0.5015576324,
        "2":0.48046875,
        "3":0.4929577465,
        "4":0.476519337
    },
    "AND Gateway":{
        "0":0.75,
        "1":0.65,
        "2":0.7142857143,
        "3":0.6875,
        "4":0.7727272727
    },
    "All":{
        "0":0.403173191,
        "1":0.4238016529,
        "2":0.4080859128,
        "3":0.416931385,
        "4":0.4209318743
    }
}