{
    "Actor":{
        "0":0.4280735586
    },
    "Activity":{
        "0":0.4565826265
    },
    "Activity Data":{
        "0":0.5317944387
    },
    "Further Specification":{
        "0":0.5877094009
    },
    "XOR Gateway":{
        "0":0.4717251277
    },
    "Condition Specification":{
        "0":0.5174202769
    },
    "AND Gateway":{
        "0":0.7060064935
    },
    "All":{
        "0":0.4898369113
    }
}