{
    "Actor":{
        "0":0.3736318018
    },
    "Activity":{
        "0":0.4330752985
    },
    "Activity Data":{
        "0":0.4094778102
    },
    "Further Specification":{
        "0":0.4966948095
    },
    "XOR Gateway":{
        "0":0.4127759653
    },
    "Condition Specification":{
        "0":0.4834046138
    },
    "AND Gateway":{
        "0":0.7149025974
    },
    "All":{
        "0":0.4124257938
    }
}