{
    "Actor":{
        "0":0.3577806122,
        "1":0.3787661406,
        "2":0.3602442334,
        "3":0.3737373737,
        "4":0.3698315467
    },
    "Activity":{
        "0":0.4263157895,
        "1":0.4325581395,
        "2":0.437357631,
        "3":0.4300225734,
        "4":0.4334140436
    },
    "Activity Data":{
        "0":0.3984375,
        "1":0.4111736334,
        "2":0.3899676375,
        "3":0.3959677419,
        "4":0.4206560284
    },
    "Further Specification":{
        "0":0.4692307692,
        "1":0.4885931559,
        "2":0.4852941176,
        "3":0.468641115,
        "4":0.5047169811
    },
    "XOR Gateway":{
        "0":0.3870967742,
        "1":0.3916666667,
        "2":0.4385964912,
        "3":0.4215686275,
        "4":0.4074074074
    },
    "Condition Specification":{
        "0":0.4747126437,
        "1":0.4828660436,
        "2":0.46484375,
        "3":0.485915493,
        "4":0.4640883978
    },
    "AND Gateway":{
        "0":0.625,
        "1":0.5,
        "2":0.5,
        "3":0.5,
        "4":0.6363636364
    },
    "All":{
        "0":0.3979833926,
        "1":0.4140495868,
        "2":0.3986102337,
        "3":0.4056543837,
        "4":0.4126367808
    }
}