{
    "Actor":{
        "0":0.3748588273
    },
    "Activity":{
        "0":0.4337441165
    },
    "Activity Data":{
        "0":0.4119858187
    },
    "Further Specification":{
        "0":0.5010894486
    },
    "XOR Gateway":{
        "0":0.4166975339
    },
    "Condition Specification":{
        "0":0.4861627621
    },
    "AND Gateway":{
        "0":0.7149025974
    },
    "All":{
        "0":0.4145848032
    }
}