{
    "Actor":{
        "0":0.2708333333,
        "1":0.2826398852,
        "2":0.2781546811,
        "3":0.2861952862,
        "4":0.2782031649
    },
    "Activity":{
        "0":0.2947368421,
        "1":0.303875969,
        "2":0.3006833713,
        "3":0.3047404063,
        "4":0.3042776433
    },
    "Activity Data":{
        "0":0.3323412698,
        "1":0.3480707395,
        "2":0.3376483279,
        "3":0.3349462366,
        "4":0.3581560284
    },
    "Further Specification":{
        "0":0.4051282051,
        "1":0.371356147,
        "2":0.3779956427,
        "3":0.3890824623,
        "4":0.391509434
    },
    "XOR Gateway":{
        "0":0.2903225806,
        "1":0.3,
        "2":0.3391812865,
        "3":0.3267973856,
        "4":0.2716049383
    },
    "Condition Specification":{
        "0":0.3486590038,
        "1":0.3520249221,
        "2":0.3385416667,
        "3":0.3489827856,
        "4":0.3480662983
    },
    "AND Gateway":{
        "0":0.3888888889,
        "1":0.3333333333,
        "2":0.4285714286,
        "3":0.4166666667,
        "4":0.3939393939
    },
    "All":{
        "0":0.3124752867,
        "1":0.3235261708,
        "2":0.3157506844,
        "3":0.3202033037,
        "4":0.3240381221
    }
}