{
    "0.0":{
        "0.25":0.7946997503,
        "0.5":0.7946997503,
        "0.75":0.7946997503,
        "1.0":0.7946997503
    },
    "0.1":{
        "0.25":0.7454271289,
        "0.5":0.7454271289,
        "0.75":0.7454271289,
        "1.0":0.7363742054
    },
    "0.2":{
        "0.25":0.6711414472,
        "0.5":0.6711414472,
        "0.75":0.6711414472,
        "1.0":0.6862833592
    },
    "0.3":{
        "0.25":0.6284905621,
        "0.5":0.6284905621,
        "0.75":0.6284905621,
        "1.0":0.6437171844
    },
    "0.4":{
        "0.25":0.5963659081,
        "0.5":0.5963659081,
        "0.75":0.5963659081,
        "1.0":0.5986323866
    },
    "0.5":{
        "0.25":0.5239583091,
        "0.5":0.5239583091,
        "0.75":0.5239583091,
        "1.0":0.5399430527
    },
    "0.6":{
        "0.25":0.4989531381,
        "0.5":0.4989531381,
        "0.75":0.4989531381,
        "1.0":0.503850105
    },
    "0.7":{
        "0.25":0.4742060038,
        "0.5":0.4742060038,
        "0.75":0.4742060038,
        "1.0":0.4686072015
    },
    "0.8":{
        "0.25":0.4478879903,
        "0.5":0.4478879903,
        "0.75":0.4478879903,
        "1.0":0.4566336882
    },
    "0.9":{
        "0.25":0.4266098067,
        "0.5":0.4266098067,
        "0.75":0.4266098067,
        "1.0":0.4187542429
    },
    "1.0":{
        "0.25":0.3973498751,
        "0.5":0.3973498751,
        "0.75":0.3973498751,
        "1.0":0.3973498751
    },
    "1.25":{
        "0.25":0.3550529327,
        "0.5":0.3550529327,
        "0.75":0.3550529327,
        "1.0":0.3520077995
    },
    "1.5":{
        "0.25":0.3163565055,
        "0.5":0.3163565055,
        "0.75":0.3163565055,
        "1.0":0.3190152666
    },
    "1.75":{
        "0.25":0.2839845636,
        "0.5":0.2839845636,
        "0.75":0.2839845636,
        "1.0":0.2874576527
    },
    "2.0":{
        "0.25":0.2648999168,
        "0.5":0.2648999168,
        "0.75":0.2648999168,
        "1.0":0.2648999168
    },
    "3.0":{
        "0.25":0.1986749376,
        "0.5":0.1986749376,
        "0.75":0.1986749376,
        "1.0":0.1986749376
    },
    "4.0":{
        "0.25":0.1589399501,
        "0.5":0.1589399501,
        "0.75":0.1589399501,
        "1.0":0.1589399501
    },
    "5.0":{
        "0.25":0.1324499584,
        "0.5":0.1324499584,
        "0.75":0.1324499584,
        "1.0":0.1324499584
    },
    "7.0":{
        "0.25":0.0993374688,
        "0.5":0.0993374688,
        "0.75":0.0993374688,
        "1.0":0.0993374688
    },
    "10.0":{
        "0.25":0.0722454318,
        "0.5":0.0722454318,
        "0.75":0.0722454318,
        "1.0":0.0722454318
    }
}