{
    "0.0":{
        "0.25":0.7946997503,
        "0.5":0.7946997503,
        "0.75":0.7946997503,
        "1.0":0.7946997503
    },
    "0.1":{
        "0.25":0.7454271289,
        "0.5":0.745378425,
        "0.75":0.7454506454,
        "1.0":0.7377500917
    },
    "0.2":{
        "0.25":0.6711414472,
        "0.5":0.6945039573,
        "0.75":0.6622647303,
        "1.0":0.6813146788
    },
    "0.3":{
        "0.25":0.6284905621,
        "0.5":0.6512651512,
        "0.75":0.6410619058,
        "1.0":0.6295493796
    },
    "0.4":{
        "0.25":0.5963659081,
        "0.5":0.5753472148,
        "0.75":0.5753472148,
        "1.0":0.604419036
    },
    "0.5":{
        "0.25":0.5239583091,
        "0.5":0.5270197798,
        "0.75":0.5270197798,
        "1.0":0.5358829327
    },
    "0.6":{
        "0.25":0.4989531381,
        "0.5":0.4963200533,
        "0.75":0.5065251414,
        "1.0":0.5111405191
    },
    "0.7":{
        "0.25":0.4742060038,
        "0.5":0.473972024,
        "0.75":0.4668864074,
        "1.0":0.477189526
    },
    "0.8":{
        "0.25":0.4478879903,
        "0.5":0.4480661532,
        "0.75":0.4510769787,
        "1.0":0.4569120753
    },
    "0.9":{
        "0.25":0.4266098067,
        "0.5":0.4226827644,
        "0.75":0.42038781,
        "1.0":0.4196860114
    },
    "1.0":{
        "0.25":0.3973498751,
        "0.5":0.3973498751,
        "0.75":0.3973498751,
        "1.0":0.3973498751
    },
    "1.25":{
        "0.25":0.3550529327,
        "0.5":0.3651134831,
        "0.75":0.3514901183,
        "1.0":0.3585196233
    },
    "1.5":{
        "0.25":0.3163565055,
        "0.5":0.3206699585,
        "0.75":0.3186498096,
        "1.0":0.3183895175
    },
    "1.75":{
        "0.25":0.2839845636,
        "0.5":0.2830836847,
        "0.75":0.2828179599,
        "1.0":0.290099426
    },
    "2.0":{
        "0.25":0.2648999168,
        "0.5":0.2648999168,
        "0.75":0.2648999168,
        "1.0":0.2648999168
    },
    "3.0":{
        "0.25":0.1986749376,
        "0.5":0.1986749376,
        "0.75":0.1986749376,
        "1.0":0.1986749376
    },
    "4.0":{
        "0.25":0.1589399501,
        "0.5":0.1589399501,
        "0.75":0.1589399501,
        "1.0":0.1589399501
    },
    "5.0":{
        "0.25":0.1324499584,
        "0.5":0.1324499584,
        "0.75":0.1324499584,
        "1.0":0.1324499584
    },
    "7.0":{
        "0.25":0.0993374688,
        "0.5":0.0993374688,
        "0.75":0.0993374688,
        "1.0":0.0993374688
    },
    "10.0":{
        "0.25":0.0722454318,
        "0.5":0.0722454318,
        "0.75":0.0722454318,
        "1.0":0.0722454318
    }
}