{
    "Actor":{
        "0.0":0.721530121,
        "0.1":0.7096177541,
        "0.2":0.7092044954,
        "0.3":0.7129819667,
        "0.4":0.7129811161,
        "0.5":0.7166150397,
        "0.6":0.7191504636,
        "0.7":0.7075204683,
        "0.8":0.713454858,
        "0.9":0.7068941565,
        "1.0":0.7157021512,
        "1.25":0.7018219721,
        "1.5":0.6976768201,
        "1.75":0.705379027,
        "2.0":0.7208447207,
        "3.0":0.7205605756,
        "4.0":0.7134226484,
        "5.0":0.6932278738,
        "7.0":0.6910305631,
        "10.0":0.6569508449
    },
    "Activity":{
        "0.0":0.7649218209,
        "0.1":0.7771624654,
        "0.2":0.7829929077,
        "0.3":0.7704614994,
        "0.4":0.7676127207,
        "0.5":0.7632578912,
        "0.6":0.7686428579,
        "0.7":0.7620251396,
        "0.8":0.7763153504,
        "0.9":0.7638626928,
        "1.0":0.7718411537,
        "1.25":0.7713664762,
        "1.5":0.775162306,
        "1.75":0.7820060589,
        "2.0":0.7633317963,
        "3.0":0.7794857967,
        "4.0":0.7728963952,
        "5.0":0.7658606037,
        "7.0":0.7715855259,
        "10.0":0.7357359922
    },
    "Activity Data":{
        "0.0":0.6158860061,
        "0.1":0.6259079493,
        "0.2":0.6305268437,
        "0.3":0.6318783229,
        "0.4":0.6297634291,
        "0.5":0.6401266918,
        "0.6":0.6227162524,
        "0.7":0.6174580973,
        "0.8":0.6284184205,
        "0.9":0.6422997168,
        "1.0":0.6345393237,
        "1.25":0.6431273763,
        "1.5":0.6263624679,
        "1.75":0.6262791952,
        "2.0":0.6378392166,
        "3.0":0.6143649138,
        "4.0":0.6044450703,
        "5.0":0.6182025058,
        "7.0":0.6004568221,
        "10.0":0.5724513797
    },
    "Further Specification":{
        "0.0":0.2552923105,
        "0.1":0.2541142191,
        "0.2":0.2546687136,
        "0.3":0.2885064935,
        "0.4":0.2258241758,
        "0.5":0.2780952381,
        "0.6":0.2280241327,
        "0.7":0.2386111111,
        "0.8":0.2696332786,
        "0.9":0.2650885131,
        "1.0":0.2841558442,
        "1.25":0.2739102564,
        "1.5":0.2412450481,
        "1.75":0.2063750628,
        "2.0":0.1976343101,
        "3.0":0.1693358634,
        "4.0":0.2038095238,
        "5.0":0.1577822853,
        "7.0":0.179537456,
        "10.0":0.206977058
    },
    "XOR Gateway":{
        "0.0":0.7246239374,
        "0.1":0.7174167302,
        "0.2":0.7321446807,
        "0.3":0.7272555164,
        "0.4":0.6815373933,
        "0.5":0.7268931975,
        "0.6":0.7002257288,
        "0.7":0.7218161066,
        "0.8":0.7459780593,
        "0.9":0.7221104443,
        "1.0":0.7238943208,
        "1.25":0.7171149046,
        "1.5":0.7429138063,
        "1.75":0.7286885578,
        "2.0":0.7318689447,
        "3.0":0.729299349,
        "4.0":0.742118352,
        "5.0":0.7249182786,
        "7.0":0.7171144645,
        "10.0":0.6582157624
    },
    "Condition Specification":{
        "0.0":0.5953056321,
        "0.1":0.5985429745,
        "0.2":0.6273295985,
        "0.3":0.5859562376,
        "0.4":0.6068396054,
        "0.5":0.6215443252,
        "0.6":0.578740769,
        "0.7":0.6071428571,
        "0.8":0.6671245421,
        "0.9":0.6241696633,
        "1.0":0.6538006868,
        "1.25":0.658952272,
        "1.5":0.6248051948,
        "1.75":0.6177142857,
        "2.0":0.6421194458,
        "3.0":0.6264322344,
        "4.0":0.6283425143,
        "5.0":0.5573992674,
        "7.0":0.5659496568,
        "10.0":0.4278614719
    },
    "AND Gateway":{
        "0.0":0.0,
        "0.1":0.0,
        "0.2":0.0,
        "0.3":0.0,
        "0.4":0.1333333333,
        "0.5":0.2,
        "0.6":0.3,
        "0.7":0.1,
        "0.8":0.2,
        "0.9":0.3,
        "1.0":0.3,
        "1.25":0.3,
        "1.5":0.2333333333,
        "1.75":0.3,
        "2.0":0.2333333333,
        "3.0":0.36,
        "4.0":0.36,
        "5.0":0.3333333333,
        "7.0":0.26,
        "10.0":0.3333333333
    }
}