{
    "Bert Score":{
        "0":0.9675569534,
        "1":0.9674261808,
        "2":0.9684240222,
        "3":0.9682871699,
        "4":0.9687500596
    }
}