{
    "Bert Score":{
        "0":0.8914228082,
        "1":0.8902100325,
        "2":0.8949481249,
        "3":0.8920238614,
        "4":0.8955258727
    }
}