{
    "Bert Score":{
        "0":0.9702604413,
        "1":0.9701406956,
        "2":0.9710553885,
        "3":0.9709299803,
        "4":0.9713541865
    }
}