{
    "Bert Score":{
        "0":0.9985913634,
        "1":0.9979973435,
        "2":0.9983031154,
        "3":0.9980125427,
        "4":0.998286128
    }
}