{
    "Bert Score":{
        "0":0.9838820696,
        "1":0.9826408029,
        "2":0.9830983877,
        "3":0.9834480882,
        "4":0.9850019813
    }
}