{
    "Bert Score":{
        "0":0.9870828986,
        "1":0.9854105711,
        "2":0.9878669381,
        "3":0.9876109958,
        "4":0.9901397228
    }
}