{
    "Bert Score":{
        "0":0.9821563959,
        "1":0.9820843339,
        "2":0.9826332331,
        "3":0.9825579524,
        "4":0.9828125238
    }
}