{
    "Bert Score":{
        "0":0.9898669124,
        "1":0.9887414575,
        "2":0.9901757836,
        "3":0.9924429059,
        "4":0.9915886521
    }
}