{
    "Actor":{
        "0":0.06479919,
        "1":0.0682761222,
        "2":0.0688547984,
        "3":0.0751138088,
        "4":0.0670208418
    },
    "Activity":{
        "0":0.1644599303,
        "1":0.1648690293,
        "2":0.1743396226,
        "3":0.1750186986,
        "4":0.1726907631
    },
    "Activity Data":{
        "0":0.0969776038,
        "1":0.1012362958,
        "2":0.1031325301,
        "3":0.1025340216,
        "4":0.1066460587
    },
    "Further Specification":{
        "0":0.1851851852,
        "1":0.1907514451,
        "2":0.1898238748,
        "3":0.1842931937,
        "4":0.2193732194
    },
    "XOR Gateway":{
        "0":0.0492610837,
        "1":0.0683060109,
        "2":0.0704225352,
        "3":0.0705882353,
        "4":0.0448179272
    },
    "Condition Specification":{
        "0":0.1677419355,
        "1":0.1827852998,
        "2":0.1681632653,
        "3":0.1672753835,
        "4":0.1685393258
    },
    "AND Gateway":{
        "0":0.25,
        "1":0.28,
        "2":0.2,
        "3":0.275,
        "4":0.25
    },
    "All":{
        "0":0.0815282279,
        "1":0.0855843048,
        "2":0.086642269,
        "3":0.0868452327,
        "4":0.0887964278
    }
}