{
    "Actor":{
        "0":0.0968077315
    },
    "Activity":{
        "0":0.2348229174
    },
    "Activity Data":{
        "0":0.1435670133
    },
    "Further Specification":{
        "0":0.26582183
    },
    "XOR Gateway":{
        "0":0.0859530155
    },
    "Condition Specification":{
        "0":0.2394531168
    },
    "AND Gateway":{
        "0":0.3813546316
    },
    "All":{
        "0":0.1202949746
    }
}