{
    "Actor":{
        "0":0.056885053,
        "1":0.0602992958,
        "2":0.0605027695,
        "3":0.0643586329,
        "4":0.0613045611
    },
    "Activity":{
        "0":0.1736842105,
        "1":0.1728395062,
        "2":0.1845528455,
        "3":0.1837060703,
        "4":0.1843478261
    },
    "Activity Data":{
        "0":0.0891621829,
        "1":0.0938189845,
        "2":0.0955612101,
        "3":0.0948012232,
        "4":0.1026925485
    },
    "Further Specification":{
        "0":0.1807065217,
        "1":0.1879286694,
        "2":0.1840277778,
        "3":0.1772616137,
        "4":0.2323943662
    },
    "XOR Gateway":{
        "0":0.0520547945,
        "1":0.0676470588,
        "2":0.0709876543,
        "3":0.0707395498,
        "4":0.0441640379
    },
    "Condition Specification":{
        "0":0.1775862069,
        "1":0.1829268293,
        "2":0.1761858664,
        "3":0.1695906433,
        "4":0.1785714286
    },
    "AND Gateway":{
        "0":0.3023255814,
        "1":0.3428571429,
        "2":0.2285714286,
        "3":0.2571428571,
        "4":0.2765957447
    },
    "All":{
        "0":0.0800118977,
        "1":0.0837994954,
        "2":0.0856990395,
        "3":0.0845397865,
        "4":0.0898131404
    }
}