{
    "Actor":{
        "0":0.085951393,
        "1":0.0890188434,
        "2":0.0890282132,
        "3":0.0944010417,
        "4":0.0914411119
    },
    "Activity":{
        "0":0.264604811,
        "1":0.2564102564,
        "2":0.2695961995,
        "3":0.27479092,
        "4":0.2756827048
    },
    "Activity Data":{
        "0":0.1364170913,
        "1":0.1418439716,
        "2":0.14001657,
        "3":0.1402714932,
        "4":0.155450237
    },
    "Further Specification":{
        "0":0.2847965739,
        "1":0.2842323651,
        "2":0.2606557377,
        "3":0.2660550459,
        "4":0.350132626
    },
    "XOR Gateway":{
        "0":0.0772357724,
        "1":0.1026785714,
        "2":0.1004366812,
        "3":0.1105527638,
        "4":0.0669856459
    },
    "Condition Specification":{
        "0":0.2641025641,
        "1":0.2791878173,
        "2":0.2388451444,
        "3":0.2765667575,
        "4":0.2510760402
    },
    "AND Gateway":{
        "0":0.4642857143,
        "1":0.5217391304,
        "2":0.3333333333,
        "3":0.375,
        "4":0.4814814815
    },
    "All":{
        "0":0.1216827503,
        "1":0.1257613169,
        "2":0.123996294,
        "3":0.1268633048,
        "4":0.1340892729
    }
}