{
    "Actor":{
        "0":0.077937185,
        "1":0.0814655172,
        "2":0.0830204422,
        "3":0.0852296235,
        "4":0.0829268293
    },
    "Activity":{
        "0":0.2025423729,
        "1":0.1979835014,
        "2":0.2173507463,
        "3":0.2137060415,
        "4":0.218875502
    },
    "Activity Data":{
        "0":0.1166793217,
        "1":0.1178903826,
        "2":0.1241921888,
        "3":0.1166202884,
        "4":0.1330619912
    },
    "Further Specification":{
        "0":0.203410475,
        "1":0.2011363636,
        "2":0.2330558859,
        "3":0.2162162162,
        "4":0.2435312024
    },
    "XOR Gateway":{
        "0":0.0679012346,
        "1":0.0891089109,
        "2":0.0833333333,
        "3":0.0925266904,
        "4":0.0606060606
    },
    "Condition Specification":{
        "0":0.2021452145,
        "1":0.2202043133,
        "2":0.1951438849,
        "3":0.2157407407,
        "4":0.2264573991
    },
    "AND Gateway":{
        "0":0.347826087,
        "1":0.4117647059,
        "2":0.2631578947,
        "3":0.3666666667,
        "4":0.3720930233
    },
    "All":{
        "0":0.096311678,
        "1":0.0990721979,
        "2":0.1034445756,
        "3":0.1006069334,
        "4":0.1101778656
    }
}