{
    "Actor":{
        "0":0.1539278132,
        "1":0.1613663133,
        "2":0.1576026637,
        "3":0.1734449761,
        "4":0.1604621309
    },
    "Activity":{
        "0":0.4583333333,
        "1":0.4545454545,
        "2":0.4840085288,
        "3":0.4862579281,
        "4":0.4753363229
    },
    "Activity Data":{
        "0":0.2433566434,
        "1":0.2437275986,
        "2":0.2490788504,
        "3":0.255239521,
        "4":0.2724252492
    },
    "Further Specification":{
        "0":0.4318181818,
        "1":0.4566666667,
        "2":0.5063694268,
        "3":0.4738562092,
        "4":0.5814977974
    },
    "XOR Gateway":{
        "0":0.1366906475,
        "1":0.185483871,
        "2":0.185483871,
        "3":0.1848739496,
        "4":0.1157024793
    },
    "Condition Specification":{
        "0":0.4291666667,
        "1":0.4881656805,
        "2":0.4584382872,
        "3":0.4375,
        "4":0.4617414248
    },
    "AND Gateway":{
        "0":0.7647058824,
        "1":0.9230769231,
        "2":0.6153846154,
        "3":0.75,
        "4":0.7647058824
    },
    "All":{
        "0":0.2112565445,
        "1":0.2194771617,
        "2":0.2246153846,
        "3":0.225606317,
        "4":0.2347935708
    }
}