{
    "Actor":{
        "0":0.1521418777
    },
    "Activity":{
        "0":0.4379165505
    },
    "Activity Data":{
        "0":0.2340183285
    },
    "Further Specification":{
        "0":0.4618833375
    },
    "XOR Gateway":{
        "0":0.1502918256
    },
    "Condition Specification":{
        "0":0.42025172
    },
    "AND Gateway":{
        "0":0.685450334
    },
    "All":{
        "0":0.2078214934
    }
}