{
    "Actor":{
        "0":0.1089477596
    },
    "Activity":{
        "0":0.2717208514
    },
    "Activity Data":{
        "0":0.1644998627
    },
    "Further Specification":{
        "0":0.3152316149
    },
    "XOR Gateway":{
        "0":0.0978030899
    },
    "Condition Specification":{
        "0":0.277922739
    },
    "AND Gateway":{
        "0":0.4316274086
    },
    "All":{
        "0":0.1383946489
    }
}