{
    "Actor":{
        "0":0.1286821705,
        "1":0.1298274445,
        "2":0.1260904044,
        "3":0.1588785047,
        "4":0.1529888551
    },
    "Activity":{
        "0":0.3507462687,
        "1":0.3492586491,
        "2":0.3839732888,
        "3":0.3811881188,
        "4":0.374340949
    },
    "Activity Data":{
        "0":0.2005076142,
        "1":0.2018730489,
        "2":0.2030752916,
        "3":0.2138826185,
        "4":0.2334183673
    },
    "Further Specification":{
        "0":0.3267108168,
        "1":0.35,
        "2":0.3484251969,
        "3":0.3994778068,
        "4":0.44375
    },
    "XOR Gateway":{
        "0":0.1079545455,
        "1":0.1428571429,
        "2":0.1578947368,
        "3":0.1523178808,
        "4":0.0961538462
    },
    "Condition Specification":{
        "0":0.3534201954,
        "1":0.4063260341,
        "2":0.3870292887,
        "3":0.3504983389,
        "4":0.3459357278
    },
    "AND Gateway":{
        "0":0.7777777778,
        "1":0.5652173913,
        "2":0.5714285714,
        "3":0.5555555556,
        "4":0.6363636364
    },
    "All":{
        "0":0.1697168176,
        "1":0.1746031746,
        "2":0.1770110249,
        "3":0.1879617558,
        "4":0.1948927969
    }
}