{
    "Actor":{
        "0":0.1057577498
    },
    "Activity":{
        "0":0.3158647169
    },
    "Activity Data":{
        "0":0.1691505552
    },
    "Further Specification":{
        "0":0.3380021077
    },
    "XOR Gateway":{
        "0":0.1078396858
    },
    "Condition Specification":{
        "0":0.3069845937
    },
    "AND Gateway":{
        "0":0.4653772334
    },
    "All":{
        "0":0.1485673448
    }
}