{
    "Actor":{
        "0":0.0064243106
    },
    "Activity":{
        "0":0.05441631
    },
    "Activity Data":{
        "0":0.0129302864
    },
    "Further Specification":{
        "0":0.02361305
    },
    "XOR Gateway":{
        "0":0.0168310053
    },
    "Condition Specification":{
        "0":0.0254635725
    },
    "AND Gateway":{
        "0":0.012230602
    },
    "All":{
        "0":0.0096680686
    }
}