{
    "Actor":{
        "0":0.1622715606
    },
    "Activity":{
        "0":0.4697841014
    },
    "Activity Data":{
        "0":0.2526779845
    },
    "Further Specification":{
        "0":0.5058386954
    },
    "XOR Gateway":{
        "0":0.1612591888
    },
    "Condition Specification":{
        "0":0.4547202589
    },
    "AND Gateway":{
        "0":0.7731334842
    },
    "All":{
        "0":0.2235778438
    }
}