{
    "Actor":{
        "0":0.0985054348,
        "1":0.1083003953,
        "2":0.0986796386,
        "3":0.1042415528,
        "4":0.0999200639
    },
    "Activity":{
        "0":0.2855377009,
        "1":0.3097345133,
        "2":0.3122420908,
        "3":0.2983138781,
        "4":0.3063583815
    },
    "Activity Data":{
        "0":0.1507145951,
        "1":0.1693227092,
        "2":0.159208667,
        "3":0.1515555556,
        "4":0.1657402729
    },
    "Further Specification":{
        "0":0.358490566,
        "1":0.2866108787,
        "2":0.2994350282,
        "3":0.2793834297,
        "4":0.3626373626
    },
    "XOR Gateway":{
        "0":0.0801687764,
        "1":0.1256830601,
        "2":0.1216931217,
        "3":0.1164021164,
        "4":0.0725388601
    },
    "Condition Specification":{
        "0":0.2754010695,
        "1":0.322265625,
        "2":0.3008264463,
        "3":0.2904148784,
        "4":0.2859477124
    },
    "AND Gateway":{
        "0":0.5,
        "1":0.8,
        "2":0.347826087,
        "3":0.3913043478,
        "4":0.5416666667
    },
    "All":{
        "0":0.1351306095,
        "1":0.1486670558,
        "2":0.1424516587,
        "3":0.1369394043,
        "4":0.1456500489
    }
}