{
    "Actor":{
        "0":0.0515106109
    },
    "Activity":{
        "0":0.1467152641
    },
    "Activity Data":{
        "0":0.0779340862
    },
    "Further Specification":{
        "0":0.1487053178
    },
    "XOR Gateway":{
        "0":0.0540912724
    },
    "Condition Specification":{
        "0":0.1427686377
    },
    "AND Gateway":{
        "0":0.1481170194
    },
    "All":{
        "0":0.0643615458
    }
}