{
    "Actor":{
        "0":0.0771988028
    },
    "Activity":{
        "0":0.2305978439
    },
    "Activity Data":{
        "0":0.1212293969
    },
    "Further Specification":{
        "0":0.2453070786
    },
    "XOR Gateway":{
        "0":0.0791623029
    },
    "Condition Specification":{
        "0":0.2193210469
    },
    "AND Gateway":{
        "0":0.3783139948
    },
    "All":{
        "0":0.1078338582
    }
}