{
    "Actor":{
        "0":0.0424658652
    },
    "Activity":{
        "0":0.1286454122
    },
    "Activity Data":{
        "0":0.0655133557
    },
    "Further Specification":{
        "0":0.1225637274
    },
    "XOR Gateway":{
        "0":0.0454004417
    },
    "Condition Specification":{
        "0":0.1175473017
    },
    "AND Gateway":{
        "0":0.1100370256
    },
    "All":{
        "0":0.0533674674
    }
}