{
    "Actor":{
        "0":0.0821159194
    },
    "Activity":{
        "0":0.2100916328
    },
    "Activity Data":{
        "0":0.1216888346
    },
    "Further Specification":{
        "0":0.2194700286
    },
    "XOR Gateway":{
        "0":0.078695246
    },
    "Condition Specification":{
        "0":0.2119383105
    },
    "AND Gateway":{
        "0":0.3523016755
    },
    "All":{
        "0":0.1019226501
    }
}