{
    "Actor":{
        "0":0.0260650531,
        "1":0.0271601971,
        "2":0.0287267999,
        "3":0.0297284071,
        "4":0.026487524
    },
    "Activity":{
        "0":0.0969529086,
        "1":0.0974760661,
        "2":0.1030097499,
        "3":0.1039290241,
        "4":0.1026474686
    },
    "Activity Data":{
        "0":0.0410753173,
        "1":0.0428947999,
        "2":0.0472650514,
        "3":0.0434538153,
        "4":0.0454949351
    },
    "Further Specification":{
        "0":0.0814360771,
        "1":0.0800821355,
        "2":0.0786555787,
        "3":0.0796460177,
        "4":0.0923153693
    },
    "XOR Gateway":{
        "0":0.0292682927,
        "1":0.038961039,
        "2":0.0430416069,
        "3":0.0432835821,
        "4":0.0248962656
    },
    "Condition Specification":{
        "0":0.0832597823,
        "1":0.0877803558,
        "2":0.0870170553,
        "3":0.080201243,
        "4":0.0822107081
    },
    "AND Gateway":{
        "0":0.0542168675,
        "1":0.0547945205,
        "2":0.0347222222,
        "3":0.125,
        "4":0.0542168675
    },
    "All":{
        "0":0.0337944043,
        "1":0.0347352931,
        "2":0.037037037,
        "3":0.0360420939,
        "4":0.0368339712
    }
}