{
    "Actor":{
        "0":0.0163912668,
        "1":0.0169737415,
        "2":0.0187088664,
        "3":0.0186128961,
        "4":0.0165652207
    },
    "Activity":{
        "0":0.07929374,
        "1":0.0799295775,
        "2":0.0841669541,
        "3":0.084989719,
        "4":0.0844748858
    },
    "Activity Data":{
        "0":0.0272762383,
        "1":0.028314423,
        "2":0.0325333006,
        "3":0.0285920354,
        "4":0.0301826847
    },
    "Further Specification":{
        "0":0.0555873926,
        "1":0.0537720706,
        "2":0.0537124803,
        "3":0.055827116,
        "4":0.0628626692
    },
    "XOR Gateway":{
        "0":0.0235404896,
        "1":0.0304518664,
        "2":0.0345596433,
        "3":0.0346820809,
        "4":0.0189473684
    },
    "Condition Specification":{
        "0":0.0573088093,
        "1":0.0607152045,
        "2":0.0615933413,
        "3":0.0550905198,
        "4":0.0558284949
    },
    "AND Gateway":{
        "0":0.0239680426,
        "1":0.0229555237,
        "2":0.0146627566,
        "3":0.0884353741,
        "4":0.0239680426
    },
    "All":{
        "0":0.0222015152,
        "1":0.0226653782,
        "2":0.0249720462,
        "3":0.0237234228,
        "4":0.0240156184
    }
}