{
    "Actor":{
        "0":0.0902255639,
        "1":0.0957165521,
        "2":0.0971802618,
        "3":0.1063372718,
        "4":0.0945790081
    },
    "Activity":{
        "0":0.2256214149,
        "1":0.2264550265,
        "2":0.239626556,
        "3":0.2429906542,
        "4":0.2394209354
    },
    "Activity Data":{
        "0":0.1357686454,
        "1":0.1424351821,
        "2":0.1435278337,
        "3":0.144510582,
        "4":0.1515928231
    },
    "Further Specification":{
        "0":0.2535657686,
        "1":0.2731788079,
        "2":0.2625169147,
        "3":0.2536023055,
        "4":0.2862453532
    },
    "XOR Gateway":{
        "0":0.0687285223,
        "1":0.0965250965,
        "2":0.0980392157,
        "3":0.1016949153,
        "4":0.0647773279
    },
    "Condition Specification":{
        "0":0.2294117647,
        "1":0.252,
        "2":0.2351598174,
        "3":0.2405462185,
        "4":0.2401477833
    },
    "AND Gateway":{
        "0":0.3720930233,
        "1":0.4242424242,
        "2":0.303030303,
        "3":0.4074074074,
        "4":0.4
    },
    "All":{
        "0":0.1132164851,
        "1":0.1199362465,
        "2":0.1208679004,
        "3":0.1224542408,
        "4":0.125
    }
}