{
    "Actor":{
        "0":0.0236365875,
        "1":0.0248763057,
        "2":0.0250551733,
        "3":0.0273442895,
        "4":0.0244156618
    },
    "Activity":{
        "0":0.0615384615,
        "1":0.0617070358,
        "2":0.0652542373,
        "3":0.0655095185,
        "4":0.0646616541
    },
    "Activity Data":{
        "0":0.0351901531,
        "1":0.0366956963,
        "2":0.0375933245,
        "3":0.03718516,
        "4":0.0386121992
    },
    "Further Specification":{
        "0":0.0673967987,
        "1":0.0696202532,
        "2":0.0689900427,
        "3":0.067047619,
        "4":0.0799169694
    },
    "XOR Gateway":{
        "0":0.0183318057,
        "1":0.0253549696,
        "2":0.0263157895,
        "3":0.0262295082,
        "4":0.0166320166
    },
    "Condition Specification":{
        "0":0.0616600791,
        "1":0.0671641791,
        "2":0.0619548872,
        "3":0.0614930183,
        "4":0.0620623806
    },
    "AND Gateway":{
        "0":0.0869565217,
        "1":0.0965517241,
        "2":0.0689655172,
        "3":0.1,
        "4":0.0869565217
    },
    "All":{
        "0":0.029804215,
        "1":0.0312608184,
        "2":0.0317146685,
        "3":0.0317311867,
        "4":0.0324326328
    }
}