{
    "Actor":{
        "0":0.0250656035
    },
    "Activity":{
        "0":0.0637341814
    },
    "Activity Data":{
        "0":0.0370553066
    },
    "Further Specification":{
        "0":0.0705943366
    },
    "XOR Gateway":{
        "0":0.0225728179
    },
    "Condition Specification":{
        "0":0.0628669089
    },
    "AND Gateway":{
        "0":0.087886057
    },
    "All":{
        "0":0.0313887043
    }
}