{
    "Actor":{
        "0":0.1019294171
    },
    "Activity":{
        "0":0.3024373129
    },
    "Activity Data":{
        "0":0.1593083599
    },
    "Further Specification":{
        "0":0.3173114531
    },
    "XOR Gateway":{
        "0":0.1032971869
    },
    "Condition Specification":{
        "0":0.2949711463
    },
    "AND Gateway":{
        "0":0.5161594203
    },
    "All":{
        "0":0.1417677554
    }
}