{
    "Actor":{
        "0":0.0885275519,
        "1":0.0939112487,
        "2":0.0947521866,
        "3":0.0987654321,
        "4":0.0918086861
    },
    "Activity":{
        "0":0.2257142857,
        "1":0.2264550265,
        "2":0.2386363636,
        "3":0.2385321101,
        "4":0.2386237514
    },
    "Activity Data":{
        "0":0.1345866905,
        "1":0.136405815,
        "2":0.1408083442,
        "3":0.1349954393,
        "4":0.1475352113
    },
    "Further Specification":{
        "0":0.2496171516,
        "1":0.2806122449,
        "2":0.2584856397,
        "3":0.2558139535,
        "4":0.2764084507
    },
    "XOR Gateway":{
        "0":0.0687285223,
        "1":0.0957854406,
        "2":0.0984251969,
        "3":0.0967741935,
        "4":0.064
    },
    "Condition Specification":{
        "0":0.2298850575,
        "1":0.2486910995,
        "2":0.23723042,
        "3":0.2218009479,
        "4":0.2423500612
    },
    "AND Gateway":{
        "0":0.3720930233,
        "1":0.4242424242,
        "2":0.3125,
        "3":0.3666666667,
        "4":0.4
    },
    "All":{
        "0":0.1113809854,
        "1":0.1171089925,
        "2":0.1184751464,
        "3":0.114959115,
        "4":0.1216309606
    }
}