{
    "Actor":{
        "0":0.159488477
    },
    "Activity":{
        "0":0.4695645306
    },
    "Activity Data":{
        "0":0.2495250532
    },
    "Further Specification":{
        "0":0.50367802
    },
    "XOR Gateway":{
        "0":0.1612591888
    },
    "Condition Specification":{
        "0":0.4519000022
    },
    "AND Gateway":{
        "0":0.7731334842
    },
    "All":{
        "0":0.2215329279
    }
}