{
    "Actor":{
        "0":0.0276335962
    },
    "Activity":{
        "0":0.1008030435
    },
    "Activity Data":{
        "0":0.0440367838
    },
    "Further Specification":{
        "0":0.0824270356
    },
    "XOR Gateway":{
        "0":0.0358901572
    },
    "Condition Specification":{
        "0":0.0840938289
    },
    "AND Gateway":{
        "0":0.0645900955
    },
    "All":{
        "0":0.0356885599
    }
}