{
    "Actor":{
        "0":0.1402628868
    },
    "Activity":{
        "0":0.412610971
    },
    "Activity Data":{
        "0":0.21966013
    },
    "Further Specification":{
        "0":0.4155849137
    },
    "XOR Gateway":{
        "0":0.1451477657
    },
    "Condition Specification":{
        "0":0.4145643883
    },
    "AND Gateway":{
        "0":0.7334173669
    },
    "All":{
        "0":0.1948617469
    }
}