{
    "Actor":{
        "0":0.1345083488,
        "1":0.1360476663,
        "2":0.1379980564,
        "3":0.1523109244,
        "4":0.1404494382
    },
    "Activity":{
        "0":0.4103019538,
        "1":0.3818181818,
        "2":0.425093633,
        "3":0.4389312977,
        "4":0.4069097889
    },
    "Activity Data":{
        "0":0.2070196312,
        "1":0.2185089974,
        "2":0.2173633441,
        "3":0.2236065574,
        "4":0.2318021201
    },
    "Further Specification":{
        "0":0.4346405229,
        "1":0.3333333333,
        "2":0.4332425068,
        "3":0.4277286136,
        "4":0.4489795918
    },
    "XOR Gateway":{
        "0":0.11875,
        "1":0.1554054054,
        "2":0.1755725191,
        "3":0.1774193548,
        "4":0.0985915493
    },
    "Condition Specification":{
        "0":0.3814814815,
        "1":0.4209183673,
        "2":0.4584382872,
        "3":0.4273684211,
        "4":0.3846153846
    },
    "AND Gateway":{
        "0":0.7647058824,
        "1":1.0,
        "2":0.5333333333,
        "3":0.75,
        "4":0.619047619
    },
    "All":{
        "0":0.185730725,
        "1":0.1874386654,
        "2":0.1993545184,
        "3":0.2024803847,
        "4":0.1993044409
    }
}