{
    "Actor":{
        "0":0.6494192186,
        "1":0.6965428937,
        "2":0.6658711217,
        "3":0.6837387964,
        "4":0.6880108992
    },
    "Activity":{
        "0":0.7325174825,
        "1":0.7707910751,
        "2":0.7573385519,
        "3":0.7751004016,
        "4":0.7777777778
    },
    "Activity Data":{
        "0":0.7102860621,
        "1":0.7387074357,
        "2":0.6900826446,
        "3":0.6981645139,
        "4":0.7418622256
    },
    "Further Specification":{
        "0":0.8546099291,
        "1":0.8287461774,
        "2":0.8243243243,
        "3":0.8414634146,
        "4":0.8326996198
    },
    "XOR Gateway":{
        "0":0.6794871795,
        "1":0.7014925373,
        "2":0.7462686567,
        "3":0.7931034483,
        "4":0.7457627119
    },
    "Condition Specification":{
        "0":0.7352445194,
        "1":0.8346883469,
        "2":0.7860262009,
        "3":0.8823529412,
        "4":0.8341584158
    },
    "AND Gateway":{
        "0":0.75,
        "1":0.9090909091,
        "2":0.875,
        "3":1.0,
        "4":1.0
    },
    "All":{
        "0":0.6928657799,
        "1":0.7401778033,
        "2":0.7027537797,
        "3":0.7264361405,
        "4":0.7358895706
    }
}