{
    "Actor":{
        "0":0.4315707621,
        "1":0.4718181818,
        "2":0.4240963855,
        "3":0.4238683128,
        "4":0.4336363636
    },
    "Activity":{
        "0":0.4944375773,
        "1":0.5457227139,
        "2":0.522696011,
        "3":0.4902723735,
        "4":0.5158959538
    },
    "Activity Data":{
        "0":0.464081093,
        "1":0.5116869919,
        "2":0.4542843466,
        "3":0.4390354868,
        "4":0.4730907227
    },
    "Further Specification":{
        "0":0.6361185984,
        "1":0.5188284519,
        "2":0.5310734463,
        "3":0.506743738,
        "4":0.5549450549
    },
    "XOR Gateway":{
        "0":0.4285714286,
        "1":0.5222222222,
        "2":0.5102040816,
        "3":0.4886363636,
        "4":0.4666666667
    },
    "Condition Specification":{
        "0":0.5320855615,
        "1":0.5843137255,
        "2":0.5761589404,
        "3":0.5595408895,
        "4":0.5360655738
    },
    "AND Gateway":{
        "0":0.5714285714,
        "1":0.8333333333,
        "2":0.5,
        "3":0.5,
        "4":0.6470588235
    },
    "All":{
        "0":0.4681267806,
        "1":0.5080645161,
        "2":0.4668425019,
        "3":0.4543968023,
        "4":0.4724295191
    }
}