{
    "Actor":{
        "0":0.5278267842
    },
    "Activity":{
        "0":0.5794368185
    },
    "Activity Data":{
        "0":0.5805304123
    },
    "Further Specification":{
        "0":0.6829656508
    },
    "XOR Gateway":{
        "0":0.5577196901
    },
    "Condition Specification":{
        "0":0.6330707714
    },
    "AND Gateway":{
        "0":0.7410637393
    },
    "All":{
        "0":0.567247077
    }
}