{
    "Actor":{
        "0":0.3793590585
    },
    "Activity":{
        "0":0.4044076195
    },
    "Activity Data":{
        "0":0.415056191
    },
    "Further Specification":{
        "0":0.5054985736
    },
    "XOR Gateway":{
        "0":0.4037902596
    },
    "Condition Specification":{
        "0":0.4449368143
    },
    "AND Gateway":{
        "0":0.5687696333
    },
    "All":{
        "0":0.4035054697
    }
}