{
    "Actor":{
        "0":0.1067830157
    },
    "Activity":{
        "0":0.179727947
    },
    "Activity Data":{
        "0":0.1366148835
    },
    "Further Specification":{
        "0":0.165631445
    },
    "XOR Gateway":{
        "0":0.15280515
    },
    "Condition Specification":{
        "0":0.1663120012
    },
    "AND Gateway":{
        "0":0.0903243582
    },
    "All":{
        "0":0.1250561867
    }
}