{
    "Actor":{
        "0":0.5591872792,
        "1":0.5599622285,
        "2":0.5357798165,
        "3":0.6337579618,
        "4":0.6356413167
    },
    "Activity":{
        "0":0.6388059701,
        "1":0.6441515651,
        "2":0.67278798,
        "3":0.6501650165,
        "4":0.6537785589
    },
    "Activity Data":{
        "0":0.6349534643,
        "1":0.6277217207,
        "2":0.5909580194,
        "3":0.6281609195,
        "4":0.6748704663
    },
    "Further Specification":{
        "0":0.6644591611,
        "1":0.7,
        "2":0.6830708661,
        "3":0.7624020888,
        "4":0.734375
    },
    "XOR Gateway":{
        "0":0.6666666667,
        "1":0.5543478261,
        "2":0.6463414634,
        "3":0.6923076923,
        "4":0.6666666667
    },
    "Condition Specification":{
        "0":0.7084690554,
        "1":0.7463414634,
        "2":0.748427673,
        "3":0.6983333333,
        "4":0.6755218216
    },
    "AND Gateway":{
        "0":1.0,
        "1":0.85,
        "2":1.0,
        "3":0.8181818182,
        "4":0.8571428571
    },
    "All":{
        "0":0.6127581272,
        "1":0.6184881401,
        "2":0.5985717377,
        "3":0.6399815965,
        "4":0.6511213048
    }
}