{
    "Actor":{
        "0":0.4154713115,
        "1":0.4314302531,
        "2":0.4214876033,
        "3":0.4244120941,
        "4":0.4264705882
    },
    "Activity":{
        "0":0.439047619,
        "1":0.4507936508,
        "2":0.444214876,
        "3":0.4403669725,
        "4":0.4561598224
    },
    "Activity Data":{
        "0":0.4646862686,
        "1":0.4683663834,
        "2":0.4469421488,
        "3":0.4389489954,
        "4":0.4851732762
    },
    "Further Specification":{
        "0":0.5375191424,
        "1":0.5884353741,
        "2":0.5496083551,
        "3":0.5494186047,
        "4":0.5211267606
    },
    "XOR Gateway":{
        "0":0.4379562044,
        "1":0.437037037,
        "2":0.4758064516,
        "3":0.452991453,
        "4":0.4745762712
    },
    "Condition Specification":{
        "0":0.4894636015,
        "1":0.4973753281,
        "2":0.4891922639,
        "3":0.4767331434,
        "4":0.5018404908
    },
    "AND Gateway":{
        "0":0.6764705882,
        "1":0.6896551724,
        "2":0.6818181818,
        "3":0.5714285714,
        "4":0.7333333333
    },
    "All":{
        "0":0.4432611091,
        "1":0.4601226994,
        "2":0.4422950388,
        "3":0.4375079305,
        "4":0.4598572053
    }
}