{
    "Actor":{
        "0":0.6767165859
    },
    "Activity":{
        "0":0.7627050578
    },
    "Activity Data":{
        "0":0.7158205764
    },
    "Further Specification":{
        "0":0.836368693
    },
    "XOR Gateway":{
        "0":0.7332229067
    },
    "Condition Specification":{
        "0":0.8144940848
    },
    "AND Gateway":{
        "0":0.9068181818
    },
    "All":{
        "0":0.7196246148
    }
}