{
    "Actor":{
        "0":0.1776125946
    },
    "Activity":{
        "0":0.1935876352
    },
    "Activity Data":{
        "0":0.1941364778
    },
    "Further Specification":{
        "0":0.2299481872
    },
    "XOR Gateway":{
        "0":0.1896971196
    },
    "Condition Specification":{
        "0":0.2083494364
    },
    "AND Gateway":{
        "0":0.2494758115
    },
    "All":{
        "0":0.189575844
    }
}