{
    "Actor":{
        "0":0.2587923594
    },
    "Activity":{
        "0":0.3053146867
    },
    "Activity Data":{
        "0":0.2800376109
    },
    "Further Specification":{
        "0":0.3328765604
    },
    "XOR Gateway":{
        "0":0.2835271596
    },
    "Condition Specification":{
        "0":0.3347556337
    },
    "AND Gateway":{
        "0":0.3393939394
    },
    "All":{
        "0":0.2830836847
    }
}