{
    "Actor":{
        "0":0.3692470789
    },
    "Activity":{
        "0":0.3923919317
    },
    "Activity Data":{
        "0":0.4051356822
    },
    "Further Specification":{
        "0":0.4857569992
    },
    "XOR Gateway":{
        "0":0.3912383505
    },
    "Condition Specification":{
        "0":0.4282912525
    },
    "AND Gateway":{
        "0":0.5595698024
    },
    "All":{
        "0":0.3932909138
    }
}