{
    "Actor":{
        "0":0.5987055016,
        "1":0.5891032917,
        "2":0.5919282511,
        "3":0.6242424242,
        "4":0.6037974684
    },
    "Activity":{
        "0":0.7104795737,
        "1":0.6727272727,
        "2":0.7116104869,
        "3":0.7213740458,
        "4":0.6852207294
    },
    "Activity Data":{
        "0":0.6362537764,
        "1":0.663372859,
        "2":0.6198563031,
        "3":0.6459170013,
        "4":0.6635514019
    },
    "Further Specification":{
        "0":0.7712418301,
        "1":0.603406326,
        "2":0.7683923706,
        "3":0.7758112094,
        "4":0.6870748299
    },
    "XOR Gateway":{
        "0":0.6153846154,
        "1":0.6266666667,
        "2":0.7692307692,
        "3":0.7413793103,
        "4":0.65625
    },
    "Condition Specification":{
        "0":0.737037037,
        "1":0.7641025641,
        "2":0.8787878788,
        "3":0.8227848101,
        "4":0.7218543046
    },
    "AND Gateway":{
        "0":0.9230769231,
        "1":1.0,
        "2":0.875,
        "3":1.0,
        "4":0.8461538462
    },
    "All":{
        "0":0.6440470358,
        "1":0.6406779661,
        "2":0.6533087266,
        "3":0.6719505642,
        "4":0.6463414634
    }
}