{
    "Actor":{
        "0":0.6904902029
    },
    "Activity":{
        "0":0.8008707801
    },
    "Activity Data":{
        "0":0.7425159408
    },
    "Further Specification":{
        "0":0.8480669141
    },
    "XOR Gateway":{
        "0":0.7666524195
    },
    "Condition Specification":{
        "0":0.8602925503
    },
    "AND Gateway":{
        "0":0.9583333333
    },
    "All":{
        "0":0.745378425
    }
}