{
    "Actor":{
        "0":0.372591944,
        "1":0.3843537415,
        "2":0.3762935089,
        "3":0.3764541647,
        "4":0.3967391304
    },
    "Activity":{
        "0":0.4,
        "1":0.4023831347,
        "2":0.4048507463,
        "3":0.4012623986,
        "4":0.4246987952
    },
    "Activity Data":{
        "0":0.4190231362,
        "1":0.4231174302,
        "2":0.3981797497,
        "3":0.3952172795,
        "4":0.4496985084
    },
    "Further Specification":{
        "0":0.4567600487,
        "1":0.4647727273,
        "2":0.5196195006,
        "3":0.4794359577,
        "4":0.4764079148
    },
    "XOR Gateway":{
        "0":0.4140127389,
        "1":0.4,
        "2":0.4161073826,
        "3":0.4097222222,
        "4":0.4444444444
    },
    "Condition Specification":{
        "0":0.4430693069,
        "1":0.4510250569,
        "2":0.4201983769,
        "3":0.4675324675,
        "4":0.4741573034
    },
    "AND Gateway":{
        "0":0.6388888889,
        "1":0.6896551724,
        "2":0.6,
        "3":0.5714285714,
        "4":0.7096774194
    },
    "All":{
        "0":0.3982254697,
        "1":0.4085852343,
        "2":0.3951120163,
        "3":0.3958446056,
        "4":0.4271226108
    }
}