{
    "Actor":{
        "0":0.0109270629
    },
    "Activity":{
        "0":0.0634244513
    },
    "Activity Data":{
        "0":0.0201003235
    },
    "Further Specification":{
        "0":0.0239820861
    },
    "XOR Gateway":{
        "0":0.0418316916
    },
    "Condition Specification":{
        "0":0.0232575355
    },
    "AND Gateway":{
        "0":0.0079753294
    },
    "All":{
        "0":0.0145829984
    }
}