{
    "Actor":{
        "0":0.6631205674,
        "1":0.7218453189,
        "2":0.6789808917,
        "3":0.7169811321,
        "4":0.7027417027
    },
    "Activity":{
        "0":0.8031809145,
        "1":0.8179824561,
        "2":0.8234042553,
        "3":0.8033826638,
        "4":0.8071748879
    },
    "Activity Data":{
        "0":0.7356709373,
        "1":0.7653136531,
        "2":0.7242401779,
        "3":0.748675246,
        "4":0.7909698997
    },
    "Further Specification":{
        "0":0.908045977,
        "1":0.8520900322,
        "2":0.9044585987,
        "3":0.8770226537,
        "4":0.9078947368
    },
    "XOR Gateway":{
        "0":0.676056338,
        "1":0.7704918033,
        "2":0.8064516129,
        "3":0.7678571429,
        "4":0.75
    },
    "Condition Specification":{
        "0":0.8614718615,
        "1":0.9283489097,
        "2":0.8894472362,
        "3":0.8537634409,
        "4":0.8763157895
    },
    "AND Gateway":{
        "0":1.0,
        "1":1.0,
        "2":0.875,
        "3":1.0,
        "4":0.9166666667
    },
    "All":{
        "0":0.7358438703,
        "1":0.7748385112,
        "2":0.7460129947,
        "3":0.7584469472,
        "4":0.7725008303
    }
}