{
    "Actor":{
        "0":0.6442417332,
        "1":0.7142857143,
        "2":0.6789808917,
        "3":0.7169811321,
        "4":0.7027417027
    },
    "Activity":{
        "0":0.7790697674,
        "1":0.8095238095,
        "2":0.8234042553,
        "3":0.8033826638,
        "4":0.8071748879
    },
    "Activity Data":{
        "0":0.7110091743,
        "1":0.7525252525,
        "2":0.7242401779,
        "3":0.748675246,
        "4":0.7909698997
    },
    "Further Specification":{
        "0":0.8947368421,
        "1":0.8585526316,
        "2":0.9044585987,
        "3":0.8770226537,
        "4":0.9078947368
    },
    "XOR Gateway":{
        "0":0.7384615385,
        "1":0.7704918033,
        "2":0.8064516129,
        "3":0.7678571429,
        "4":0.75
    },
    "Condition Specification":{
        "0":0.8258317025,
        "1":0.884272997,
        "2":0.8894472362,
        "3":0.8537634409,
        "4":0.8763157895
    },
    "AND Gateway":{
        "0":1.0,
        "1":1.0,
        "2":0.875,
        "3":1.0,
        "4":0.9166666667
    },
    "All":{
        "0":0.7140206732,
        "1":0.763173834,
        "2":0.7460129947,
        "3":0.7584469472,
        "4":0.7725008303
    }
}