{
    "Actor":{
        "0":0.1736298293,
        "1":0.1793519216,
        "2":0.1743444366,
        "3":0.1824817518,
        "4":0.1782550336
    },
    "Activity":{
        "0":0.1908141962,
        "1":0.1957525392,
        "2":0.1931252827,
        "3":0.1922904527,
        "4":0.1959557053
    },
    "Activity Data":{
        "0":0.1930166147,
        "1":0.1988002232,
        "2":0.1873559908,
        "3":0.190375982,
        "4":0.2011335784
    },
    "Further Specification":{
        "0":0.2261580381,
        "1":0.2344921609,
        "2":0.2295742232,
        "3":0.2279728897,
        "4":0.2315436242
    },
    "XOR Gateway":{
        "0":0.1818181818,
        "1":0.1820987654,
        "2":0.2013651877,
        "3":0.1927272727,
        "4":0.1904761905
    },
    "Condition Specification":{
        "0":0.2089171975,
        "1":0.214244687,
        "2":0.204368932,
        "3":0.2081526453,
        "4":0.2060637205
    },
    "AND Gateway":{
        "0":0.25,
        "1":0.2564102564,
        "2":0.2380952381,
        "3":0.25,
        "4":0.2528735632
    },
    "All":{
        "0":0.1864758459,
        "1":0.1941506647,
        "2":0.1856116748,
        "3":0.1892629663,
        "4":0.192378068
    }
}