{
    "Actor":{
        "0":0.507669832,
        "1":0.5373390558,
        "2":0.4973782772,
        "3":0.5175572519,
        "4":0.5051369863
    },
    "Activity":{
        "0":0.5431034483,
        "1":0.5859030837,
        "2":0.5690834473,
        "3":0.5413436693,
        "4":0.5590778098
    },
    "Activity Data":{
        "0":0.5619396903,
        "1":0.600286533,
        "2":0.5364536454,
        "3":0.5300293994,
        "4":0.5714285714
    },
    "Further Specification":{
        "0":0.7142857143,
        "1":0.6470588235,
        "2":0.6477876106,
        "3":0.6279491833,
        "4":0.6658097686
    },
    "XOR Gateway":{
        "0":0.5128205128,
        "1":0.5384615385,
        "2":0.56,
        "3":0.5483870968,
        "4":0.5473684211
    },
    "Condition Specification":{
        "0":0.5930680359,
        "1":0.6452830189,
        "2":0.6152597403,
        "3":0.6321525886,
        "4":0.5882352941
    },
    "AND Gateway":{
        "0":0.7857142857,
        "1":0.8333333333,
        "2":0.7,
        "3":0.6666666667,
        "4":0.7777777778
    },
    "All":{
        "0":0.5449504285,
        "1":0.5813495967,
        "2":0.5367686527,
        "3":0.5357447535,
        "4":0.5488545134
    }
}