{
    "Actor":{
        "0":0.314355429,
        "1":0.3229308005,
        "2":0.3185153215,
        "3":0.3292461399,
        "4":0.3283877349
    },
    "Activity":{
        "0":0.3410447761,
        "1":0.3469721768,
        "2":0.3451899757,
        "3":0.3404761905,
        "4":0.3523809524
    },
    "Activity Data":{
        "0":0.3466200466,
        "1":0.3583102841,
        "2":0.340130719,
        "3":0.3443288505,
        "4":0.3709039548
    },
    "Further Specification":{
        "0":0.4114002478,
        "1":0.4310776942,
        "2":0.4182389937,
        "3":0.407938258,
        "4":0.4458804523
    },
    "XOR Gateway":{
        "0":0.3225806452,
        "1":0.3121693122,
        "2":0.3619631902,
        "3":0.3333333333,
        "4":0.3414634146
    },
    "Condition Specification":{
        "0":0.4003254679,
        "1":0.3897596656,
        "2":0.3869485294,
        "3":0.3776553895,
        "4":0.3859480269
    },
    "AND Gateway":{
        "0":0.4791666667,
        "1":0.4545454545,
        "2":0.4285714286,
        "3":0.4285714286,
        "4":0.4489795918
    },
    "All":{
        "0":0.3383531229,
        "1":0.3496488615,
        "2":0.3384967252,
        "3":0.3407043407,
        "4":0.3550302748
    }
}