{
    "Actor":{
        "0":0.3144363876,
        "1":0.3274531422,
        "2":0.3157346301,
        "3":0.3289134438,
        "4":0.3200468933
    },
    "Activity":{
        "0":0.3365450791,
        "1":0.3447488584,
        "2":0.3402829486,
        "3":0.3407243163,
        "4":0.3444709626
    },
    "Activity Data":{
        "0":0.3514660494,
        "1":0.3651452282,
        "2":0.3441586748,
        "3":0.3500208594,
        "4":0.365569273
    },
    "Further Specification":{
        "0":0.4133611691,
        "1":0.4336372847,
        "2":0.4277108434,
        "3":0.4218316374,
        "4":0.4365482234
    },
    "XOR Gateway":{
        "0":0.3411214953,
        "1":0.3411214953,
        "2":0.3862433862,
        "3":0.374301676,
        "4":0.34375
    },
    "Condition Specification":{
        "0":0.3852295409,
        "1":0.3890386343,
        "2":0.3768882175,
        "3":0.3846153846,
        "4":0.3824
    },
    "AND Gateway":{
        "0":0.4487179487,
        "1":0.4571428571,
        "2":0.4406779661,
        "3":0.4333333333,
        "4":0.4533333333
    },
    "All":{
        "0":0.3362041211,
        "1":0.3514547558,
        "2":0.3371448371,
        "3":0.3433041086,
        "4":0.3469271081
    }
}