{
    "Actor":{
        "0":0.282586558,
        "1":0.2953898691,
        "2":0.2978003384,
        "3":0.2911249293,
        "4":0.3089378238
    },
    "Activity":{
        "0":0.3289473684,
        "1":0.3480714958,
        "2":0.3571428571,
        "3":0.3458371455,
        "4":0.362804878
    },
    "Activity Data":{
        "0":0.3128342246,
        "1":0.3252583979,
        "2":0.3080168776,
        "3":0.3033637221,
        "4":0.3485649547
    },
    "Further Specification":{
        "0":0.3926788686,
        "1":0.4032520325,
        "2":0.3916666667,
        "3":0.3657858136,
        "4":0.3666061706
    },
    "XOR Gateway":{
        "0":0.2909090909,
        "1":0.3197278912,
        "2":0.3521126761,
        "3":0.3257575758,
        "4":0.35
    },
    "Condition Specification":{
        "0":0.3413379074,
        "1":0.3643031785,
        "2":0.3493975904,
        "3":0.3927492447,
        "4":0.3982947625
    },
    "AND Gateway":{
        "0":0.3428571429,
        "1":0.4166666667,
        "2":0.4117647059,
        "3":0.4210526316,
        "4":0.5
    },
    "All":{
        "0":0.3088218019,
        "1":0.3267287234,
        "2":0.3179776723,
        "3":0.3163420187,
        "4":0.3406576981
    }
}