{
    "Actor":{
        "0":0.4276371885
    },
    "Activity":{
        "0":0.4454476114
    },
    "Activity Data":{
        "0":0.4649337914
    },
    "Further Specification":{
        "0":0.5363513131
    },
    "XOR Gateway":{
        "0":0.4633684618
    },
    "Condition Specification":{
        "0":0.4926068586
    },
    "AND Gateway":{
        "0":0.6766423909
    },
    "All":{
        "0":0.4509419406
    }
}