{
    "Actor":{
        "0":0.6525776515
    },
    "Activity":{
        "0":0.7433058145
    },
    "Activity Data":{
        "0":0.6877471193
    },
    "Further Specification":{
        "0":0.8009371373
    },
    "XOR Gateway":{
        "0":0.7149867477
    },
    "Condition Specification":{
        "0":0.7948555829
    },
    "AND Gateway":{
        "0":0.8831339713
    },
    "All":{
        "0":0.6945039573
    }
}