{
    "Actor":{
        "0":0.384598192
    },
    "Activity":{
        "0":0.4554238378
    },
    "Activity Data":{
        "0":0.4198436724
    },
    "Further Specification":{
        "0":0.5001098097
    },
    "XOR Gateway":{
        "0":0.4321675272
    },
    "Condition Specification":{
        "0":0.495305275
    },
    "AND Gateway":{
        "0":0.5248803828
    },
    "All":{
        "0":0.4226827644
    }
}