{
    "Actor":{
        "0":0.6398880513
    },
    "Activity":{
        "0":0.7187620433
    },
    "Activity Data":{
        "0":0.6825196919
    },
    "Further Specification":{
        "0":0.7805332151
    },
    "XOR Gateway":{
        "0":0.7194842215
    },
    "Condition Specification":{
        "0":0.7997928912
    },
    "AND Gateway":{
        "0":0.9338217338
    },
    "All":{
        "0":0.6840565954
    }
}