{
    "Actor":{
        "0":0.2951679037
    },
    "Activity":{
        "0":0.348560749
    },
    "Activity Data":{
        "0":0.3196076354
    },
    "Further Specification":{
        "0":0.3839979104
    },
    "XOR Gateway":{
        "0":0.3277014468
    },
    "Condition Specification":{
        "0":0.3692165367
    },
    "AND Gateway":{
        "0":0.4184682294
    },
    "All":{
        "0":0.3221055829
    }
}