{
    "Actor":{
        "0":0.6735436893,
        "1":0.7070844687,
        "2":0.6769230769,
        "3":0.7025920873,
        "4":0.6923076923
    },
    "Activity":{
        "0":0.7936507937,
        "1":0.8008658009,
        "2":0.8102345416,
        "3":0.799154334,
        "4":0.8004484305
    },
    "Activity Data":{
        "0":0.75,
        "1":0.7361111111,
        "2":0.7097980553,
        "3":0.7377675841,
        "4":0.7789029536
    },
    "Further Specification":{
        "0":0.7662337662,
        "1":0.8266666667,
        "2":0.898089172,
        "3":0.8594771242,
        "4":0.8898678414
    },
    "XOR Gateway":{
        "0":0.7384615385,
        "1":0.7704918033,
        "2":0.8064516129,
        "3":0.7678571429,
        "4":0.75
    },
    "Condition Specification":{
        "0":0.8291666667,
        "1":0.884272997,
        "2":0.8787878788,
        "3":0.8441558442,
        "4":0.8650793651
    },
    "AND Gateway":{
        "0":1.0,
        "1":1.0,
        "2":0.875,
        "3":1.0,
        "4":0.9166666667
    },
    "All":{
        "0":0.7308868502,
        "1":0.7509168704,
        "2":0.7361853832,
        "3":0.7474596533,
        "4":0.7614433679
    }
}