{
    "Actor":{
        "0":0.1570589666
    },
    "Activity":{
        "0":0.2131944987
    },
    "Activity Data":{
        "0":0.1898742789
    },
    "Further Specification":{
        "0":0.2256754845
    },
    "XOR Gateway":{
        "0":0.1941803173
    },
    "Condition Specification":{
        "0":0.222315036
    },
    "AND Gateway":{
        "0":0.1571238718
    },
    "All":{
        "0":0.177623909
    }
}