{
    "Actor":{
        "0":0.1041101607,
        "1":0.1058349795,
        "2":0.1109645379,
        "3":0.1091780716,
        "4":0.1038273289
    },
    "Activity":{
        "0":0.1775280899,
        "1":0.1816901408,
        "2":0.1786823042,
        "3":0.1792323509,
        "4":0.1815068493
    },
    "Activity Data":{
        "0":0.1303734682,
        "1":0.1372912801,
        "2":0.1475480799,
        "3":0.1310309011,
        "4":0.1368306884
    },
    "Further Specification":{
        "0":0.1610315186,
        "1":0.1682718031,
        "2":0.163168585,
        "3":0.1715976331,
        "4":0.1640876854
    },
    "XOR Gateway":{
        "0":0.1433021807,
        "1":0.1402985075,
        "2":0.1731843575,
        "3":0.1702544031,
        "4":0.1369863014
    },
    "Condition Specification":{
        "0":0.1678606002,
        "1":0.1667096109,
        "2":0.1736127649,
        "3":0.1621516274,
        "4":0.1612254025
    },
    "AND Gateway":{
        "0":0.0715268226,
        "1":0.0671532847,
        "2":0.0552147239,
        "3":0.1869918699,
        "4":0.0707350902
    },
    "All":{
        "0":0.1207936442,
        "1":0.1252140604,
        "2":0.1304816162,
        "3":0.1251172975,
        "4":0.1236743155
    }
}