{
    "Actor":{
        "0":0.29526356,
        "1":0.3052586575,
        "2":0.2969818913,
        "3":0.3107586798,
        "4":0.3033348561
    },
    "Activity":{
        "0":0.318466899,
        "1":0.3266563945,
        "2":0.3222641509,
        "3":0.3208676141,
        "4":0.3269076305
    },
    "Activity Data":{
        "0":0.3286914235,
        "1":0.3388017118,
        "2":0.3180929095,
        "3":0.3243307839,
        "4":0.3429989551
    },
    "Further Specification":{
        "0":0.3842592593,
        "1":0.3976878613,
        "2":0.3904109589,
        "3":0.387434555,
        "4":0.3931623932
    },
    "XOR Gateway":{
        "0":0.306122449,
        "1":0.3072916667,
        "2":0.3371428571,
        "3":0.3251533742,
        "4":0.3218390805
    },
    "Condition Specification":{
        "0":0.352688172,
        "1":0.3617846751,
        "2":0.3445171849,
        "3":0.3513909224,
        "4":0.3474870017
    },
    "AND Gateway":{
        "0":0.4423076923,
        "1":0.4545454545,
        "2":0.4285714286,
        "3":0.4285714286,
        "4":0.4489795918
    },
    "All":{
        "0":0.3162215807,
        "1":0.3294235589,
        "2":0.3144678385,
        "3":0.3210495852,
        "4":0.3264104486
    }
}