{
    "Actor":{
        "0":0.3732496379,
        "1":0.3548707753,
        "2":0.3763386028,
        "3":0.3710337769,
        "4":0.3707426019
    },
    "Activity":{
        "0":0.3892674617,
        "1":0.3806104129,
        "2":0.4047393365,
        "3":0.3766461809,
        "4":0.4106962664
    },
    "Activity Data":{
        "0":0.4166433175,
        "1":0.3971571906,
        "2":0.3958016428,
        "3":0.3843103937,
        "4":0.4317658665
    },
    "Further Specification":{
        "0":0.5312,
        "1":0.4592790387,
        "2":0.5089285714,
        "3":0.4468599034,
        "4":0.4825174825
    },
    "XOR Gateway":{
        "0":0.4026845638,
        "1":0.3390804598,
        "2":0.4214285714,
        "3":0.3655172414,
        "4":0.427480916
    },
    "Condition Specification":{
        "0":0.4357838795,
        "1":0.4272623139,
        "2":0.4291539246,
        "3":0.4037005887,
        "4":0.4455555556
    },
    "AND Gateway":{
        "0":0.6216216216,
        "1":0.4651162791,
        "2":0.6,
        "3":0.4444444444,
        "4":0.6666666667
    },
    "All":{
        "0":0.4003883939,
        "1":0.3841926809,
        "2":0.3954815984,
        "3":0.3776239646,
        "4":0.4087679314
    }
}