{
    "Actor":{
        "0":0.3315889615
    },
    "Activity":{
        "0":0.3915368652
    },
    "Activity Data":{
        "0":0.3560411091
    },
    "Further Specification":{
        "0":0.4256520352
    },
    "XOR Gateway":{
        "0":0.3793484172
    },
    "Condition Specification":{
        "0":0.414547048
    },
    "AND Gateway":{
        "0":0.4644529506
    },
    "All":{
        "0":0.3605013728
    }
}