{
    "Actor":{
        "0":0.327240566,
        "1":0.3425742574,
        "2":0.3314500942,
        "3":0.3437917223,
        "4":0.3392603129
    },
    "Activity":{
        "0":0.3846153846,
        "1":0.3936170213,
        "2":0.3962460897,
        "3":0.3941605839,
        "4":0.3988826816
    },
    "Activity Data":{
        "0":0.3562246279,
        "1":0.3699485672,
        "2":0.3492822967,
        "3":0.3572750833,
        "4":0.3788998358
    },
    "Further Specification":{
        "0":0.4097222222,
        "1":0.4420677362,
        "2":0.4208955224,
        "3":0.4174603175,
        "4":0.4147843943
    },
    "XOR Gateway":{
        "0":0.3636363636,
        "1":0.373015873,
        "2":0.4098360656,
        "3":0.4056603774,
        "4":0.3783783784
    },
    "Condition Specification":{
        "0":0.4124352332,
        "1":0.4214992928,
        "2":0.4167664671,
        "3":0.4314159292,
        "4":0.4219354839
    },
    "AND Gateway":{
        "0":0.48,
        "1":0.4545454545,
        "2":0.4375,
        "3":0.4705882353,
        "4":0.5
    },
    "All":{
        "0":0.3557510149,
        "1":0.3726679812,
        "2":0.3585069444,
        "3":0.3669845928,
        "4":0.3716568819
    }
}