{
    "Actor":{
        "0":0.081246522,
        "1":0.0861961274,
        "2":0.0848664688,
        "3":0.0913098237,
        "4":0.0853080569
    },
    "Activity":{
        "0":0.2431578947,
        "1":0.2453488372,
        "2":0.2596810934,
        "3":0.2607223476,
        "4":0.2578692494
    },
    "Activity Data":{
        "0":0.127100073,
        "1":0.1337529504,
        "2":0.1345541401,
        "3":0.1346761453,
        "4":0.1431064572
    },
    "Further Specification":{
        "0":0.2557692308,
        "1":0.2604562738,
        "2":0.2598039216,
        "3":0.2526132404,
        "4":0.3113207547
    },
    "XOR Gateway":{
        "0":0.071969697,
        "1":0.0974576271,
        "2":0.0982905983,
        "3":0.1,
        "4":0.0608695652
    },
    "Condition Specification":{
        "0":0.2367816092,
        "1":0.2577639752,
        "2":0.2376623377,
        "3":0.2388758782,
        "4":0.2424242424
    },
    "AND Gateway":{
        "0":0.40625,
        "1":0.5,
        "2":0.3333333333,
        "3":0.375,
        "4":0.40625
    },
    "All":{
        "0":0.1126760563,
        "1":0.1192289756,
        "2":0.1200297841,
        "3":0.1200958371,
        "4":0.1245213917
    }
}