{
    "Actor":{
        "0":0.0952569359
    },
    "Activity":{
        "0":0.2531107635
    },
    "Activity Data":{
        "0":0.1411325499
    },
    "Further Specification":{
        "0":0.2810234906
    },
    "XOR Gateway":{
        "0":0.0899558879
    },
    "Condition Specification":{
        "0":0.2481755211
    },
    "AND Gateway":{
        "0":0.4625
    },
    "All":{
        "0":0.1226645527
    }
}