{
    "Actor":{
        "0":0.0898172324,
        "1":0.0957943925,
        "2":0.092061742,
        "3":0.1,
        "4":0.0986717268
    },
    "Activity":{
        "0":0.243697479,
        "1":0.2459396752,
        "2":0.2602272727,
        "3":0.2615558061,
        "4":0.2587666264
    },
    "Activity Data":{
        "0":0.1347056699,
        "1":0.139688716,
        "2":0.1400947119,
        "3":0.1418550273,
        "4":0.148771022
    },
    "Further Specification":{
        "0":0.2598130841,
        "1":0.2742230347,
        "2":0.2694136292,
        "3":0.2601351351,
        "4":0.3287671233
    },
    "XOR Gateway":{
        "0":0.0757575758,
        "1":0.1016949153,
        "2":0.1025641026,
        "3":0.1045454545,
        "4":0.0652173913
    },
    "Condition Specification":{
        "0":0.2397727273,
        "1":0.267281106,
        "2":0.2432778489,
        "3":0.2448036952,
        "4":0.2517006803
    },
    "AND Gateway":{
        "0":0.46875,
        "1":0.5416666667,
        "2":0.4166666667,
        "3":0.4166666667,
        "4":0.46875
    },
    "All":{
        "0":0.1159657003,
        "1":0.1226900939,
        "2":0.122209336,
        "3":0.1240264511,
        "4":0.1282051282
    }
}