{
    "Actor":{
        "0":0.3909952607,
        "1":0.416998672,
        "2":0.3909774436,
        "3":0.4054982818,
        "4":0.4119318182
    },
    "Activity":{
        "0":0.4558823529,
        "1":0.4721577726,
        "2":0.475,
        "3":0.4543404735,
        "4":0.4703748489
    },
    "Activity Data":{
        "0":0.4184762606,
        "1":0.4352660842,
        "2":0.4057738573,
        "3":0.4207802548,
        "4":0.438512035
    },
    "Further Specification":{
        "0":0.5009345794,
        "1":0.5428051002,
        "2":0.5174050633,
        "3":0.5126475548,
        "4":0.5421412301
    },
    "XOR Gateway":{
        "0":0.4435483871,
        "1":0.4416666667,
        "2":0.4824561404,
        "3":0.4803921569,
        "4":0.4537037037
    },
    "Condition Specification":{
        "0":0.4852272727,
        "1":0.500770416,
        "2":0.4967907574,
        "3":0.4959443801,
        "4":0.4842681259
    },
    "AND Gateway":{
        "0":0.5833333333,
        "1":0.55,
        "2":0.6428571429,
        "3":0.5625,
        "4":0.5909090909
    },
    "All":{
        "0":0.4182080925,
        "1":0.4426413882,
        "2":0.4211092334,
        "3":0.4284380834,
        "4":0.4362542955
    }
}