{
    "Actor":{
        "0":0.3874407583,
        "1":0.4125083167,
        "2":0.3863494051,
        "3":0.4015151515,
        "4":0.4114730878
    },
    "Activity":{
        "0":0.4548319328,
        "1":0.4686774942,
        "2":0.4727272727,
        "3":0.4509582864,
        "4":0.4667472793
    },
    "Activity Data":{
        "0":0.4170040486,
        "1":0.4330019881,
        "2":0.4047332531,
        "3":0.4206128134,
        "4":0.4404553415
    },
    "Further Specification":{
        "0":0.5009345794,
        "1":0.5428051002,
        "2":0.5166402536,
        "3":0.5134680135,
        "4":0.5421412301
    },
    "XOR Gateway":{
        "0":0.4435483871,
        "1":0.4416666667,
        "2":0.4824561404,
        "3":0.4803921569,
        "4":0.4537037037
    },
    "Condition Specification":{
        "0":0.4852272727,
        "1":0.4984567901,
        "2":0.4961636829,
        "3":0.4947856315,
        "4":0.4836065574
    },
    "AND Gateway":{
        "0":0.5833333333,
        "1":0.55,
        "2":0.6428571429,
        "3":0.5625,
        "4":0.5909090909
    },
    "All":{
        "0":0.4173410405,
        "1":0.4405661895,
        "2":0.4192904316,
        "3":0.4267932161,
        "4":0.435782967
    }
}