{
    "Bleu Score":{
        "0":0.0,
        "1":0.0,
        "2":0.0,
        "3":3.150063262e-16,
        "4":0.0000000224
    }
}