{
    "Bleu Score":{
        "0":0.0,
        "1":2.309204376e-16,
        "2":0.0,
        "3":0.0000000003,
        "4":0.0
    }
}