{
    "Actor":{
        "0":0.0684931507,
        "1":0.0745250852,
        "2":0.0737089202,
        "3":0.0771456123,
        "4":0.0738396624
    },
    "Activity":{
        "0":0.2039800995,
        "1":0.2052679382,
        "2":0.2176258993,
        "3":0.2106620808,
        "4":0.2151658768
    },
    "Activity Data":{
        "0":0.1044176707,
        "1":0.1093366093,
        "2":0.1098696462,
        "3":0.1087751371,
        "4":0.1170466145
    },
    "Further Specification":{
        "0":0.2156295224,
        "1":0.2182596291,
        "2":0.2184769039,
        "3":0.2199453552,
        "4":0.276119403
    },
    "XOR Gateway":{
        "0":0.1029411765,
        "1":0.1349480969,
        "2":0.1295681063,
        "3":0.1366906475,
        "4":0.1013513514
    },
    "Condition Specification":{
        "0":0.1992818671,
        "1":0.2172869148,
        "2":0.200811359,
        "3":0.2005494505,
        "4":0.2076086957
    },
    "AND Gateway":{
        "0":0.5454545455,
        "1":0.5517241379,
        "2":0.4838709677,
        "3":0.5454545455,
        "4":0.5
    },
    "All":{
        "0":0.0890745362,
        "1":0.0944081336,
        "2":0.0951881626,
        "3":0.09406055,
        "4":0.0987766788
    }
}