{
    "Actor":{
        "0":0.0642553191,
        "1":0.0696881092,
        "2":0.0679210647,
        "3":0.0733365712,
        "4":0.069092827
    },
    "Activity":{
        "0":0.1928397071,
        "1":0.1942446043,
        "2":0.2027850305,
        "3":0.2099644128,
        "4":0.2027906977
    },
    "Activity Data":{
        "0":0.0986897129,
        "1":0.105648855,
        "2":0.1063369397,
        "3":0.1047705314,
        "4":0.1105960265
    },
    "Further Specification":{
        "0":0.2032163743,
        "1":0.2147147147,
        "2":0.2075471698,
        "3":0.2024128686,
        "4":0.2504537205
    },
    "XOR Gateway":{
        "0":0.0714285714,
        "1":0.0941558442,
        "2":0.0941558442,
        "3":0.0972222222,
        "4":0.0706713781
    },
    "Condition Specification":{
        "0":0.1946740129,
        "1":0.2045454545,
        "2":0.186693148,
        "3":0.1872759857,
        "4":0.1905263158
    },
    "AND Gateway":{
        "0":0.4047619048,
        "1":0.53125,
        "2":0.4074074074,
        "3":0.46875,
        "4":0.4090909091
    },
    "All":{
        "0":0.0871289251,
        "1":0.0929839391,
        "2":0.0929885057,
        "3":0.0928892474,
        "4":0.096048088
    }
}