{
    "Actor":{
        "0":0.061423221,
        "1":0.0662959795,
        "2":0.0665004156,
        "3":0.0687183811,
        "4":0.0669789227
    },
    "Activity":{
        "0":0.1812907904,
        "1":0.1863303499,
        "2":0.1971153846,
        "3":0.1865168539,
        "4":0.1951013514
    },
    "Activity Data":{
        "0":0.0927756654,
        "1":0.0969484202,
        "2":0.0967128498,
        "3":0.0964017186,
        "4":0.1031296572
    },
    "Further Specification":{
        "0":0.1901763224,
        "1":0.19375,
        "2":0.1962305987,
        "3":0.1961492178,
        "4":0.2423263328
    },
    "XOR Gateway":{
        "0":0.0931989924,
        "1":0.1216617211,
        "2":0.1184971098,
        "3":0.1286173633,
        "4":0.0948275862
    },
    "Condition Specification":{
        "0":0.1772655008,
        "1":0.1909758657,
        "2":0.1770462633,
        "3":0.1753968254,
        "4":0.1865889213
    },
    "AND Gateway":{
        "0":0.5192307692,
        "1":0.5294117647,
        "2":0.4705882353,
        "3":0.5263157895,
        "4":0.5
    },
    "All":{
        "0":0.0784182944,
        "1":0.0829252714,
        "2":0.0839749512,
        "3":0.0825650897,
        "4":0.0871959615
    }
}