{
    "Actor":{
        "0":0.0572671258,
        "1":0.0596477182,
        "2":0.0597362296,
        "3":0.0647689769,
        "4":0.0590517241
    },
    "Activity":{
        "0":0.166325835,
        "1":0.1679216867,
        "2":0.1801801802,
        "3":0.1706460674,
        "4":0.1707132018
    },
    "Activity Data":{
        "0":0.0855920114,
        "1":0.0903737839,
        "2":0.0890585242,
        "3":0.0894350139,
        "4":0.0966458215
    },
    "Further Specification":{
        "0":0.1796778191,
        "1":0.1869510665,
        "2":0.1826923077,
        "3":0.17760181,
        "4":0.2086956522
    },
    "XOR Gateway":{
        "0":0.0756097561,
        "1":0.0951086957,
        "2":0.100286533,
        "3":0.0997067449,
        "4":0.0714285714
    },
    "Condition Specification":{
        "0":0.1560028756,
        "1":0.1744301288,
        "2":0.1620486986,
        "3":0.1662799691,
        "4":0.1644562334
    },
    "AND Gateway":{
        "0":0.4583333333,
        "1":0.5,
        "2":0.358974359,
        "3":0.3823529412,
        "4":0.4468085106
    },
    "All":{
        "0":0.0736832612,
        "1":0.0777509555,
        "2":0.078416224,
        "3":0.0781869141,
        "4":0.080195703
    }
}