{
    "Actor":{
        "0":0.7525350894
    },
    "Activity":{
        "0":0.8220099567
    },
    "Activity Data":{
        "0":0.7817273689
    },
    "Further Specification":{
        "0":0.8719638543
    },
    "XOR Gateway":{
        "0":0.7822584796
    },
    "Condition Specification":{
        "0":0.8546529388
    },
    "AND Gateway":{
        "0":0.9168095238
    },
    "All":{
        "0":0.7747806609
    }
}