{
    "Actor":{
        "0":0.7454890788,
        "1":0.7701897019,
        "2":0.7278415016,
        "3":0.7633547009,
        "4":0.755800464
    },
    "Activity":{
        "0":0.8150912106,
        "1":0.8183469573,
        "2":0.8246402878,
        "3":0.8349097163,
        "4":0.8170616114
    },
    "Activity Data":{
        "0":0.7706635623,
        "1":0.7891942536,
        "2":0.7743557511,
        "3":0.7873065015,
        "4":0.7871167757
    },
    "Further Specification":{
        "0":0.8871201158,
        "1":0.8944365193,
        "2":0.8514357054,
        "3":0.8592896175,
        "4":0.8675373134
    },
    "XOR Gateway":{
        "0":0.82,
        "1":0.7687861272,
        "2":0.8066298343,
        "3":0.76875,
        "4":0.7471264368
    },
    "Condition Specification":{
        "0":0.8608617594,
        "1":0.8580024067,
        "2":0.8587398374,
        "3":0.8568807339,
        "4":0.8387799564
    },
    "AND Gateway":{
        "0":0.9166666667,
        "1":0.84,
        "2":0.9523809524,
        "3":1.0,
        "4":0.875
    },
    "All":{
        "0":0.7670952327,
        "1":0.7839553186,
        "2":0.7674106598,
        "3":0.7805851064,
        "4":0.7748569872
    }
}