{
    "Actor":{
        "0":0.6388423642
    },
    "Activity":{
        "0":0.7421499543
    },
    "Activity Data":{
        "0":0.6617932051
    },
    "Further Specification":{
        "0":0.8008819497
    },
    "XOR Gateway":{
        "0":0.6635927102
    },
    "Condition Specification":{
        "0":0.7845596096
    },
    "AND Gateway":{
        "0":0.897743297
    },
    "All":{
        "0":0.644215058
    }
}