{
    "Actor":{
        "0":0.7232186137,
        "1":0.7510775862,
        "2":0.7183462532,
        "3":0.7556041553,
        "4":0.7507246377
    },
    "Activity":{
        "0":0.8116182573,
        "1":0.8089053803,
        "2":0.8243478261,
        "3":0.8258575198,
        "4":0.8364140481
    },
    "Activity Data":{
        "0":0.7485397196,
        "1":0.7831021438,
        "2":0.7496807152,
        "3":0.7612225406,
        "4":0.7897687456
    },
    "Further Specification":{
        "0":0.8439393939,
        "1":0.8668639053,
        "2":0.8718905473,
        "3":0.842032967,
        "4":0.8582230624
    },
    "XOR Gateway":{
        "0":0.7538461538,
        "1":0.7754010695,
        "2":0.8121546961,
        "3":0.7803468208,
        "4":0.726744186
    },
    "Condition Specification":{
        "0":0.8627802691,
        "1":0.8748495788,
        "2":0.8294177732,
        "3":0.8431372549,
        "4":0.8404255319
    },
    "AND Gateway":{
        "0":0.75,
        "1":0.962962963,
        "2":0.9047619048,
        "3":0.9166666667,
        "4":0.9705882353
    },
    "All":{
        "0":0.7454545455,
        "1":0.7759039223,
        "2":0.7503048037,
        "3":0.7642848328,
        "4":0.7726281352
    }
}