{
    "Bert Score":{
        "0":0.999730885,
        "1":0.994869113,
        "2":0.9979013801,
        "3":0.9997509718,
        "4":0.9990332127
    }
}