{
    "Bert Score":{
        "0":0.9938842058,
        "1":0.9942013621,
        "2":0.9931455255,
        "3":0.9914931059,
        "4":0.9936570525
    }
}