{
    "Bert Score":{
        "0":0.9895949364,
        "1":0.9876590967,
        "2":0.9901238084,
        "3":0.9907255173,
        "4":0.9891847968
    }
}