{
    "Actor":{
        "0":0.0911542611,
        "1":0.0986494422,
        "2":0.0939072107,
        "3":0.1015719468,
        "4":0.0974522293
    },
    "Activity":{
        "0":0.243697479,
        "1":0.2459396752,
        "2":0.2602272727,
        "3":0.2615558061,
        "4":0.2587666264
    },
    "Activity Data":{
        "0":0.1341065603,
        "1":0.1410206467,
        "2":0.1397000789,
        "3":0.1411306043,
        "4":0.1501942167
    },
    "Further Specification":{
        "0":0.2598130841,
        "1":0.2705667276,
        "2":0.2694136292,
        "3":0.2601351351,
        "4":0.3163972286
    },
    "XOR Gateway":{
        "0":0.0757575758,
        "1":0.1016949153,
        "2":0.1025641026,
        "3":0.1045454545,
        "4":0.0652173913
    },
    "Condition Specification":{
        "0":0.2400455063,
        "1":0.2630769231,
        "2":0.245210728,
        "3":0.2462427746,
        "4":0.2459016393
    },
    "AND Gateway":{
        "0":0.46875,
        "1":0.5416666667,
        "2":0.4166666667,
        "3":0.4166666667,
        "4":0.46875
    },
    "All":{
        "0":0.1171134021,
        "1":0.1236910002,
        "2":0.1230545455,
        "3":0.1239900103,
        "4":0.1283178635
    }
}