{
    "Actor":{
        "0":0.0947059669
    },
    "Activity":{
        "0":0.2538118927
    },
    "Activity Data":{
        "0":0.1401120302
    },
    "Further Specification":{
        "0":0.2796496906
    },
    "XOR Gateway":{
        "0":0.0899558879
    },
    "Condition Specification":{
        "0":0.2477351105
    },
    "AND Gateway":{
        "0":0.45625
    },
    "All":{
        "0":0.1226885287
    }
}