{
    "Actor":{
        "0":0.0918478261,
        "1":0.0966587112,
        "2":0.0914318574,
        "3":0.0990279465,
        "4":0.0954248366
    },
    "Activity":{
        "0":0.2439537329,
        "1":0.2441860465,
        "2":0.260523322,
        "3":0.2607223476,
        "4":0.2587666264
    },
    "Activity Data":{
        "0":0.1331885632,
        "1":0.1371473354,
        "2":0.1385589865,
        "3":0.1399610136,
        "4":0.1456436931
    },
    "Further Specification":{
        "0":0.2628571429,
        "1":0.2750929368,
        "2":0.2725806452,
        "3":0.2636986301,
        "4":0.3225058005
    },
    "XOR Gateway":{
        "0":0.0757575758,
        "1":0.1016949153,
        "2":0.1025641026,
        "3":0.1045454545,
        "4":0.0652173913
    },
    "Condition Specification":{
        "0":0.2405498282,
        "1":0.2638888889,
        "2":0.2445302445,
        "3":0.2453703704,
        "4":0.2489740082
    },
    "AND Gateway":{
        "0":0.46875,
        "1":0.5416666667,
        "2":0.375,
        "3":0.4166666667,
        "4":0.4375
    },
    "All":{
        "0":0.1161699779,
        "1":0.1225895317,
        "2":0.1228121783,
        "3":0.1234349683,
        "4":0.1282851511
    }
}