{
    "Actor":{
        "0":0.0952143945
    },
    "Activity":{
        "0":0.2531679075
    },
    "Activity Data":{
        "0":0.1396066529
    },
    "Further Specification":{
        "0":0.2785534274
    },
    "XOR Gateway":{
        "0":0.0899558879
    },
    "Condition Specification":{
        "0":0.2459198099
    },
    "AND Gateway":{
        "0":0.4479166667
    },
    "All":{
        "0":0.1226067097
    }
}