{
    "Actor":{
        "0":0.0816666667,
        "1":0.0889303483,
        "2":0.084223013,
        "3":0.0913098237,
        "4":0.0845737483
    },
    "Activity":{
        "0":0.2431578947,
        "1":0.2441860465,
        "2":0.2585421412,
        "3":0.2595936795,
        "4":0.2566585956
    },
    "Activity Data":{
        "0":0.1275045537,
        "1":0.1359528487,
        "2":0.1345541401,
        "3":0.1346761453,
        "4":0.1431064572
    },
    "Further Specification":{
        "0":0.2557692308,
        "1":0.2604562738,
        "2":0.2598039216,
        "3":0.2539130435,
        "4":0.3113207547
    },
    "XOR Gateway":{
        "0":0.071969697,
        "1":0.0974576271,
        "2":0.0982905983,
        "3":0.1,
        "4":0.0608695652
    },
    "Condition Specification":{
        "0":0.2367816092,
        "1":0.2562111801,
        "2":0.2373540856,
        "3":0.237704918,
        "4":0.241046832
    },
    "AND Gateway":{
        "0":0.40625,
        "1":0.5,
        "2":0.3333333333,
        "3":0.375,
        "4":0.40625
    },
    "All":{
        "0":0.1127976605,
        "1":0.1196647524,
        "2":0.119696293,
        "3":0.119928133,
        "4":0.1240013316
    }
}