{
    "Actor":{
        "0":0.097038822
    },
    "Activity":{
        "0":0.2540373719
    },
    "Activity Data":{
        "0":0.1409890767
    },
    "Further Specification":{
        "0":0.2805307384
    },
    "XOR Gateway":{
        "0":0.0899558879
    },
    "Condition Specification":{
        "0":0.2489738272
    },
    "AND Gateway":{
        "0":0.4625
    },
    "All":{
        "0":0.1230602492
    }
}