{
    "Actor":{
        "0":0.0816666667,
        "1":0.0915841584,
        "2":0.0867256637,
        "3":0.0913098237,
        "4":0.0872438863
    },
    "Activity":{
        "0":0.2439537329,
        "1":0.2459396752,
        "2":0.260523322,
        "3":0.2604284104,
        "4":0.2566585956
    },
    "Activity Data":{
        "0":0.1275045537,
        "1":0.1337529504,
        "2":0.1359300477,
        "3":0.1350177655,
        "4":0.1449717022
    },
    "Further Specification":{
        "0":0.2557692308,
        "1":0.2589118199,
        "2":0.2580645161,
        "3":0.2551369863,
        "4":0.318501171
    },
    "XOR Gateway":{
        "0":0.071969697,
        "1":0.0974576271,
        "2":0.0982905983,
        "3":0.1,
        "4":0.0608695652
    },
    "Condition Specification":{
        "0":0.2376578645,
        "1":0.2562111801,
        "2":0.2376623377,
        "3":0.2429906542,
        "4":0.2458791209
    },
    "AND Gateway":{
        "0":0.40625,
        "1":0.5,
        "2":0.3333333333,
        "3":0.375,
        "4":0.40625
    },
    "All":{
        "0":0.1129054713,
        "1":0.1200247793,
        "2":0.1208073612,
        "3":0.120292887,
        "4":0.1253923674
    }
}