{
    "Actor":{
        "0":0.0909580194,
        "1":0.095657277,
        "2":0.0938023451,
        "3":0.1003717472,
        "4":0.0959949142
    },
    "Activity":{
        "0":0.243697479,
        "1":0.2453488372,
        "2":0.2590909091,
        "3":0.2607223476,
        "4":0.2575574365
    },
    "Activity Data":{
        "0":0.1348517715,
        "1":0.1381322957,
        "2":0.1377127028,
        "3":0.1403371227,
        "4":0.1488994389
    },
    "Further Specification":{
        "0":0.2584269663,
        "1":0.2723880597,
        "2":0.2705696203,
        "3":0.2666666667,
        "4":0.3295454545
    },
    "XOR Gateway":{
        "0":0.0757575758,
        "1":0.1016949153,
        "2":0.1025641026,
        "3":0.1045454545,
        "4":0.0652173913
    },
    "Condition Specification":{
        "0":0.2411428571,
        "1":0.2604006163,
        "2":0.2445582586,
        "3":0.243902439,
        "4":0.2520435967
    },
    "AND Gateway":{
        "0":0.46875,
        "1":0.5416666667,
        "2":0.375,
        "3":0.375,
        "4":0.46875
    },
    "All":{
        "0":0.1168795495,
        "1":0.1220550236,
        "2":0.1217062163,
        "3":0.124462246,
        "4":0.1285551763
    }
}