{
    "Actor":{
        "0":0.0870026525,
        "1":0.0933254578,
        "2":0.0915942029,
        "3":0.101965602,
        "4":0.0949902407
    },
    "Activity":{
        "0":0.243697479,
        "1":0.2459396752,
        "2":0.260523322,
        "3":0.2595936795,
        "4":0.2587666264
    },
    "Activity Data":{
        "0":0.1341287057,
        "1":0.1384976526,
        "2":0.1385589865,
        "3":0.1411764706,
        "4":0.149156939
    },
    "Further Specification":{
        "0":0.257518797,
        "1":0.2742230347,
        "2":0.2649434572,
        "3":0.2616179002,
        "4":0.3201856148
    },
    "XOR Gateway":{
        "0":0.0757575758,
        "1":0.1016949153,
        "2":0.1025641026,
        "3":0.1045454545,
        "4":0.0652173913
    },
    "Condition Specification":{
        "0":0.2400455063,
        "1":0.2619414484,
        "2":0.2458172458,
        "3":0.246798603,
        "4":0.2493150685
    },
    "AND Gateway":{
        "0":0.4375,
        "1":0.5416666667,
        "2":0.3333333333,
        "3":0.4166666667,
        "4":0.4375
    },
    "All":{
        "0":0.1155950752,
        "1":0.1228871631,
        "2":0.1232311321,
        "3":0.1240367516,
        "4":0.1283606557
    }
}