{
    "Actor":{
        "0":0.3773234201,
        "1":0.401504788,
        "2":0.3763297872,
        "3":0.3948681397,
        "4":0.3820648078
    },
    "Activity":{
        "0":0.4326315789,
        "1":0.4599303136,
        "2":0.4425483504,
        "3":0.4408117249,
        "4":0.4418886199
    },
    "Activity Data":{
        "0":0.4087213599,
        "1":0.4226475279,
        "2":0.3926848875,
        "3":0.4054487179,
        "4":0.4196113074
    },
    "Further Specification":{
        "0":0.4616858238,
        "1":0.5009380863,
        "2":0.4847020934,
        "3":0.4931740614,
        "4":0.4941451991
    },
    "XOR Gateway":{
        "0":0.435483871,
        "1":0.4333333333,
        "2":0.4649122807,
        "3":0.4705882353,
        "4":0.3888888889
    },
    "Condition Specification":{
        "0":0.471395881,
        "1":0.4775193798,
        "2":0.4676165803,
        "3":0.4725146199,
        "4":0.4580467675
    },
    "AND Gateway":{
        "0":0.5833333333,
        "1":0.55,
        "2":0.6428571429,
        "3":0.5625,
        "4":0.5
    },
    "All":{
        "0":0.4051951864,
        "1":0.4280370792,
        "2":0.4037859825,
        "3":0.4152876281,
        "4":0.4129100158
    }
}