{
    "Actor":{
        "0":0.3997126058
    },
    "Activity":{
        "0":0.4635478828
    },
    "Activity Data":{
        "0":0.4222883905
    },
    "Further Specification":{
        "0":0.5212200958
    },
    "XOR Gateway":{
        "0":0.4603534109
    },
    "Condition Specification":{
        "0":0.4904099372
    },
    "AND Gateway":{
        "0":0.5859199134
    },
    "All":{
        "0":0.427754196
    }
}