{
    "Actor":{
        "0":0.3869565217,
        "1":0.4032697548,
        "2":0.377865095,
        "3":0.3947368421,
        "4":0.3946980854
    },
    "Activity":{
        "0":0.436382755,
        "1":0.4581395349,
        "2":0.4596131968,
        "3":0.4492099323,
        "4":0.4510278114
    },
    "Activity Data":{
        "0":0.4139329156,
        "1":0.4131305044,
        "2":0.3970233307,
        "3":0.4142459212,
        "4":0.4271246147
    },
    "Further Specification":{
        "0":0.4742857143,
        "1":0.5130111524,
        "2":0.4870967742,
        "3":0.4897260274,
        "4":0.5127610209
    },
    "XOR Gateway":{
        "0":0.4435483871,
        "1":0.425,
        "2":0.4473684211,
        "3":0.4607843137,
        "4":0.4259259259
    },
    "Condition Specification":{
        "0":0.470790378,
        "1":0.4876160991,
        "2":0.4812903226,
        "3":0.494199536,
        "4":0.475994513
    },
    "AND Gateway":{
        "0":0.5833333333,
        "1":0.55,
        "2":0.5714285714,
        "3":0.5625,
        "4":0.5454545455
    },
    "All":{
        "0":0.4105571848,
        "1":0.4255284553,
        "2":0.4095089634,
        "3":0.4211019198,
        "4":0.4241211277
    }
}