{
    "Actor":{
        "0":0.3794618705
    },
    "Activity":{
        "0":0.4401933412
    },
    "Activity Data":{
        "0":0.4067356827
    },
    "Further Specification":{
        "0":0.4798538201
    },
    "XOR Gateway":{
        "0":0.4248255601
    },
    "Condition Specification":{
        "0":0.4735646201
    },
    "AND Gateway":{
        "0":0.5174242424
    },
    "All":{
        "0":0.4096514202
    }
}