{
    "Actor":{
        "0":0.3952070337
    },
    "Activity":{
        "0":0.4486091142
    },
    "Activity Data":{
        "0":0.415087249
    },
    "Further Specification":{
        "0":0.492377833
    },
    "XOR Gateway":{
        "0":0.4477378852
    },
    "Condition Specification":{
        "0":0.4783949955
    },
    "AND Gateway":{
        "0":0.56254329
    },
    "All":{
        "0":0.4186675002
    }
}