{
    "Actor":{
        "0":0.3573248408,
        "1":0.3871866295,
        "2":0.3645552561,
        "3":0.380301941,
        "4":0.3920412675
    },
    "Activity":{
        "0":0.4227129338,
        "1":0.4476744186,
        "2":0.4328018223,
        "3":0.434537246,
        "4":0.4539951574
    },
    "Activity Data":{
        "0":0.3988868275,
        "1":0.4144973969,
        "2":0.3861066236,
        "3":0.4050480769,
        "4":0.4187279152
    },
    "Further Specification":{
        "0":0.4538461538,
        "1":0.4896421846,
        "2":0.4607843137,
        "3":0.4705882353,
        "4":0.4941724942
    },
    "XOR Gateway":{
        "0":0.3870967742,
        "1":0.4333333333,
        "2":0.4473684211,
        "3":0.4411764706,
        "4":0.4074074074
    },
    "Condition Specification":{
        "0":0.4603903559,
        "1":0.479876161,
        "2":0.4616384915,
        "3":0.4642438453,
        "4":0.455801105
    },
    "AND Gateway":{
        "0":0.5,
        "1":0.55,
        "2":0.5,
        "3":0.5,
        "4":0.5
    },
    "All":{
        "0":0.3940784604,
        "1":0.4193126023,
        "2":0.3948322042,
        "3":0.4085732363,
        "4":0.4148342059
    }
}