{
    "Actor":{
        "0":0.3757051531
    },
    "Activity":{
        "0":0.4383958163
    },
    "Activity Data":{
        "0":0.4036630701
    },
    "Further Specification":{
        "0":0.4817475672
    },
    "XOR Gateway":{
        "0":0.4296870735
    },
    "Condition Specification":{
        "0":0.4690970592
    },
    "AND Gateway":{
        "0":0.530952381
    },
    "All":{
        "0":0.4070513664
    }
}