{
    "Actor":{
        "0":0.3936259881
    },
    "Activity":{
        "0":0.4537701784
    },
    "Activity Data":{
        "0":0.4165391561
    },
    "Further Specification":{
        "0":0.5081080016
    },
    "XOR Gateway":{
        "0":0.4397307759
    },
    "Condition Specification":{
        "0":0.4831399986
    },
    "AND Gateway":{
        "0":0.5448484848
    },
    "All":{
        "0":0.4214837827
    }
}