{
    "Actor":{
        "0":0.3915052598
    },
    "Activity":{
        "0":0.4508746461
    },
    "Activity Data":{
        "0":0.4130914573
    },
    "Further Specification":{
        "0":0.4953761378
    },
    "XOR Gateway":{
        "0":0.4405254096
    },
    "Condition Specification":{
        "0":0.4819781697
    },
    "AND Gateway":{
        "0":0.56254329
    },
    "All":{
        "0":0.4181635302
    }
}