{
    "Actor":{
        "0":0.4009015631
    },
    "Activity":{
        "0":0.4586460828
    },
    "Activity Data":{
        "0":0.4182747033
    },
    "Further Specification":{
        "0":0.5126889961
    },
    "XOR Gateway":{
        "0":0.4564318423
    },
    "Condition Specification":{
        "0":0.4855765508
    },
    "AND Gateway":{
        "0":0.5859199134
    },
    "All":{
        "0":0.4241516389
    }
}