{
    "Actor":{
        "0":0.3987664011
    },
    "Activity":{
        "0":0.456638861
    },
    "Activity Data":{
        "0":0.4191948084
    },
    "Further Specification":{
        "0":0.5110341524
    },
    "XOR Gateway":{
        "0":0.4566382407
    },
    "Condition Specification":{
        "0":0.4830468373
    },
    "AND Gateway":{
        "0":0.5591341991
    },
    "All":{
        "0":0.4238019274
    }
}