{
    "Actor":{
        "0.05":0.7171196675,
        "0.1":0.7173974423,
        "0.15":0.7146554261,
        "0.2":0.718651714,
        "0.25":0.7174669311,
        "0.3":0.7221241512,
        "0.35":0.7262322406,
        "0.4":0.7333152288,
        "0.45":0.7150140628,
        "0.5":0.7157021512,
        "0.55":0.696580267,
        "0.6":0.7208525672,
        "0.65":0.7178366124,
        "0.7":0.7068835754,
        "0.75":0.7132208303,
        "0.8":0.7037860835,
        "0.85":0.7031228162,
        "0.9":0.7126843612,
        "0.95":0.7129583423,
        "1.0":0.6971207674
    },
    "Activity":{
        "0.05":0.7798182565,
        "0.1":0.7717204147,
        "0.15":0.775911382,
        "0.2":0.7715266575,
        "0.25":0.7770638708,
        "0.3":0.7722701361,
        "0.35":0.768959366,
        "0.4":0.7738081104,
        "0.45":0.7790545043,
        "0.5":0.7718411537,
        "0.55":0.7693989549,
        "0.6":0.7738582499,
        "0.65":0.7733305554,
        "0.7":0.7800536631,
        "0.75":0.7793651262,
        "0.8":0.774259992,
        "0.85":0.776715212,
        "0.9":0.7806345973,
        "0.95":0.7829956718,
        "1.0":0.7801333469
    },
    "Activity Data":{
        "0.05":0.6397876998,
        "0.1":0.6283027048,
        "0.15":0.6305481447,
        "0.2":0.6346302904,
        "0.25":0.6468998735,
        "0.3":0.628527572,
        "0.35":0.6270942717,
        "0.4":0.6431809403,
        "0.45":0.6363456751,
        "0.5":0.6345393237,
        "0.55":0.6313561255,
        "0.6":0.6358038883,
        "0.65":0.6356071203,
        "0.7":0.6415264421,
        "0.75":0.6192987368,
        "0.8":0.6270675903,
        "0.85":0.6283465834,
        "0.9":0.639337832,
        "0.95":0.6273346535,
        "1.0":0.6180945194
    },
    "Further Specification":{
        "0.05":0.2634974387,
        "0.1":0.2946458981,
        "0.15":0.3123717949,
        "0.2":0.2892979127,
        "0.25":0.2271428571,
        "0.3":0.2323565324,
        "0.35":0.2727639517,
        "0.4":0.2854600302,
        "0.45":0.2731660496,
        "0.5":0.2841558442,
        "0.55":0.2768939394,
        "0.6":0.2813630229,
        "0.65":0.2686813187,
        "0.7":0.2438095238,
        "0.75":0.2441752645,
        "0.8":0.2461455749,
        "0.85":0.2237488002,
        "0.9":0.2433310549,
        "0.95":0.2522784233,
        "1.0":0.1984560243
    },
    "XOR Gateway":{
        "0.05":0.708226363,
        "0.1":0.721633087,
        "0.15":0.7373396635,
        "0.2":0.7077525206,
        "0.25":0.7442240286,
        "0.3":0.7341944276,
        "0.35":0.7223265202,
        "0.4":0.7206023501,
        "0.45":0.7214896616,
        "0.5":0.7238943208,
        "0.55":0.719178744,
        "0.6":0.7259343387,
        "0.65":0.7496220958,
        "0.7":0.7223367201,
        "0.75":0.7283973262,
        "0.8":0.7304210389,
        "0.85":0.7148648961,
        "0.9":0.7235570811,
        "0.95":0.7154180955,
        "1.0":0.6985611956
    },
    "Condition Specification":{
        "0.05":0.6016666667,
        "0.1":0.6211547149,
        "0.15":0.6298051948,
        "0.2":0.6344155844,
        "0.25":0.6239323308,
        "0.3":0.6594522145,
        "0.35":0.6353357903,
        "0.4":0.6348075258,
        "0.45":0.6808897243,
        "0.5":0.6538006868,
        "0.55":0.6158710801,
        "0.6":0.6244338994,
        "0.65":0.6788095238,
        "0.7":0.603308672,
        "0.75":0.6264242424,
        "0.8":0.6620460457,
        "0.85":0.6511111111,
        "0.9":0.660347189,
        "0.95":0.627024087,
        "1.0":0.5814962815
    },
    "AND Gateway":{
        "0.05":0.3,
        "0.1":0.3,
        "0.15":0.3,
        "0.2":0.3,
        "0.25":0.1,
        "0.3":0.3,
        "0.35":0.3,
        "0.4":0.3,
        "0.45":0.3,
        "0.5":0.3,
        "0.55":0.1,
        "0.6":0.3,
        "0.65":0.3,
        "0.7":0.3,
        "0.75":0.1,
        "0.8":0.2,
        "0.85":0.1333333333,
        "0.9":0.1,
        "0.95":0.1333333333,
        "1.0":0.1333333333
    }
}