{
    "Bert Score":{
        "0":0.9686863422,
        "1":0.9682464004,
        "2":0.9691498876,
        "3":0.968266964,
        "4":0.96865803
    }
}