{
    "Bert Score":{
        "0":0.9549231529,
        "1":0.9545310736,
        "2":0.9579762816,
        "3":0.9534926414,
        "4":0.9555600882
    }
}