{
    "Bert Score":{
        "0":0.9921585321,
        "1":0.9919658899,
        "2":0.9925703406,
        "3":0.9922704697,
        "4":0.9928076267
    }
}