{
    "Bert Score":{
        "0":0.9978119135,
        "1":0.9977302551,
        "2":0.9980983734,
        "3":0.9980009198,
        "4":0.9987102151
    }
}