{
    "Bert Score":{
        "0":0.9971519113,
        "1":0.9970167875,
        "2":0.9977300763,
        "3":0.9974305034,
        "4":0.9981579781
    }
}