{
    "Actor":{
        "0":0.0911833986
    },
    "Activity":{
        "0":0.2531108787
    },
    "Activity Data":{
        "0":0.1403281655
    },
    "Further Specification":{
        "0":0.2744531549
    },
    "XOR Gateway":{
        "0":0.0917798524
    },
    "Condition Specification":{
        "0":0.2447304949
    },
    "AND Gateway":{
        "0":0.4216969697
    },
    "All":{
        "0":0.1226446899
    }
}