{
    "Actor":{
        "0":0.0994613123
    },
    "Activity":{
        "0":0.2551304998
    },
    "Activity Data":{
        "0":0.1491433016
    },
    "Further Specification":{
        "0":0.2892642348
    },
    "XOR Gateway":{
        "0":0.0917798524
    },
    "Condition Specification":{
        "0":0.2530252928
    },
    "AND Gateway":{
        "0":0.4041666667
    },
    "All":{
        "0":0.1284812494
    }
}