{
    "Actor":{
        "0":0.093781344,
        "1":0.1016192071,
        "2":0.1003717472,
        "3":0.110039705,
        "4":0.0964649491
    },
    "Activity":{
        "0":0.2463312369,
        "1":0.2476851852,
        "2":0.2610669694,
        "3":0.2620922385,
        "4":0.2584541063
    },
    "Activity Data":{
        "0":0.1476709613,
        "1":0.1567164179,
        "2":0.1577021588,
        "3":0.1575951619,
        "4":0.1646413171
    },
    "Further Specification":{
        "0":0.2826855124,
        "1":0.2914485166,
        "2":0.2918518519,
        "3":0.2836767036,
        "4":0.3426124197
    },
    "XOR Gateway":{
        "0":0.0735294118,
        "1":0.1020408163,
        "2":0.1046025105,
        "3":0.1066666667,
        "4":0.0669456067
    },
    "Condition Specification":{
        "0":0.2592997812,
        "1":0.2814814815,
        "2":0.2602230483,
        "3":0.2583892617,
        "4":0.2624671916
    },
    "AND Gateway":{
        "0":0.4054054054,
        "1":0.4827586207,
        "2":0.3214285714,
        "3":0.4,
        "4":0.4054054054
    },
    "All":{
        "0":0.1221020093,
        "1":0.1297382349,
        "2":0.1305547888,
        "3":0.1304227687,
        "4":0.1338318327
    }
}