{
    "Actor":{
        "0":0.0962740265
    },
    "Activity":{
        "0":0.2544592961
    },
    "Activity Data":{
        "0":0.1477746682
    },
    "Further Specification":{
        "0":0.2833199991
    },
    "XOR Gateway":{
        "0":0.0917798524
    },
    "Condition Specification":{
        "0":0.2532927421
    },
    "AND Gateway":{
        "0":0.4216969697
    },
    "All":{
        "0":0.1271513732
    }
}