{
    "Actor":{
        "0":0.1004553905
    },
    "Activity":{
        "0":0.2551259472
    },
    "Activity Data":{
        "0":0.1568652034
    },
    "Further Specification":{
        "0":0.2984550008
    },
    "XOR Gateway":{
        "0":0.0907570024
    },
    "Condition Specification":{
        "0":0.2643721529
    },
    "AND Gateway":{
        "0":0.4029996006
    },
    "All":{
        "0":0.1293299269
    }
}