{
    "Actor":{
        "0":0.083533457
    },
    "Activity":{
        "0":0.2578057219
    },
    "Activity Data":{
        "0":0.1434768965
    },
    "Further Specification":{
        "0":0.2834362296
    },
    "XOR Gateway":{
        "0":0.0982651521
    },
    "Condition Specification":{
        "0":0.233844098
    },
    "AND Gateway":{
        "0":0.2379669965
    },
    "All":{
        "0":0.1135804772
    }
}