{
    "Actor":{
        "0":0.5389354804
    },
    "Activity":{
        "0":0.5667991023
    },
    "Activity Data":{
        "0":0.6035682714
    },
    "Further Specification":{
        "0":0.7203151783
    },
    "XOR Gateway":{
        "0":0.5443244362
    },
    "Condition Specification":{
        "0":0.6413321375
    },
    "AND Gateway":{
        "0":0.7662594688
    },
    "All":{
        "0":0.5689904421
    }
}