{
    "Actor":{
        "0":0.3789868668,
        "1":0.4018232819,
        "2":0.3802535023,
        "3":0.3931866572,
        "4":0.3891810669
    },
    "Activity":{
        "0":0.4327731092,
        "1":0.4431554524,
        "2":0.441410694,
        "3":0.4340473506,
        "4":0.443236715
    },
    "Activity Data":{
        "0":0.4168498168,
        "1":0.4273267327,
        "2":0.4044,
        "3":0.4161047203,
        "4":0.4318181818
    },
    "Further Specification":{
        "0":0.4838709677,
        "1":0.5056179775,
        "2":0.4903225806,
        "3":0.4810344828,
        "4":0.4941451991
    },
    "XOR Gateway":{
        "0":0.408,
        "1":0.4132231405,
        "2":0.4473684211,
        "3":0.4466019417,
        "4":0.4036697248
    },
    "Condition Specification":{
        "0":0.4662084765,
        "1":0.4720496894,
        "2":0.4630350195,
        "3":0.4666666667,
        "4":0.4551724138
    },
    "AND Gateway":{
        "0":0.56,
        "1":0.5,
        "2":0.6,
        "3":0.5882352941,
        "4":0.5652173913
    },
    "All":{
        "0":0.4110671937,
        "1":0.4280821918,
        "2":0.4098155674,
        "3":0.4172944131,
        "4":0.4205199791
    }
}