{
    "Actor":{
        "0":0.376875,
        "1":0.3994393833,
        "2":0.380761523,
        "3":0.3943462898,
        "4":0.3829947329
    },
    "Activity":{
        "0":0.4369747899,
        "1":0.4477958237,
        "2":0.4425483504,
        "3":0.4396843292,
        "4":0.4456521739
    },
    "Activity Data":{
        "0":0.4174579985,
        "1":0.4297553275,
        "2":0.4062250599,
        "3":0.4195969972,
        "4":0.4326797386
    },
    "Further Specification":{
        "0":0.4877126654,
        "1":0.5111940299,
        "2":0.4951768489,
        "3":0.4827586207,
        "4":0.5011655012
    },
    "XOR Gateway":{
        "0":0.4285714286,
        "1":0.4344262295,
        "2":0.4827586207,
        "3":0.4711538462,
        "4":0.3888888889
    },
    "Condition Specification":{
        "0":0.4748858447,
        "1":0.4837712519,
        "2":0.4663212435,
        "3":0.4755244755,
        "4":0.462173315
    },
    "AND Gateway":{
        "0":0.56,
        "1":0.5,
        "2":0.6,
        "3":0.5882352941,
        "4":0.5652173913
    },
    "All":{
        "0":0.4132340053,
        "1":0.4313597918,
        "2":0.4125175589,
        "3":0.4214643304,
        "4":0.4208050183
    }
}