{
    "Actor":{
        "0":0.4109792805
    },
    "Activity":{
        "0":0.4602889741
    },
    "Activity Data":{
        "0":0.4578034243
    },
    "Further Specification":{
        "0":0.5260547377
    },
    "XOR Gateway":{
        "0":0.4411598028
    },
    "Condition Specification":{
        "0":0.4919807372
    },
    "AND Gateway":{
        "0":0.5626905371
    },
    "All":{
        "0":0.4468368448
    }
}