{
    "Actor":{
        "0":0.4686633389,
        "1":0.4932098765,
        "2":0.4703440095,
        "3":0.5003115265,
        "4":0.4848883049
    },
    "Activity":{
        "0":0.4895178197,
        "1":0.5046296296,
        "2":0.5,
        "3":0.4938132733,
        "4":0.5006045949
    },
    "Activity Data":{
        "0":0.5251822399,
        "1":0.5471428571,
        "2":0.5113719736,
        "3":0.5205871822,
        "4":0.5488810365
    },
    "Further Specification":{
        "0":0.6024955437,
        "1":0.6252189142,
        "2":0.6253731343,
        "3":0.6166134185,
        "4":0.6487068966
    },
    "XOR Gateway":{
        "0":0.4925373134,
        "1":0.5075757576,
        "2":0.5537190083,
        "3":0.5495495495,
        "4":0.4830508475
    },
    "Condition Specification":{
        "0":0.5623655914,
        "1":0.577874818,
        "2":0.5472392638,
        "3":0.556043956,
        "4":0.5519480519
    },
    "AND Gateway":{
        "0":0.6071428571,
        "1":0.625,
        "2":0.6666666667,
        "3":0.5,
        "4":0.6153846154
    },
    "All":{
        "0":0.4997307485,
        "1":0.5249328158,
        "2":0.4998554496,
        "3":0.5096402878,
        "4":0.5176920625
    }
}