{
    "Actor":{
        "0":0.5121834687,
        "1":0.5367530407,
        "2":0.5213675214,
        "3":0.540423223,
        "4":0.5366795367
    },
    "Activity":{
        "0":0.5334029228,
        "1":0.5467128028,
        "2":0.5423728814,
        "3":0.5464725644,
        "4":0.5582232893
    },
    "Activity Data":{
        "0":0.5769585253,
        "1":0.6004649618,
        "2":0.5708390646,
        "3":0.5766789175,
        "4":0.6111715633
    },
    "Further Specification":{
        "0":0.653516295,
        "1":0.6953642384,
        "2":0.6859971711,
        "3":0.6841317365,
        "4":0.7139917695
    },
    "XOR Gateway":{
        "0":0.5037037037,
        "1":0.5,
        "2":0.5573770492,
        "3":0.5545454545,
        "4":0.4957264957
    },
    "Condition Specification":{
        "0":0.6177370031,
        "1":0.6031518625,
        "2":0.6055363322,
        "3":0.6123301985,
        "4":0.6113161132
    },
    "AND Gateway":{
        "0":0.7435897436,
        "1":0.7575757576,
        "2":0.75,
        "3":0.6842105263,
        "4":0.7567567568
    },
    "All":{
        "0":0.5407757335,
        "1":0.5656440022,
        "2":0.5474353769,
        "3":0.5553922224,
        "4":0.5670945158
    }
}