{
    "Actor":{
        "0":0.5208166533,
        "1":0.5384275618,
        "2":0.531884058,
        "3":0.5532010821,
        "4":0.5347666972
    },
    "Activity":{
        "0":0.5735140772,
        "1":0.583621684,
        "2":0.5778781038,
        "3":0.5883668904,
        "4":0.6019184652
    },
    "Activity Data":{
        "0":0.5973913043,
        "1":0.626335638,
        "2":0.6029784537,
        "3":0.6070757671,
        "4":0.6322624744
    },
    "Further Specification":{
        "0":0.6852173913,
        "1":0.75,
        "2":0.7377963738,
        "3":0.7282127031,
        "4":0.7790927022
    },
    "XOR Gateway":{
        "0":0.5362318841,
        "1":0.5220588235,
        "2":0.5967741935,
        "3":0.6017699115,
        "4":0.5289256198
    },
    "Condition Specification":{
        "0":0.6735395189,
        "1":0.6580565806,
        "2":0.6509433962,
        "3":0.6675438596,
        "4":0.675429727
    },
    "AND Gateway":{
        "0":0.7794117647,
        "1":0.7903225806,
        "2":0.7894736842,
        "3":0.6842105263,
        "4":0.7878787879
    },
    "All":{
        "0":0.5532083145,
        "1":0.5784634761,
        "2":0.5698141637,
        "3":0.5733494852,
        "4":0.5787128064
    }
}