{
    "Actor":{
        "0":0.5049751244,
        "1":0.533260033,
        "2":0.5021881838,
        "3":0.5388026608,
        "4":0.5250143761
    },
    "Activity":{
        "0":0.5213764338,
        "1":0.538638985,
        "2":0.5276836158,
        "3":0.5329608939,
        "4":0.5407673861
    },
    "Activity Data":{
        "0":0.5589923469,
        "1":0.5854495539,
        "2":0.5535460993,
        "3":0.5584996559,
        "4":0.5936555891
    },
    "Further Specification":{
        "0":0.6352530541,
        "1":0.6649746193,
        "2":0.6685962373,
        "3":0.6646153846,
        "4":0.6889352818
    },
    "XOR Gateway":{
        "0":0.5112781955,
        "1":0.5190839695,
        "2":0.5609756098,
        "3":0.5688073394,
        "4":0.5
    },
    "Condition Specification":{
        "0":0.6012526096,
        "1":0.6074498567,
        "2":0.5898345154,
        "3":0.5952890792,
        "4":0.5946969697
    },
    "AND Gateway":{
        "0":0.5384615385,
        "1":0.5,
        "2":0.5625,
        "3":0.5555555556,
        "4":0.5416666667
    },
    "All":{
        "0":0.5291853752,
        "1":0.5558238636,
        "2":0.5328062145,
        "3":0.5440131219,
        "4":0.5533775633
    }
}