{
    "Bert Score":{
        "0":0.9997599721,
        "1":0.9998185635,
        "2":0.9995815158,
        "3":0.9998921156,
        "4":0.9997145534
    }
}