{
    "Bert Score":{
        "0":0.9989711642,
        "1":0.9990130663,
        "2":0.9985879064,
        "3":0.9984064698,
        "4":0.9992272854
    }
}