{
    "Bert Score":{
        "0":0.9991322756,
        "1":0.999496758,
        "2":0.9989202619,
        "3":0.9989917278,
        "4":0.9996384978
    }
}