{
    "Bert Score":{
        "0":0.9984584451,
        "1":0.9983285666,
        "2":0.9979735017,
        "3":0.9981191158,
        "4":0.9981667995
    }
}