{
    "Bert Score":{
        "0":0.9988895059,
        "1":0.9986031651,
        "2":0.9982309937,
        "3":0.9982996583,
        "4":0.998350203
    }
}