{
    "Actor":{
        "0":0.0817575083,
        "1":0.0880149813,
        "2":0.0854092527,
        "3":0.0925692695,
        "4":0.0852503383
    },
    "Activity":{
        "0":0.2442105263,
        "1":0.2465116279,
        "2":0.2608200456,
        "3":0.2618510158,
        "4":0.2566585956
    },
    "Activity Data":{
        "0":0.1289262235,
        "1":0.1353265146,
        "2":0.1361464968,
        "3":0.1370458136,
        "4":0.1444153578
    },
    "Further Specification":{
        "0":0.2634615385,
        "1":0.2680608365,
        "2":0.2712418301,
        "3":0.2665505226,
        "4":0.3113207547
    },
    "XOR Gateway":{
        "0":0.071969697,
        "1":0.0974576271,
        "2":0.0982905983,
        "3":0.1,
        "4":0.0608695652
    },
    "Condition Specification":{
        "0":0.2448275862,
        "1":0.2593167702,
        "2":0.2428571429,
        "3":0.2423887588,
        "4":0.2438016529
    },
    "AND Gateway":{
        "0":0.4375,
        "1":0.5,
        "2":0.375,
        "3":0.375,
        "4":0.4375
    },
    "All":{
        "0":0.1147518126,
        "1":0.1209201119,
        "2":0.1217986897,
        "3":0.1223420186,
        "4":0.1248335553
    }
}