{
    "Actor":{
        "0":0.0861207235
    },
    "Activity":{
        "0":0.2531069292
    },
    "Activity Data":{
        "0":0.1354224998
    },
    "Further Specification":{
        "0":0.2729563365
    },
    "XOR Gateway":{
        "0":0.0857174975
    },
    "Condition Specification":{
        "0":0.2438510338
    },
    "AND Gateway":{
        "0":0.41875
    },
    "All":{
        "0":0.1199377489
    }
}