{
    "Actor":{
        "0":0.0857524116
    },
    "Activity":{
        "0":0.2526534051
    },
    "Activity Data":{
        "0":0.1347982593
    },
    "Further Specification":{
        "0":0.2691059598
    },
    "XOR Gateway":{
        "0":0.0857174975
    },
    "Condition Specification":{
        "0":0.2418971172
    },
    "AND Gateway":{
        "0":0.4104166667
    },
    "All":{
        "0":0.1192267141
    }
}