{
    "Actor":{
        "0":0.0806451613,
        "1":0.0855181024,
        "2":0.084223013,
        "3":0.0919395466,
        "4":0.0845737483
    },
    "Activity":{
        "0":0.2442105263,
        "1":0.2441860465,
        "2":0.2585421412,
        "3":0.2607223476,
        "4":0.2566585956
    },
    "Activity Data":{
        "0":0.127100073,
        "1":0.1337529504,
        "2":0.1345541401,
        "3":0.1346761453,
        "4":0.1431064572
    },
    "Further Specification":{
        "0":0.2557692308,
        "1":0.2604562738,
        "2":0.2614379085,
        "3":0.2543554007,
        "4":0.3160377358
    },
    "XOR Gateway":{
        "0":0.071969697,
        "1":0.0974576271,
        "2":0.0982905983,
        "3":0.1,
        "4":0.0608695652
    },
    "Condition Specification":{
        "0":0.2402298851,
        "1":0.2562111801,
        "2":0.2363636364,
        "3":0.237704918,
        "4":0.241046832
    },
    "AND Gateway":{
        "0":0.40625,
        "1":0.5,
        "2":0.3333333333,
        "3":0.375,
        "4":0.40625
    },
    "All":{
        "0":0.112939208,
        "1":0.1187441716,
        "2":0.1197141155,
        "3":0.1200958371,
        "4":0.1241677763
    }
}