{
    "Actor":{
        "0":0.0828698554,
        "1":0.0880149813,
        "2":0.0860023725,
        "3":0.0931989924,
        "4":0.0852503383
    },
    "Activity":{
        "0":0.2452631579,
        "1":0.2465116279,
        "2":0.2608200456,
        "3":0.2618510158,
        "4":0.2578692494
    },
    "Activity Data":{
        "0":0.1296566837,
        "1":0.1365066876,
        "2":0.136544586,
        "3":0.1374407583,
        "4":0.1470331588
    },
    "Further Specification":{
        "0":0.2692307692,
        "1":0.2737642586,
        "2":0.2745098039,
        "3":0.2665505226,
        "4":0.320754717
    },
    "XOR Gateway":{
        "0":0.071969697,
        "1":0.0974576271,
        "2":0.0982905983,
        "3":0.1,
        "4":0.0608695652
    },
    "Condition Specification":{
        "0":0.2459770115,
        "1":0.2608695652,
        "2":0.2454545455,
        "3":0.2459016393,
        "4":0.2493112948
    },
    "AND Gateway":{
        "0":0.4375,
        "1":0.5416666667,
        "2":0.375,
        "3":0.375,
        "4":0.4375
    },
    "All":{
        "0":0.1154489682,
        "1":0.1218526578,
        "2":0.1226920786,
        "3":0.1230907457,
        "4":0.1269973369
    }
}