{
    "Actor":{
        "0":0.0864890353
    },
    "Activity":{
        "0":0.2537778041
    },
    "Activity Data":{
        "0":0.1358108801
    },
    "Further Specification":{
        "0":0.274321344
    },
    "XOR Gateway":{
        "0":0.0857174975
    },
    "Condition Specification":{
        "0":0.245894516
    },
    "AND Gateway":{
        "0":0.425
    },
    "All":{
        "0":0.1205009599
    }
}