{
    "Actor":{
        "0":0.3673968575
    },
    "Activity":{
        "0":0.4303974336
    },
    "Activity Data":{
        "0":0.3985780534
    },
    "Further Specification":{
        "0":0.4749958984
    },
    "XOR Gateway":{
        "0":0.4055634897
    },
    "Condition Specification":{
        "0":0.4625162394
    },
    "AND Gateway":{
        "0":0.5701298701
    },
    "All":{
        "0":0.4013410296
    }
}