{
    "Actor":{
        "0":0.3685290601
    },
    "Activity":{
        "0":0.4315302154
    },
    "Activity Data":{
        "0":0.3996267014
    },
    "Further Specification":{
        "0":0.4771879547
    },
    "XOR Gateway":{
        "0":0.4055634897
    },
    "Condition Specification":{
        "0":0.4665545317
    },
    "AND Gateway":{
        "0":0.5701298701
    },
    "All":{
        "0":0.4028618654
    }
}