{
    "Actor":{
        "0":0.3701321853
    },
    "Activity":{
        "0":0.433579175
    },
    "Activity Data":{
        "0":0.4026866526
    },
    "Further Specification":{
        "0":0.4839847682
    },
    "XOR Gateway":{
        "0":0.4055634897
    },
    "Condition Specification":{
        "0":0.4708757164
    },
    "AND Gateway":{
        "0":0.5951298701
    },
    "All":{
        "0":0.4059948716
    }
}