{
    "Actor":{
        "0":0.3539540816,
        "1":0.3723098996,
        "2":0.3582089552,
        "3":0.3737373737,
        "4":0.365237366
    },
    "Activity":{
        "0":0.4231578947,
        "1":0.4302325581,
        "2":0.4328018223,
        "3":0.4300225734,
        "4":0.4322033898
    },
    "Activity Data":{
        "0":0.3917410714,
        "1":0.4047427653,
        "2":0.3838996764,
        "3":0.3891129032,
        "4":0.4091312057
    },
    "Further Specification":{
        "0":0.4538461538,
        "1":0.4714828897,
        "2":0.4656862745,
        "3":0.4634146341,
        "4":0.4858490566
    },
    "XOR Gateway":{
        "0":0.3870967742,
        "1":0.3916666667,
        "2":0.4385964912,
        "3":0.4215686275,
        "4":0.3888888889
    },
    "Condition Specification":{
        "0":0.4666666667,
        "1":0.4641744548,
        "2":0.453125,
        "3":0.4577464789,
        "4":0.453038674
    },
    "AND Gateway":{
        "0":0.5,
        "1":0.5,
        "2":0.5,
        "3":0.5,
        "4":0.5
    },
    "All":{
        "0":0.3913107948,
        "1":0.4061157025,
        "2":0.3918193304,
        "3":0.3986658196,
        "4":0.4031062478
    }
}