{
    "Actor":{
        "0":0.3641581633,
        "1":0.3816355811,
        "2":0.3670284939,
        "3":0.3773448773,
        "4":0.3690658499
    },
    "Activity":{
        "0":0.4242105263,
        "1":0.4406976744,
        "2":0.4384965831,
        "3":0.4356659142,
        "4":0.4358353511
    },
    "Activity Data":{
        "0":0.3999255952,
        "1":0.4155948553,
        "2":0.3915857605,
        "3":0.3995967742,
        "4":0.4233156028
    },
    "Further Specification":{
        "0":0.4788461538,
        "1":0.5057034221,
        "2":0.4869281046,
        "3":0.4930313589,
        "4":0.483490566
    },
    "XOR Gateway":{
        "0":0.3870967742,
        "1":0.3916666667,
        "2":0.4385964912,
        "3":0.4215686275,
        "4":0.3888888889
    },
    "Condition Specification":{
        "0":0.4804597701,
        "1":0.476635514,
        "2":0.4752604167,
        "3":0.4741784038,
        "4":0.4709944751
    },
    "AND Gateway":{
        "0":0.625,
        "1":0.65,
        "2":0.7142857143,
        "3":0.5,
        "4":0.6363636364
    },
    "All":{
        "0":0.4012455516,
        "1":0.4190082645,
        "2":0.4028742893,
        "3":0.4093074968,
        "4":0.4128132721
    }
}