{
    "Actor":{
        "0":0.3571428571,
        "1":0.3802008608,
        "2":0.3649932157,
        "3":0.3773448773,
        "4":0.3690658499
    },
    "Activity":{
        "0":0.4231578947,
        "1":0.4337209302,
        "2":0.4384965831,
        "3":0.4356659142,
        "4":0.4322033898
    },
    "Activity Data":{
        "0":0.3988095238,
        "1":0.4095659164,
        "2":0.3891585761,
        "3":0.3951612903,
        "4":0.4113475177
    },
    "Further Specification":{
        "0":0.4711538462,
        "1":0.4809885932,
        "2":0.4869281046,
        "3":0.4808362369,
        "4":0.4764150943
    },
    "XOR Gateway":{
        "0":0.3870967742,
        "1":0.3916666667,
        "2":0.4385964912,
        "3":0.4215686275,
        "4":0.3888888889
    },
    "Condition Specification":{
        "0":0.4804597701,
        "1":0.4704049844,
        "2":0.4713541667,
        "3":0.4636150235,
        "4":0.455801105
    },
    "AND Gateway":{
        "0":0.625,
        "1":0.5,
        "2":0.7142857143,
        "3":0.5,
        "4":0.6363636364
    },
    "All":{
        "0":0.3984282325,
        "1":0.4119008264,
        "2":0.4009791535,
        "3":0.4050190597,
        "4":0.4050476527
    }
}