{
    "Actor":{
        "0":0.3706742313
    },
    "Activity":{
        "0":0.4342739628
    },
    "Activity Data":{
        "0":0.4047483301
    },
    "Further Specification":{
        "0":0.4884592367
    },
    "XOR Gateway":{
        "0":0.4055634897
    },
    "Condition Specification":{
        "0":0.4708757164
    },
    "AND Gateway":{
        "0":0.6251298701
    },
    "All":{
        "0":0.4074955692
    }
}