{
    "Actor":{
        "0":0.3710568844
    },
    "Activity":{
        "0":0.4347390791
    },
    "Activity Data":{
        "0":0.4050142875
    },
    "Further Specification":{
        "0":0.4895999211
    },
    "XOR Gateway":{
        "0":0.4055634897
    },
    "Condition Specification":{
        "0":0.4738482574
    },
    "AND Gateway":{
        "0":0.6251298701
    },
    "All":{
        "0":0.4082155467
    }
}