{
    "Bert Score":{
        "0":0.9639422297,
        "1":0.965256989,
        "2":0.9639523029,
        "3":0.9647015333,
        "4":0.9675223231
    }
}