{
    "Bert Score":{
        "0":0.9036212564,
        "1":0.9062501192,
        "2":0.9291244149,
        "3":0.9316474199,
        "4":0.9077739716
    }
}