{
    "Actor":{
        "0":0.1705079395
    },
    "Activity":{
        "0":0.504855343
    },
    "Activity Data":{
        "0":0.2692759065
    },
    "Further Specification":{
        "0":0.5359853685
    },
    "XOR Gateway":{
        "0":0.171434995
    },
    "Condition Specification":{
        "0":0.4832432703
    },
    "AND Gateway":{
        "0":0.8083333333
    },
    "All":{
        "0":0.2378511926
    }
}