{
    "Actor":{
        "0":0.2298468831
    },
    "Activity":{
        "0":0.5891246107
    },
    "Activity Data":{
        "0":0.3206198497
    },
    "Further Specification":{
        "0":0.5538645546
    },
    "XOR Gateway":{
        "0":0.1995708325
    },
    "Condition Specification":{
        "0":0.510225625
    },
    "AND Gateway":{
        "0":0.8557575758
    },
    "All":{
        "0":0.2836803357
    }
}