{
    "Actor":{
        "0":0.7075718016,
        "1":0.7477876106,
        "2":0.7206703911,
        "3":0.75,
        "4":0.7295597484
    },
    "Activity":{
        "0":0.8406113537,
        "1":0.8619854722,
        "2":0.86492891,
        "3":0.8558139535,
        "4":0.8614609572
    },
    "Activity Data":{
        "0":0.7854961832,
        "1":0.8099173554,
        "2":0.7671913836,
        "3":0.7817883511,
        "4":0.8214936248
    },
    "Further Specification":{
        "0":0.9076923077,
        "1":0.9425287356,
        "2":0.9210526316,
        "3":0.9157894737,
        "4":0.9523809524
    },
    "XOR Gateway":{
        "0":0.7741935484,
        "1":0.7833333333,
        "2":0.8771929825,
        "3":0.8431372549,
        "4":0.7777777778
    },
    "Condition Specification":{
        "0":0.9149425287,
        "1":0.9283489097,
        "2":0.90625,
        "3":0.9154929577,
        "4":0.9033149171
    },
    "AND Gateway":{
        "0":1.0,
        "1":1.0,
        "2":1.0,
        "3":1.0,
        "4":1.0
    },
    "All":{
        "0":0.7801998183,
        "1":0.8134100914,
        "2":0.783661608,
        "3":0.7977382876,
        "4":0.8052745665
    }
}