{
    "Actor":{
        "0":0.7427536232,
        "1":0.7857142857,
        "2":0.7583497053,
        "3":0.8083333333,
        "4":0.7550111359
    },
    "Activity":{
        "0":0.8717105263,
        "1":0.8872727273,
        "2":0.884057971,
        "3":0.8853046595,
        "4":0.8816793893
    },
    "Activity Data":{
        "0":0.8031145717,
        "1":0.8329297821,
        "2":0.7936507937,
        "3":0.8096969697,
        "4":0.8392621871
    },
    "Further Specification":{
        "0":0.9067357513,
        "1":0.9453551913,
        "2":0.9155555556,
        "3":0.9136363636,
        "4":0.940397351
    },
    "XOR Gateway":{
        "0":0.7868852459,
        "1":0.8070175439,
        "2":0.8888888889,
        "3":0.8367346939,
        "4":0.8039215686
    },
    "Condition Specification":{
        "0":0.9305912596,
        "1":0.941580756,
        "2":0.9289940828,
        "3":0.9338624339,
        "4":0.9176829268
    },
    "AND Gateway":{
        "0":1.0,
        "1":1.0,
        "2":1.0,
        "3":1.0,
        "4":1.0
    },
    "All":{
        "0":0.8049792531,
        "1":0.8386491557,
        "2":0.8105924596,
        "3":0.8316212595,
        "4":0.8244654401
    }
}