{
    "Actor":{
        "0":0.7475915222,
        "1":0.7852631579,
        "2":0.7625,
        "3":0.8155555556,
        "4":0.7619047619
    },
    "Activity":{
        "0":0.8701754386,
        "1":0.8846153846,
        "2":0.8793774319,
        "3":0.8846153846,
        "4":0.8739837398
    },
    "Activity Data":{
        "0":0.796966161,
        "1":0.827672956,
        "2":0.7853470437,
        "3":0.8040712468,
        "4":0.8351648352
    },
    "Further Specification":{
        "0":0.9175824176,
        "1":0.9604519774,
        "2":0.9252336449,
        "3":0.9241706161,
        "4":0.9375
    },
    "XOR Gateway":{
        "0":0.8,
        "1":0.8070175439,
        "2":0.9056603774,
        "3":0.8541666667,
        "4":0.82
    },
    "Condition Specification":{
        "0":0.9315068493,
        "1":0.9416058394,
        "2":0.9267515924,
        "3":0.9350282486,
        "4":0.9190031153
    },
    "AND Gateway":{
        "0":1.0,
        "1":1.0,
        "2":1.0,
        "3":1.0,
        "4":1.0
    },
    "All":{
        "0":0.8037752414,
        "1":0.8369140625,
        "2":0.807710614,
        "3":0.831678487,
        "4":0.8232533889
    }
}