{
    "Bleu Score":{
        "0":0.493548527,
        "1":0.8033714323,
        "2":0.8142364772,
        "3":0.8131079938,
        "4":0.4448773393
    }
}