{
    "Bleu Score":{
        "0":0.9776818571,
        "1":0.9730955123,
        "2":0.9807708959,
        "3":0.9854731174,
        "4":0.9947374849
    }
}