{
    "Bleu Score":{
        "0":0.9436557272,
        "1":0.8945787161,
        "2":0.2289753245,
        "3":0.903002682,
        "4":0.9091742501
    }
}