{
    "Bleu Score":{
        "0":0.8675860314,
        "1":0.8671067445,
        "2":0.8700336333,
        "3":0.8616774901,
        "4":0.2681065663
    }
}