{
    "Bleu Score":{
        "0":0.8573429507,
        "1":0.849778774,
        "2":0.3379639414,
        "3":0.8627557054,
        "4":0.8545712151
    }
}