{
    "Actor":{
        "0":0.1272865854,
        "1":0.1303353659,
        "2":0.1282660333,
        "3":0.1350919265,
        "4":0.1391705069
    },
    "Activity":{
        "0":0.3622291022,
        "1":0.3137829912,
        "2":0.3397341211,
        "3":0.3416789396,
        "4":0.363327674
    },
    "Activity Data":{
        "0":0.1911314985,
        "1":0.1911547912,
        "2":0.2035306334,
        "3":0.1961961962,
        "4":0.221686747
    },
    "Further Specification":{
        "0":0.4397394137,
        "1":0.3207126949,
        "2":0.4103194103,
        "3":0.3818181818,
        "4":0.4028571429
    },
    "XOR Gateway":{
        "0":0.1085714286,
        "1":0.1329787234,
        "2":0.1302083333,
        "3":0.125,
        "4":0.0882352941
    },
    "Condition Specification":{
        "0":0.3534201954,
        "1":0.3630831643,
        "2":0.3032159265,
        "3":0.2940379404,
        "4":0.3654618474
    },
    "AND Gateway":{
        "0":0.7647058824,
        "1":0.5454545455,
        "2":0.4285714286,
        "3":0.4285714286,
        "4":0.5909090909
    },
    "All":{
        "0":0.1716669978,
        "1":0.1638679792,
        "2":0.1718233119,
        "3":0.1657153729,
        "4":0.1872427984
    }
}