{
    "Actor":{
        "0":0.1470097065
    },
    "Activity":{
        "0":0.4030161037
    },
    "Activity Data":{
        "0":0.22821813
    },
    "Further Specification":{
        "0":0.4587806538
    },
    "XOR Gateway":{
        "0":0.1406030483
    },
    "Condition Specification":{
        "0":0.397856161
    },
    "AND Gateway":{
        "0":0.6823743508
    },
    "All":{
        "0":0.1981296737
    }
}