{
    "Actor":{
        "0":0.1133032694,
        "1":0.1201342282,
        "2":0.1152213463,
        "3":0.1262953368,
        "4":0.1153568854
    },
    "Activity":{
        "0":0.2613009923,
        "1":0.2694235589,
        "2":0.2739079103,
        "3":0.2744186047,
        "4":0.2782719187
    },
    "Activity Data":{
        "0":0.1562731997,
        "1":0.1742616034,
        "2":0.1662571663,
        "3":0.1645672491,
        "4":0.1823104693
    },
    "Further Specification":{
        "0":0.291015625,
        "1":0.3593380615,
        "2":0.2859450727,
        "3":0.2847222222,
        "4":0.369193154
    },
    "XOR Gateway":{
        "0":0.0852713178,
        "1":0.1150442478,
        "2":0.1090909091,
        "3":0.1126760563,
        "4":0.0740740741
    },
    "Condition Specification":{
        "0":0.2657342657,
        "1":0.3001579779,
        "2":0.2700534759,
        "3":0.2627824019,
        "4":0.2763532764
    },
    "AND Gateway":{
        "0":0.4333333333,
        "1":0.5217391304,
        "2":0.375,
        "3":0.4285714286,
        "4":0.4827586207
    },
    "All":{
        "0":0.1330868762,
        "1":0.1484152272,
        "2":0.141548328,
        "3":0.1402701044,
        "4":0.1507135399
    }
}