{
    "Actor":{
        "0":0.1132545313
    },
    "Activity":{
        "0":0.2580459885
    },
    "Activity Data":{
        "0":0.1622528187
    },
    "Further Specification":{
        "0":0.2965909934
    },
    "XOR Gateway":{
        "0":0.0933279224
    },
    "Condition Specification":{
        "0":0.270466217
    },
    "AND Gateway":{
        "0":0.4516818182
    },
    "All":{
        "0":0.1363296046
    }
}