{
    "Actor":{
        "0":0.1023006651
    },
    "Activity":{
        "0":0.2299947208
    },
    "Activity Data":{
        "0":0.1488588201
    },
    "Further Specification":{
        "0":0.2719062498
    },
    "XOR Gateway":{
        "0":0.0864573334
    },
    "Condition Specification":{
        "0":0.2481924884
    },
    "AND Gateway":{
        "0":0.3923333333
    },
    "All":{
        "0":0.1232037244
    }
}