{
    "Actor":{
        "0":0.0684505701
    },
    "Activity":{
        "0":0.198930063
    },
    "Activity Data":{
        "0":0.1069181913
    },
    "Further Specification":{
        "0":0.2133298457
    },
    "XOR Gateway":{
        "0":0.0667211673
    },
    "Condition Specification":{
        "0":0.1860301596
    },
    "AND Gateway":{
        "0":0.3260128213
    },
    "All":{
        "0":0.0942074312
    }
}