{
    "Actor":{
        "0":0.0500743313
    },
    "Activity":{
        "0":0.0932439858
    },
    "Activity Data":{
        "0":0.0696434206
    },
    "Further Specification":{
        "0":0.1228327732
    },
    "XOR Gateway":{
        "0":0.0341981871
    },
    "Condition Specification":{
        "0":0.1100679488
    },
    "AND Gateway":{
        "0":0.1606247744
    },
    "All":{
        "0":0.0537050268
    }
}