{
    "Actor":{
        "0":0.0926499695
    },
    "Activity":{
        "0":0.1933629786
    },
    "Activity Data":{
        "0":0.1301670858
    },
    "Further Specification":{
        "0":0.2293888791
    },
    "XOR Gateway":{
        "0":0.0695016663
    },
    "Condition Specification":{
        "0":0.2117428339
    },
    "AND Gateway":{
        "0":0.3227598566
    },
    "All":{
        "0":0.1057539341
    }
}