{
    "Actor":{
        "0":0.0300580755
    },
    "Activity":{
        "0":0.0536910671
    },
    "Activity Data":{
        "0":0.0417565975
    },
    "Further Specification":{
        "0":0.0746702786
    },
    "XOR Gateway":{
        "0":0.0191738057
    },
    "Condition Specification":{
        "0":0.0651661946
    },
    "AND Gateway":{
        "0":0.0908088594
    },
    "All":{
        "0":0.030884594
    }
}