{
    "Actor":{
        "0":0.1200316127
    },
    "Activity":{
        "0":0.2880223331
    },
    "Activity Data":{
        "0":0.1762389835
    },
    "Further Specification":{
        "0":0.3257865751
    },
    "XOR Gateway":{
        "0":0.1075169629
    },
    "Condition Specification":{
        "0":0.2996204123
    },
    "AND Gateway":{
        "0":0.4811443932
    },
    "All":{
        "0":0.149654222
    }
}