{
    "Actor":{
        "0":0.1057970425
    },
    "Activity":{
        "0":0.315835479
    },
    "Activity Data":{
        "0":0.1663831584
    },
    "Further Specification":{
        "0":0.3320813241
    },
    "XOR Gateway":{
        "0":0.1066168673
    },
    "Condition Specification":{
        "0":0.2909997979
    },
    "AND Gateway":{
        "0":0.5651357466
    },
    "All":{
        "0":0.1469026504
    }
}