{
    "Actor":{
        "0":0.1320300836
    },
    "Activity":{
        "0":0.3441505656
    },
    "Activity Data":{
        "0":0.2007399732
    },
    "Further Specification":{
        "0":0.3910893687
    },
    "XOR Gateway":{
        "0":0.1169987559
    },
    "Condition Specification":{
        "0":0.3358438148
    },
    "AND Gateway":{
        "0":0.5516424752
    },
    "All":{
        "0":0.172063292
    }
}