{
    "Actor":{
        "0":0.0858255498
    },
    "Activity":{
        "0":0.1779231376
    },
    "Activity Data":{
        "0":0.1206688355
    },
    "Further Specification":{
        "0":0.2141427234
    },
    "XOR Gateway":{
        "0":0.0633111456
    },
    "Condition Specification":{
        "0":0.1975958989
    },
    "AND Gateway":{
        "0":0.2932539683
    },
    "All":{
        "0":0.0976223353
    }
}