{
    "Actor":{
        "0":0.0379198267,
        "1":0.0387937566,
        "2":0.0395022428,
        "3":0.0408661177,
        "4":0.0402232802
    },
    "Activity":{
        "0":0.0698896479,
        "1":0.0722576901,
        "2":0.0725255973,
        "3":0.0732600733,
        "4":0.0749471139
    },
    "Activity Data":{
        "0":0.0515784793,
        "1":0.0540592351,
        "2":0.0544800078,
        "3":0.0542081361,
        "4":0.0592860178
    },
    "Further Specification":{
        "0":0.0890151515,
        "1":0.0959288723,
        "2":0.0928829916,
        "3":0.0916880891,
        "4":0.1163467132
    },
    "XOR Gateway":{
        "0":0.0208333333,
        "1":0.0275423729,
        "2":0.0288461538,
        "3":0.0306818182,
        "4":0.0206521739
    },
    "Condition Specification":{
        "0":0.0845869997,
        "1":0.0932721713,
        "2":0.0848271447,
        "3":0.0817446563,
        "4":0.0839303992
    },
    "AND Gateway":{
        "0":0.125,
        "1":0.1458333333,
        "2":0.1134020619,
        "3":0.1224489796,
        "4":0.1230769231
    },
    "All":{
        "0":0.0387639297,
        "1":0.0414525522,
        "2":0.0417550274,
        "3":0.0413881748,
        "4":0.043448107
    }
}