{
    "Actor":{
        "0":0.1577868852,
        "1":0.1658823529,
        "2":0.1633986928,
        "3":0.1697247706,
        "4":0.1640826873
    },
    "Activity":{
        "0":0.4556213018,
        "1":0.4585152838,
        "2":0.4759916493,
        "3":0.4761904762,
        "4":0.4930555556
    },
    "Activity Data":{
        "0":0.2464163823,
        "1":0.2589820359,
        "2":0.2540740741,
        "3":0.2507246377,
        "4":0.2755443886
    },
    "Further Specification":{
        "0":0.4350649351,
        "1":0.5209125475,
        "2":0.498470948,
        "3":0.4949152542,
        "4":0.6226415094
    },
    "XOR Gateway":{
        "0":0.1408450704,
        "1":0.1825396825,
        "2":0.1869918699,
        "3":0.1913043478,
        "4":0.1196581197
    },
    "Condition Specification":{
        "0":0.4365904366,
        "1":0.4733893557,
        "2":0.4572864322,
        "3":0.4523281596,
        "4":0.474393531
    },
    "AND Gateway":{
        "0":0.7647058824,
        "1":1.0,
        "2":0.6153846154,
        "3":0.75,
        "4":0.8125
    },
    "All":{
        "0":0.2125256674,
        "1":0.2275132275,
        "2":0.2256097561,
        "3":0.2245011086,
        "4":0.2397304236
    }
}