{
    "Actor":{
        "0":0.6207264957,
        "1":0.6451612903,
        "2":0.6642599278,
        "3":0.6675159236,
        "4":0.6059171598
    },
    "Activity":{
        "0":0.7385740402,
        "1":0.7210626186,
        "2":0.7446808511,
        "3":0.762,
        "4":0.7057692308
    },
    "Activity Data":{
        "0":0.6786824114,
        "1":0.6937293729,
        "2":0.6875439831,
        "3":0.6890243902,
        "4":0.6730769231
    },
    "Further Specification":{
        "0":0.8277027027,
        "1":0.703125,
        "2":0.8623853211,
        "3":0.8517350158,
        "4":0.8542510121
    },
    "XOR Gateway":{
        "0":0.6805555556,
        "1":0.7,
        "2":0.7846153846,
        "3":0.7818181818,
        "4":0.5733333333
    },
    "Condition Specification":{
        "0":0.7622504537,
        "1":0.8355795148,
        "2":0.7826086957,
        "3":0.838641189,
        "4":0.7251585624
    },
    "AND Gateway":{
        "0":1.0,
        "1":0.8333333333,
        "2":0.7777777778,
        "3":1.0,
        "4":0.8666666667
    },
    "All":{
        "0":0.6785980611,
        "1":0.690685882,
        "2":0.7019283747,
        "3":0.7134551495,
        "4":0.6634535941
    }
}