{
    "Actor":{
        "0":0.5063868613,
        "1":0.5844594595,
        "2":0.5523012552,
        "3":0.6257594168,
        "4":0.5746987952
    },
    "Activity":{
        "0":0.6299212598,
        "1":0.691588785,
        "2":0.6429780034,
        "3":0.7311411992,
        "4":0.7154308617
    },
    "Activity Data":{
        "0":0.5556728232,
        "1":0.6329352608,
        "2":0.6095054592,
        "3":0.6682825485,
        "4":0.6742147553
    },
    "Further Specification":{
        "0":0.7662337662,
        "1":0.7974276527,
        "2":0.5911949686,
        "3":0.8142414861,
        "4":0.8938053097
    },
    "XOR Gateway":{
        "0":0.5853658537,
        "1":0.6351351351,
        "2":0.7246376812,
        "3":0.6825396825,
        "4":0.6774193548
    },
    "Condition Specification":{
        "0":0.6567656766,
        "1":0.7925531915,
        "2":0.7102040816,
        "3":0.7400379507,
        "4":0.7534562212
    },
    "AND Gateway":{
        "0":0.7058823529,
        "1":1.0,
        "2":0.7,
        "3":0.8888888889,
        "4":0.8461538462
    },
    "All":{
        "0":0.5667169649,
        "1":0.6491413474,
        "2":0.5971084337,
        "3":0.674851592,
        "4":0.6638508593
    }
}