{
    "Actor":{
        "0":0.4815135359
    },
    "Activity":{
        "0":0.5773253266
    },
    "Activity Data":{
        "0":0.5268422563
    },
    "Further Specification":{
        "0":0.6565882775
    },
    "XOR Gateway":{
        "0":0.5248789741
    },
    "Condition Specification":{
        "0":0.5979048284
    },
    "AND Gateway":{
        "0":0.6811111111
    },
    "All":{
        "0":0.5292985363
    }
}