{
    "Actor":{
        "0":0.3987964989,
        "1":0.4236153378,
        "2":0.4060500291,
        "3":0.4202898551,
        "4":0.435431538
    },
    "Activity":{
        "0":0.4048282266,
        "1":0.4228395062,
        "2":0.427402863,
        "3":0.4204204204,
        "4":0.4123931624
    },
    "Activity Data":{
        "0":0.4587448232,
        "1":0.4809820194,
        "2":0.4555984556,
        "3":0.4651080411,
        "4":0.481095679
    },
    "Further Specification":{
        "0":0.5370705244,
        "1":0.4918032787,
        "2":0.5462962963,
        "3":0.4703504043,
        "4":0.5344827586
    },
    "XOR Gateway":{
        "0":0.387755102,
        "1":0.4661654135,
        "2":0.4765625,
        "3":0.462962963,
        "4":0.4
    },
    "Condition Specification":{
        "0":0.4995044599,
        "1":0.5437037037,
        "2":0.4666666667,
        "3":0.5303030303,
        "4":0.4891041162
    },
    "AND Gateway":{
        "0":0.4827586207,
        "1":0.5238095238,
        "2":0.5333333333,
        "3":0.8125,
        "4":0.6071428571
    },
    "All":{
        "0":0.4361346698,
        "1":0.4589696018,
        "2":0.4399613099,
        "3":0.4496457841,
        "4":0.4532760473
    }
}