{
    "Actor":{
        "0":0.1964727723,
        "1":0.2110282643,
        "2":0.1995711694,
        "3":0.2125217391,
        "4":0.2196927633
    },
    "Activity":{
        "0":0.1492380452,
        "1":0.1532211259,
        "2":0.1550056883,
        "3":0.146801916,
        "4":0.1541251133
    },
    "Activity Data":{
        "0":0.2250792214,
        "1":0.2347068611,
        "2":0.2187963237,
        "3":0.220688295,
        "4":0.2421234355
    },
    "Further Specification":{
        "0":0.2149621212,
        "1":0.2377164249,
        "2":0.2215520708,
        "3":0.2236503856,
        "4":0.2390924956
    },
    "XOR Gateway":{
        "0":0.1713709677,
        "1":0.1520833333,
        "2":0.1600877193,
        "3":0.193627451,
        "4":0.1759259259
    },
    "Condition Specification":{
        "0":0.221118365,
        "1":0.2304447853,
        "2":0.2114890886,
        "3":0.2064273306,
        "4":0.2162162162
    },
    "AND Gateway":{
        "0":0.2083333333,
        "1":0.2,
        "2":0.2456140351,
        "3":0.1818181818,
        "4":0.2111111111
    },
    "All":{
        "0":0.2001670176,
        "1":0.2117242773,
        "2":0.1988455877,
        "3":0.2013851062,
        "4":0.2134030418
    }
}