{
    "Actor":{
        "0":0.3817056396,
        "1":0.3922902494,
        "2":0.4128225176,
        "3":0.4190398698,
        "4":0.4052676296
    },
    "Activity":{
        "0":0.4592422503,
        "1":0.4659949622,
        "2":0.498034076,
        "3":0.485237484,
        "4":0.4863760218
    },
    "Activity Data":{
        "0":0.4206951658,
        "1":0.4399301005,
        "2":0.4381348107,
        "3":0.4410420475,
        "4":0.4493670886
    },
    "Further Specification":{
        "0":0.5021276596,
        "1":0.5310492505,
        "2":0.5035714286,
        "3":0.4943609023,
        "4":0.5459459459
    },
    "XOR Gateway":{
        "0":0.4247787611,
        "1":0.4122807018,
        "2":0.5263157895,
        "3":0.4886363636,
        "4":0.42
    },
    "Condition Specification":{
        "0":0.4975,
        "1":0.4837662338,
        "2":0.5312977099,
        "3":0.5693430657,
        "4":0.5223642173
    },
    "AND Gateway":{
        "0":0.5,
        "1":0.5555555556,
        "2":0.6363636364,
        "3":0.5,
        "4":0.5
    },
    "All":{
        "0":0.4216519647,
        "1":0.4371108344,
        "2":0.4481823114,
        "3":0.453326083,
        "4":0.4483572693
    }
}