{
    "Actor":{
        "0":0.5309734513,
        "1":0.5344978166,
        "2":0.5293056808,
        "3":0.5505925251,
        "4":0.5706860707
    },
    "Activity":{
        "0":0.6393188854,
        "1":0.5630498534,
        "2":0.5908419498,
        "3":0.5846833579,
        "4":0.6315789474
    },
    "Activity Data":{
        "0":0.5977249224,
        "1":0.5895372233,
        "2":0.5917721519,
        "3":0.5844818785,
        "4":0.6370869033
    },
    "Further Specification":{
        "0":0.7915309446,
        "1":0.5991091314,
        "2":0.7518427518,
        "3":0.6961038961,
        "4":0.6628571429
    },
    "XOR Gateway":{
        "0":0.6233766234,
        "1":0.5656565657,
        "2":0.5913978495,
        "3":0.5227272727,
        "4":0.5357142857
    },
    "Condition Specification":{
        "0":0.6970684039,
        "1":0.6768292683,
        "2":0.6098310292,
        "3":0.5747282609,
        "4":0.6975806452
    },
    "AND Gateway":{
        "0":1.0,
        "1":0.5555555556,
        "2":0.7692307692,
        "3":0.5333333333,
        "4":0.7333333333
    },
    "All":{
        "0":0.5987288136,
        "1":0.5733634312,
        "2":0.5794469666,
        "3":0.5700746118,
        "4":0.6138014528
    }
}