{
    "Actor":{
        "0":0.5961331901,
        "1":0.6077283372,
        "2":0.6369119421,
        "3":0.6560509554,
        "4":0.5678571429
    },
    "Activity":{
        "0":0.731261426,
        "1":0.7020872865,
        "2":0.7350096712,
        "3":0.756,
        "4":0.6865384615
    },
    "Activity Data":{
        "0":0.6556662516,
        "1":0.6673293572,
        "2":0.6697247706,
        "3":0.6573569482,
        "4":0.6378714582
    },
    "Further Specification":{
        "0":0.8027210884,
        "1":0.6492146597,
        "2":0.8623853211,
        "3":0.832278481,
        "4":0.8244897959
    },
    "XOR Gateway":{
        "0":0.6666666667,
        "1":0.6714285714,
        "2":0.7692307692,
        "3":0.7818181818,
        "4":0.56
    },
    "Condition Specification":{
        "0":0.7249544627,
        "1":0.8032345013,
        "2":0.7581699346,
        "3":0.829787234,
        "4":0.6927966102
    },
    "AND Gateway":{
        "0":1.0,
        "1":0.8333333333,
        "2":0.7777777778,
        "3":1.0,
        "4":0.7333333333
    },
    "All":{
        "0":0.6554475193,
        "1":0.6595973154,
        "2":0.6839635661,
        "3":0.6943364797,
        "4":0.6306032097
    }
}