{
    "Actor":{
        "0":0.6717467761,
        "1":0.7222222222,
        "2":0.6815920398,
        "3":0.6872536137,
        "4":0.7042459736
    },
    "Activity":{
        "0":0.7928994083,
        "1":0.8100436681,
        "2":0.7954070981,
        "3":0.7867494824,
        "4":0.8287037037
    },
    "Activity Data":{
        "0":0.75625,
        "1":0.7807486631,
        "2":0.7296686747,
        "3":0.7289512555,
        "4":0.7880851064
    },
    "Further Specification":{
        "0":0.7727272727,
        "1":0.9429657795,
        "2":0.8837920489,
        "3":0.8949152542,
        "4":0.9528301887
    },
    "XOR Gateway":{
        "0":0.7352941176,
        "1":0.7833333333,
        "2":0.8474576271,
        "3":0.8269230769,
        "4":0.7777777778
    },
    "Condition Specification":{
        "0":0.8544698545,
        "1":0.8623595506,
        "2":0.8765743073,
        "3":0.8711111111,
        "4":0.8918918919
    },
    "AND Gateway":{
        "0":1.0,
        "1":1.0,
        "2":1.0,
        "3":1.0,
        "4":1.0
    },
    "All":{
        "0":0.7358953393,
        "1":0.7814652473,
        "2":0.7424286974,
        "3":0.7452248016,
        "4":0.7793667007
    }
}