{
    "Actor":{
        "0":0.2688745098
    },
    "Activity":{
        "0":0.2158079327
    },
    "Activity Data":{
        "0":0.2968875801
    },
    "Further Specification":{
        "0":0.3083844682
    },
    "XOR Gateway":{
        "0":0.247118716
    },
    "Condition Specification":{
        "0":0.2950457364
    },
    "AND Gateway":{
        "0":0.3053436871
    },
    "All":{
        "0":0.2728922143
    }
}