{
    "Actor":{
        "0":0.5050045496,
        "1":0.5672131148,
        "2":0.5322580645,
        "3":0.5467091295,
        "4":0.5365579303
    },
    "Activity":{
        "0":0.6033182504,
        "1":0.6390328152,
        "2":0.6099518459,
        "3":0.6096774194,
        "4":0.6329787234
    },
    "Activity Data":{
        "0":0.5542105263,
        "1":0.6080917874,
        "2":0.5612063868,
        "3":0.5539609644,
        "4":0.6141051231
    },
    "Further Specification":{
        "0":0.7398119122,
        "1":0.6813186813,
        "2":0.7286821705,
        "3":0.757925072,
        "4":0.7799227799
    },
    "XOR Gateway":{
        "0":0.5714285714,
        "1":0.5802469136,
        "2":0.7246376812,
        "3":0.5733333333,
        "4":0.5454545455
    },
    "Condition Specification":{
        "0":0.6666666667,
        "1":0.688221709,
        "2":0.6810176125,
        "3":0.6310679612,
        "4":0.6700819672
    },
    "AND Gateway":{
        "0":0.7058823529,
        "1":0.7142857143,
        "2":0.875,
        "3":0.5714285714,
        "4":0.6470588235
    },
    "All":{
        "0":0.5618721949,
        "1":0.6078673924,
        "2":0.5788367204,
        "3":0.5738871042,
        "4":0.6002106927
    }
}