{
    "Actor":{
        "0":0.2777777778,
        "1":0.3067375887,
        "2":0.2874251497,
        "3":0.2888390353,
        "4":0.2994350282
    },
    "Activity":{
        "0":0.329218107,
        "1":0.3441860465,
        "2":0.3495860166,
        "3":0.323907455,
        "4":0.3422818792
    },
    "Activity Data":{
        "0":0.3042473274,
        "1":0.3265239948,
        "2":0.3116584565,
        "3":0.3000621891,
        "4":0.329407566
    },
    "Further Specification":{
        "0":0.3381088825,
        "1":0.4112769486,
        "2":0.3889655172,
        "3":0.334180432,
        "4":0.375464684
    },
    "XOR Gateway":{
        "0":0.3,
        "1":0.3051948052,
        "2":0.3649635036,
        "3":0.3115942029,
        "4":0.3134328358
    },
    "Condition Specification":{
        "0":0.3460869565,
        "1":0.3437139562,
        "2":0.391011236,
        "3":0.3382480486,
        "4":0.340625
    },
    "AND Gateway":{
        "0":0.4,
        "1":0.3703703704,
        "2":0.4117647059,
        "3":0.380952381,
        "4":0.3928571429
    },
    "All":{
        "0":0.3017676768,
        "1":0.3275126633,
        "2":0.3202377875,
        "3":0.3026013309,
        "4":0.3210763595
    }
}