{
    "Actor":{
        "0":0.6048612872
    },
    "Activity":{
        "0":0.6951076395
    },
    "Activity Data":{
        "0":0.6726787901
    },
    "Further Specification":{
        "0":0.8006662983
    },
    "XOR Gateway":{
        "0":0.6764718601
    },
    "Condition Specification":{
        "0":0.7609842378
    },
    "AND Gateway":{
        "0":0.8281850176
    },
    "All":{
        "0":0.6648321494
    }
}