{
    "Actor":{
        "0":0.4950936664,
        "1":0.4580759047,
        "2":0.4804367607,
        "3":0.4729109275,
        "4":0.5010504202
    },
    "Activity":{
        "0":0.6191950464,
        "1":0.543318649,
        "2":0.5612998523,
        "3":0.5567010309,
        "4":0.6061120543
    },
    "Activity Data":{
        "0":0.547012987,
        "1":0.5124681934,
        "2":0.505594033,
        "3":0.4969104016,
        "4":0.5722256665
    },
    "Further Specification":{
        "0":0.7687296417,
        "1":0.5560538117,
        "2":0.6945812808,
        "3":0.6831168831,
        "4":0.5804597701
    },
    "XOR Gateway":{
        "0":0.6233766234,
        "1":0.4747474747,
        "2":0.5376344086,
        "3":0.4886363636,
        "4":0.5
    },
    "Condition Specification":{
        "0":0.6492659054,
        "1":0.6106557377,
        "2":0.5362095532,
        "3":0.5327868852,
        "4":0.6606060606
    },
    "AND Gateway":{
        "0":1.0,
        "1":0.5555555556,
        "2":0.5833333333,
        "3":0.5333333333,
        "4":0.7333333333
    },
    "All":{
        "0":0.5592427143,
        "1":0.5086956522,
        "2":0.5148555994,
        "3":0.5073022312,
        "4":0.5563964844
    }
}