{
    "Actor":{
        "0":0.452673503
    },
    "Activity":{
        "0":0.5362612555
    },
    "Activity Data":{
        "0":0.4890892143
    },
    "Further Specification":{
        "0":0.5754231513
    },
    "XOR Gateway":{
        "0":0.5113169244
    },
    "Condition Specification":{
        "0":0.54997198
    },
    "AND Gateway":{
        "0":0.7366167336
    },
    "All":{
        "0":0.4908442659
    }
}