{
    "Actor":{
        "0":0.4654635968,
        "1":0.4757554462,
        "2":0.4515698063,
        "3":0.457891012,
        "4":0.4676204819
    },
    "Activity":{
        "0":0.4410526316,
        "1":0.45,
        "2":0.4681093394,
        "3":0.4695945946,
        "4":0.4612590799
    },
    "Activity Data":{
        "0":0.4882352941,
        "1":0.5204122077,
        "2":0.4788,
        "3":0.5075217736,
        "4":0.5122484689
    },
    "Further Specification":{
        "0":0.5153256705,
        "1":0.5444234405,
        "2":0.5533980583,
        "3":0.5285961872,
        "4":0.5638051044
    },
    "XOR Gateway":{
        "0":0.4516129032,
        "1":0.4666666667,
        "2":0.5175438596,
        "3":0.4607843137,
        "4":0.4814814815
    },
    "Condition Specification":{
        "0":0.5445205479,
        "1":0.5069551777,
        "2":0.5485122898,
        "3":0.5497685185,
        "4":0.5377229081
    },
    "AND Gateway":{
        "0":0.52,
        "1":0.65,
        "2":0.5,
        "3":0.7647058824,
        "4":0.6363636364
    },
    "All":{
        "0":0.4733294256,
        "1":0.4928128063,
        "2":0.4754457304,
        "3":0.4883356819,
        "4":0.4902268761
    }
}