{
    "Actor":{
        "0":0.1641002585,
        "1":0.1688295326,
        "2":0.1653278983,
        "3":0.1780197518,
        "4":0.1771759634
    },
    "Activity":{
        "0":0.1131714777,
        "1":0.1171875,
        "2":0.1192546584,
        "3":0.1164411644,
        "4":0.1195867224
    },
    "Activity Data":{
        "0":0.1796296296,
        "1":0.191552901,
        "2":0.1813806479,
        "3":0.1841408431,
        "4":0.1943834327
    },
    "Further Specification":{
        "0":0.1861903126,
        "1":0.1947082768,
        "2":0.1903649635,
        "3":0.1797578392,
        "4":0.1873417722
    },
    "XOR Gateway":{
        "0":0.1173020528,
        "1":0.1454545455,
        "2":0.1403508772,
        "3":0.1532976827,
        "4":0.1430976431
    },
    "Condition Specification":{
        "0":0.1800205973,
        "1":0.1837988827,
        "2":0.1742690058,
        "3":0.1731537976,
        "4":0.1771838654
    },
    "AND Gateway":{
        "0":0.1278195489,
        "1":0.1363636364,
        "2":0.1728395062,
        "3":0.1808510638,
        "4":0.1788617886
    },
    "All":{
        "0":0.1607496894,
        "1":0.1703834288,
        "2":0.1632112676,
        "3":0.1664028492,
        "4":0.1711307187
    }
}