{
    "Bert Score":{
        "0":0.9585632086,
        "1":0.9577832818,
        "2":0.9611996412,
        "3":0.9588177204,
        "4":0.9586911798
    }
}