{
    "Actor":{
        "0":0.1257263603,
        "1":0.1420222092,
        "2":0.1317233809,
        "3":0.1438395415,
        "4":0.1314003701
    },
    "Activity":{
        "0":0.3247172859,
        "1":0.3216783217,
        "2":0.3448573898,
        "3":0.3402597403,
        "4":0.420993228
    },
    "Activity Data":{
        "0":0.1556771546,
        "1":0.1588594705,
        "2":0.1715271245,
        "3":0.1710323575,
        "4":0.188518781
    },
    "Further Specification":{
        "0":0.3338954469,
        "1":0.3273026316,
        "2":0.3279352227,
        "3":0.3134751773,
        "4":0.3973128599
    },
    "XOR Gateway":{
        "0":0.1121794872,
        "1":0.1360544218,
        "2":0.1342756184,
        "3":0.1591836735,
        "4":0.0815602837
    },
    "Condition Specification":{
        "0":0.3247126437,
        "1":0.313860252,
        "2":0.2989795918,
        "3":0.3032490975,
        "4":0.3157894737
    },
    "AND Gateway":{
        "0":0.6060606061,
        "1":0.76,
        "2":0.4615384615,
        "3":0.6,
        "4":0.6451612903
    },
    "All":{
        "0":0.1520301095,
        "1":0.1544735541,
        "2":0.1586972432,
        "3":0.1606708799,
        "4":0.1721172822
    }
}