{
    "Actor":{
        "0":0.1349423724
    },
    "Activity":{
        "0":0.3505011931
    },
    "Activity Data":{
        "0":0.1691229776
    },
    "Further Specification":{
        "0":0.3399842677
    },
    "XOR Gateway":{
        "0":0.1246506969
    },
    "Condition Specification":{
        "0":0.3113182117
    },
    "AND Gateway":{
        "0":0.6145520716
    },
    "All":{
        "0":0.1595978138
    }
}