{
    "Actor":{
        "0":0.1058031927
    },
    "Activity":{
        "0":0.3529480988
    },
    "Activity Data":{
        "0":0.1579677691
    },
    "Further Specification":{
        "0":0.2400018238
    },
    "XOR Gateway":{
        "0":0.1138711784
    },
    "Condition Specification":{
        "0":0.2868496183
    },
    "AND Gateway":{
        "0":0.4226675285
    },
    "All":{
        "0":0.1425711622
    }
}