{
    "Actor":{
        "0":0.638398331
    },
    "Activity":{
        "0":0.781367823
    },
    "Activity Data":{
        "0":0.6754516353
    },
    "Further Specification":{
        "0":0.6421500964
    },
    "XOR Gateway":{
        "0":0.6182401998
    },
    "Condition Specification":{
        "0":0.6656935702
    },
    "AND Gateway":{
        "0":0.6742381413
    },
    "All":{
        "0":0.6624477145
    }
}