{
    "Actor":{
        "0":0.3518919592
    },
    "Activity":{
        "0":0.5947987442
    },
    "Activity Data":{
        "0":0.5773186007
    },
    "Further Specification":{
        "0":0.8505249029
    },
    "XOR Gateway":{
        "0":0.3863653055
    },
    "Condition Specification":{
        "0":0.894685163
    },
    "AND Gateway":{
        "0":0.6859222259
    },
    "All":{
        "0":0.5255876731
    }
}