{
    "Actor":{
        "0":0.3367561875,
        "1":0.3101330604,
        "2":0.4771037182,
        "3":0.3428821982,
        "4":0.2925846319
    },
    "Activity":{
        "0":0.573943662,
        "1":0.5682102628,
        "2":0.6799116998,
        "3":0.5552202776,
        "4":0.5967078189
    },
    "Activity Data":{
        "0":0.5725950498,
        "1":0.5527139875,
        "2":0.5741805635,
        "3":0.5474607817,
        "4":0.6396426208
    },
    "Further Specification":{
        "0":0.8712121212,
        "1":0.852700491,
        "2":0.8442503639,
        "3":0.8384615385,
        "4":0.846
    },
    "XOR Gateway":{
        "0":0.4158878505,
        "1":0.3340163934,
        "2":0.358490566,
        "3":0.5144694534,
        "4":0.3089622642
    },
    "Condition Specification":{
        "0":0.8959025471,
        "1":0.9122302158,
        "2":0.8902116402,
        "3":0.8907103825,
        "4":0.8843710292
    },
    "AND Gateway":{
        "0":0.6571428571,
        "1":0.8636363636,
        "2":0.5384615385,
        "3":0.7037037037,
        "4":0.6666666667
    },
    "All":{
        "0":0.5182501105,
        "1":0.493006993,
        "2":0.5859927179,
        "3":0.5204803575,
        "4":0.5102081867
    }
}