{
    "F1 CRF":{
        "0.0":0.5253656897,
        "0.1":0.5240242809,
        "0.2":0.5313640041,
        "0.3":0.5267713618,
        "0.4":0.5086282403,
        "0.5":0.5454681211,
        "0.6":0.5403392704,
        "0.7":0.5419565291,
        "0.8":0.5336924531,
        "0.9":0.51862187,
        "1.0":0.5295993526,
        "1.25":0.5116879074,
        "1.5":0.5293470413,
        "1.75":0.5419200451,
        "2.0":0.5594859592,
        "3.0":0.523684412,
        "4.0":0.5476433477,
        "5.0":0.5419976362,
        "7.0":0.500628153,
        "10.0":0.5231226005
    },
    "F1 Neural":{
        "0.0":0.3280385747,
        "0.1":0.3155397666,
        "0.2":0.3251234903,
        "0.3":0.3120443844,
        "0.4":0.3199569088,
        "0.5":0.3088100065,
        "0.6":0.3111048956,
        "0.7":0.3136302591,
        "0.8":0.3285922722,
        "0.9":0.3192577307,
        "1.0":0.3156932652,
        "1.25":0.3206213124,
        "1.5":0.3210348665,
        "1.75":0.3301794412,
        "2.0":0.3075117899,
        "3.0":0.3139565321,
        "4.0":0.3027026452,
        "5.0":0.2963104861,
        "7.0":0.2819438489,
        "10.0":0.275336596
    },
    "F1 Relation":{
        "0.0":0.2867777175,
        "0.1":0.2694093611,
        "0.2":0.2812223281,
        "0.3":0.2843619573,
        "0.4":0.2833401346,
        "0.5":0.2726491992,
        "0.6":0.2798087173,
        "0.7":0.294645692,
        "0.8":0.2745437944,
        "0.9":0.28588266,
        "1.0":0.2882170257,
        "1.25":0.2971847705,
        "1.5":0.2832596795,
        "1.75":0.2739565379,
        "2.0":0.2809182799,
        "3.0":0.2896905211,
        "4.0":0.2839392379,
        "5.0":0.2601687551,
        "7.0":0.2616816891,
        "10.0":0.2550124026
    },
    "TTR":{
        "0.0":0.2378511926,
        "0.1":0.2201449119,
        "0.2":0.2012656622,
        "0.3":0.1890369806,
        "0.4":0.1790963396,
        "0.5":0.1586325541,
        "0.6":0.1406738408,
        "0.7":0.1341982051,
        "0.8":0.1301414058,
        "0.9":0.1195371708,
        "1.0":0.1135804772,
        "1.25":0.0973097779,
        "1.5":0.0876845161,
        "1.75":0.0770309293,
        "2.0":0.0704541341,
        "3.0":0.0510657643,
        "4.0":0.0400457631,
        "5.0":0.032937845,
        "7.0":0.0243086041,
        "10.0":0.0174508391
    },
    "UCER":{
        "0.0":0.7946997503,
        "0.1":0.7649014175,
        "0.2":0.7384939262,
        "0.3":0.7097841853,
        "0.4":0.681841279,
        "0.5":0.6516479733,
        "0.6":0.6271919091,
        "0.7":0.6189393103,
        "0.8":0.5987194369,
        "0.9":0.5802334605,
        "1.0":0.5707096492,
        "1.25":0.4881518396,
        "1.5":0.4399163914,
        "1.75":0.385873175,
        "2.0":0.3528216322,
        "3.0":0.2553422596,
        "4.0":0.2000677704,
        "5.0":0.1644658693,
        "7.0":0.1212968441,
        "10.0":0.0870311217
    },
    "BertScore":{
        "0.0":1.0,
        "0.1":0.9927551866,
        "0.2":0.986286211,
        "0.3":0.9829612494,
        "0.4":0.9810240149,
        "0.5":0.9723135948,
        "0.6":0.9628698587,
        "0.7":0.9588828564,
        "0.8":0.9602945566,
        "0.9":0.9539882183,
        "1.0":0.9513744593,
        "1.25":0.9449221969,
        "1.5":0.9426513672,
        "1.75":0.9368428349,
        "2.0":0.9351659775,
        "3.0":0.9270617008,
        "4.0":0.9221991897,
        "5.0":0.9189574599,
        "7.0":0.9149053454,
        "10.0":0.9115899444
    }
}