{
    "Actor":{
        "0.0":0.721530121,
        "0.1":0.7198009156,
        "0.2":0.6984105308,
        "0.3":0.7204400761,
        "0.4":0.687972144,
        "0.5":0.6998010734,
        "0.6":0.6930486558,
        "0.7":0.6901785655,
        "0.8":0.6954473795,
        "0.9":0.7008686565,
        "1.0":0.6971207674,
        "1.25":0.7014563443,
        "1.5":0.7124583375,
        "1.75":0.7167143827,
        "2.0":0.6978528124,
        "3.0":0.7104718163,
        "4.0":0.6860924139,
        "5.0":0.6873398463,
        "7.0":0.6815875365,
        "10.0":0.6477733932
    },
    "Activity":{
        "0.0":0.7649218209,
        "0.1":0.7724355623,
        "0.2":0.7643353313,
        "0.3":0.7669442293,
        "0.4":0.76744494,
        "0.5":0.765576665,
        "0.6":0.7667341873,
        "0.7":0.763639984,
        "0.8":0.7737940746,
        "0.9":0.7734696391,
        "1.0":0.7801333469,
        "1.25":0.7597904106,
        "1.5":0.7682796556,
        "1.75":0.7752252521,
        "2.0":0.7768215924,
        "3.0":0.7732387044,
        "4.0":0.7713818982,
        "5.0":0.772274721,
        "7.0":0.7579275954,
        "10.0":0.7626278311
    },
    "Activity Data":{
        "0.0":0.6158860061,
        "0.1":0.6101983065,
        "0.2":0.6402236695,
        "0.3":0.6227264998,
        "0.4":0.6237630196,
        "0.5":0.6245599433,
        "0.6":0.6314587239,
        "0.7":0.616328237,
        "0.8":0.6314328181,
        "0.9":0.627100488,
        "1.0":0.6180945194,
        "1.25":0.6164912011,
        "1.5":0.6297421822,
        "1.75":0.6250838117,
        "2.0":0.6240392538,
        "3.0":0.6108244466,
        "4.0":0.604892835,
        "5.0":0.594708204,
        "7.0":0.5957310253,
        "10.0":0.572387323
    },
    "Further Specification":{
        "0.0":0.2552923105,
        "0.1":0.2522604588,
        "0.2":0.1472380952,
        "0.3":0.2374488257,
        "0.4":0.2282191372,
        "0.5":0.223414787,
        "0.6":0.2294505495,
        "0.7":0.1552380952,
        "0.8":0.2067765568,
        "0.9":0.1994962593,
        "1.0":0.1984560243,
        "1.25":0.1956117567,
        "1.5":0.1768162393,
        "1.75":0.158974359,
        "2.0":0.2126495726,
        "3.0":0.1740740741,
        "4.0":0.165982906,
        "5.0":0.1342528736,
        "7.0":0.1300173511,
        "10.0":0.134626535
    },
    "XOR Gateway":{
        "0.0":0.7246239374,
        "0.1":0.7052216038,
        "0.2":0.717414966,
        "0.3":0.7173702596,
        "0.4":0.7012604736,
        "0.5":0.7055910456,
        "0.6":0.6924666591,
        "0.7":0.7278663772,
        "0.8":0.7021230507,
        "0.9":0.7262678639,
        "1.0":0.6985611956,
        "1.25":0.7193203398,
        "1.5":0.7056700534,
        "1.75":0.7192551195,
        "2.0":0.6983937944,
        "3.0":0.7081780538,
        "4.0":0.7108788146,
        "5.0":0.7100964533,
        "7.0":0.6978605935,
        "10.0":0.7070210841
    },
    "Condition Specification":{
        "0.0":0.5953056321,
        "0.1":0.6082531194,
        "0.2":0.6185921028,
        "0.3":0.6224696418,
        "0.4":0.5517379679,
        "0.5":0.5993333333,
        "0.6":0.5692161172,
        "0.7":0.6404444444,
        "0.8":0.6262732919,
        "0.9":0.6031501832,
        "1.0":0.5814962815,
        "1.25":0.5891452991,
        "1.5":0.6124628212,
        "1.75":0.5981873909,
        "2.0":0.6066446886,
        "3.0":0.589003789,
        "4.0":0.594274566,
        "5.0":0.5953113553,
        "7.0":0.5412729691,
        "10.0":0.5374220374
    },
    "AND Gateway":{
        "0.0":0.0,
        "0.1":0.0,
        "0.2":0.1333333333,
        "0.3":0.0,
        "0.4":0.0,
        "0.5":0.2,
        "0.6":0.2,
        "0.7":0.2,
        "0.8":0.1,
        "0.9":0.0,
        "1.0":0.1333333333,
        "1.25":0.0,
        "1.5":0.1,
        "1.75":0.2,
        "2.0":0.3,
        "3.0":0.1,
        "4.0":0.3,
        "5.0":0.3,
        "7.0":0.1,
        "10.0":0.3
    }
}