{
    "Bert Score":{
        "0":0.9736086726,
        "1":0.9870935678,
        "2":0.9802456498,
        "3":0.9788416624,
        "4":0.9853305221
    }
}