{
    "Bert Score":{
        "0":0.9598088861,
        "1":0.9604989886,
        "2":0.9674389958,
        "3":0.9525606632,
        "4":0.9617513418
    }
}