{
    "Bert Score":{
        "0":0.9700214267,
        "1":0.9704277515,
        "2":0.9649376869,
        "3":0.9595426321,
        "4":0.9707252383
    }
}