{
    "Bert Score":{
        "0":0.9183212519,
        "1":0.9185394645,
        "2":0.9241967201,
        "3":0.9151625633,
        "4":0.9185672998
    }
}