{
    "Bert Score":{
        "0":0.9108959436,
        "1":0.911133945,
        "2":0.9173054695,
        "3":0.9074500799,
        "4":0.9111642838
    }
}