{
    "Bert Score":{
        "0":0.9579779506,
        "1":0.968731761,
        "2":0.9622395635,
        "3":0.9636934996,
        "4":0.9617065191
    }
}