{
    "Bert Score":{
        "0":0.9183213115,
        "1":0.9185394049,
        "2":0.9241966605,
        "3":0.9151625633,
        "4":0.9185672998
    }
}