{
    "Bert Score":{
        "0":0.9560021162,
        "1":0.9620366693,
        "2":0.9610049725,
        "3":0.9603726864,
        "4":0.9652441144
    }
}