{
    "Bert Score":{
        "0":0.950992763,
        "1":0.9511236548,
        "2":0.9545180202,
        "3":0.9490975738,
        "4":0.9511404634
    }
}