{
    "Bert Score":{
        "0":0.9346570373,
        "1":0.9348316193,
        "2":0.9393573403,
        "3":0.9321300387,
        "4":0.9348538518
    }
}