{
    "Actor":{
        "0":0.0973154362,
        "1":0.1136929461,
        "2":0.1055762082,
        "3":0.1165594855,
        "4":0.1053074979
    },
    "Activity":{
        "0":0.3071808511,
        "1":0.3255813953,
        "2":0.3101092896,
        "3":0.3244005642,
        "4":0.3251533742
    },
    "Activity Data":{
        "0":0.1550111359,
        "1":0.1746276323,
        "2":0.1725370087,
        "3":0.1704147926,
        "4":0.1767241379
    },
    "Further Specification":{
        "0":0.2897603486,
        "1":0.4321766562,
        "2":0.310546875,
        "3":0.283203125,
        "4":0.4599303136
    },
    "XOR Gateway":{
        "0":0.0904761905,
        "1":0.1256830601,
        "2":0.1191709845,
        "3":0.1279069767,
        "4":0.0732984293
    },
    "Condition Specification":{
        "0":0.335504886,
        "1":0.3125,
        "2":0.3111111111,
        "3":0.2942028986,
        "4":0.313059034
    },
    "AND Gateway":{
        "0":0.4333333333,
        "1":0.6315789474,
        "2":0.4,
        "3":0.5294117647,
        "4":0.4482758621
    },
    "All":{
        "0":0.139137931,
        "1":0.1577208918,
        "2":0.1502057613,
        "3":0.1496725912,
        "4":0.1564797311
    }
}