{
    "Actor":{
        "0":0.0898184139
    },
    "Activity":{
        "0":0.266394075
    },
    "Activity Data":{
        "0":0.1420003405
    },
    "Further Specification":{
        "0":0.2848950188
    },
    "XOR Gateway":{
        "0":0.0898014762
    },
    "Condition Specification":{
        "0":0.2528072091
    },
    "AND Gateway":{
        "0":0.428436853
    },
    "All":{
        "0":0.1253409783
    }
}