{
    "Actor":{
        "0":0.149330587,
        "1":0.1623222749,
        "2":0.1479166667,
        "3":0.1726190476,
        "4":0.1598465473
    },
    "Activity":{
        "0":0.4592445328,
        "1":0.4605263158,
        "2":0.454,
        "3":0.4914529915,
        "4":0.4829157175
    },
    "Activity Data":{
        "0":0.2334004024,
        "1":0.2487198244,
        "2":0.2431654676,
        "3":0.2599085366,
        "4":0.2640901771
    },
    "Further Specification":{
        "0":0.5095785441,
        "1":0.4506578947,
        "2":0.3849878935,
        "3":0.5017301038,
        "4":0.5217391304
    },
    "XOR Gateway":{
        "0":0.1319444444,
        "1":0.1932773109,
        "2":0.1769230769,
        "3":0.1833333333,
        "4":0.1206896552
    },
    "Condition Specification":{
        "0":0.4458874459,
        "1":0.5124223602,
        "2":0.4242424242,
        "3":0.4282700422,
        "4":0.4820936639
    },
    "AND Gateway":{
        "0":0.8125,
        "1":0.9230769231,
        "2":0.5333333333,
        "3":0.75,
        "4":0.7647058824
    },
    "All":{
        "0":0.2097193347,
        "1":0.2230656934,
        "2":0.2092780818,
        "3":0.2275960171,
        "4":0.2319427148
    }
}