{
    "Actor":{
        "0":0.1526315789,
        "1":0.1613663133,
        "2":0.1479166667,
        "3":0.1726190476,
        "4":0.1598465473
    },
    "Activity":{
        "0":0.467611336,
        "1":0.4545454545,
        "2":0.454,
        "3":0.4914529915,
        "4":0.4829157175
    },
    "Activity Data":{
        "0":0.2403314917,
        "1":0.2437275986,
        "2":0.2431654676,
        "3":0.2599085366,
        "4":0.2640901771
    },
    "Further Specification":{
        "0":0.5037878788,
        "1":0.4566666667,
        "2":0.3849878935,
        "3":0.5017301038,
        "4":0.5217391304
    },
    "XOR Gateway":{
        "0":0.1386861314,
        "1":0.185483871,
        "2":0.1769230769,
        "3":0.1833333333,
        "4":0.1206896552
    },
    "Condition Specification":{
        "0":0.4692482916,
        "1":0.4881656805,
        "2":0.4242424242,
        "3":0.4282700422,
        "4":0.4820936639
    },
    "AND Gateway":{
        "0":0.7647058824,
        "1":0.9230769231,
        "2":0.5333333333,
        "3":0.75,
        "4":0.7647058824
    },
    "All":{
        "0":0.215257402,
        "1":0.2194771617,
        "2":0.2092780818,
        "3":0.2275960171,
        "4":0.2319427148
    }
}