{
    "Actor":{
        "0":0.0330410272,
        "1":0.0349157207,
        "2":0.0418604651,
        "3":0.0368476728,
        "4":0.0325232309
    },
    "Activity":{
        "0":0.1235080436,
        "1":0.1240666284,
        "2":0.1314606742,
        "3":0.1325167038,
        "4":0.130071599
    },
    "Activity Data":{
        "0":0.0608090698,
        "1":0.0648897572,
        "2":0.0655737705,
        "3":0.0653621982,
        "4":0.0667273279
    },
    "Further Specification":{
        "0":0.1336099585,
        "1":0.1293494705,
        "2":0.1286549708,
        "3":0.1235415237,
        "4":0.1467639015
    },
    "XOR Gateway":{
        "0":0.0403508772,
        "1":0.0538461538,
        "2":0.0562248996,
        "3":0.0570824524,
        "4":0.0320641283
    },
    "Condition Specification":{
        "0":0.1003051106,
        "1":0.117712382,
        "2":0.1101048618,
        "3":0.0983670295,
        "4":0.0970182466
    },
    "AND Gateway":{
        "0":0.0816326531,
        "1":0.0804597701,
        "2":0.0564971751,
        "3":0.1929824561,
        "4":0.0816326531
    },
    "All":{
        "0":0.0478033675,
        "1":0.0508145431,
        "2":0.054070275,
        "3":0.0513700411,
        "4":0.0512705948
    }
}