{
    "Actor":{
        "0":0.1035714286,
        "1":0.1149328859,
        "2":0.1078208049,
        "3":0.1090225564,
        "4":0.1052188552
    },
    "Activity":{
        "0":0.3217270195,
        "1":0.3276131045,
        "2":0.3233618234,
        "3":0.3230337079,
        "4":0.3276661515
    },
    "Activity Data":{
        "0":0.1665868837,
        "1":0.1783840504,
        "2":0.1689155422,
        "3":0.1597189696,
        "4":0.1859410431
    },
    "Further Specification":{
        "0":0.3029612756,
        "1":0.2971800434,
        "2":0.3034351145,
        "3":0.3273137698,
        "4":0.44
    },
    "XOR Gateway":{
        "0":0.1055555556,
        "1":0.1402439024,
        "2":0.1277777778,
        "3":0.1202185792,
        "4":0.0795454545
    },
    "Condition Specification":{
        "0":0.3371522095,
        "1":0.3691275168,
        "2":0.2930756844,
        "3":0.3057228916,
        "4":0.3615702479
    },
    "AND Gateway":{
        "0":0.5909090909,
        "1":0.8571428571,
        "2":0.4444444444,
        "3":0.4285714286,
        "4":0.5652173913
    },
    "All":{
        "0":0.1478292728,
        "1":0.1583419689,
        "2":0.1497296289,
        "3":0.1457725948,
        "4":0.1625927543
    }
}