{
    "Actor":{
        "0":0.0153992118,
        "1":0.0162425988,
        "2":0.0197874679,
        "3":0.0171649146,
        "4":0.0150762094
    },
    "Activity":{
        "0":0.0616101476,
        "1":0.0619088564,
        "2":0.0655829596,
        "3":0.0661111111,
        "4":0.0648809524
    },
    "Activity Data":{
        "0":0.0289819477,
        "1":0.0309463596,
        "2":0.0312752764,
        "3":0.0311384371,
        "4":0.0317506134
    },
    "Further Specification":{
        "0":0.0653144016,
        "1":0.0625457206,
        "2":0.0622054665,
        "3":0.0596619158,
        "4":0.0707070707
    },
    "XOR Gateway":{
        "0":0.0199306759,
        "1":0.0265151515,
        "2":0.027833002,
        "3":0.0282131661,
        "4":0.0158259149
    },
    "Condition Specification":{
        "0":0.0474900686,
        "1":0.0561887092,
        "2":0.052715655,
        "3":0.0465758468,
        "4":0.0458079428
    },
    "AND Gateway":{
        "0":0.0366972477,
        "1":0.0358974359,
        "2":0.0251889169,
        "3":0.094017094,
        "4":0.0366972477
    },
    "All":{
        "0":0.0227419206,
        "1":0.0241749217,
        "2":0.0258827831,
        "3":0.0244403216,
        "4":0.0243030736
    }
}