{
    "Actor":{
        "0":0.0722111554,
        "1":0.07275624,
        "2":0.0763851533,
        "3":0.0792782941,
        "4":0.078369906
    },
    "Activity":{
        "0":0.2134935305,
        "1":0.2083333333,
        "2":0.2311608961,
        "3":0.2270483712,
        "4":0.2368715084
    },
    "Activity Data":{
        "0":0.1133919844,
        "1":0.1144395826,
        "2":0.1209735147,
        "3":0.1162235855,
        "4":0.1324182479
    },
    "Further Specification":{
        "0":0.2349823322,
        "1":0.2130637636,
        "2":0.2427480916,
        "3":0.222392638,
        "4":0.2710472279
    },
    "XOR Gateway":{
        "0":0.0659722222,
        "1":0.0827338129,
        "2":0.0827338129,
        "3":0.0846153846,
        "4":0.0580912863
    },
    "Condition Specification":{
        "0":0.2119341564,
        "1":0.2145643693,
        "2":0.2091954023,
        "3":0.198630137,
        "4":0.2252252252
    },
    "AND Gateway":{
        "0":0.3939393939,
        "1":0.4137931034,
        "2":0.275862069,
        "3":0.3,
        "4":0.40625
    },
    "All":{
        "0":0.1006485408,
        "1":0.1007782614,
        "2":0.107539842,
        "3":0.1033591731,
        "4":0.1145448954
    }
}