{
    "Actor":{
        "0":0.1059648858
    },
    "Activity":{
        "0":0.3294727264
    },
    "Activity Data":{
        "0":0.1768839651
    },
    "Further Specification":{
        "0":0.3371690797
    },
    "XOR Gateway":{
        "0":0.133011773
    },
    "Condition Specification":{
        "0":0.3229194975
    },
    "AND Gateway":{
        "0":0.5199012582
    },
    "All":{
        "0":0.1477441947
    }
}