{
    "Actor":{
        "0":0.1584070247
    },
    "Activity":{
        "0":0.4696279115
    },
    "Activity Data":{
        "0":0.2498568816
    },
    "Further Specification":{
        "0":0.4737387133
    },
    "XOR Gateway":{
        "0":0.1612335642
    },
    "Condition Specification":{
        "0":0.4585831873
    },
    "AND Gateway":{
        "0":0.7567232278
    },
    "All":{
        "0":0.2203203684
    }
}