{
    "Actor":{
        "0":0.0677150193,
        "1":0.0706578489,
        "2":0.0847723705,
        "3":0.0736174709,
        "4":0.0676328502
    },
    "Activity":{
        "0":0.2177493138,
        "1":0.2292993631,
        "2":0.2417355372,
        "3":0.2375249501,
        "4":0.238512035
    },
    "Activity Data":{
        "0":0.1155446756,
        "1":0.1296709426,
        "2":0.1310364304,
        "3":0.1256,
        "4":0.135301353
    },
    "Further Specification":{
        "0":0.2480739599,
        "1":0.2618683002,
        "2":0.2414634146,
        "3":0.2222222222,
        "4":0.3090211132
    },
    "XOR Gateway":{
        "0":0.0699088146,
        "1":0.1048689139,
        "2":0.1064638783,
        "3":0.1050583658,
        "4":0.0597014925
    },
    "Condition Specification":{
        "0":0.1852112676,
        "1":0.2409090909,
        "2":0.2146840149,
        "3":0.2103075644,
        "4":0.2074215033
    },
    "AND Gateway":{
        "0":0.131147541,
        "1":0.2121212121,
        "2":0.1449275362,
        "3":0.34375,
        "4":0.2077922078
    },
    "All":{
        "0":0.0913630479,
        "1":0.1016510197,
        "2":0.106731287,
        "3":0.099868594,
        "4":0.104627308
    }
}