{
    "Actor":{
        "0":0.1380553542
    },
    "Activity":{
        "0":0.4074553239
    },
    "Activity Data":{
        "0":0.2202630533
    },
    "Further Specification":{
        "0":0.4585972266
    },
    "XOR Gateway":{
        "0":0.1398613243
    },
    "Condition Specification":{
        "0":0.3674249799
    },
    "AND Gateway":{
        "0":0.7145451865
    },
    "All":{
        "0":0.1924515938
    }
}