{
    "Actor":{
        "0":0.1342592593,
        "1":0.1463675214,
        "2":0.1327102804,
        "3":0.1383587786,
        "4":0.1385809313
    },
    "Activity":{
        "0":0.3969072165,
        "1":0.4077669903,
        "2":0.4299242424,
        "3":0.4049295775,
        "4":0.3977485929
    },
    "Activity Data":{
        "0":0.2179085786,
        "1":0.2265156562,
        "2":0.21217828,
        "3":0.2075471698,
        "4":0.2371655821
    },
    "Further Specification":{
        "0":0.4854014599,
        "1":0.4462540717,
        "2":0.503164557,
        "3":0.3364269142,
        "4":0.5217391304
    },
    "XOR Gateway":{
        "0":0.1194968553,
        "1":0.1654676259,
        "2":0.1597222222,
        "3":0.1560283688,
        "4":0.0985915493
    },
    "Condition Specification":{
        "0":0.3551724138,
        "1":0.4156171285,
        "2":0.3611111111,
        "3":0.3429054054,
        "4":0.3623188406
    },
    "AND Gateway":{
        "0":0.6842105263,
        "1":0.8571428571,
        "2":0.6666666667,
        "3":0.6,
        "4":0.7647058824
    },
    "All":{
        "0":0.1880680494,
        "1":0.2005775794,
        "2":0.1927045836,
        "3":0.180261379,
        "4":0.2006463776
    }
}