{
    "Actor":{
        "0":0.1081133062
    },
    "Activity":{
        "0":0.3246803613
    },
    "Activity Data":{
        "0":0.1719092978
    },
    "Further Specification":{
        "0":0.3341780407
    },
    "XOR Gateway":{
        "0":0.1146682539
    },
    "Condition Specification":{
        "0":0.33332971
    },
    "AND Gateway":{
        "0":0.5772570425
    },
    "All":{
        "0":0.1528532439
    }
}