{
    "Actor":{
        "0":0.1467973557
    },
    "Activity":{
        "0":0.433525012
    },
    "Activity Data":{
        "0":0.2332430676
    },
    "Further Specification":{
        "0":0.4543481077
    },
    "XOR Gateway":{
        "0":0.1500875085
    },
    "Condition Specification":{
        "0":0.427514211
    },
    "AND Gateway":{
        "0":0.7126680672
    },
    "All":{
        "0":0.2054845115
    }
}