{
    "Actor":{
        "0":0.1465811126
    },
    "Activity":{
        "0":0.4292365867
    },
    "Activity Data":{
        "0":0.2308173565
    },
    "Further Specification":{
        "0":0.4550802751
    },
    "XOR Gateway":{
        "0":0.1473741011
    },
    "Condition Specification":{
        "0":0.4235986988
    },
    "AND Gateway":{
        "0":0.673977591
    },
    "All":{
        "0":0.2040553183
    }
}