{
    "Actor":{
        "0":0.0598072562,
        "1":0.0583165757,
        "2":0.0754980776,
        "3":0.0612903226,
        "4":0.0592640834
    },
    "Activity":{
        "0":0.1983333333,
        "1":0.1979835014,
        "2":0.217877095,
        "3":0.207860262,
        "4":0.2186559679
    },
    "Activity Data":{
        "0":0.1029668412,
        "1":0.1111908178,
        "2":0.1139209428,
        "3":0.1088765603,
        "4":0.1202843084
    },
    "Further Specification":{
        "0":0.2099087353,
        "1":0.2496350365,
        "2":0.2278481013,
        "3":0.202247191,
        "4":0.2476923077
    },
    "XOR Gateway":{
        "0":0.0688622754,
        "1":0.08,
        "2":0.0918032787,
        "3":0.0876623377,
        "4":0.0571428571
    },
    "Condition Specification":{
        "0":0.1839160839,
        "1":0.1772575251,
        "2":0.1742081448,
        "3":0.1566563467,
        "4":0.1803143093
    },
    "AND Gateway":{
        "0":0.1927710843,
        "1":0.1176470588,
        "2":0.1333333333,
        "3":0.2894736842,
        "4":0.1951219512
    },
    "All":{
        "0":0.0828442059,
        "1":0.0848342939,
        "2":0.0936407446,
        "3":0.0842141152,
        "4":0.0922891324
    }
}