{
    "Actor":{
        "0":0.0717821782,
        "1":0.0769230769,
        "2":0.0776380536,
        "3":0.0803769401,
        "4":0.076405868
    },
    "Activity":{
        "0":0.2136910268,
        "1":0.2245989305,
        "2":0.2367049009,
        "3":0.2320887992,
        "4":0.2342541436
    },
    "Activity Data":{
        "0":0.1113956466,
        "1":0.1214719543,
        "2":0.1224637681,
        "3":0.1196911197,
        "4":0.130417495
    },
    "Further Specification":{
        "0":0.2305025997,
        "1":0.2450805009,
        "2":0.2373134328,
        "3":0.2122986823,
        "4":0.301369863
    },
    "XOR Gateway":{
        "0":0.0612903226,
        "1":0.0916334661,
        "2":0.0909090909,
        "3":0.0905349794,
        "4":0.0551181102
    },
    "Condition Specification":{
        "0":0.1990338164,
        "1":0.2360515021,
        "2":0.2174432497,
        "3":0.2233223322,
        "4":0.2252252252
    },
    "AND Gateway":{
        "0":0.3513513514,
        "1":0.5,
        "2":0.3076923077,
        "3":0.3214285714,
        "4":0.3939393939
    },
    "All":{
        "0":0.0986070381,
        "1":0.108399546,
        "2":0.1094900464,
        "3":0.1065672039,
        "4":0.1136017078
    }
}