{
    "Actor":{
        "0":0.1291216094
    },
    "Activity":{
        "0":0.3858831175
    },
    "Activity Data":{
        "0":0.2000865989
    },
    "Further Specification":{
        "0":0.4195017476
    },
    "XOR Gateway":{
        "0":0.132814818
    },
    "Condition Specification":{
        "0":0.3849920631
    },
    "AND Gateway":{
        "0":0.647486363
    },
    "All":{
        "0":0.1805681374
    }
}