{
    "Actor":{
        "0":0.0832238283,
        "1":0.1052918712,
        "2":0.1137440758,
        "3":0.1134311512,
        "4":0.1039663462
    },
    "Activity":{
        "0":0.28113879,
        "1":0.2951724138,
        "2":0.3267882188,
        "3":0.3073929961,
        "4":0.3185840708
    },
    "Activity Data":{
        "0":0.1479524439,
        "1":0.1743341404,
        "2":0.1789387084,
        "3":0.1641736592,
        "4":0.1855388813
    },
    "Further Specification":{
        "0":0.2839285714,
        "1":0.3075435203,
        "2":0.3017377567,
        "3":0.2791068581,
        "4":0.3550724638
    },
    "XOR Gateway":{
        "0":0.0942622951,
        "1":0.137254902,
        "2":0.1421319797,
        "3":0.1428571429,
        "4":0.0855614973
    },
    "Condition Specification":{
        "0":0.2447968285,
        "1":0.343003413,
        "2":0.277486911,
        "3":0.2713797035,
        "4":0.2954876274
    },
    "AND Gateway":{
        "0":0.2222222222,
        "1":0.2203389831,
        "2":0.4090909091,
        "3":0.5,
        "4":0.2307692308
    },
    "All":{
        "0":0.118547083,
        "1":0.1407372696,
        "2":0.1476426799,
        "3":0.1370587395,
        "4":0.1481167289
    }
}