{
    "Actor":{
        "0":0.0848946136,
        "1":0.0876519514,
        "2":0.0898734177,
        "3":0.094895288,
        "4":0.0917767988
    },
    "Activity":{
        "0":0.2524590164,
        "1":0.2548543689,
        "2":0.2826899128,
        "3":0.2680652681,
        "4":0.2739018088
    },
    "Activity Data":{
        "0":0.132218845,
        "1":0.1397451706,
        "2":0.145002145,
        "3":0.1389002037,
        "4":0.1541353383
    },
    "Further Specification":{
        "0":0.2692307692,
        "1":0.2830578512,
        "2":0.2844364937,
        "3":0.259391771,
        "4":0.328358209
    },
    "XOR Gateway":{
        "0":0.0736434109,
        "1":0.1017699115,
        "2":0.1055045872,
        "3":0.100456621,
        "4":0.0676328502
    },
    "Condition Specification":{
        "0":0.2400932401,
        "1":0.2718286656,
        "2":0.2622478386,
        "3":0.237704918,
        "4":0.2521613833
    },
    "AND Gateway":{
        "0":0.4333333333,
        "1":0.5217391304,
        "2":0.347826087,
        "3":0.375,
        "4":0.4642857143
    },
    "All":{
        "0":0.1170413343,
        "1":0.124025974,
        "2":0.1293492268,
        "3":0.123133754,
        "4":0.1331546023
    }
}