{
    "Actor":{
        "0":0.0831899025,
        "1":0.0891346779,
        "2":0.0889724311,
        "3":0.097972973,
        "4":0.0896057348
    },
    "Activity":{
        "0":0.2541254125,
        "1":0.251497006,
        "2":0.2751515152,
        "3":0.2860696517,
        "4":0.2739018088
    },
    "Activity Data":{
        "0":0.1326725124,
        "1":0.1389456477,
        "2":0.1427364865,
        "3":0.1458511548,
        "4":0.1500457457
    },
    "Further Specification":{
        "0":0.2725409836,
        "1":0.2604562738,
        "2":0.2681281619,
        "3":0.2584670232,
        "4":0.3455497382
    },
    "XOR Gateway":{
        "0":0.076,
        "1":0.1017699115,
        "2":0.1022222222,
        "3":0.1134020619,
        "4":0.0636363636
    },
    "Condition Specification":{
        "0":0.254950495,
        "1":0.2574102964,
        "2":0.2493150685,
        "3":0.2724832215,
        "4":0.2558479532
    },
    "AND Gateway":{
        "0":0.40625,
        "1":0.5,
        "2":0.4,
        "3":0.4736842105,
        "4":0.4193548387
    },
    "All":{
        "0":0.1177586458,
        "1":0.1225144323,
        "2":0.1263174453,
        "3":0.1302719427,
        "4":0.1313469676
    }
}