{
    "Actor":{
        "0":0.054933611,
        "1":0.0640985159,
        "2":0.0683760684,
        "3":0.0675719366,
        "4":0.0618626785
    },
    "Activity":{
        "0":0.1947626841,
        "1":0.2031984948,
        "2":0.2081850534,
        "3":0.224952741,
        "4":0.2120622568
    },
    "Activity Data":{
        "0":0.1003401361,
        "1":0.1126726436,
        "2":0.109150788,
        "3":0.1178973717,
        "4":0.1162790698
    },
    "Further Specification":{
        "0":0.1965811966,
        "1":0.2258916777,
        "2":0.2117647059,
        "3":0.2222222222,
        "4":0.2392273403
    },
    "XOR Gateway":{
        "0":0.0613333333,
        "1":0.0877742947,
        "2":0.0872274143,
        "3":0.1011235955,
        "4":0.0531561462
    },
    "Condition Specification":{
        "0":0.1592009685,
        "1":0.2038461538,
        "2":0.182320442,
        "3":0.1838662791,
        "4":0.1607669617
    },
    "AND Gateway":{
        "0":0.1240310078,
        "1":0.1238938053,
        "2":0.0854700855,
        "3":0.3333333333,
        "4":0.1904761905
    },
    "All":{
        "0":0.0775388479,
        "1":0.0889854525,
        "2":0.0886880258,
        "3":0.0929270128,
        "4":0.0902832415
    }
}