{
    "Actor":{
        "0":0.0167340805
    },
    "Activity":{
        "0":0.0640188054
    },
    "Activity Data":{
        "0":0.0308185268
    },
    "Further Specification":{
        "0":0.064086915
    },
    "XOR Gateway":{
        "0":0.0236635821
    },
    "Condition Specification":{
        "0":0.0497556445
    },
    "AND Gateway":{
        "0":0.0456995884
    },
    "All":{
        "0":0.0243086041
    }
}