{
    "Actor":{
        "0":0.1202321725,
        "1":0.1337890625,
        "2":0.1287398005,
        "3":0.140776699,
        "4":0.1220703125
    },
    "Activity":{
        "0":0.389544688,
        "1":0.3853211009,
        "2":0.3795986622,
        "3":0.3801652893,
        "4":0.3947858473
    },
    "Activity Data":{
        "0":0.1901639344,
        "1":0.2021403092,
        "2":0.1981242673,
        "3":0.1998827667,
        "4":0.2101217168
    },
    "Further Specification":{
        "0":0.423566879,
        "1":0.4041297935,
        "2":0.412987013,
        "3":0.3887399464,
        "4":0.4680851064
    },
    "XOR Gateway":{
        "0":0.1202531646,
        "1":0.1543624161,
        "2":0.1455696203,
        "3":0.1466666667,
        "4":0.0972222222
    },
    "Condition Specification":{
        "0":0.4007782101,
        "1":0.4274611399,
        "2":0.3513513514,
        "3":0.3458262351,
        "4":0.399543379
    },
    "AND Gateway":{
        "0":0.7222222222,
        "1":0.8571428571,
        "2":0.4444444444,
        "3":0.5294117647,
        "4":0.6842105263
    },
    "All":{
        "0":0.1741851932,
        "1":0.1845856487,
        "2":0.1790013375,
        "3":0.1790510295,
        "4":0.1860174782
    }
}