{
    "Actor":{
        "0":0.0766252234
    },
    "Activity":{
        "0":0.2282675602
    },
    "Activity Data":{
        "0":0.1210879967
    },
    "Further Specification":{
        "0":0.2453130157
    },
    "XOR Gateway":{
        "0":0.0778971939
    },
    "Condition Specification":{
        "0":0.2202152251
    },
    "AND Gateway":{
        "0":0.3748823249
    },
    "All":{
        "0":0.1073331084
    }
}