{
    "Actor":{
        "0":0.0897751438
    },
    "Activity":{
        "0":0.2681490788
    },
    "Activity Data":{
        "0":0.1420503094
    },
    "Further Specification":{
        "0":0.2810284361
    },
    "XOR Gateway":{
        "0":0.0914061118
    },
    "Condition Specification":{
        "0":0.2580014069
    },
    "AND Gateway":{
        "0":0.4398578098
    },
    "All":{
        "0":0.1256418868
    }
}