{
    "Actor":{
        "0":0.0633685621
    },
    "Activity":{
        "0":0.208632246
    },
    "Activity Data":{
        "0":0.1112680018
    },
    "Further Specification":{
        "0":0.2191374285
    },
    "XOR Gateway":{
        "0":0.0781229568
    },
    "Condition Specification":{
        "0":0.178000161
    },
    "AND Gateway":{
        "0":0.1714408845
    },
    "All":{
        "0":0.0876845161
    }
}