{
    "Actor":{
        "0":0.1147104825
    },
    "Activity":{
        "0":0.3436033382
    },
    "Activity Data":{
        "0":0.1829158784
    },
    "Further Specification":{
        "0":0.3633974636
    },
    "XOR Gateway":{
        "0":0.119210267
    },
    "Condition Specification":{
        "0":0.3385089934
    },
    "AND Gateway":{
        "0":0.5837280367
    },
    "All":{
        "0":0.1615053509
    }
}