{
    "Actor":{
        "0":0.1031339031,
        "1":0.1177257525,
        "2":0.1145083933,
        "3":0.0924412666,
        "4":0.1020151134
    },
    "Activity":{
        "0":0.326417704,
        "1":0.3317829457,
        "2":0.3290960452,
        "3":0.3277545328,
        "4":0.3323124043
    },
    "Activity Data":{
        "0":0.1704500199,
        "1":0.1865605659,
        "2":0.1767614339,
        "3":0.1649204501,
        "4":0.1857273559
    },
    "Further Specification":{
        "0":0.3227848101,
        "1":0.3027522936,
        "2":0.3025889968,
        "3":0.3410526316,
        "4":0.4166666667
    },
    "XOR Gateway":{
        "0":0.1202185792,
        "1":0.1656804734,
        "2":0.1513513514,
        "3":0.1398963731,
        "4":0.0879120879
    },
    "Condition Specification":{
        "0":0.3224431818,
        "1":0.3867521368,
        "2":0.2739187418,
        "3":0.2781136638,
        "4":0.3533697632
    },
    "AND Gateway":{
        "0":0.5833333333,
        "1":0.8571428571,
        "2":0.45,
        "3":0.4782608696,
        "4":0.2307692308
    },
    "All":{
        "0":0.1444932538,
        "1":0.1577349053,
        "2":0.1475974331,
        "3":0.135450517,
        "4":0.1534448642
    }
}