{
    "Actor":{
        "0":0.1555323591,
        "1":0.1641618497,
        "2":0.1368049426,
        "3":0.1745495495,
        "4":0.1685393258
    },
    "Activity":{
        "0":0.467611336,
        "1":0.4545454545,
        "2":0.4561752988,
        "3":0.4914529915,
        "4":0.4829157175
    },
    "Activity Data":{
        "0":0.2440677966,
        "1":0.2527855153,
        "2":0.2439516129,
        "3":0.2635542169,
        "4":0.2701458173
    },
    "Further Specification":{
        "0":0.5056603774,
        "1":0.445482866,
        "2":0.3876146789,
        "3":0.4622641509,
        "4":0.5055350554
    },
    "XOR Gateway":{
        "0":0.1386861314,
        "1":0.185483871,
        "2":0.1954887218,
        "3":0.1833333333,
        "4":0.1206896552
    },
    "Condition Specification":{
        "0":0.4681818182,
        "1":0.4941520468,
        "2":0.4288990826,
        "3":0.43125,
        "4":0.4820936639
    },
    "AND Gateway":{
        "0":0.7647058824,
        "1":0.9230769231,
        "2":0.5625,
        "3":0.75,
        "4":0.7647058824
    },
    "All":{
        "0":0.2171156894,
        "1":0.222565254,
        "2":0.20246139,
        "3":0.2268954068,
        "4":0.2350453172
    }
}