{
    "Actor":{
        "0":0.1066176471,
        "1":0.120917917,
        "2":0.1092307692,
        "3":0.1267482517,
        "4":0.1081314879
    },
    "Activity":{
        "0":0.3230769231,
        "1":0.333863275,
        "2":0.350308642,
        "3":0.3543913713,
        "4":0.3419354839
    },
    "Activity Data":{
        "0":0.1629213483,
        "1":0.185387132,
        "2":0.1791202968,
        "3":0.1871569704,
        "4":0.1913652275
    },
    "Further Specification":{
        "0":0.4169278997,
        "1":0.385915493,
        "2":0.3278350515,
        "3":0.36159601,
        "4":0.4459459459
    },
    "XOR Gateway":{
        "0":0.0887850467,
        "1":0.1270718232,
        "2":0.1419753086,
        "3":0.1366459627,
        "4":0.0813953488
    },
    "Condition Specification":{
        "0":0.2765100671,
        "1":0.3154875717,
        "2":0.3315118397,
        "3":0.3161993769,
        "4":0.3707627119
    },
    "AND Gateway":{
        "0":0.4482758621,
        "1":0.6666666667,
        "2":0.4705882353,
        "3":0.5,
        "4":0.5909090909
    },
    "All":{
        "0":0.1462486408,
        "1":0.1634924032,
        "2":0.1590729002,
        "3":0.1653917718,
        "4":0.1673405211
    }
}