{
    "Actor":{
        "0":0.099033062
    },
    "Activity":{
        "0":0.3009626175
    },
    "Activity Data":{
        "0":0.1681369266
    },
    "Further Specification":{
        "0":0.3096445878
    },
    "XOR Gateway":{
        "0":0.1097404682
    },
    "Condition Specification":{
        "0":0.2652342715
    },
    "AND Gateway":{
        "0":0.2439813433
    },
    "All":{
        "0":0.1341982051
    }
}