{
    "Actor":{
        "0":0.0228146773
    },
    "Activity":{
        "0":0.0854221159
    },
    "Activity Data":{
        "0":0.041744448
    },
    "Further Specification":{
        "0":0.0863642619
    },
    "XOR Gateway":{
        "0":0.0316806926
    },
    "Condition Specification":{
        "0":0.0674550599
    },
    "AND Gateway":{
        "0":0.06243824
    },
    "All":{
        "0":0.032937845
    }
}