{
    "Actor":{
        "0":0.1283683476
    },
    "Activity":{
        "0":0.3801616799
    },
    "Activity Data":{
        "0":0.199553812
    },
    "Further Specification":{
        "0":0.4004673842
    },
    "XOR Gateway":{
        "0":0.1309864073
    },
    "Condition Specification":{
        "0":0.3825722701
    },
    "AND Gateway":{
        "0":0.6330419185
    },
    "All":{
        "0":0.178893211
    }
}