{
    "Actor":{
        "0":0.1329163409,
        "1":0.1422142214,
        "2":0.1380500431,
        "3":0.1296583851,
        "4":0.1324977619
    },
    "Activity":{
        "0":0.397941681,
        "1":0.4077669903,
        "2":0.4299242424,
        "3":0.408056042,
        "4":0.401119403
    },
    "Activity Data":{
        "0":0.2264150943,
        "1":0.2381864623,
        "2":0.219170076,
        "3":0.2076798269,
        "4":0.2371794872
    },
    "Further Specification":{
        "0":0.4909747292,
        "1":0.4585987261,
        "2":0.469740634,
        "3":0.3418259023,
        "4":0.4862068966
    },
    "XOR Gateway":{
        "0":0.1194968553,
        "1":0.1714285714,
        "2":0.1655172414,
        "3":0.1736111111,
        "4":0.1111111111
    },
    "Condition Specification":{
        "0":0.3695299838,
        "1":0.4257907543,
        "2":0.3536804309,
        "3":0.3240469208,
        "4":0.3431734317
    },
    "AND Gateway":{
        "0":0.7,
        "1":0.8571428571,
        "2":0.6666666667,
        "3":0.625,
        "4":0.7777777778
    },
    "All":{
        "0":0.1859209674,
        "1":0.2009334316,
        "2":0.1926440906,
        "3":0.172674766,
        "4":0.1930116473
    }
}