{
    "Actor":{
        "0":0.0520730503,
        "1":0.0514184397,
        "2":0.0653753027,
        "3":0.0549566132,
        "4":0.0494162368
    },
    "Activity":{
        "0":0.1829362029,
        "1":0.1760391198,
        "2":0.1943521595,
        "3":0.1878453039,
        "4":0.1894005213
    },
    "Activity Data":{
        "0":0.0940239044,
        "1":0.0948398939,
        "2":0.101420765,
        "3":0.0955569081,
        "4":0.1007787448
    },
    "Further Specification":{
        "0":0.1992574257,
        "1":0.193220339,
        "2":0.1931707317,
        "3":0.1794616152,
        "4":0.2264416315
    },
    "XOR Gateway":{
        "0":0.0625,
        "1":0.0752688172,
        "2":0.0864197531,
        "3":0.0810810811,
        "4":0.0473372781
    },
    "Condition Specification":{
        "0":0.1730263158,
        "1":0.1737704918,
        "2":0.1644128114,
        "3":0.1450688073,
        "4":0.1448504983
    },
    "AND Gateway":{
        "0":0.1882352941,
        "1":0.1176470588,
        "2":0.1333333333,
        "3":0.2682926829,
        "4":0.1194029851
    },
    "All":{
        "0":0.0751102326,
        "1":0.0743253906,
        "2":0.0831934184,
        "3":0.075304878,
        "4":0.0772207268
    }
}