{
    "Actor":{
        "0":0.0785139793,
        "1":0.0844238075,
        "2":0.1007125891,
        "3":0.0999495204,
        "4":0.0795300497
    },
    "Activity":{
        "0":0.2584514722,
        "1":0.2565320665,
        "2":0.2803850782,
        "3":0.2913580247,
        "4":0.2791293214
    },
    "Activity Data":{
        "0":0.1397720456,
        "1":0.1483160622,
        "2":0.1561541084,
        "3":0.1543419267,
        "4":0.1575492341
    },
    "Further Specification":{
        "0":0.3005671078,
        "1":0.2775974026,
        "2":0.2826398852,
        "3":0.2688821752,
        "4":0.3744075829
    },
    "XOR Gateway":{
        "0":0.0871212121,
        "1":0.112033195,
        "2":0.1191489362,
        "3":0.135678392,
        "4":0.0686695279
    },
    "Condition Specification":{
        "0":0.2426260704,
        "1":0.2601726264,
        "2":0.2621247113,
        "3":0.2628135224,
        "4":0.246798603
    },
    "AND Gateway":{
        "0":0.2105263158,
        "1":0.2121212121,
        "2":0.1475409836,
        "3":0.4761904762,
        "4":0.2162162162
    },
    "All":{
        "0":0.1109086768,
        "1":0.1165193576,
        "2":0.1269409938,
        "3":0.1276200584,
        "4":0.1231567449
    }
}