{
    "Actor":{
        "0":0.3166001141,
        "1":0.3174311927,
        "2":0.3235294118,
        "3":0.3228840125,
        "4":0.3392603129
    },
    "Activity":{
        "0":0.3696857671,
        "1":0.3670634921,
        "2":0.3869653768,
        "3":0.3731490622,
        "4":0.3988826816
    },
    "Activity Data":{
        "0":0.3493696085,
        "1":0.3471216822,
        "2":0.3450909091,
        "3":0.3357689631,
        "4":0.3788998358
    },
    "Further Specification":{
        "0":0.4169611307,
        "1":0.3856920684,
        "2":0.4305343511,
        "3":0.4033742331,
        "4":0.4147843943
    },
    "XOR Gateway":{
        "0":0.375,
        "1":0.3309859155,
        "2":0.3597122302,
        "3":0.3583333333,
        "4":0.3783783784
    },
    "Condition Specification":{
        "0":0.4094650206,
        "1":0.3885267275,
        "2":0.400921659,
        "3":0.3823529412,
        "4":0.4219354839
    },
    "AND Gateway":{
        "0":0.5,
        "1":0.4,
        "2":0.3888888889,
        "3":0.380952381,
        "4":0.5
    },
    "All":{
        "0":0.3487199894,
        "1":0.3450358096,
        "2":0.3517887564,
        "3":0.34283756,
        "4":0.3716568819
    }
}