{
    "Actor":{
        "0":0.610721374
    },
    "Activity":{
        "0":0.6788657178
    },
    "Activity Data":{
        "0":0.6742846888
    },
    "Further Specification":{
        "0":0.7992981684
    },
    "XOR Gateway":{
        "0":0.670602225
    },
    "Condition Specification":{
        "0":0.7369388731
    },
    "AND Gateway":{
        "0":0.8638478461
    },
    "All":{
        "0":0.6516479733
    }
}