{
    "Actor":{
        "0":0.2629263452
    },
    "Activity":{
        "0":0.3102147934
    },
    "Activity Data":{
        "0":0.2850406944
    },
    "Further Specification":{
        "0":0.335937511
    },
    "XOR Gateway":{
        "0":0.2937912513
    },
    "Condition Specification":{
        "0":0.3371302166
    },
    "AND Gateway":{
        "0":0.3551971326
    },
    "All":{
        "0":0.2874576527
    }
}