{
    "Actor":{
        "0":0.26741115
    },
    "Activity":{
        "0":0.3137964817
    },
    "Activity Data":{
        "0":0.2885114887
    },
    "Further Specification":{
        "0":0.3468339937
    },
    "XOR Gateway":{
        "0":0.2904428867
    },
    "Condition Specification":{
        "0":0.3263055556
    },
    "AND Gateway":{
        "0":0.3736021087
    },
    "All":{
        "0":0.290099426
    }
}