{
    "Actor":{
        "0":0.3239410088
    },
    "Activity":{
        "0":0.3791492759
    },
    "Activity Data":{
        "0":0.3512501997
    },
    "Further Specification":{
        "0":0.4102692355
    },
    "XOR Gateway":{
        "0":0.3604819715
    },
    "Condition Specification":{
        "0":0.4006403664
    },
    "AND Gateway":{
        "0":0.433968254
    },
    "All":{
        "0":0.3520077995
    }
}