{
    "Actor":{
        "0":0.3640976604
    },
    "Activity":{
        "0":0.4274847135
    },
    "Activity Data":{
        "0":0.4220860912
    },
    "Further Specification":{
        "0":0.5278902557
    },
    "XOR Gateway":{
        "0":0.3902681284
    },
    "Condition Specification":{
        "0":0.4492924617
    },
    "AND Gateway":{
        "0":0.4441882099
    },
    "All":{
        "0":0.3937116746
    }
}