{
    "Actor":{
        "0":0.5196629213,
        "1":0.5931428571,
        "2":0.5511482255,
        "3":0.5709534368,
        "4":0.5317725753
    },
    "Activity":{
        "0":0.625,
        "1":0.6788990826,
        "2":0.635451505,
        "3":0.6247933884,
        "4":0.6648044693
    },
    "Activity Data":{
        "0":0.5782537068,
        "1":0.6095641646,
        "2":0.5642092747,
        "3":0.5764635603,
        "4":0.5985732815
    },
    "Further Specification":{
        "0":0.5827160494,
        "1":0.7315634218,
        "2":0.7324675325,
        "3":0.7050938338,
        "4":0.7163120567
    },
    "XOR Gateway":{
        "0":0.578313253,
        "1":0.6103896104,
        "2":0.6666666667,
        "3":0.671875,
        "4":0.6176470588
    },
    "Condition Specification":{
        "0":0.7509433962,
        "1":0.7760416667,
        "2":0.6744186047,
        "3":0.6666666667,
        "4":0.7482837529
    },
    "AND Gateway":{
        "0":0.8571428571,
        "1":0.9090909091,
        "2":0.7,
        "3":0.8,
        "4":0.9166666667
    },
    "All":{
        "0":0.5764086823,
        "1":0.6327581767,
        "2":0.5866477273,
        "3":0.5936387372,
        "4":0.6037086093
    }
}