{
    "Actor":{
        "0":0.5793389893
    },
    "Activity":{
        "0":0.6677153942
    },
    "Activity Data":{
        "0":0.6290812409
    },
    "Further Specification":{
        "0":0.7102581729
    },
    "XOR Gateway":{
        "0":0.6344413746
    },
    "Condition Specification":{
        "0":0.7511689489
    },
    "AND Gateway":{
        "0":0.7848717949
    },
    "All":{
        "0":0.6295493796
    }
}