{
    "Actor":{
        "0":0.5875330065
    },
    "Activity":{
        "0":0.6453254709
    },
    "Activity Data":{
        "0":0.6606382003
    },
    "Further Specification":{
        "0":0.7509415657
    },
    "XOR Gateway":{
        "0":0.6389203902
    },
    "Condition Specification":{
        "0":0.7076205912
    },
    "AND Gateway":{
        "0":0.7850144592
    },
    "All":{
        "0":0.6249073429
    }
}