{
    "Actor":{
        "0":0.4057941376
    },
    "Activity":{
        "0":0.4734200891
    },
    "Activity Data":{
        "0":0.4749087106
    },
    "Further Specification":{
        "0":0.5705439817
    },
    "XOR Gateway":{
        "0":0.4382682121
    },
    "Condition Specification":{
        "0":0.505794332
    },
    "AND Gateway":{
        "0":0.5259010525
    },
    "All":{
        "0":0.4399163914
    }
}