{
    "Actor":{
        "0":0.6798561151,
        "1":0.716,
        "2":0.6787819253,
        "3":0.7442455243,
        "4":0.714893617
    },
    "Activity":{
        "0":0.8137651822,
        "1":0.8181818182,
        "2":0.8067729084,
        "3":0.8226495726,
        "4":0.8382687927
    },
    "Activity Data":{
        "0":0.7675862069,
        "1":0.7672107878,
        "2":0.7477724469,
        "3":0.7717140661,
        "4":0.7912772586
    },
    "Further Specification":{
        "0":0.8981132075,
        "1":0.9003115265,
        "2":0.7935779817,
        "3":0.9245283019,
        "4":0.9151291513
    },
    "XOR Gateway":{
        "0":0.7575757576,
        "1":0.7704918033,
        "2":0.8787878788,
        "3":0.7678571429,
        "4":0.7636363636
    },
    "Condition Specification":{
        "0":0.9113636364,
        "1":0.9032258065,
        "2":0.8344827586,
        "3":0.8413361169,
        "4":0.9033149171
    },
    "AND Gateway":{
        "0":0.9230769231,
        "1":1.0,
        "2":0.9,
        "3":1.0,
        "4":1.0
    },
    "All":{
        "0":0.7594048287,
        "1":0.7757901014,
        "2":0.7307692308,
        "3":0.7784290739,
        "4":0.7841381516
    }
}