{
    "Actor":{
        "0":0.4901050093
    },
    "Activity":{
        "0":0.5784673146
    },
    "Activity Data":{
        "0":0.5316889187
    },
    "Further Specification":{
        "0":0.6716279084
    },
    "XOR Gateway":{
        "0":0.5383162937
    },
    "Condition Specification":{
        "0":0.6089768335
    },
    "AND Gateway":{
        "0":0.7103795721
    },
    "All":{
        "0":0.5358829327
    }
}