{
    "Actor":{
        "0":0.5998110566
    },
    "Activity":{
        "0":0.6780685328
    },
    "Activity Data":{
        "0":0.6648849814
    },
    "Further Specification":{
        "0":0.8224567338
    },
    "XOR Gateway":{
        "0":0.6448147304
    },
    "Condition Specification":{
        "0":0.7272770239
    },
    "AND Gateway":{
        "0":0.8412012987
    },
    "All":{
        "0":0.6402584901
    }
}