{
    "Actor":{
        "0":0.521575199,
        "1":0.5428176796,
        "2":0.5386232265,
        "3":0.5673560648,
        "4":0.5351219512
    },
    "Activity":{
        "0":0.5856052345,
        "1":0.5961995249,
        "2":0.5836341757,
        "3":0.6111111111,
        "4":0.5992317542
    },
    "Activity Data":{
        "0":0.6051750381,
        "1":0.6321687541,
        "2":0.6148531952,
        "3":0.6190148123,
        "4":0.6334440753
    },
    "Further Specification":{
        "0":0.6994328922,
        "1":0.75,
        "2":0.7388809182,
        "3":0.7341389728,
        "4":0.7843601896
    },
    "XOR Gateway":{
        "0":0.5454545455,
        "1":0.5234375,
        "2":0.6033057851,
        "3":0.6494845361,
        "4":0.5299145299
    },
    "Condition Specification":{
        "0":0.6860133206,
        "1":0.6576019778,
        "2":0.6516203704,
        "3":0.6885245902,
        "4":0.6651108518
    },
    "AND Gateway":{
        "0":0.7794117647,
        "1":0.7903225806,
        "2":0.8113207547,
        "3":0.7692307692,
        "4":0.8
    },
    "All":{
        "0":0.5602819931,
        "1":0.5852799165,
        "2":0.5810700706,
        "3":0.5971623313,
        "4":0.5804885016
    }
}