{
    "Actor":{
        "0":0.5891766126
    },
    "Activity":{
        "0":0.6660862525
    },
    "Activity Data":{
        "0":0.6603003303
    },
    "Further Specification":{
        "0":0.7864912223
    },
    "XOR Gateway":{
        "0":0.6268936446
    },
    "Condition Specification":{
        "0":0.7287158493
    },
    "AND Gateway":{
        "0":0.7946801347
    },
    "All":{
        "0":0.6271919091
    }
}