{
    "Actor":{
        "0":0.4031608305,
        "1":0.3766996292,
        "2":0.4250965251,
        "3":0.3892766497,
        "4":0.4096005606
    },
    "Activity":{
        "0":0.4583333333,
        "1":0.4637946838,
        "2":0.4767225326,
        "3":0.4593886463,
        "4":0.5035105316
    },
    "Activity Data":{
        "0":0.4557717824,
        "1":0.4843256379,
        "2":0.4722084367,
        "3":0.4555921053,
        "4":0.5114735969
    },
    "Further Specification":{
        "0":0.5136897001,
        "1":0.6744525547,
        "2":0.6087456847,
        "3":0.5539325843,
        "4":0.6076923077
    },
    "XOR Gateway":{
        "0":0.4352941176,
        "1":0.3736842105,
        "2":0.4805194805,
        "3":0.4358974359,
        "4":0.4637681159
    },
    "Condition Specification":{
        "0":0.5482517483,
        "1":0.4484492875,
        "2":0.4693877551,
        "3":0.4717916925,
        "4":0.5534382767
    },
    "AND Gateway":{
        "0":0.7260273973,
        "1":0.4298245614,
        "2":0.7258064516,
        "3":0.4482758621,
        "4":0.7428571429
    },
    "All":{
        "0":0.4299762929,
        "1":0.4323230422,
        "2":0.4492179766,
        "3":0.4210479495,
        "4":0.4631280814
    }
}