{
    "Actor":{
        "0":0.6801639054
    },
    "Activity":{
        "0":0.7982973106
    },
    "Activity Data":{
        "0":0.7358105566
    },
    "Further Specification":{
        "0":0.8223736703
    },
    "XOR Gateway":{
        "0":0.7645817661
    },
    "Condition Specification":{
        "0":0.8663604524
    },
    "AND Gateway":{
        "0":0.9401709402
    },
    "All":{
        "0":0.7377500917
    }
}