{
    "Actor":{
        "0":0.492218447
    },
    "Activity":{
        "0":0.5835112272
    },
    "Activity Data":{
        "0":0.5369530186
    },
    "Further Specification":{
        "0":0.6280159522
    },
    "XOR Gateway":{
        "0":0.5564280184
    },
    "Condition Specification":{
        "0":0.6394278507
    },
    "AND Gateway":{
        "0":0.780832384
    },
    "All":{
        "0":0.5399430527
    }
}