{
    "Actor":{
        "0":0.4468275373
    },
    "Activity":{
        "0":0.5172742223
    },
    "Activity Data":{
        "0":0.5311073911
    },
    "Further Specification":{
        "0":0.6418743285
    },
    "XOR Gateway":{
        "0":0.4872350426
    },
    "Condition Specification":{
        "0":0.5580594795
    },
    "AND Gateway":{
        "0":0.6475518872
    },
    "All":{
        "0":0.4881518396
    }
}