{
    "Actor":{
        "0":0.4876977153,
        "1":0.5231854839,
        "2":0.4701691897,
        "3":0.5160320641,
        "4":0.4640077821
    },
    "Activity":{
        "0":0.5722460658,
        "1":0.6006493506,
        "2":0.5864197531,
        "3":0.5824345146,
        "4":0.5758064516
    },
    "Activity Data":{
        "0":0.5249252243,
        "1":0.5635142697,
        "2":0.5107642626,
        "3":0.5394074902,
        "4":0.5461538462
    },
    "Further Specification":{
        "0":0.6704545455,
        "1":0.5498891353,
        "2":0.581443299,
        "3":0.6558603491,
        "4":0.6824324324
    },
    "XOR Gateway":{
        "0":0.4897959184,
        "1":0.5731707317,
        "2":0.6097560976,
        "3":0.5972222222,
        "4":0.512195122
    },
    "Condition Specification":{
        "0":0.5827232796,
        "1":0.6757369615,
        "2":0.6350364964,
        "3":0.609375,
        "4":0.6942675159
    },
    "AND Gateway":{
        "0":0.6315789474,
        "1":0.9090909091,
        "2":0.7777777778,
        "3":0.8,
        "4":0.7857142857
    },
    "All":{
        "0":0.5263263263,
        "1":0.5609589041,
        "2":0.5213549337,
        "3":0.5485852161,
        "4":0.5424898834
    }
}