{
    "Actor":{
        "0":0.4199254382
    },
    "Activity":{
        "0":0.4945640155
    },
    "Activity Data":{
        "0":0.4521141821
    },
    "Further Specification":{
        "0":0.5534793458
    },
    "XOR Gateway":{
        "0":0.4651835676
    },
    "Condition Specification":{
        "0":0.5201778164
    },
    "AND Gateway":{
        "0":0.5882634393
    },
    "All":{
        "0":0.4569120753
    }
}