{
    "Actor":{
        "0":0.1052508713
    },
    "Activity":{
        "0":0.1452834501
    },
    "Activity Data":{
        "0":0.1314476814
    },
    "Further Specification":{
        "0":0.1663795087
    },
    "XOR Gateway":{
        "0":0.129554618
    },
    "Condition Specification":{
        "0":0.1413090547
    },
    "AND Gateway":{
        "0":0.1345017779
    },
    "All":{
        "0":0.1212968441
    }
}