{
    "Actor":{
        "0":0.5573800726
    },
    "Activity":{
        "0":0.6556969403
    },
    "Activity Data":{
        "0":0.5865026327
    },
    "Further Specification":{
        "0":0.7274058403
    },
    "XOR Gateway":{
        "0":0.6379909919
    },
    "Condition Specification":{
        "0":0.7279459514
    },
    "AND Gateway":{
        "0":0.8497668998
    },
    "All":{
        "0":0.604419036
    }
}