{
    "Actor":{
        "0":0.4598177299,
        "1":0.5053554041,
        "2":0.460331299,
        "3":0.4455017301,
        "4":0.4512771996
    },
    "Activity":{
        "0":0.5571030641,
        "1":0.5772230889,
        "2":0.5413105413,
        "3":0.5308988764,
        "4":0.5517774343
    },
    "Activity Data":{
        "0":0.5131578947,
        "1":0.5399463807,
        "2":0.4824605999,
        "3":0.4619435136,
        "4":0.5310701956
    },
    "Further Specification":{
        "0":0.5375854214,
        "1":0.5379609544,
        "2":0.5381679389,
        "3":0.5936794582,
        "4":0.6733333333
    },
    "XOR Gateway":{
        "0":0.5714285714,
        "1":0.5595238095,
        "2":0.5747126437,
        "3":0.4725274725,
        "4":0.5
    },
    "Condition Specification":{
        "0":0.651391162,
        "1":0.6696629213,
        "2":0.5621970921,
        "3":0.5882352941,
        "4":0.6770186335
    },
    "AND Gateway":{
        "0":0.8,
        "1":0.9090909091,
        "2":0.7,
        "3":0.5,
        "4":0.7333333333
    },
    "All":{
        "0":0.5128755365,
        "1":0.5419056021,
        "2":0.4901107595,
        "3":0.4837524178,
        "4":0.5270582794
    }
}