{
    "Actor":{
        "0":0.4163540885,
        "1":0.4372367313,
        "2":0.4360033031,
        "3":0.4590017825,
        "4":0.4293429343
    },
    "Activity":{
        "0":0.5012531328,
        "1":0.4939919893,
        "2":0.5019815059,
        "3":0.5073825503,
        "4":0.5114613181
    },
    "Activity Data":{
        "0":0.457826087,
        "1":0.48647343,
        "2":0.4542843466,
        "3":0.4805776892,
        "4":0.486814346
    },
    "Further Specification":{
        "0":0.4738955823,
        "1":0.5040650407,
        "2":0.615720524,
        "3":0.4799270073,
        "4":0.5611111111
    },
    "XOR Gateway":{
        "0":0.4485981308,
        "1":0.4519230769,
        "2":0.4901960784,
        "3":0.4777777778,
        "4":0.4615384615
    },
    "Condition Specification":{
        "0":0.566951567,
        "1":0.5094017094,
        "2":0.4936170213,
        "3":0.5431754875,
        "4":0.5077639752
    },
    "AND Gateway":{
        "0":0.7058823529,
        "1":0.5263157895,
        "2":0.5,
        "3":0.5,
        "4":0.6875
    },
    "All":{
        "0":0.4568201564,
        "1":0.471955436,
        "2":0.4643928036,
        "3":0.4766533257,
        "4":0.4732142857
    }
}