{
    "Actor":{
        "0":0.656114766
    },
    "Activity":{
        "0":0.7400408586
    },
    "Activity Data":{
        "0":0.7260650198
    },
    "Further Specification":{
        "0":0.8350815741
    },
    "XOR Gateway":{
        "0":0.7101192275
    },
    "Condition Specification":{
        "0":0.8085019052
    },
    "AND Gateway":{
        "0":0.8483190883
    },
    "All":{
        "0":0.7050939513
    }
}