{
    "Actor":{
        "0":0.533557047,
        "1":0.5393612236,
        "2":0.5341386555,
        "3":0.5556617296,
        "4":0.5601249349
    },
    "Activity":{
        "0":0.5876623377,
        "1":0.6,
        "2":0.5938271605,
        "3":0.5935334873,
        "4":0.6235595391
    },
    "Activity Data":{
        "0":0.609403255,
        "1":0.6239144957,
        "2":0.6072443182,
        "3":0.6137325089,
        "4":0.644394111
    },
    "Further Specification":{
        "0":0.7064220183,
        "1":0.7540983607,
        "2":0.7546296296,
        "3":0.7226624406,
        "4":0.784679089
    },
    "XOR Gateway":{
        "0":0.5413533835,
        "1":0.5348837209,
        "2":0.6134453782,
        "3":0.5982142857,
        "4":0.5940594059
    },
    "Condition Specification":{
        "0":0.6765217391,
        "1":0.6787564767,
        "2":0.648267009,
        "3":0.6675438596,
        "4":0.6832101373
    },
    "AND Gateway":{
        "0":0.7910447761,
        "1":0.7903225806,
        "2":0.8035714286,
        "3":0.6842105263,
        "4":0.7272727273
    },
    "All":{
        "0":0.5646050933,
        "1":0.5819552851,
        "2":0.5793606282,
        "3":0.5777665742,
        "4":0.5974797219
    }
}