{
    "Actor":{
        "0":0.6816460543
    },
    "Activity":{
        "0":0.7940145316
    },
    "Activity Data":{
        "0":0.7494049174
    },
    "Further Specification":{
        "0":0.8716447007
    },
    "XOR Gateway":{
        "0":0.7738891681
    },
    "Condition Specification":{
        "0":0.845413544
    },
    "AND Gateway":{
        "0":0.9177777778
    },
    "All":{
        "0":0.7384939262
    }
}