{
    "Actor":{
        "0":0.0725842446,
        "1":0.0744791348,
        "2":0.0782682875,
        "3":0.076961676,
        "4":0.0731402115
    },
    "Activity":{
        "0":0.103480715,
        "1":0.1054166667,
        "2":0.1042982277,
        "3":0.1061982637,
        "4":0.1085874973
    },
    "Activity Data":{
        "0":0.0919925013,
        "1":0.0966349884,
        "2":0.0931199843,
        "3":0.0933108758,
        "4":0.0968180867
    },
    "Further Specification":{
        "0":0.115542522,
        "1":0.1218033219,
        "2":0.1197916667,
        "3":0.1177454024,
        "4":0.1249209361
    },
    "XOR Gateway":{
        "0":0.0900243309,
        "1":0.0865853659,
        "2":0.1017881706,
        "3":0.1013412817,
        "4":0.0883977901
    },
    "Condition Specification":{
        "0":0.1014886731,
        "1":0.1020797558,
        "2":0.1020710059,
        "3":0.100581549,
        "4":0.1007237636
    },
    "AND Gateway":{
        "0":0.0926573427,
        "1":0.0924528302,
        "2":0.0887573964,
        "3":0.1101694915,
        "4":0.0926916221
    },
    "All":{
        "0":0.0841813931,
        "1":0.088030666,
        "2":0.0887263911,
        "3":0.087295732,
        "4":0.0869214262
    }
}