{
    "Bleu Score":{
        "0":0.1663988172,
        "1":0.0343742836,
        "2":0.0353134351,
        "3":0.0024632292,
        "4":0.0037140451
    }
}