{
    "Bleu Score":{
        "0":0.0488995527,
        "1":0.0072505143,
        "2":0.0442976439,
        "3":0.0388058428,
        "4":0.0056189925
    }
}