{
    "Bleu Score":{
        "0":0.0526478973,
        "1":0.159447106,
        "2":0.0006488576,
        "3":0.6274102251,
        "4":0.1441245539
    }
}