{
    "Bleu Score":{
        "0":0.0000282042,
        "1":0.0006225858,
        "2":0.0000108605,
        "3":0.0000044621,
        "4":0.000018336
    }
}