{
    "Bleu Score":{
        "0":0.0002482689,
        "1":0.0456216064,
        "2":0.0043805355,
        "3":0.0524287718,
        "4":0.0378682455
    }
}