{
    "Actor":{
        "0":0.169521197
    },
    "Activity":{
        "0":0.4226507883
    },
    "Activity Data":{
        "0":0.2488157297
    },
    "Further Specification":{
        "0":0.4666658045
    },
    "XOR Gateway":{
        "0":0.1505737326
    },
    "Condition Specification":{
        "0":0.4256331463
    },
    "AND Gateway":{
        "0":0.6675557672
    },
    "All":{
        "0":0.2118245879
    }
}