{
    "Actor":{
        "0":0.0578842315,
        "1":0.0617395223,
        "2":0.0585325639,
        "3":0.0667894979,
        "4":0.0619118375
    },
    "Activity":{
        "0":0.1736842105,
        "1":0.1775147929,
        "2":0.1820368885,
        "3":0.1874490628,
        "4":0.1869488536
    },
    "Activity Data":{
        "0":0.090577824,
        "1":0.0976730824,
        "2":0.0940718063,
        "3":0.0984126984,
        "4":0.1059431525
    },
    "Further Specification":{
        "0":0.1731770833,
        "1":0.1843876178,
        "2":0.1831797235,
        "3":0.1757575758,
        "4":0.2413162706
    },
    "XOR Gateway":{
        "0":0.0505319149,
        "1":0.0699088146,
        "2":0.0690690691,
        "3":0.0698412698,
        "4":0.0443037975
    },
    "Condition Specification":{
        "0":0.1651964715,
        "1":0.1837416481,
        "2":0.1669724771,
        "3":0.1681855841,
        "4":0.1819126819
    },
    "AND Gateway":{
        "0":0.2708333333,
        "1":0.3333333333,
        "2":0.2352941176,
        "3":0.2571428571,
        "4":0.2826086957
    },
    "All":{
        "0":0.0797746145,
        "1":0.0859489256,
        "2":0.0837243249,
        "3":0.0865332612,
        "4":0.0917487685
    }
}