{
    "Actor":{
        "0":0.0908493681
    },
    "Activity":{
        "0":0.2666020556
    },
    "Activity Data":{
        "0":0.1424368127
    },
    "Further Specification":{
        "0":0.2959282892
    },
    "XOR Gateway":{
        "0":0.0917824319
    },
    "Condition Specification":{
        "0":0.2557383031
    },
    "AND Gateway":{
        "0":0.4243314941
    },
    "All":{
        "0":0.1263985951
    }
}