{
    "Actor":{
        "0":0.1405579399,
        "1":0.1463571889,
        "2":0.1550868486,
        "3":0.1558841651,
        "4":0.1463580667
    },
    "Activity":{
        "0":0.2917570499,
        "1":0.3002512563,
        "2":0.3210332103,
        "3":0.3185530922,
        "4":0.3060453401
    },
    "Activity Data":{
        "0":0.1928571429,
        "1":0.2081993569,
        "2":0.2136003338,
        "3":0.2082352941,
        "4":0.2195017182
    },
    "Further Specification":{
        "0":0.3719008264,
        "1":0.4071428571,
        "2":0.3606557377,
        "3":0.3419689119,
        "4":0.4390243902
    },
    "XOR Gateway":{
        "0":0.0826771654,
        "1":0.1181818182,
        "2":0.1304347826,
        "3":0.1170731707,
        "4":0.0698689956
    },
    "Condition Specification":{
        "0":0.3122065728,
        "1":0.3441860465,
        "2":0.3295615276,
        "3":0.3275862069,
        "4":0.3021680217
    },
    "AND Gateway":{
        "0":0.4545454545,
        "1":0.5833333333,
        "2":0.45,
        "3":0.48,
        "4":0.4545454545
    },
    "All":{
        "0":0.1518934665,
        "1":0.1647135417,
        "2":0.1696512724,
        "3":0.1623815968,
        "4":0.1659723379
    }
}