{
    "Actor":{
        "0":0.1218507707
    },
    "Activity":{
        "0":0.3646629003
    },
    "Activity Data":{
        "0":0.1900607565
    },
    "Further Specification":{
        "0":0.3818165362
    },
    "XOR Gateway":{
        "0":0.1230731693
    },
    "Condition Specification":{
        "0":0.3403545256
    },
    "AND Gateway":{
        "0":0.6399823087
    },
    "All":{
        "0":0.1689686975
    }
}