{
    "Actor":{
        "0":0.1475223432
    },
    "Activity":{
        "0":0.4334102187
    },
    "Activity Data":{
        "0":0.2300186642
    },
    "Further Specification":{
        "0":0.4621414386
    },
    "XOR Gateway":{
        "0":0.1503293658
    },
    "Condition Specification":{
        "0":0.4148273796
    },
    "AND Gateway":{
        "0":0.7190691661
    },
    "All":{
        "0":0.2044062637
    }
}