{
    "Actor":{
        "0":0.0983717775,
        "1":0.1150293871,
        "2":0.1042584435,
        "3":0.1186579378,
        "4":0.1052188552
    },
    "Activity":{
        "0":0.3047493404,
        "1":0.3307086614,
        "2":0.3403298351,
        "3":0.3257790368,
        "4":0.3145400593
    },
    "Activity Data":{
        "0":0.1524310118,
        "1":0.1819154628,
        "2":0.1646371164,
        "3":0.1706706707,
        "4":0.1765339074
    },
    "Further Specification":{
        "0":0.3078703704,
        "1":0.3732970027,
        "2":0.387804878,
        "3":0.3717948718,
        "4":0.3848396501
    },
    "XOR Gateway":{
        "0":0.0935960591,
        "1":0.1292134831,
        "2":0.1393939394,
        "3":0.1145833333,
        "4":0.0740740741
    },
    "Condition Specification":{
        "0":0.3024963289,
        "1":0.3260869565,
        "2":0.3460076046,
        "3":0.2589285714,
        "4":0.2808988764
    },
    "AND Gateway":{
        "0":0.5909090909,
        "1":0.6666666667,
        "2":0.5714285714,
        "3":0.4090909091,
        "4":0.4814814815
    },
    "All":{
        "0":0.1378780113,
        "1":0.1603694374,
        "2":0.1545122186,
        "3":0.1505457283,
        "4":0.1519787842
    }
}