{
    "Actor":{
        "0":0.1212225982
    },
    "Activity":{
        "0":0.2463859615
    },
    "Activity Data":{
        "0":0.164549805
    },
    "Further Specification":{
        "0":0.3110655695
    },
    "XOR Gateway":{
        "0":0.0839381435
    },
    "Condition Specification":{
        "0":0.2678486685
    },
    "AND Gateway":{
        "0":0.4078115683
    },
    "All":{
        "0":0.127283491
    }
}