{
    "Actor":{
        "0":0.1528888978
    },
    "Activity":{
        "0":0.353988809
    },
    "Activity Data":{
        "0":0.2231536603
    },
    "Further Specification":{
        "0":0.4354357258
    },
    "XOR Gateway":{
        "0":0.118606082
    },
    "Condition Specification":{
        "0":0.3611086746
    },
    "AND Gateway":{
        "0":0.6006681724
    },
    "All":{
        "0":0.1807787943
    }
}