{
    "Actor":{
        "0":0.1524084395
    },
    "Activity":{
        "0":0.3333271027
    },
    "Activity Data":{
        "0":0.2162138354
    },
    "Further Specification":{
        "0":0.4043888427
    },
    "XOR Gateway":{
        "0":0.1177658652
    },
    "Condition Specification":{
        "0":0.3462019502
    },
    "AND Gateway":{
        "0":0.5175466712
    },
    "All":{
        "0":0.1728378599
    }
}