{
    "Actor":{
        "0":0.1488488419
    },
    "Activity":{
        "0":0.3075279897
    },
    "Activity Data":{
        "0":0.2084787692
    },
    "Further Specification":{
        "0":0.3841385447
    },
    "XOR Gateway":{
        "0":0.1036471865
    },
    "Condition Specification":{
        "0":0.3231416751
    },
    "AND Gateway":{
        "0":0.4844848485
    },
    "All":{
        "0":0.162922443
    }
}