{
    "Actor":{
        "0":0.1713271262
    },
    "Activity":{
        "0":0.445216384
    },
    "Activity Data":{
        "0":0.2580095937
    },
    "Further Specification":{
        "0":0.4903817184
    },
    "XOR Gateway":{
        "0":0.1518108472
    },
    "Condition Specification":{
        "0":0.4409788533
    },
    "AND Gateway":{
        "0":0.7315691661
    },
    "All":{
        "0":0.2220740586
    }
}