{
    "Actor":{
        "0":0.1448931116,
        "1":0.1482735274,
        "2":0.1635977337,
        "3":0.1576763485,
        "4":0.147601476
    },
    "Activity":{
        "0":0.3196239718,
        "1":0.3286908078,
        "2":0.3442176871,
        "3":0.335071708,
        "4":0.339031339
    },
    "Activity Data":{
        "0":0.2028469751,
        "1":0.2166890983,
        "2":0.2255535055,
        "3":0.2127568493,
        "4":0.2232227488
    },
    "Further Specification":{
        "0":0.3659491194,
        "1":0.3854389722,
        "2":0.3703041145,
        "3":0.4194260486,
        "4":0.4808259587
    },
    "XOR Gateway":{
        "0":0.0958333333,
        "1":0.1413612565,
        "2":0.1269035533,
        "3":0.1333333333,
        "4":0.0913978495
    },
    "Condition Specification":{
        "0":0.3324675325,
        "1":0.3922764228,
        "2":0.3366906475,
        "3":0.324120603,
        "4":0.3454545455
    },
    "AND Gateway":{
        "0":0.46875,
        "1":0.6666666667,
        "2":0.4736842105,
        "3":0.4230769231,
        "4":0.5555555556
    },
    "All":{
        "0":0.1611001965,
        "1":0.1739985694,
        "2":0.1777009507,
        "3":0.1729523177,
        "4":0.1784372652
    }
}