{
    "Actor":{
        "0":0.1656382966
    },
    "Activity":{
        "0":0.4205751071
    },
    "Activity Data":{
        "0":0.244732627
    },
    "Further Specification":{
        "0":0.4812099417
    },
    "XOR Gateway":{
        "0":0.1417850361
    },
    "Condition Specification":{
        "0":0.4292873301
    },
    "AND Gateway":{
        "0":0.7252214452
    },
    "All":{
        "0":0.2103222357
    }
}