{
    "Actor":{
        "0":0.0845112377
    },
    "Activity":{
        "0":0.1688144857
    },
    "Activity Data":{
        "0":0.1131026586
    },
    "Further Specification":{
        "0":0.2115818861
    },
    "XOR Gateway":{
        "0":0.0543654203
    },
    "Condition Specification":{
        "0":0.1770697329
    },
    "AND Gateway":{
        "0":0.2527464743
    },
    "All":{
        "0":0.0831446842
    }
}