{
    "Actor":{
        "0":0.1445663011,
        "1":0.1553287982,
        "2":0.160815402,
        "3":0.1699882767,
        "4":0.1584283904
    },
    "Activity":{
        "0":0.4476744186,
        "1":0.4259634888,
        "2":0.4860813704,
        "3":0.4771784232,
        "4":0.4742729306
    },
    "Activity Data":{
        "0":0.227154047,
        "1":0.2369337979,
        "2":0.2554799698,
        "3":0.2527798369,
        "4":0.2697368421
    },
    "Further Specification":{
        "0":0.5,
        "1":0.4892857143,
        "2":0.4907407407,
        "3":0.5052264808,
        "4":0.5523012552
    },
    "XOR Gateway":{
        "0":0.134751773,
        "1":0.1642857143,
        "2":0.1825396825,
        "3":0.1913043478,
        "4":0.1176470588
    },
    "Condition Specification":{
        "0":0.4136546185,
        "1":0.4319371728,
        "2":0.4396135266,
        "3":0.4501108647,
        "4":0.4716981132
    },
    "AND Gateway":{
        "0":0.8125,
        "1":0.7058823529,
        "2":0.6666666667,
        "3":0.75,
        "4":0.7647058824
    },
    "All":{
        "0":0.2031722054,
        "1":0.2105263158,
        "2":0.2262609186,
        "3":0.22541561,
        "4":0.2329580988
    }
}