{
    "Actor":{
        "0":0.1083072802
    },
    "Activity":{
        "0":0.3232213866
    },
    "Activity Data":{
        "0":0.1692376338
    },
    "Further Specification":{
        "0":0.3651213546
    },
    "XOR Gateway":{
        "0":0.1101721778
    },
    "Condition Specification":{
        "0":0.3028836676
    },
    "AND Gateway":{
        "0":0.5439153439
    },
    "All":{
        "0":0.1510568359
    }
}