{
    "Actor":{
        "0":0.0743971267,
        "1":0.0771396396,
        "2":0.0721544715,
        "3":0.081232493,
        "4":0.0706613906
    },
    "Activity":{
        "0":0.2179245283,
        "1":0.2231668438,
        "2":0.2243083004,
        "3":0.2309236948,
        "4":0.2167689162
    },
    "Activity Data":{
        "0":0.1166610795,
        "1":0.1217765043,
        "2":0.116431278,
        "3":0.1173030616,
        "4":0.1196643561
    },
    "Further Specification":{
        "0":0.2375,
        "1":0.2464028777,
        "2":0.2064935065,
        "3":0.2424749164,
        "4":0.275
    },
    "XOR Gateway":{
        "0":0.0652920962,
        "1":0.08984375,
        "2":0.0891472868,
        "3":0.088,
        "4":0.049122807
    },
    "Condition Specification":{
        "0":0.2104187947,
        "1":0.230125523,
        "2":0.2182254197,
        "3":0.2199349946,
        "4":0.1955307263
    },
    "AND Gateway":{
        "0":0.3939393939,
        "1":0.5,
        "2":0.32,
        "3":0.3103448276,
        "4":0.3095238095
    },
    "All":{
        "0":0.1027371101,
        "1":0.1081846502,
        "2":0.1033462033,
        "3":0.1068376068,
        "4":0.1036161335
    }
}