{
    "Actor":{
        "0":0.061780997,
        "1":0.0690524194,
        "2":0.0679100909,
        "3":0.0712881023,
        "4":0.0665956313
    },
    "Activity":{
        "0":0.1839171975,
        "1":0.2056807052,
        "2":0.2121495327,
        "3":0.2092811647,
        "4":0.2064264849
    },
    "Activity Data":{
        "0":0.0970170059,
        "1":0.1102106969,
        "2":0.1074721781,
        "3":0.1055074257,
        "4":0.1152899824
    },
    "Further Specification":{
        "0":0.1902718169,
        "1":0.2345890411,
        "2":0.2311046512,
        "3":0.1875808538,
        "4":0.2538461538
    },
    "XOR Gateway":{
        "0":0.0536723164,
        "1":0.0842490842,
        "2":0.0836363636,
        "3":0.0833333333,
        "4":0.0484429066
    },
    "Condition Specification":{
        "0":0.1800699301,
        "1":0.2254098361,
        "2":0.1984732824,
        "3":0.199410609,
        "4":0.188172043
    },
    "AND Gateway":{
        "0":0.3023255814,
        "1":0.5,
        "2":0.32,
        "3":0.36,
        "4":0.325
    },
    "All":{
        "0":0.0855779427,
        "1":0.0991821368,
        "2":0.09779564,
        "3":0.0947306098,
        "4":0.0989638682
    }
}