{
    "Actor":{
        "0":0.1143993121
    },
    "Activity":{
        "0":0.2300460567
    },
    "Activity Data":{
        "0":0.1549958905
    },
    "Further Specification":{
        "0":0.2787552649
    },
    "XOR Gateway":{
        "0":0.0727316634
    },
    "Condition Specification":{
        "0":0.2417178384
    },
    "AND Gateway":{
        "0":0.3424356725
    },
    "All":{
        "0":0.1162854843
    }
}