{
    "Actor":{
        "0":0.0445979937
    },
    "Activity":{
        "0":0.0970314089
    },
    "Activity Data":{
        "0":0.0595190504
    },
    "Further Specification":{
        "0":0.1124033014
    },
    "XOR Gateway":{
        "0":0.0293154083
    },
    "Condition Specification":{
        "0":0.0907369253
    },
    "AND Gateway":{
        "0":0.1313191361
    },
    "All":{
        "0":0.0424247567
    }
}