{
    "Actor":{
        "0":0.161938159
    },
    "Activity":{
        "0":0.3925013503
    },
    "Activity Data":{
        "0":0.2355475837
    },
    "Further Specification":{
        "0":0.4366449147
    },
    "XOR Gateway":{
        "0":0.1315292827
    },
    "Condition Specification":{
        "0":0.3876719831
    },
    "AND Gateway":{
        "0":0.6770101725
    },
    "All":{
        "0":0.1952117914
    }
}