{
    "Actor":{
        "0":0.1390220518,
        "1":0.1405128205,
        "2":0.139626352,
        "3":0.136663525,
        "4":0.1307531381
    },
    "Activity":{
        "0":0.3969072165,
        "1":0.4015296367,
        "2":0.4188191882,
        "3":0.3911564626,
        "4":0.4140625
    },
    "Activity Data":{
        "0":0.2134969325,
        "1":0.2214983713,
        "2":0.2189119171,
        "3":0.1962025316,
        "4":0.2219215156
    },
    "Further Specification":{
        "0":0.430420712,
        "1":0.4029411765,
        "2":0.4466292135,
        "3":0.4096045198,
        "4":0.4697508897
    },
    "XOR Gateway":{
        "0":0.1194968553,
        "1":0.156462585,
        "2":0.1691176471,
        "3":0.1527777778,
        "4":0.1
    },
    "Condition Specification":{
        "0":0.3601398601,
        "1":0.4342105263,
        "2":0.4053452116,
        "3":0.3896353167,
        "4":0.3668763103
    },
    "AND Gateway":{
        "0":0.65,
        "1":0.7058823529,
        "2":0.6153846154,
        "3":0.4736842105,
        "4":0.7647058824
    },
    "All":{
        "0":0.1870220162,
        "1":0.19504723,
        "2":0.1979295046,
        "3":0.1807909605,
        "4":0.192955193
    }
}