{
    "Actor":{
        "0":0.1506622517,
        "1":0.1692150866,
        "2":0.1594867094,
        "3":0.1780199818,
        "4":0.1708074534
    },
    "Activity":{
        "0":0.4059900166,
        "1":0.4118773946,
        "2":0.4340659341,
        "3":0.411965812,
        "4":0.438976378
    },
    "Activity Data":{
        "0":0.2270299145,
        "1":0.2538265306,
        "2":0.2431444241,
        "3":0.236395553,
        "4":0.2632667126
    },
    "Further Specification":{
        "0":0.4748427673,
        "1":0.4897260274,
        "2":0.4829545455,
        "3":0.4004739336,
        "4":0.5580524345
    },
    "XOR Gateway":{
        "0":0.1176470588,
        "1":0.1654676259,
        "2":0.1575342466,
        "3":0.1605839416,
        "4":0.1076923077
    },
    "Condition Specification":{
        "0":0.3899159664,
        "1":0.4513715711,
        "2":0.4240506329,
        "3":0.4258555133,
        "4":0.4552429668
    },
    "AND Gateway":{
        "0":0.65,
        "1":0.9230769231,
        "2":0.6666666667,
        "3":0.75,
        "4":0.6363636364
    },
    "All":{
        "0":0.1914715719,
        "1":0.2173135853,
        "2":0.2109338339,
        "3":0.2059216385,
        "4":0.2259705489
    }
}