{
    "Actor":{
        "0":0.091540404,
        "1":0.0978571429,
        "2":0.1045655376,
        "3":0.1052249637,
        "4":0.0977326036
    },
    "Activity":{
        "0":0.2727272727,
        "1":0.2928870293,
        "2":0.3092643052,
        "3":0.3002610966,
        "4":0.302425107
    },
    "Activity Data":{
        "0":0.1448792673,
        "1":0.1594746717,
        "2":0.1630487217,
        "3":0.1521642124,
        "4":0.1635094716
    },
    "Further Specification":{
        "0":0.2703252033,
        "1":0.2991266376,
        "2":0.2922794118,
        "3":0.3310502283,
        "4":0.3975903614
    },
    "XOR Gateway":{
        "0":0.0791666667,
        "1":0.1204188482,
        "2":0.116751269,
        "3":0.1128205128,
        "4":0.0752688172
    },
    "Condition Specification":{
        "0":0.2757697456,
        "1":0.3423236515,
        "2":0.2688330871,
        "3":0.2619354839,
        "4":0.296108291
    },
    "AND Gateway":{
        "0":0.4193548387,
        "1":0.6666666667,
        "2":0.4444444444,
        "3":0.375,
        "4":0.5
    },
    "All":{
        "0":0.1272268643,
        "1":0.1415339014,
        "2":0.1433672558,
        "3":0.1375279354,
        "4":0.1454793986
    }
}