{
    "Actor":{
        "0":0.2699416342,
        "1":0.3013937282,
        "2":0.2921970116,
        "3":0.2914544426,
        "4":0.285971223
    },
    "Activity":{
        "0":0.3184713376,
        "1":0.3623898139,
        "2":0.3551401869,
        "3":0.3439490446,
        "4":0.3476144109
    },
    "Activity Data":{
        "0":0.2995732575,
        "1":0.3330026455,
        "2":0.3060303128,
        "3":0.3048973144,
        "4":0.3297606288
    },
    "Further Specification":{
        "0":0.3376251788,
        "1":0.4246575342,
        "2":0.4098837209,
        "3":0.340232859,
        "4":0.3884615385
    },
    "XOR Gateway":{
        "0":0.2807017544,
        "1":0.3309859155,
        "2":0.3703703704,
        "3":0.3333333333,
        "4":0.3134328358
    },
    "Condition Specification":{
        "0":0.3479020979,
        "1":0.4082191781,
        "2":0.3803278689,
        "3":0.3838582677,
        "4":0.3527508091
    },
    "AND Gateway":{
        "0":0.3636363636,
        "1":0.5,
        "2":0.5,
        "3":0.5,
        "4":0.4074074074
    },
    "All":{
        "0":0.2962587334,
        "1":0.3392240784,
        "2":0.3205692109,
        "3":0.3139987445,
        "4":0.3208955224
    }
}