{
    "Actor":{
        "0":0.6375086725
    },
    "Activity":{
        "0":0.5801398622
    },
    "Activity Data":{
        "0":0.7150282277
    },
    "Further Specification":{
        "0":0.7575631535
    },
    "XOR Gateway":{
        "0":0.6122154902
    },
    "Condition Specification":{
        "0":0.7311832647
    },
    "AND Gateway":{
        "0":0.6705042017
    },
    "All":{
        "0":0.666839729
    }
}