{
    "Actor":{
        "0":0.591881514,
        "1":0.6171116505,
        "2":0.5843116329,
        "3":0.6252969121,
        "4":0.6201866978
    },
    "Activity":{
        "0":0.5315145814,
        "1":0.545068929,
        "2":0.5389162562,
        "3":0.5355355355,
        "4":0.5392456677
    },
    "Activity Data":{
        "0":0.6806181584,
        "1":0.7001715266,
        "2":0.6591661152,
        "3":0.6630073187,
        "4":0.677498253
    },
    "Further Specification":{
        "0":0.7199312715,
        "1":0.7456747405,
        "2":0.671679198,
        "3":0.731511254,
        "4":0.7056451613
    },
    "XOR Gateway":{
        "0":0.5,
        "1":0.519379845,
        "2":0.6015625,
        "3":0.5454545455,
        "4":0.5
    },
    "Condition Specification":{
        "0":0.6909448819,
        "1":0.7042062415,
        "2":0.706088993,
        "3":0.7266035752,
        "4":0.6648706897
    },
    "AND Gateway":{
        "0":0.8461538462,
        "1":0.6,
        "2":0.6,
        "3":0.7727272727,
        "4":0.5625
    },
    "All":{
        "0":0.6262587142,
        "1":0.6492109039,
        "2":0.6156241889,
        "3":0.6352464551,
        "4":0.6249475598
    }
}