{
    "Actor":{
        "0":0.4852498789
    },
    "Activity":{
        "0":0.5757743774
    },
    "Activity Data":{
        "0":0.5223324957
    },
    "Further Specification":{
        "0":0.6332534665
    },
    "XOR Gateway":{
        "0":0.5495686164
    },
    "Condition Specification":{
        "0":0.6325525982
    },
    "AND Gateway":{
        "0":0.7822875817
    },
    "All":{
        "0":0.5306719807
    }
}