{
    "Actor":{
        "0":0.7004310345,
        "1":0.732718894,
        "2":0.7048997773,
        "3":0.7050359712,
        "4":0.6793103448
    },
    "Activity":{
        "0":0.7371134021,
        "1":0.7633587786,
        "2":0.758302583,
        "3":0.7130730051,
        "4":0.748046875
    },
    "Activity Data":{
        "0":0.7711138311,
        "1":0.7890625,
        "2":0.732038835,
        "3":0.7480091013,
        "4":0.767049291
    },
    "Further Specification":{
        "0":0.8429487179,
        "1":0.855907781,
        "2":0.8527777778,
        "3":0.8328690808,
        "4":0.8327526132
    },
    "XOR Gateway":{
        "0":0.7205882353,
        "1":0.6962025316,
        "2":0.796875,
        "3":0.7183098592,
        "4":0.6811594203
    },
    "Condition Specification":{
        "0":0.8278829604,
        "1":0.9036458333,
        "2":0.8539823009,
        "3":0.8503787879,
        "4":0.7950310559
    },
    "AND Gateway":{
        "0":1.0,
        "1":0.9230769231,
        "2":1.0,
        "3":0.7142857143,
        "4":1.0
    },
    "All":{
        "0":0.7444794953,
        "1":0.7760597174,
        "2":0.7383660807,
        "3":0.7357875116,
        "4":0.7306760032
    }
}