{
    "Actor":{
        "0":0.3183760684,
        "1":0.3279783681,
        "2":0.316575259,
        "3":0.3443090074,
        "4":0.3377618804
    },
    "Activity":{
        "0":0.25,
        "1":0.2589699074,
        "2":0.2492203005,
        "3":0.2551278449,
        "4":0.2547482665
    },
    "Activity Data":{
        "0":0.346274743,
        "1":0.3649781341,
        "2":0.3407605193,
        "3":0.35,
        "4":0.3606573805
    },
    "Further Specification":{
        "0":0.3269754768,
        "1":0.3355734767,
        "2":0.3297380586,
        "3":0.3303389138,
        "4":0.3542009885
    },
    "XOR Gateway":{
        "0":0.2318548387,
        "1":0.2125,
        "2":0.2675438596,
        "3":0.2450980392,
        "4":0.2430555556
    },
    "Condition Specification":{
        "0":0.3719030765,
        "1":0.3920559029,
        "2":0.3416976456,
        "3":0.3451621846,
        "4":0.3715037841
    },
    "AND Gateway":{
        "0":0.3009708738,
        "1":0.3375,
        "2":0.2542372881,
        "3":0.3611111111,
        "4":0.3608247423
    },
    "All":{
        "0":0.3157641396,
        "1":0.3316050324,
        "2":0.3105419369,
        "3":0.3221781888,
        "4":0.3284329695
    }
}