{
    "Actor":{
        "0":0.5768783952
    },
    "Activity":{
        "0":0.5084226277
    },
    "Activity Data":{
        "0":0.6461213222
    },
    "Further Specification":{
        "0":0.6874674405
    },
    "XOR Gateway":{
        "0":0.5017789552
    },
    "Condition Specification":{
        "0":0.6677527931
    },
    "AND Gateway":{
        "0":0.6620098039
    },
    "All":{
        "0":0.6004459561
    }
}