{
    "Actor":{
        "0":0.6482816576
    },
    "Activity":{
        "0":0.5931408471
    },
    "Activity Data":{
        "0":0.7202881397
    },
    "Further Specification":{
        "0":0.7710821187
    },
    "XOR Gateway":{
        "0":0.5970165929
    },
    "Condition Specification":{
        "0":0.7423601376
    },
    "AND Gateway":{
        "0":0.7062976827
    },
    "All":{
        "0":0.6760179418
    }
}