{
    "Actor":{
        "0":0.2530779754,
        "1":0.268494568,
        "2":0.2487046632,
        "3":0.2721987315,
        "4":0.2679775281
    },
    "Activity":{
        "0":0.3007518797,
        "1":0.3127641589,
        "2":0.3047313553,
        "3":0.3080684597,
        "4":0.3148148148
    },
    "Activity Data":{
        "0":0.2794585987,
        "1":0.2958284371,
        "2":0.2686102462,
        "3":0.2844090775,
        "4":0.3031198686
    },
    "Further Specification":{
        "0":0.3072916667,
        "1":0.333781965,
        "2":0.3248847926,
        "3":0.3187878788,
        "4":0.3692870201
    },
    "XOR Gateway":{
        "0":0.2696629213,
        "1":0.2814371257,
        "2":0.3086419753,
        "3":0.2986111111,
        "4":0.2781456954
    },
    "Condition Specification":{
        "0":0.3191659984,
        "1":0.3329608939,
        "2":0.3201471941,
        "3":0.3239202658,
        "4":0.340625
    },
    "AND Gateway":{
        "0":0.3333333333,
        "1":0.3333333333,
        "2":0.3684210526,
        "3":0.347826087,
        "4":0.3333333333
    },
    "All":{
        "0":0.2761554622,
        "1":0.2940754039,
        "2":0.2741453701,
        "3":0.2872071658,
        "4":0.2979084967
    }
}