{
    "Actor":{
        "0":0.4263971404
    },
    "Activity":{
        "0":0.34173908
    },
    "Activity Data":{
        "0":0.475495755
    },
    "Further Specification":{
        "0":0.4656980704
    },
    "XOR Gateway":{
        "0":0.340282566
    },
    "Condition Specification":{
        "0":0.4819198213
    },
    "AND Gateway":{
        "0":0.4232524104
    },
    "All":{
        "0":0.4311266899
    }
}