{
    "Actor":{
        "0":0.2359693878,
        "1":0.2482065997,
        "2":0.2388059701,
        "3":0.2477152477,
        "4":0.2434915773
    },
    "Activity":{
        "0":0.2807017544,
        "1":0.2868217054,
        "2":0.2885345482,
        "3":0.2844243792,
        "4":0.2881355932
    },
    "Activity Data":{
        "0":0.2611607143,
        "1":0.2698285102,
        "2":0.2559331176,
        "3":0.2594086022,
        "4":0.2727541371
    },
    "Further Specification":{
        "0":0.3025641026,
        "1":0.3143219265,
        "2":0.3071895425,
        "3":0.3054587689,
        "4":0.3176100629
    },
    "XOR Gateway":{
        "0":0.2580645161,
        "1":0.2611111111,
        "2":0.2923976608,
        "3":0.2810457516,
        "4":0.2592592593
    },
    "Condition Specification":{
        "0":0.3049808429,
        "1":0.3094496366,
        "2":0.3020833333,
        "3":0.3051643192,
        "4":0.3011049724
    },
    "AND Gateway":{
        "0":0.3333333333,
        "1":0.3333333333,
        "2":0.3333333333,
        "3":0.3333333333,
        "4":0.3333333333
    },
    "All":{
        "0":0.2598853302,
        "1":0.2707438017,
        "2":0.260897031,
        "3":0.264824227,
        "4":0.268149194
    }
}