{
    "Actor":{
        "0":0.6826853531
    },
    "Activity":{
        "0":0.7426836169
    },
    "Activity Data":{
        "0":0.7494999993
    },
    "Further Specification":{
        "0":0.8640811736
    },
    "XOR Gateway":{
        "0":0.6996290559
    },
    "Condition Specification":{
        "0":0.8475291261
    },
    "AND Gateway":{
        "0":0.9275324675
    },
    "All":{
        "0":0.7365078631
    }
}