{
    "Actor":{
        "0":0.5516023731
    },
    "Activity":{
        "0":0.4611905369
    },
    "Activity Data":{
        "0":0.6111095995
    },
    "Further Specification":{
        "0":0.6309926862
    },
    "XOR Gateway":{
        "0":0.4628773705
    },
    "Condition Specification":{
        "0":0.6226436845
    },
    "AND Gateway":{
        "0":0.5283558897
    },
    "All":{
        "0":0.5632917129
    }
}