{
    "Actor":{
        "0":0.2620906932
    },
    "Activity":{
        "0":0.3082261337
    },
    "Activity Data":{
        "0":0.2862852457
    },
    "Further Specification":{
        "0":0.3308066646
    },
    "XOR Gateway":{
        "0":0.2872997658
    },
    "Condition Specification":{
        "0":0.3273638704
    },
    "AND Gateway":{
        "0":0.3432494279
    },
    "All":{
        "0":0.2858983798
    }
}