{
    "Actor":{
        "0":0.5598021583,
        "1":0.5796866559,
        "2":0.5575129534,
        "3":0.588814086,
        "4":0.5985761227
    },
    "Activity":{
        "0":0.4774346793,
        "1":0.5254403131,
        "2":0.5102420857,
        "3":0.5018115942,
        "4":0.527184466
    },
    "Activity Data":{
        "0":0.6381909548,
        "1":0.6656288917,
        "2":0.6229408176,
        "3":0.6394029851,
        "4":0.664442962
    },
    "Further Specification":{
        "0":0.6657458564,
        "1":0.7215815486,
        "2":0.7055555556,
        "3":0.644638404,
        "4":0.6998158379
    },
    "XOR Gateway":{
        "0":0.4561403509,
        "1":0.485915493,
        "2":0.562962963,
        "3":0.503875969,
        "4":0.5
    },
    "Condition Specification":{
        "0":0.6545914069,
        "1":0.7169069463,
        "2":0.6624203822,
        "3":0.6685768863,
        "4":0.6362683438
    },
    "AND Gateway":{
        "0":0.6666666667,
        "1":0.55,
        "2":0.6875,
        "3":0.7058823529,
        "4":0.7
    },
    "All":{
        "0":0.5842481083,
        "1":0.6212419588,
        "2":0.5878937616,
        "3":0.5971360382,
        "4":0.6117099135
    }
}