{
    "Actor":{
        "0":0.5430528376,
        "1":0.6275695284,
        "2":0.5659163987,
        "3":0.5543595264,
        "4":0.571257485
    },
    "Activity":{
        "0":0.6666666667,
        "1":0.7088122605,
        "2":0.695970696,
        "3":0.647260274,
        "4":0.7027559055
    },
    "Activity Data":{
        "0":0.5892557359,
        "1":0.6638101516,
        "2":0.6006329114,
        "3":0.5902140673,
        "4":0.6625987078
    },
    "Further Specification":{
        "0":0.7539936102,
        "1":0.8493150685,
        "2":0.8103448276,
        "3":0.6337349398,
        "4":0.7680608365
    },
    "XOR Gateway":{
        "0":0.5853658537,
        "1":0.661971831,
        "2":0.6666666667,
        "3":0.6515151515,
        "4":0.7
    },
    "Condition Specification":{
        "0":0.6826758148,
        "1":0.7544303797,
        "2":0.75,
        "3":0.7485604607,
        "4":0.8406169666
    },
    "AND Gateway":{
        "0":0.8,
        "1":0.9090909091,
        "2":1.0,
        "3":1.0,
        "4":0.8461538462
    },
    "All":{
        "0":0.5972285325,
        "1":0.6759284732,
        "2":0.6268656716,
        "3":0.6014911015,
        "4":0.658480208
    }
}