{
    "Actor":{
        "0":0.6507633588,
        "1":0.7129411765,
        "2":0.6691253952,
        "3":0.6921487603,
        "4":0.6884480747
    },
    "Activity":{
        "0":0.7321131448,
        "1":0.7490421456,
        "2":0.7490842491,
        "3":0.7213675214,
        "4":0.7618110236
    },
    "Activity Data":{
        "0":0.7254476397,
        "1":0.7811688312,
        "2":0.7340754484,
        "3":0.7293413174,
        "4":0.77746676
    },
    "Further Specification":{
        "0":0.8616352201,
        "1":0.9006849315,
        "2":0.875,
        "3":0.8104265403,
        "4":0.872659176
    },
    "XOR Gateway":{
        "0":0.6707317073,
        "1":0.6901408451,
        "2":0.6933333333,
        "3":0.7272727273,
        "4":0.7166666667
    },
    "Condition Specification":{
        "0":0.8084033613,
        "1":0.865,
        "2":0.8372093023,
        "3":0.8552380952,
        "4":0.8717948718
    },
    "AND Gateway":{
        "0":0.8,
        "1":0.9090909091,
        "2":1.0,
        "3":1.0,
        "4":0.9285714286
    },
    "All":{
        "0":0.7085739671,
        "1":0.7664134563,
        "2":0.7258024384,
        "3":0.7285579642,
        "4":0.7531914894
    }
}