{
    "Actor":{
        "0":0.4584650762,
        "1":0.4759909765,
        "2":0.4728513807,
        "3":0.493093479,
        "4":0.4946717085
    },
    "Activity":{
        "0":0.3810272537,
        "1":0.3950260266,
        "2":0.3820861678,
        "3":0.3859550562,
        "4":0.3986731001
    },
    "Activity Data":{
        "0":0.5148071625,
        "1":0.5413659078,
        "2":0.5069663756,
        "3":0.5210663684,
        "4":0.5519281779
    },
    "Further Specification":{
        "0":0.5224153705,
        "1":0.5298372514,
        "2":0.534309946,
        "3":0.5360995851,
        "4":0.5338512764
    },
    "XOR Gateway":{
        "0":0.3548387097,
        "1":0.375,
        "2":0.4342105263,
        "3":0.3823529412,
        "4":0.4074074074
    },
    "Condition Specification":{
        "0":0.5443592552,
        "1":0.5830860534,
        "2":0.5200752823,
        "3":0.5238362311,
        "4":0.5232403718
    },
    "AND Gateway":{
        "0":0.5098039216,
        "1":0.425,
        "2":0.5,
        "3":0.4571428571,
        "4":0.5652173913
    },
    "All":{
        "0":0.4715187678,
        "1":0.4954892436,
        "2":0.4711190001,
        "3":0.4822752892,
        "4":0.4955095987
    }
}