{
    "Actor":{
        "0":0.2881916079
    },
    "Activity":{
        "0":0.3455129588
    },
    "Activity Data":{
        "0":0.3146528318
    },
    "Further Specification":{
        "0":0.3801721663
    },
    "XOR Gateway":{
        "0":0.3257648419
    },
    "Condition Specification":{
        "0":0.3746116443
    },
    "AND Gateway":{
        "0":0.4542087542
    },
    "All":{
        "0":0.3181892579
    }
}