{
    "Actor":{
        "2":0.7041788323,
        "3":0.7099037627,
        "4":0.7218555168,
        "5":0.7165197901,
        "6":0.7205643823,
        "7":0.7205643823,
        "8":0.7205643823,
        "9":0.721530121,
        "10":0.721530121,
        "11":0.721530121,
        "12":0.721530121,
        "13":0.721530121,
        "14":0.721530121,
        "15":0.721530121
    },
    "Activity":{
        "2":0.7535687215,
        "3":0.7658072707,
        "4":0.7642084398,
        "5":0.7665352757,
        "6":0.7598954155,
        "7":0.7598954155,
        "8":0.7598954155,
        "9":0.7649218209,
        "10":0.7649218209,
        "11":0.7649218209,
        "12":0.7649218209,
        "13":0.7649218209,
        "14":0.7649218209,
        "15":0.7649218209
    },
    "Activity Data":{
        "2":0.5994398455,
        "3":0.6175629181,
        "4":0.6218037392,
        "5":0.6084601619,
        "6":0.6124045426,
        "7":0.6124045426,
        "8":0.6124045426,
        "9":0.6158860061,
        "10":0.6158860061,
        "11":0.6158860061,
        "12":0.6158860061,
        "13":0.6158860061,
        "14":0.6158860061,
        "15":0.6158860061
    },
    "Further Specification":{
        "2":0.2114052288,
        "3":0.1919024462,
        "4":0.2326495726,
        "5":0.2224700789,
        "6":0.2325937951,
        "7":0.2325937951,
        "8":0.2325937951,
        "9":0.2552923105,
        "10":0.2552923105,
        "11":0.2552923105,
        "12":0.2552923105,
        "13":0.2552923105,
        "14":0.2552923105,
        "15":0.2552923105
    },
    "XOR Gateway":{
        "2":0.711352657,
        "3":0.7133874504,
        "4":0.7049396335,
        "5":0.7172574189,
        "6":0.7033706138,
        "7":0.7033706138,
        "8":0.7033706138,
        "9":0.7246239374,
        "10":0.7246239374,
        "11":0.7246239374,
        "12":0.7246239374,
        "13":0.7246239374,
        "14":0.7246239374,
        "15":0.7246239374
    },
    "Condition Specification":{
        "2":0.5768588416,
        "3":0.5953336433,
        "4":0.6252801674,
        "5":0.6583618995,
        "6":0.6142102058,
        "7":0.6142102058,
        "8":0.6142102058,
        "9":0.5953056321,
        "10":0.5953056321,
        "11":0.5953056321,
        "12":0.5953056321,
        "13":0.5953056321,
        "14":0.5953056321,
        "15":0.5953056321
    },
    "AND Gateway":{
        "2":0.0,
        "3":0.0,
        "4":0.0,
        "5":0.0,
        "6":0.0,
        "7":0.0,
        "8":0.0,
        "9":0.0,
        "10":0.0,
        "11":0.0,
        "12":0.0,
        "13":0.0,
        "14":0.0,
        "15":0.0
    }
}