{
    "Bert Score":{
        "0":0.9992479682,
        "1":1.0,
        "2":0.9992479682,
        "3":0.9992479682,
        "4":0.9992479682
    }
}