{
    "Bert Score":{
        "0":0.9996464849,
        "1":1.0,
        "2":0.9996464849,
        "3":0.9996464849,
        "4":0.9996464849
    }
}