{
    "Actor":{
        "0":0.1660424469,
        "1":0.1771269177,
        "2":0.1746666667,
        "3":0.1922525108,
        "4":0.1740458015
    },
    "Activity":{
        "0":0.4986225895,
        "1":0.492795389,
        "2":0.5395894428,
        "3":0.5411764706,
        "4":0.5207667732
    },
    "Activity Data":{
        "0":0.2543352601,
        "1":0.2712906058,
        "2":0.2738515901,
        "3":0.2732142857,
        "4":0.2857142857
    },
    "Further Specification":{
        "0":0.5342465753,
        "1":0.5508474576,
        "2":0.5475285171,
        "3":0.5368852459,
        "4":0.6443298969
    },
    "XOR Gateway":{
        "0":0.15,
        "1":0.1964285714,
        "2":0.2056074766,
        "3":0.22,
        "4":0.1142857143
    },
    "Condition Specification":{
        "0":0.4838709677,
        "1":0.5150501672,
        "2":0.4796747967,
        "3":0.4886075949,
        "4":0.4940828402
    },
    "AND Gateway":{
        "0":0.7,
        "1":1.0,
        "2":0.7,
        "3":0.6666666667,
        "4":0.7777777778
    },
    "All":{
        "0":0.2264150943,
        "1":0.2395796848,
        "2":0.2462987887,
        "3":0.2474155755,
        "4":0.2515337423
    }
}