{
    "Actor":{
        "0":0.1620111732,
        "1":0.1710362047,
        "2":0.1692491061,
        "3":0.1835443038,
        "4":0.1700680272
    },
    "Activity":{
        "0":0.4934782609,
        "1":0.488372093,
        "2":0.5259433962,
        "3":0.5280373832,
        "4":0.5201005025
    },
    "Activity Data":{
        "0":0.2555391433,
        "1":0.2675059009,
        "2":0.2707493956,
        "3":0.2701838529,
        "4":0.2882404951
    },
    "Further Specification":{
        "0":0.5115384615,
        "1":0.5209125475,
        "2":0.5196078431,
        "3":0.5052264808,
        "4":0.6226415094
    },
    "XOR Gateway":{
        "0":0.1439393939,
        "1":0.1949152542,
        "2":0.1965811966,
        "3":0.2,
        "4":0.1217391304
    },
    "Condition Specification":{
        "0":0.4735632184,
        "1":0.5124223602,
        "2":0.4727272727,
        "3":0.4754098361,
        "4":0.4820936639
    },
    "AND Gateway":{
        "0":0.8125,
        "1":1.0,
        "2":0.6666666667,
        "3":0.75,
        "4":0.8125
    },
    "All":{
        "0":0.2263513514,
        "1":0.2374883432,
        "2":0.2406738869,
        "3":0.2411497731,
        "4":0.2494949495
    }
}