{
    "Actor":{
        "0":0.1637831603,
        "1":0.1720154044,
        "2":0.1711491443,
        "3":0.1866840731,
        "4":0.1713091922
    },
    "Activity":{
        "0":0.4940898345,
        "1":0.4862842893,
        "2":0.5316455696,
        "3":0.5275,
        "4":0.5174262735
    },
    "Activity Data":{
        "0":0.2551724138,
        "1":0.267755102,
        "2":0.2724279835,
        "3":0.2724279835,
        "4":0.2866300366
    },
    "Further Specification":{
        "0":0.5125,
        "1":0.5301204819,
        "2":0.5244755245,
        "3":0.5093632959,
        "4":0.6213592233
    },
    "XOR Gateway":{
        "0":0.1450381679,
        "1":0.1965811966,
        "2":0.1982758621,
        "3":0.2018348624,
        "4":0.1217391304
    },
    "Condition Specification":{
        "0":0.4720930233,
        "1":0.5141955836,
        "2":0.4736842105,
        "3":0.4763033175,
        "4":0.4820936639
    },
    "AND Gateway":{
        "0":0.8,
        "1":1.0,
        "2":0.6363636364,
        "3":0.75,
        "4":0.8
    },
    "All":{
        "0":0.2257402521,
        "1":0.2378186512,
        "2":0.2424712822,
        "3":0.2428705735,
        "4":0.2480916031
    }
}