{
    "Actor":{
        "0":0.1768268687
    },
    "Activity":{
        "0":0.518590133
    },
    "Activity Data":{
        "0":0.2716812055
    },
    "Further Specification":{
        "0":0.5627675386
    },
    "XOR Gateway":{
        "0":0.1772643525
    },
    "Condition Specification":{
        "0":0.4922572734
    },
    "AND Gateway":{
        "0":0.7688888889
    },
    "All":{
        "0":0.2422485771
    }
}