{
    "Actor":{
        "0":0.1616499443,
        "1":0.1710362047,
        "2":0.1688466112,
        "3":0.1830808081,
        "4":0.1696065129
    },
    "Activity":{
        "0":0.491416309,
        "1":0.488372093,
        "2":0.523255814,
        "3":0.5253456221,
        "4":0.5198019802
    },
    "Activity Data":{
        "0":0.2545720556,
        "1":0.2675059009,
        "2":0.2695374801,
        "3":0.269778481,
        "4":0.2867132867
    },
    "Further Specification":{
        "0":0.5115384615,
        "1":0.5209125475,
        "2":0.5196078431,
        "3":0.5052264808,
        "4":0.6226415094
    },
    "XOR Gateway":{
        "0":0.1439393939,
        "1":0.1949152542,
        "2":0.1965811966,
        "3":0.2,
        "4":0.1217391304
    },
    "Condition Specification":{
        "0":0.4735632184,
        "1":0.5124223602,
        "2":0.4727272727,
        "3":0.4754098361,
        "4":0.4820936639
    },
    "AND Gateway":{
        "0":0.8125,
        "1":1.0,
        "2":0.6666666667,
        "3":0.75,
        "4":0.8125
    },
    "All":{
        "0":0.2258606213,
        "1":0.2374883432,
        "2":0.2400597907,
        "3":0.2405291642,
        "4":0.2490805751
    }
}