{
    "Actor":{
        "0":0.709346991,
        "1":0.7446197991,
        "2":0.7179836512,
        "3":0.7434782609,
        "4":0.7323076923
    },
    "Activity":{
        "0":0.8413043478,
        "1":0.8604651163,
        "2":0.8655660377,
        "3":0.8481308411,
        "4":0.864321608
    },
    "Activity Data":{
        "0":0.7825432656,
        "1":0.8094855305,
        "2":0.7665847666,
        "3":0.7763265306,
        "4":0.8176100629
    },
    "Further Specification":{
        "0":0.9076923077,
        "1":0.9429657795,
        "2":0.9215686275,
        "3":0.9163763066,
        "4":0.9528301887
    },
    "XOR Gateway":{
        "0":0.7741935484,
        "1":0.7833333333,
        "2":0.8771929825,
        "3":0.8431372549,
        "4":0.7777777778
    },
    "Condition Specification":{
        "0":0.9149425287,
        "1":0.9283489097,
        "2":0.90625,
        "3":0.9154929577,
        "4":0.9033149171
    },
    "AND Gateway":{
        "0":1.0,
        "1":1.0,
        "2":1.0,
        "3":1.0,
        "4":1.0
    },
    "All":{
        "0":0.7792752321,
        "1":0.812231405,
        "2":0.7823172678,
        "3":0.7929373997,
        "4":0.8042857143
    }
}