{
    "Actor":{
        "0":0.7088122605,
        "1":0.7446197991,
        "2":0.7173913043,
        "3":0.7427745665,
        "4":0.731595092
    },
    "Activity":{
        "0":0.8433476395,
        "1":0.8604651163,
        "2":0.8674418605,
        "3":0.8502304147,
        "4":0.8663366337
    },
    "Activity Data":{
        "0":0.7846497765,
        "1":0.8094855305,
        "2":0.7690437601,
        "3":0.7786752827,
        "4":0.8197158082
    },
    "Further Specification":{
        "0":0.9076923077,
        "1":0.9429657795,
        "2":0.9215686275,
        "3":0.9163763066,
        "4":0.9528301887
    },
    "XOR Gateway":{
        "0":0.7741935484,
        "1":0.7833333333,
        "2":0.8771929825,
        "3":0.8431372549,
        "4":0.7777777778
    },
    "Condition Specification":{
        "0":0.9149425287,
        "1":0.9283489097,
        "2":0.90625,
        "3":0.9154929577,
        "4":0.9033149171
    },
    "AND Gateway":{
        "0":1.0,
        "1":1.0,
        "2":1.0,
        "3":1.0,
        "4":1.0
    },
    "All":{
        "0":0.7803571429,
        "1":0.812231405,
        "2":0.7834495878,
        "3":0.794005102,
        "4":0.8053881602
    }
}