{
    "Actor":{
        "0":0.708994709,
        "1":0.7433628319,
        "2":0.717877095,
        "3":0.745508982,
        "4":0.7334384858
    },
    "Activity":{
        "0":0.8321513002,
        "1":0.8528678304,
        "2":0.8607594937,
        "3":0.8425,
        "4":0.8579088472
    },
    "Activity Data":{
        "0":0.7806401249,
        "1":0.8081734779,
        "2":0.7682008368,
        "3":0.7773109244,
        "4":0.8139534884
    },
    "Further Specification":{
        "0":0.9083333333,
        "1":0.9437751004,
        "2":0.9230769231,
        "3":0.9176029963,
        "4":0.9514563107
    },
    "XOR Gateway":{
        "0":0.7704918033,
        "1":0.7796610169,
        "2":0.875,
        "3":0.84,
        "4":0.7777777778
    },
    "Condition Specification":{
        "0":0.9139534884,
        "1":0.9272151899,
        "2":0.9050131926,
        "3":0.9144893112,
        "4":0.9033149171
    },
    "AND Gateway":{
        "0":1.0,
        "1":1.0,
        "2":1.0,
        "3":1.0,
        "4":1.0
    },
    "All":{
        "0":0.7760774516,
        "1":0.8096873926,
        "2":0.7810748434,
        "3":0.792276964,
        "4":0.8014001474
    }
}