{
    "Actor":{
        "0":0.7082262211,
        "1":0.7435158501,
        "2":0.7168262654,
        "3":0.7434782609,
        "4":0.7310664606
    },
    "Activity":{
        "0":0.8395604396,
        "1":0.8588235294,
        "2":0.8639618138,
        "3":0.8481308411,
        "4":0.8625954198
    },
    "Activity Data":{
        "0":0.7810606061,
        "1":0.808097166,
        "2":0.7648514851,
        "3":0.7763265306,
        "4":0.8161231884
    },
    "Further Specification":{
        "0":0.9076923077,
        "1":0.9429657795,
        "2":0.9215686275,
        "3":0.9163763066,
        "4":0.9528301887
    },
    "XOR Gateway":{
        "0":0.7741935484,
        "1":0.7833333333,
        "2":0.8771929825,
        "3":0.8431372549,
        "4":0.7777777778
    },
    "Condition Specification":{
        "0":0.9149425287,
        "1":0.9283489097,
        "2":0.90625,
        "3":0.9154929577,
        "4":0.9033149171
    },
    "AND Gateway":{
        "0":1.0,
        "1":1.0,
        "2":1.0,
        "3":1.0,
        "4":1.0
    },
    "All":{
        "0":0.7781456954,
        "1":0.8111702128,
        "2":0.7811296534,
        "3":0.7929373997,
        "4":0.8030901904
    }
}