{
    "Actor":{
        "0":0.0873240035
    },
    "Activity":{
        "0":0.2530980567
    },
    "Activity Data":{
        "0":0.1368198972
    },
    "Further Specification":{
        "0":0.2719484963
    },
    "XOR Gateway":{
        "0":0.0875720706
    },
    "Condition Specification":{
        "0":0.2492461294
    },
    "AND Gateway":{
        "0":0.4041666667
    },
    "All":{
        "0":0.1211632791
    }
}