{
    "Bleu Score":{
        "0":0.0029936003,
        "1":0.0004116552,
        "2":0.0001689373,
        "3":0.0000957019,
        "4":0.0011308804
    }
}