{
    "Actor":{
        "0":0.0792104589,
        "1":0.0807965861,
        "2":0.0848799127,
        "3":0.0877093386,
        "4":0.0851976709
    },
    "Activity":{
        "0":0.1654450262,
        "1":0.1691772885,
        "2":0.1674233825,
        "3":0.1746209994,
        "4":0.1882920941
    },
    "Activity Data":{
        "0":0.1055911081,
        "1":0.1141353656,
        "2":0.1135323201,
        "3":0.1138315366,
        "4":0.1225225225
    },
    "Further Specification":{
        "0":0.2084481175,
        "1":0.2053811659,
        "2":0.206041828,
        "3":0.194214876,
        "4":0.2472406181
    },
    "XOR Gateway":{
        "0":0.0435606061,
        "1":0.0550847458,
        "2":0.0576923077,
        "3":0.0681818182,
        "4":0.0456521739
    },
    "Condition Specification":{
        "0":0.1719432314,
        "1":0.1946902655,
        "2":0.1723922548,
        "3":0.1688022284,
        "4":0.1723684211
    },
    "AND Gateway":{
        "0":0.2352941176,
        "1":0.2916666667,
        "2":0.2244897959,
        "3":0.2745098039,
        "4":0.2537313433
    },
    "All":{
        "0":0.0782130224,
        "1":0.0826602634,
        "2":0.0835198657,
        "3":0.0834442654,
        "4":0.0879701585
    }
}