{
    "Actor":{
        "0":0.0599211564,
        "1":0.0634967513,
        "2":0.0643874644,
        "3":0.0663310631,
        "4":0.0644537544
    },
    "Activity":{
        "0":0.1424067262,
        "1":0.1445153802,
        "2":0.1495167709,
        "3":0.1521126761,
        "4":0.1483050847
    },
    "Activity Data":{
        "0":0.0849467992,
        "1":0.0904994367,
        "2":0.0910300266,
        "3":0.0919824795,
        "4":0.0986209779
    },
    "Further Specification":{
        "0":0.1731315043,
        "1":0.1711627907,
        "2":0.173046252,
        "3":0.1680814941,
        "4":0.2109464082
    },
    "XOR Gateway":{
        "0":0.0378787879,
        "1":0.0529661017,
        "2":0.0534188034,
        "3":0.0545454545,
        "4":0.0347826087
    },
    "Condition Specification":{
        "0":0.1481690141,
        "1":0.1676829268,
        "2":0.1479820628,
        "3":0.1461449942,
        "4":0.1515151515
    },
    "AND Gateway":{
        "0":0.2285714286,
        "1":0.2916666667,
        "2":0.1666666667,
        "3":0.2222222222,
        "4":0.2285714286
    },
    "All":{
        "0":0.0665052787,
        "1":0.070529156,
        "2":0.0711710412,
        "3":0.0708028669,
        "4":0.0743183463
    }
}