{
    "Actor":{
        "0":0.0637180379
    },
    "Activity":{
        "0":0.1473713276
    },
    "Activity Data":{
        "0":0.091415944
    },
    "Further Specification":{
        "0":0.1792736898
    },
    "XOR Gateway":{
        "0":0.0467183512
    },
    "Condition Specification":{
        "0":0.1522988299
    },
    "AND Gateway":{
        "0":0.2275396825
    },
    "All":{
        "0":0.0706653378
    }
}