{
    "Actor":{
        "0":0.3473841555,
        "1":0.364983165,
        "2":0.3467271549,
        "3":0.3615876219,
        "4":0.3638999638
    },
    "Activity":{
        "0":0.3089858119,
        "1":0.3180499129,
        "2":0.3155201819,
        "3":0.3109859155,
        "4":0.3147699758
    },
    "Activity Data":{
        "0":0.3809692881,
        "1":0.403602913,
        "2":0.3786182941,
        "3":0.3866329901,
        "4":0.4066610098
    },
    "Further Specification":{
        "0":0.4030274361,
        "1":0.4148837209,
        "2":0.4011164274,
        "3":0.4032258065,
        "4":0.4127708096
    },
    "XOR Gateway":{
        "0":0.314516129,
        "1":0.3458333333,
        "2":0.3596491228,
        "3":0.362745098,
        "4":0.3101851852
    },
    "Condition Specification":{
        "0":0.418028169,
        "1":0.4441896024,
        "2":0.4026974952,
        "3":0.3979238754,
        "4":0.40243079
    },
    "AND Gateway":{
        "0":0.4074074074,
        "1":0.375,
        "2":0.2941176471,
        "3":0.4210526316,
        "4":0.38
    },
    "All":{
        "0":0.3581876561,
        "1":0.3800699857,
        "2":0.357480916,
        "3":0.364702276,
        "4":0.3716912078
    }
}