{
    "Actor":{
        "0":0.3569164122
    },
    "Activity":{
        "0":0.3136623596
    },
    "Activity Data":{
        "0":0.391296899
    },
    "Further Specification":{
        "0":0.4070048401
    },
    "XOR Gateway":{
        "0":0.3385857737
    },
    "Condition Specification":{
        "0":0.4130539864
    },
    "AND Gateway":{
        "0":0.3755155372
    },
    "All":{
        "0":0.3664264083
    }
}