{
    "0.0":{
        "0.25":0.0,
        "0.5":0.0,
        "0.75":0.0,
        "1.0":0.0
    },
    "0.1":{
        "0.25":0.0019026879,
        "0.5":0.0063641618,
        "0.75":0.0096501315,
        "1.0":0.0042864734
    },
    "0.2":{
        "0.25":0.0038909074,
        "0.5":0.0523347064,
        "0.75":0.0600820277,
        "1.0":0.0098624706
    },
    "0.3":{
        "0.25":0.0034132317,
        "0.5":0.0308730772,
        "0.75":0.0083151571,
        "1.0":0.0195356763
    },
    "0.4":{
        "0.25":0.004387394,
        "0.5":-0.0055217524,
        "0.75":-0.0163019128,
        "1.0":0.0179491574
    },
    "0.5":{
        "0.25":0.0067839534,
        "0.5":0.0283997364,
        "0.75":0.0262731312,
        "1.0":0.0237967398
    },
    "0.6":{
        "0.25":0.0065765949,
        "0.5":0.0144417625,
        "0.75":0.0197441547,
        "1.0":0.0247195316
    },
    "0.7":{
        "0.25":0.0062755215,
        "0.5":0.021853147,
        "0.75":0.0048739357,
        "1.0":0.0281172266
    },
    "0.8":{
        "0.25":0.0086449984,
        "0.5":0.0244572147,
        "0.75":0.0248629754,
        "1.0":0.0282032497
    },
    "0.9":{
        "0.25":0.0101890526,
        "0.5":0.023439656,
        "0.75":0.0349448533,
        "1.0":0.0307579932
    },
    "1.0":{
        "0.25":0.0090296627,
        "0.5":0.0180447195,
        "0.75":0.027947688,
        "1.0":0.0342262058
    },
    "1.25":{
        "0.25":0.0097208725,
        "0.5":0.0252490435,
        "0.75":0.0257180873,
        "1.0":0.0301194807
    },
    "1.5":{
        "0.25":0.009671319,
        "0.5":0.0271436834,
        "0.75":0.0261774054,
        "1.0":0.0269871268
    },
    "1.75":{
        "0.25":0.0100971887,
        "0.5":0.0147726706,
        "0.75":0.023388448,
        "1.0":0.0252325299
    },
    "2.0":{
        "0.25":0.0104113277,
        "0.5":0.0180563313,
        "0.75":0.0217911598,
        "1.0":0.0228174704
    },
    "3.0":{
        "0.25":0.0096068849,
        "0.5":0.0150794483,
        "0.75":0.0170536695,
        "1.0":0.0171131028
    },
    "4.0":{
        "0.25":0.0100961587,
        "0.5":0.0132323425,
        "0.75":0.0139470687,
        "1.0":0.0136904822
    },
    "5.0":{
        "0.25":0.0089040949,
        "0.5":0.0113673314,
        "0.75":0.011729577,
        "1.0":0.0114087352
    },
    "7.0":{
        "0.25":0.0076122149,
        "0.5":0.0087410364,
        "0.75":0.0087880392,
        "1.0":0.0085565514
    },
    "10.0":{
        "0.25":0.0060867447,
        "0.5":0.0064035514,
        "0.75":0.0063983614,
        "1.0":0.0062229465
    }
}