{
    "0.0":{
        "0.25":1.0,
        "0.5":1.0,
        "0.75":1.0,
        "1.0":1.0
    },
    "0.1":{
        "0.25":0.9975431283,
        "0.5":0.9948577805,
        "0.75":0.9941660555,
        "1.0":0.9931192812
    },
    "0.2":{
        "0.25":0.9947888602,
        "0.5":0.9919928012,
        "0.75":0.9890566612,
        "1.0":0.9860082161
    },
    "0.3":{
        "0.25":0.9937031712,
        "0.5":0.9891799584,
        "0.75":0.9768468485,
        "1.0":0.9697227203
    },
    "0.4":{
        "0.25":0.991706283,
        "0.5":0.9822775381,
        "0.75":0.9770287236,
        "1.0":0.9686810066
    },
    "0.5":{
        "0.25":0.9896353208,
        "0.5":0.9835076734,
        "0.75":0.9709561288,
        "1.0":0.960856876
    },
    "0.6":{
        "0.25":0.9882721562,
        "0.5":0.9803209254,
        "0.75":0.9677611274,
        "1.0":0.9570648783
    },
    "0.7":{
        "0.25":0.9890611819,
        "0.5":0.9751035244,
        "0.75":0.9646092024,
        "1.0":0.9526139336
    },
    "0.8":{
        "0.25":0.9864529488,
        "0.5":0.9770621325,
        "0.75":0.9640829968,
        "1.0":0.9509236281
    },
    "0.9":{
        "0.25":0.9853729795,
        "0.5":0.9727201592,
        "0.75":0.9615309761,
        "1.0":0.9484262298
    },
    "1.0":{
        "0.25":0.9859053682,
        "0.5":0.9708214033,
        "0.75":0.9543887322,
        "1.0":0.941774545
    },
    "1.25":{
        "0.25":0.9829706698,
        "0.5":0.9693862831,
        "0.75":0.9517122558,
        "1.0":0.9352830382
    },
    "1.5":{
        "0.25":0.9811839419,
        "0.5":0.9651624754,
        "0.75":0.9477559871,
        "1.0":0.930986667
    },
    "1.75":{
        "0.25":0.9812710739,
        "0.5":0.9634078067,
        "0.75":0.9438173017,
        "1.0":0.9270713787
    },
    "2.0":{
        "0.25":0.9827774999,
        "0.5":0.9615413952,
        "0.75":0.9424612129,
        "1.0":0.9231306911
    },
    "3.0":{
	"0.25":0.9779580928,
        "0.5":0.9545915508,
        "0.75":0.9353650599,
        "1.0":0.9139478645
    },
    "4.0":{
        "0.25":0.9764893984,
        "0.5":0.9544533106,
        "0.75":0.9316854915,
        "1.0":0.9084821474
    },
    "5.0":{
        "0.25":0.9755075029,
        "0.5":0.9518563237,
        "0.75":0.9284080948,
        "1.0":0.9048565383
    },
    "7.0":{
        "0.25":0.9743330561,
        "0.5":0.9492938084,
        "0.75":0.9248270112,
        "1.0":0.9003449021
    },
    "10.0":{
        "0.25":0.9731915523,
        "0.5":0.9473446934,
        "0.75":0.9225949661,
        "1.0":0.8966703288
    }
}