{
    "0.0":{
        "0.25":0.2378511926,
        "0.5":0.2378511926,
        "0.75":0.2378511926,
        "1.0":0.2378511926
    },
    "0.1":{
        "0.25":0.2195139494,
        "0.5":0.2201608889,
        "0.75":0.2214489533,
        "1.0":0.2215586024
    },
    "0.2":{
        "0.25":0.1909765405,
        "0.5":0.204846654,
        "0.75":0.2068421959,
        "1.0":0.2069459446
    },
    "0.3":{
        "0.25":0.183544428,
        "0.5":0.191024215,
        "0.75":0.1835700783,
        "1.0":0.1842071952
    },
    "0.4":{
        "0.25":0.1788414305,
        "0.5":0.1758220989,
        "0.75":0.1714781426,
        "1.0":0.1719476832
    },
    "0.5":{
        "0.25":0.1589598809,
        "0.5":0.1644725597,
        "0.75":0.1635481186,
        "1.0":0.1643526623
    },
    "0.6":{
        "0.25":0.1528557843,
        "0.5":0.1541633031,
        "0.75":0.1552281775,
        "1.0":0.1558904526
    },
    "0.7":{
        "0.25":0.1431332022,
        "0.5":0.14680635,
        "0.75":0.1409225986,
        "1.0":0.1419521283
    },
    "0.8":{
        "0.25":0.136502553,
        "0.5":0.1400632928,
        "0.75":0.1396162103,
        "1.0":0.1408008182
    },
    "0.9":{
        "0.25":0.1261747527,
        "0.5":0.1292844885,
        "0.75":0.1317768834,
        "1.0":0.1327818069
    },
    "1.0":{
        "0.25":0.1208446003,
        "0.5":0.1222118132,
        "0.75":0.1236971601,
        "1.0":0.1246245431
    },
    "1.25":{
        "0.25":0.1063252401,
        "0.5":0.1102049127,
        "0.75":0.1088597529,
        "1.0":0.1097572448
    },
    "1.5":{
        "0.25":0.0950854287,
        "0.5":0.0991553528,
        "0.75":0.0978703197,
        "1.0":0.0982593958
    },
    "1.75":{
        "0.25":0.0894070679,
        "0.5":0.0896726131,
        "0.75":0.0914569373,
        "1.0":0.0918581207
    },
    "2.0":{
        "0.25":0.0814114792,
        "0.5":0.0824381713,
        "0.75":0.0829044312,
        "1.0":0.0830830287
    },
    "3.0":{
        "0.25":0.0612523428,
        "0.5":0.0620395343,
        "0.75":0.0622824919,
        "1.0":0.0623122716
    },
    "4.0":{
        "0.25":0.0492337505,
        "0.5":0.0497154328,
        "0.75":0.0498498172,
        "1.0":0.0498498172
    },
    "5.0":{
        "0.25":0.0412144835,
        "0.5":0.0415000679,
        "0.75":0.0415415144,
        "1.0":0.0415415144
    },
    "7.0":{
        "0.25":0.0309932889,
        "0.5":0.0311561358,
        "0.75":0.0311561358,
        "1.0":0.0311561358
    },
    "10.0":{
        "0.25":0.0226370253,
        "0.5":0.0226535934,
        "0.75":0.0226590078,
        "1.0":0.0226590078
    }
}