{
    "0.0":{
        "0.25":0.7946997503,
        "0.5":0.7946997503,
        "0.75":0.7946997503,
        "1.0":0.7946997503
    },
    "0.1":{
        "0.25":0.733387565,
        "0.5":0.7378490389,
        "0.75":0.7411350086,
        "1.0":0.7417805068
    },
    "0.2":{
        "0.25":0.6381096036,
        "0.5":0.6865534026,
        "0.75":0.6943007239,
        "1.0":0.6961543866
    },
    "0.3":{
        "0.25":0.6138221485,
        "0.5":0.641281994,
        "0.75":0.6187240739,
        "1.0":0.6230847705
    },
    "0.4":{
        "0.25":0.598559048,
        "0.5":0.5886499016,
        "0.75":0.5778697412,
        "1.0":0.5819760648
    },
    "0.5":{
        "0.25":0.5326563394,
        "0.5":0.5542721224,
        "0.75":0.5521455172,
        "1.0":0.5575978748
    },
    "0.6":{
        "0.25":0.5124753586,
        "0.5":0.5203405262,
        "0.75":0.5256429184,
        "1.0":0.5312788507
    },
    "0.7":{
        "0.25":0.48032363,
        "0.5":0.4959012555,
        "0.75":0.4789220442,
        "1.0":0.4853275742
    },
    "0.8":{
        "0.25":0.458214694,
        "0.5":0.4740269103,
        "0.75":0.474432671,
        "1.0":0.4823900446
    },
    "0.9":{
        "0.25":0.4250984876,
        "0.5":0.438349091,
        "0.75":0.4498542883,
        "1.0":0.4571123646
    },
    "1.0":{
        "0.25":0.4063795378,
        "0.5":0.4153945946,
        "0.75":0.4252975631,
        "1.0":0.4315760809
    },
    "1.25":{
        "0.25":0.3583038335,
        "0.5":0.3738320045,
        "0.75":0.3743010483,
        "1.0":0.3797899515
    },
    "1.5":{
        "0.25":0.3206193734,
        "0.5":0.3380917378,
        "0.75":0.3371254598,
        "1.0":0.3401919594
    },
    "1.75":{
        "0.25":0.3024142963,
        "0.5":0.3070897782,
        "0.75":0.3157055556,
        "1.0":0.3180913855
    },
    "2.0":{
        "0.25":0.2753112445,
        "0.5":0.2829562481,
        "0.75":0.2866910766,
        "1.0":0.2877173872
    },
    "3.0":{
        "0.25":0.2082818225,
        "0.5":0.2137543859,
        "0.75":0.2157286071,
        "1.0":0.2157880404
    },
    "4.0":{
        "0.25":0.1690361088,
        "0.5":0.1721722926,
        "0.75":0.1728870188,
        "1.0":0.1726304323
    },
    "5.0":{
        "0.25":0.1413540533,
        "0.5":0.1438172898,
        "0.75":0.1441795354,
        "1.0":0.1438586936
    },
    "7.0":{
        "0.25":0.1069496837,
        "0.5":0.1080785052,
        "0.75":0.108125508,
        "1.0":0.1078940202
    },
    "10.0":{
        "0.25":0.0783321765,
        "0.5":0.0786489832,
        "0.75":0.0786437932,
        "1.0":0.0784683783
    }
}