{
    "0.0":{
        "0.25":0.7946997503,
        "0.5":0.7946997503,
        "0.75":0.7946997503,
        "1.0":0.7946997503
    },
    "0.1":{
        "0.25":0.7314848771,
        "0.5":0.7349799505,
        "0.75":0.7374940334,
        "1.0":0.7374940334
    },
    "0.2":{
        "0.25":0.6342186962,
        "0.5":0.6822638825,
        "0.75":0.686291916,
        "1.0":0.686291916
    },
    "0.3":{
        "0.25":0.6104089168,
        "0.5":0.6350744184,
        "0.75":0.6035490942,
        "1.0":0.6035490942
    },
    "0.4":{
        "0.25":0.594171654,
        "0.5":0.579437355,
        "0.75":0.5640269074,
        "1.0":0.5640269074
    },
    "0.5":{
        "0.25":0.525872386,
        "0.5":0.5443692596,
        "0.75":0.533801135,
        "1.0":0.533801135
    },
    "0.6":{
        "0.25":0.5058987637,
        "0.5":0.5072966465,
        "0.75":0.5065593191,
        "1.0":0.5065593191
    },
    "0.7":{
        "0.25":0.4740481085,
        "0.5":0.4811937988,
        "0.75":0.4572103476,
        "1.0":0.4572103476
    },
    "0.8":{
        "0.25":0.4495696956,
        "0.5":0.4594786887,
        "0.75":0.4541867949,
        "1.0":0.4541867949
    },
    "0.9":{
        "0.25":0.414909435,
        "0.5":0.4208666968,
        "0.75":0.4263543714,
        "1.0":0.4263543714
    },
    "1.0":{
        "0.25":0.3973498751,
        "0.5":0.3973498751,
        "0.75":0.3973498751,
        "1.0":0.3973498751
    },
    "1.25":{
        "0.25":0.348582961,
        "0.5":0.3573777948,
        "0.75":0.3496704708,
        "1.0":0.3496704708
    },
    "1.5":{
        "0.25":0.3109480544,
        "0.5":0.3204037994,
        "0.75":0.3132048326,
        "1.0":0.3132048326
    },
    "1.75":{
        "0.25":0.2923171076,
        "0.5":0.2897116266,
        "0.75":0.2928588556,
        "1.0":0.2928588556
    },
    "2.0":{
        "0.25":0.2648999168,
        "0.5":0.2648999168,
        "0.75":0.2648999168,
        "1.0":0.2648999168
    },
    "3.0":{
        "0.25":0.1986749376,
        "0.5":0.1986749376,
        "0.75":0.1986749376,
        "1.0":0.1986749376
    },
    "4.0":{
        "0.25":0.1589399501,
        "0.5":0.1589399501,
        "0.75":0.1589399501,
        "1.0":0.1589399501
    },
    "5.0":{
        "0.25":0.1324499584,
        "0.5":0.1324499584,
        "0.75":0.1324499584,
        "1.0":0.1324499584
    },
    "7.0":{
        "0.25":0.0993374688,
        "0.5":0.0993374688,
        "0.75":0.0993374688,
        "1.0":0.0993374688
    },
    "10.0":{
        "0.25":0.0722454318,
        "0.5":0.0722454318,
        "0.75":0.0722454318,
        "1.0":0.0722454318
    }
}