{
    "0.0":{
        "0.25":0.0,
        "0.5":0.0,
        "0.75":0.0,
        "1.0":0.0
    },
    "0.1":{
        "0.25":0.0005042155,
        "0.5":0.001151155,
        "0.75":0.0024392194,
        "1.0":0.0009147474
    },
    "0.2":{
        "0.25":0.0008496708,
        "0.5":0.0147197843,
        "0.75":0.0167153262,
        "1.0":0.0017905802
    },
    "0.3":{
        "0.25":0.0007813306,
        "0.5":0.0082611176,
        "0.75":0.0008069809,
        "1.0":0.0036520184
    },
    "0.4":{
        "0.25":0.0010762749,
        "0.5":-0.0019430567,
        "0.75":-0.006287013,
        "1.0":0.0031667056
    },
    "0.5":{
        "0.25":0.0014310022,
        "0.5":0.006943681,
        "0.75":0.0060192399,
        "1.0":0.0045134805
    },
    "0.6":{
        "0.25":0.0012614646,
        "0.5":0.0025689834,
        "0.75":0.0036338578,
        "1.0":0.004251589
    },
    "0.7":{
        "0.25":0.0014837674,
        "0.5":0.0051569152,
        "0.75":-0.0007268362,
        "1.0":0.005128279
    },
    "0.8":{
        "0.25":0.001872029,
        "0.5":0.0054327688,
        "0.75":0.0049856863,
        "1.0":0.0049518663
    },
    "0.9":{
        "0.25":0.0019976721,
        "0.5":0.0051074079,
        "0.75":0.0075998028,
        "1.0":0.0051366043
    },
    "1.0":{
        "0.25":0.001919004,
        "0.5":0.0032862169,
        "0.75":0.0047715638,
        "1.0":0.0056989468
    },
    "1.25":{
        "0.25":0.0020278445,
        "0.5":0.0059075171,
        "0.75":0.0045623573,
        "1.0":0.0050189711
    },
    "1.5":{
        "0.25":0.0019818428,
        "0.5":0.0060517669,
        "0.75":0.0047667338,
        "1.0":0.0044946218
    },
    "1.75":{
        "0.25":0.0019679779,
        "0.5":0.0022335231,
        "0.75":0.0040178473,
        "1.0":0.0042012617
    },
    "2.0":{
        "0.25":0.0021277483,
        "0.5":0.0031544404,
        "0.75":0.0036207003,
        "1.0":0.0037992978
    },
    "3.0":{
        "0.25":0.0017895447,
        "0.5":0.0025767362,
        "0.75":0.0028196938,
        "1.0":0.0028494735
    },
    "4.0":{
        "0.25":0.001663512,
        "0.5":0.0021451943,
        "0.75":0.0022795787,
        "1.0":0.0022795787
    },
    "5.0":{
        "0.25":0.0015726181,
        "0.5":0.0018582025,
        "0.75":0.001899649,
        "1.0":0.001899649
    },
    "7.0":{
        "0.25":0.0012618898,
        "0.5":0.0014247367,
        "0.75":0.0014247367,
        "1.0":0.0014247367
    },
    "10.0":{
        "0.25":0.0010141896,
        "0.5":0.0010307577,
        "0.75":0.0010361721,
        "1.0":0.0010361721
    }
}