{
    "Actor":{
        "0.0":0.721530121,
        "1.0":0.7262961649,
        "2.0":0.7108053216,
        "3.0":0.7029053046,
        "4.0":0.7222811617
    },
    "Activity":{
        "0.0":0.7649218209,
        "1.0":0.7749587878,
        "2.0":0.7754865512,
        "3.0":0.7725720463,
        "4.0":0.7772360748
    },
    "Activity Data":{
        "0.0":0.6158860061,
        "1.0":0.6353413904,
        "2.0":0.6434388376,
        "3.0":0.6242362663,
        "4.0":0.6339318686
    },
    "Further Specification":{
        "0.0":0.2552923105,
        "1.0":0.2657401422,
        "2.0":0.2608074674,
        "3.0":0.2454256854,
        "4.0":0.2645166303
    },
    "XOR Gateway":{
        "0.0":0.7246239374,
        "1.0":0.7334702419,
        "2.0":0.7071624419,
        "3.0":0.7246226238,
        "4.0":0.7209560161
    },
    "Condition Specification":{
        "0.0":0.5953056321,
        "1.0":0.6272073579,
        "2.0":0.6311547149,
        "3.0":0.5608791209,
        "4.0":0.6190822511
    },
    "AND Gateway":{
        "0.0":0.0,
        "1.0":0.3,
        "2.0":0.36,
        "3.0":0.36,
        "4.0":0.16
    }
}