{
    "Bleu Score":{
        "0":0.9625795402,
        "1":0.9622117022,
        "2":0.9613403701,
        "3":0.9633701204,
        "4":0.9675373006
    }
}