{
    "Bleu Score":{
        "0":0.9807803982,
        "1":0.9907709515,
        "2":0.9844925639,
        "3":0.9778647662,
        "4":0.9836296872
    }
}