{
    "Bleu Score":{
        "0":0.963720797,
        "1":0.9628869099,
        "2":0.9684253604,
        "3":0.9599033209,
        "4":0.970875989
    }
}