{
    "Bleu Score":{
        "0":0.9498607888,
        "1":0.954736507,
        "2":0.9447089974,
        "3":0.9477180699,
        "4":0.9494446788
    }
}