{
    "Bleu Score":{
        "0":0.9767392519,
        "1":0.9768889407,
        "2":0.9762846286,
        "3":0.9778938731,
        "4":0.9775039681
    }
}