{
    "Bleu Score":{
        "0":1.0,
        "1":1.0,
        "2":0.9842623312,
        "3":0.9985962424,
        "4":0.9914303291
    }
}