{
    "Bleu Score":{
        "0":0.9742506523,
        "1":0.9722300679,
        "2":0.969573435,
        "3":0.9688704823,
        "4":0.9786761585
    }
}