{
    "Actor":{
        "0":0.0970491803,
        "1":0.1008403361,
        "2":0.0954872466,
        "3":0.1047008547,
        "4":0.1043194784
    },
    "Activity":{
        "0":0.2869565217,
        "1":0.2788844622,
        "2":0.282527881,
        "3":0.3010471204,
        "4":0.3007092199
    },
    "Activity Data":{
        "0":0.152238806,
        "1":0.1557340473,
        "2":0.1500218055,
        "3":0.1568181818,
        "4":0.1766247379
    },
    "Further Specification":{
        "0":0.3417085427,
        "1":0.2989473684,
        "2":0.3058608059,
        "3":0.2851782364,
        "4":0.3575268817
    },
    "XOR Gateway":{
        "0":0.0875576037,
        "1":0.1144278607,
        "2":0.1100478469,
        "3":0.1242937853,
        "4":0.0717948718
    },
    "Condition Specification":{
        "0":0.3012552301,
        "1":0.3242718447,
        "2":0.2698412698,
        "3":0.2954545455,
        "4":0.3104631218
    },
    "AND Gateway":{
        "0":0.4814814815,
        "1":0.7222222222,
        "2":0.347826087,
        "3":0.6,
        "4":0.5384615385
    },
    "All":{
        "0":0.1362280411,
        "1":0.1381637365,
        "2":0.1345901639,
        "3":0.1404174573,
        "4":0.1509170654
    }
}