{
    "Actor":{
        "0":0.055988135,
        "1":0.0599250936,
        "2":0.0589165678,
        "3":0.0638119228,
        "4":0.0586377988
    },
    "Activity":{
        "0":0.1628070175,
        "1":0.1635658915,
        "2":0.1731207289,
        "3":0.1738148984,
        "4":0.1711057304
    },
    "Activity Data":{
        "0":0.0893596299,
        "1":0.0931025439,
        "2":0.0944798301,
        "3":0.0929436546,
        "4":0.0994764398
    },
    "Further Specification":{
        "0":0.1794871795,
        "1":0.1875792142,
        "2":0.1851851852,
        "3":0.1788617886,
        "4":0.2169811321
    },
    "XOR Gateway":{
        "0":0.047979798,
        "1":0.0649717514,
        "2":0.0655270655,
        "3":0.0666666667,
        "4":0.0405797101
    },
    "Condition Specification":{
        "0":0.167816092,
        "1":0.1811594203,
        "2":0.1688311688,
        "3":0.1701795472,
        "4":0.173553719
    },
    "AND Gateway":{
        "0":0.2916666667,
        "1":0.3611111111,
        "2":0.25,
        "3":0.25,
        "4":0.2708333333
    },
    "All":{
        "0":0.0778025655,
        "1":0.0822712672,
        "2":0.0832837006,
        "3":0.0830588,
        "4":0.0857745229
    }
}