{
    "Actor":{
        "0":0.1470717211
    },
    "Activity":{
        "0":0.4270006082
    },
    "Activity Data":{
        "0":0.2313040905
    },
    "Further Specification":{
        "0":0.4807502496
    },
    "XOR Gateway":{
        "0":0.1446534572
    },
    "Condition Specification":{
        "0":0.4221006989
    },
    "AND Gateway":{
        "0":0.6570707071
    },
    "All":{
        "0":0.204846654
    }
}