{
    "Actor":{
        "0":0.0360101701
    },
    "Activity":{
        "0":0.101329712
    },
    "Activity Data":{
        "0":0.0568040461
    },
    "Further Specification":{
        "0":0.115488464
    },
    "XOR Gateway":{
        "0":0.034286999
    },
    "Condition Specification":{
        "0":0.104712354
    },
    "AND Gateway":{
        "0":0.1733333333
    },
    "All":{
        "0":0.0497154328
    }
}