{
    "Actor":{
        "0":0.0691144409
    },
    "Activity":{
        "0":0.2038183842
    },
    "Activity Data":{
        "0":0.1086808936
    },
    "Further Specification":{
        "0":0.2219694524
    },
    "XOR Gateway":{
        "0":0.0671631606
    },
    "Condition Specification":{
        "0":0.1904217792
    },
    "AND Gateway":{
        "0":0.3308253574
    },
    "All":{
        "0":0.0958516047
    }
}