{
    "Actor":{
        "0":0.142578125,
        "1":0.1551528879,
        "2":0.1427165354,
        "3":0.1552462527,
        "4":0.1396648045
    },
    "Activity":{
        "0":0.4350282486,
        "1":0.4294478528,
        "2":0.4188191882,
        "3":0.444015444,
        "4":0.4076923077
    },
    "Activity Data":{
        "0":0.2257438551,
        "1":0.2423812899,
        "2":0.2209302326,
        "3":0.2329234973,
        "4":0.2345415778
    },
    "Further Specification":{
        "0":0.4872727273,
        "1":0.470790378,
        "2":0.4582132565,
        "3":0.4738562092,
        "4":0.513618677
    },
    "XOR Gateway":{
        "0":0.1301369863,
        "1":0.1703703704,
        "2":0.1503267974,
        "3":0.1803278689,
        "4":0.0921052632
    },
    "Condition Specification":{
        "0":0.4451612903,
        "1":0.4523160763,
        "2":0.4035087719,
        "3":0.4291754757,
        "4":0.3803418803
    },
    "AND Gateway":{
        "0":0.65,
        "1":1.0,
        "2":0.4444444444,
        "3":0.6,
        "4":0.5909090909
    },
    "All":{
        "0":0.2021462441,
        "1":0.2137681159,
        "2":0.1985294118,
        "3":0.2087682672,
        "4":0.2010212309
    }
}