{
    "Actor":{
        "0":0.0921476803
    },
    "Activity":{
        "0":0.2677320519
    },
    "Activity Data":{
        "0":0.1461042674
    },
    "Further Specification":{
        "0":0.2926781762
    },
    "XOR Gateway":{
        "0":0.0906685186
    },
    "Condition Specification":{
        "0":0.2768004851
    },
    "AND Gateway":{
        "0":0.4419513458
    },
    "All":{
        "0":0.1292844885
    }
}