{
    "Actor":{
        "0":0.1253238715
    },
    "Activity":{
        "0":0.3699204844
    },
    "Activity Data":{
        "0":0.1982544404
    },
    "Further Specification":{
        "0":0.3778040427
    },
    "XOR Gateway":{
        "0":0.1263556521
    },
    "Condition Specification":{
        "0":0.3479349271
    },
    "AND Gateway":{
        "0":0.7096945701
    },
    "All":{
        "0":0.1735659931
    }
}