{
    "Actor":{
        "0":0.1144624903,
        "1":0.1163757273,
        "2":0.1193277311,
        "3":0.1261642676,
        "4":0.1141060198
    },
    "Activity":{
        "0":0.3338150289,
        "1":0.3459637562,
        "2":0.3727422003,
        "3":0.3447761194,
        "4":0.3492586491
    },
    "Activity Data":{
        "0":0.178408515,
        "1":0.184424013,
        "2":0.1930721181,
        "3":0.183901919,
        "4":0.1946745562
    },
    "Further Specification":{
        "0":0.3711911357,
        "1":0.4259259259,
        "2":0.3709677419,
        "3":0.3151260504,
        "4":0.3701657459
    },
    "XOR Gateway":{
        "0":0.0922330097,
        "1":0.1464968153,
        "2":0.1419753086,
        "3":0.1279069767,
        "4":0.0833333333
    },
    "Condition Specification":{
        "0":0.3088023088,
        "1":0.3614718615,
        "2":0.3550863724,
        "3":0.3195718654,
        "4":0.3229927007
    },
    "AND Gateway":{
        "0":0.52,
        "1":1.0,
        "2":0.4444444444,
        "3":0.4285714286,
        "4":0.5
    },
    "All":{
        "0":0.1558268167,
        "1":0.16710013,
        "2":0.1720979766,
        "3":0.1611881188,
        "4":0.1661497563
    }
}