{
    "Actor":{
        "0":0.0340378198,
        "1":0.0367041199,
        "2":0.0355871886,
        "3":0.0385390428,
        "4":0.0351826793
    },
    "Activity":{
        "0":0.0976842105,
        "1":0.0981395349,
        "2":0.1038724374,
        "3":0.1042889391,
        "4":0.1026634383
    },
    "Activity Data":{
        "0":0.0542001461,
        "1":0.0563335956,
        "2":0.0566878981,
        "3":0.0562401264,
        "4":0.0605584642
    },
    "Further Specification":{
        "0":0.1107692308,
        "1":0.1133079848,
        "2":0.1130718954,
        "3":0.1101045296,
        "4":0.1301886792
    },
    "XOR Gateway":{
        "0":0.0287878788,
        "1":0.0389830508,
        "2":0.0393162393,
        "3":0.04,
        "4":0.0243478261
    },
    "Condition Specification":{
        "0":0.1029885057,
        "1":0.1105590062,
        "2":0.1018181818,
        "3":0.1035128806,
        "4":0.1046831956
    },
    "AND Gateway":{
        "0":0.175,
        "1":0.2166666667,
        "2":0.15,
        "3":0.15,
        "4":0.175
    },
    "All":{
        "0":0.0470719465,
        "1":0.0497357787,
        "2":0.0499702204,
        "3":0.0501347709,
        "4":0.0516644474
    }
}