{
    "Actor":{
        "0":0.1106916868
    },
    "Activity":{
        "0":0.319192869
    },
    "Activity Data":{
        "0":0.1747078011
    },
    "Further Specification":{
        "0":0.3512772749
    },
    "XOR Gateway":{
        "0":0.1083976255
    },
    "Condition Specification":{
        "0":0.3221073223
    },
    "AND Gateway":{
        "0":0.5398245614
    },
    "All":{
        "0":0.1541633031
    }
}