{
    "Actor":{
        "0":0.042269188,
        "1":0.04556804,
        "2":0.0444839858,
        "3":0.0481738035,
        "4":0.0443166441
    },
    "Activity":{
        "0":0.1221052632,
        "1":0.1226744186,
        "2":0.1298405467,
        "3":0.1303611738,
        "4":0.1283292978
    },
    "Activity Data":{
        "0":0.0673849525,
        "1":0.070220299,
        "2":0.0710589172,
        "3":0.070300158,
        "4":0.0754799302
    },
    "Further Specification":{
        "0":0.1384615385,
        "1":0.1406844106,
        "2":0.1405228758,
        "3":0.1350174216,
        "4":0.1639150943
    },
    "XOR Gateway":{
        "0":0.0359848485,
        "1":0.0487288136,
        "2":0.0491452991,
        "3":0.05,
        "4":0.0304347826
    },
    "Condition Specification":{
        "0":0.1293103448,
        "1":0.1358695652,
        "2":0.125974026,
        "3":0.1293911007,
        "4":0.1301652893
    },
    "AND Gateway":{
        "0":0.21875,
        "1":0.2708333333,
        "2":0.1875,
        "3":0.1875,
        "4":0.21875
    },
    "All":{
        "0":0.058700502,
        "1":0.0618588747,
        "2":0.0623138773,
        "3":0.0625935909,
        "4":0.0646637816
    }
}