{
    "Actor":{
        "0":0.1197411003,
        "1":0.125,
        "2":0.1189279732,
        "3":0.1375116932,
        "4":0.1334745763
    },
    "Activity":{
        "0":0.3637795276,
        "1":0.3602058319,
        "2":0.3853989813,
        "3":0.3672496025,
        "4":0.3745583039
    },
    "Activity Data":{
        "0":0.180785124,
        "1":0.1994202899,
        "2":0.1987179487,
        "3":0.1994252874,
        "4":0.2248480756
    },
    "Further Specification":{
        "0":0.4192546584,
        "1":0.3333333333,
        "2":0.4410958904,
        "3":0.3144654088,
        "4":0.41875
    },
    "XOR Gateway":{
        "0":0.1055555556,
        "1":0.1464968153,
        "2":0.1419753086,
        "3":0.1437908497,
        "4":0.0939597315
    },
    "Condition Specification":{
        "0":0.3526490066,
        "1":0.3911007026,
        "2":0.3315602837,
        "3":0.3601398601,
        "4":0.3403441683
    },
    "AND Gateway":{
        "0":0.8125,
        "1":0.9230769231,
        "2":0.4705882353,
        "3":0.6923076923,
        "4":0.65
    },
    "All":{
        "0":0.1657537026,
        "1":0.1742356115,
        "2":0.1760364662,
        "3":0.1747259832,
        "4":0.188358731
    }
}