{
    "Actor":{
        "0":0.134613137
    },
    "Activity":{
        "0":0.4092829833
    },
    "Activity Data":{
        "0":0.210654932
    },
    "Further Specification":{
        "0":0.4602413336
    },
    "XOR Gateway":{
        "0":0.1419785654
    },
    "Condition Specification":{
        "0":0.3903748708
    },
    "AND Gateway":{
        "0":0.7253312864
    },
    "All":{
        "0":0.1897877082
    }
}