{
    "Actor":{
        "0":0.1028086842
    },
    "Activity":{
        "0":0.3068037695
    },
    "Activity Data":{
        "0":0.1632079897
    },
    "Further Specification":{
        "0":0.3116399601
    },
    "XOR Gateway":{
        "0":0.1069029439
    },
    "Condition Specification":{
        "0":0.3003953071
    },
    "AND Gateway":{
        "0":0.5935503009
    },
    "All":{
        "0":0.1440835482
    }
}