{
    "Actor":{
        "0":0.0834260289,
        "1":0.0905118602,
        "2":0.0871886121,
        "3":0.0950881612,
        "4":0.0879566982
    },
    "Activity":{
        "0":0.2442105263,
        "1":0.2441860465,
        "2":0.2585421412,
        "3":0.2607223476,
        "4":0.2566585956
    },
    "Activity Data":{
        "0":0.1314828342,
        "1":0.1365066876,
        "2":0.1381369427,
        "3":0.1386255924,
        "4":0.1483420593
    },
    "Further Specification":{
        "0":0.2692307692,
        "1":0.2794676806,
        "2":0.2679738562,
        "3":0.2665505226,
        "4":0.320754717
    },
    "XOR Gateway":{
        "0":0.071969697,
        "1":0.0974576271,
        "2":0.0982905983,
        "3":0.1,
        "4":0.0608695652
    },
    "Condition Specification":{
        "0":0.2494252874,
        "1":0.2655279503,
        "2":0.2493506494,
        "3":0.2494145199,
        "4":0.2561983471
    },
    "AND Gateway":{
        "0":0.40625,
        "1":0.5,
        "2":0.375,
        "3":0.375,
        "4":0.40625
    },
    "All":{
        "0":0.1160066927,
        "1":0.1220080821,
        "2":0.1228409768,
        "3":0.123539982,
        "4":0.1278295606
    }
}