{
    "Actor":{
        "0":0.0449623323
    },
    "Activity":{
        "0":0.12666214
    },
    "Activity Data":{
        "0":0.0708888514
    },
    "Further Specification":{
        "0":0.1437202682
    },
    "XOR Gateway":{
        "0":0.0428587488
    },
    "Condition Specification":{
        "0":0.1301420652
    },
    "AND Gateway":{
        "0":0.2166666667
    },
    "All":{
        "0":0.0620261253
    }
}