{
    "Actor":{
        "0":0.0881995134,
        "1":0.0893089961,
        "2":0.0891959799,
        "3":0.0958994709,
        "4":0.0872905028
    },
    "Activity":{
        "0":0.2572383073,
        "1":0.256097561,
        "2":0.2744860943,
        "3":0.2784503632,
        "4":0.2700636943
    },
    "Activity Data":{
        "0":0.1377672209,
        "1":0.1393442623,
        "2":0.1420765027,
        "3":0.1424989553,
        "4":0.1490909091
    },
    "Further Specification":{
        "0":0.2676056338,
        "1":0.268627451,
        "2":0.2681281619,
        "3":0.2570921986,
        "4":0.3341772152
    },
    "XOR Gateway":{
        "0":0.0753968254,
        "1":0.1036036036,
        "2":0.1022222222,
        "3":0.1057692308,
        "4":0.0663507109
    },
    "Condition Specification":{
        "0":0.2604298357,
        "1":0.2864583333,
        "2":0.2489740082,
        "3":0.2534332085,
        "4":0.2764612954
    },
    "AND Gateway":{
        "0":0.4642857143,
        "1":0.5,
        "2":0.347826087,
        "3":0.375,
        "4":0.40625
    },
    "All":{
        "0":0.1216094033,
        "1":0.1247143324,
        "2":0.1260596546,
        "3":0.1264222503,
        "4":0.1309774965
    }
}