{
    "Actor":{
        "0":0.1021798365,
        "1":0.108003108,
        "2":0.1025459689,
        "3":0.1133384734,
        "4":0.0989180835
    },
    "Activity":{
        "0":0.2916666667,
        "1":0.3115727003,
        "2":0.3075880759,
        "3":0.3217270195,
        "4":0.3028571429
    },
    "Activity Data":{
        "0":0.1641448877,
        "1":0.1672289157,
        "2":0.1618551822,
        "3":0.1688437349,
        "4":0.1712678937
    },
    "Further Specification":{
        "0":0.2887473461,
        "1":0.3676092545,
        "2":0.3102803738,
        "3":0.3027888446,
        "4":0.3503836317
    },
    "XOR Gateway":{
        "0":0.0852017937,
        "1":0.1277777778,
        "2":0.123655914,
        "3":0.1257142857,
        "4":0.0721649485
    },
    "Condition Specification":{
        "0":0.2868852459,
        "1":0.3346613546,
        "2":0.3177257525,
        "3":0.3083832335,
        "4":0.2949756888
    },
    "AND Gateway":{
        "0":0.5185185185,
        "1":0.8571428571,
        "2":0.4210526316,
        "3":0.6428571429,
        "4":0.6086956522
    },
    "All":{
        "0":0.1396335256,
        "1":0.1521187268,
        "2":0.1458147421,
        "3":0.149604852,
        "4":0.1468599034
    }
}