{
    "Actor":{
        "0":0.061421116,
        "1":0.06401766,
        "2":0.0673903211,
        "3":0.0712611346,
        "4":0.0631988333
    },
    "Activity":{
        "0":0.1775057383,
        "1":0.1725554643,
        "2":0.1953528399,
        "3":0.1887254902,
        "4":0.1887800534
    },
    "Activity Data":{
        "0":0.0966719493,
        "1":0.0980881131,
        "2":0.1054839676,
        "3":0.1045081967,
        "4":0.1068510371
    },
    "Further Specification":{
        "0":0.1861074705,
        "1":0.1909814324,
        "2":0.214559387,
        "3":0.1881067961,
        "4":0.2468468468
    },
    "XOR Gateway":{
        "0":0.0520547945,
        "1":0.0668604651,
        "2":0.0777027027,
        "3":0.0721311475,
        "4":0.0454545455
    },
    "Condition Specification":{
        "0":0.1787755102,
        "1":0.1885157096,
        "2":0.1967213115,
        "3":0.1823681936,
        "4":0.1856287425
    },
    "AND Gateway":{
        "0":0.3255813953,
        "1":0.3714285714,
        "2":0.275862069,
        "3":0.2727272727,
        "4":0.3333333333
    },
    "All":{
        "0":0.0836673347,
        "1":0.0863671149,
        "2":0.0943825335,
        "3":0.0910690717,
        "4":0.0928770105
    }
}