{
    "Actor":{
        "0":0.0945471939,
        "1":0.1009684362,
        "2":0.0954884668,
        "3":0.0993867244,
        "4":0.0959035222
    },
    "Activity":{
        "0":0.1060526316,
        "1":0.1087209302,
        "2":0.1093394077,
        "3":0.1077878104,
        "4":0.1083535109
    },
    "Activity Data":{
        "0":0.1069568452,
        "1":0.1104300643,
        "2":0.1037621359,
        "3":0.1061491935,
        "4":0.1117021277
    },
    "Further Specification":{
        "0":0.1326923077,
        "1":0.1354562738,
        "2":0.137254902,
        "3":0.1367595819,
        "4":0.1362028302
    },
    "XOR Gateway":{
        "0":0.0987903226,
        "1":0.1,
        "2":0.1118421053,
        "3":0.1078431373,
        "4":0.0972222222
    },
    "Condition Specification":{
        "0":0.132183908,
        "1":0.1292834891,
        "2":0.1311848958,
        "3":0.1311619718,
        "4":0.1308701657
    },
    "AND Gateway":{
        "0":0.15625,
        "1":0.1625,
        "2":0.1785714286,
        "3":0.125,
        "4":0.1590909091
    },
    "All":{
        "0":0.106205516,
        "1":0.1103719008,
        "2":0.1065619078,
        "3":0.1084021601,
        "4":0.1088510413
    }
}