{
    "Actor":{
        "0":0.4185547772
    },
    "Activity":{
        "0":0.49205789
    },
    "Activity Data":{
        "0":0.4548816975
    },
    "Further Specification":{
        "0":0.5335995505
    },
    "XOR Gateway":{
        "0":0.4855299688
    },
    "Condition Specification":{
        "0":0.5512126297
    },
    "AND Gateway":{
        "0":0.6605228758
    },
    "All":{
        "0":0.4594786887
    }
}