{
    "Actor":{
        "0":0.4431554524,
        "1":0.4747747748,
        "2":0.4375503626,
        "3":0.461130742,
        "4":0.4243219598
    },
    "Activity":{
        "0":0.5050505051,
        "1":0.5489614243,
        "2":0.5149051491,
        "3":0.5320334262,
        "4":0.5114285714
    },
    "Activity Data":{
        "0":0.5137786081,
        "1":0.5058765916,
        "2":0.46701974,
        "3":0.4886475814,
        "4":0.4932572614
    },
    "Further Specification":{
        "0":0.5222929936,
        "1":0.6838046272,
        "2":0.5663551402,
        "3":0.5657370518,
        "4":0.5549872123
    },
    "XOR Gateway":{
        "0":0.4705882353,
        "1":0.5333333333,
        "2":0.5555555556,
        "3":0.5301204819,
        "4":0.4565217391
    },
    "Condition Specification":{
        "0":0.5683060109,
        "1":0.612,
        "2":0.6264656616,
        "3":0.5982008996,
        "4":0.5707317073
    },
    "AND Gateway":{
        "0":0.7894736842,
        "1":0.9090909091,
        "2":0.6363636364,
        "3":0.8888888889,
        "4":1.0
    },
    "All":{
        "0":0.490990991,
        "1":0.5228405316,
        "2":0.4834562299,
        "3":0.4993186685,
        "4":0.4828998566
    }
}