{
    "Actor":{
        "0":0.6262968772
    },
    "Activity":{
        "0":0.7254634175
    },
    "Activity Data":{
        "0":0.6823485108
    },
    "Further Specification":{
        "0":0.838229439
    },
    "XOR Gateway":{
        "0":0.6884694672
    },
    "Condition Specification":{
        "0":0.8014740319
    },
    "AND Gateway":{
        "0":0.7741666667
    },
    "All":{
        "0":0.6865534026
    }
}