{
    "Actor":{
        "0":0.068877551,
        "1":0.073562019,
        "2":0.0691994573,
        "3":0.0722812541,
        "4":0.0698872337
    },
    "Activity":{
        "0":0.0771291866,
        "1":0.0790697674,
        "2":0.0795195693,
        "3":0.0783911348,
        "4":0.0788025534
    },
    "Activity Data":{
        "0":0.0777867965,
        "1":0.080312774,
        "2":0.0754633716,
        "3":0.0773460411,
        "4":0.081237911
    },
    "Further Specification":{
        "0":0.0972027972,
        "1":0.0995506395,
        "2":0.1001188354,
        "3":0.0994615141,
        "4":0.0990566038
    },
    "XOR Gateway":{
        "0":0.0718475073,
        "1":0.0727272727,
        "2":0.0813397129,
        "3":0.0784313725,
        "4":0.0707070707
    },
    "Condition Specification":{
        "0":0.0961337513,
        "1":0.0940243557,
        "2":0.095407197,
        "3":0.095390525,
        "4":0.0951783024
    },
    "AND Gateway":{
        "0":0.1136363636,
        "1":0.1181818182,
        "2":0.1298701299,
        "3":0.0909090909,
        "4":0.1157024793
    },
    "All":{
        "0":0.0773212553,
        "1":0.0803606311,
        "2":0.0774708551,
        "3":0.0788956913,
        "4":0.079196483
    }
}