{
    "Actor":{
        "0":0.5047508067
    },
    "Activity":{
        "0":0.594659126
    },
    "Activity Data":{
        "0":0.5536302539
    },
    "Further Specification":{
        "0":0.6569317751
    },
    "XOR Gateway":{
        "0":0.5690129472
    },
    "Condition Specification":{
        "0":0.6378303125
    },
    "AND Gateway":{
        "0":0.7175
    },
    "All":{
        "0":0.5542721224
    }
}