{
    "Actor":{
        "0":0.1294346194
    },
    "Activity":{
        "0":0.1440678109
    },
    "Activity Data":{
        "0":0.1433354028
    },
    "Further Specification":{
        "0":0.1804034394
    },
    "XOR Gateway":{
        "0":0.1369817755
    },
    "Condition Specification":{
        "0":0.1745058865
    },
    "AND Gateway":{
        "0":0.2083766234
    },
    "All":{
        "0":0.1438172898
    }
}