{
    "Actor":{
        "0":0.584480233
    },
    "Activity":{
        "0":0.6951682629
    },
    "Activity Data":{
        "0":0.6261423686
    },
    "Further Specification":{
        "0":0.8096083904
    },
    "XOR Gateway":{
        "0":0.6805015091
    },
    "Condition Specification":{
        "0":0.7457157043
    },
    "AND Gateway":{
        "0":0.9373737374
    },
    "All":{
        "0":0.641281994
    }
}