{
    "Actor":{
        "0":0.1512755102,
        "1":0.1606886657,
        "2":0.1527815468,
        "3":0.1578643579,
        "4":0.1525267994
    },
    "Activity":{
        "0":0.1696842105,
        "1":0.1739534884,
        "2":0.1749430524,
        "3":0.1724604966,
        "4":0.1733656174
    },
    "Activity Data":{
        "0":0.1703869048,
        "1":0.1752411576,
        "2":0.165210356,
        "3":0.1688709677,
        "4":0.1781914894
    },
    "Further Specification":{
        "0":0.2138461538,
        "1":0.216730038,
        "2":0.2196078431,
        "3":0.2160278746,
        "4":0.2150943396
    },
    "XOR Gateway":{
        "0":0.1580645161,
        "1":0.16,
        "2":0.1789473684,
        "3":0.1725490196,
        "4":0.1555555556
    },
    "Condition Specification":{
        "0":0.2091954023,
        "1":0.2068535826,
        "2":0.2067708333,
        "3":0.2084507042,
        "4":0.2077348066
    },
    "AND Gateway":{
        "0":0.25,
        "1":0.26,
        "2":0.2857142857,
        "3":0.2,
        "4":0.2545454545
    },
    "All":{
        "0":0.1694543298,
        "1":0.1757355372,
        "2":0.1699936829,
        "3":0.1723634053,
        "4":0.1733145076
    }
}