{
    "Actor":{
        "0":0.4002779708,
        "1":0.4008975318,
        "2":0.3909612626,
        "3":0.402587519,
        "4":0.3816310372
    },
    "Activity":{
        "0":0.4487750557,
        "1":0.4524390244,
        "2":0.4594921403,
        "3":0.4624697337,
        "4":0.4560509554
    },
    "Activity Data":{
        "0":0.4426494346,
        "1":0.4453288647,
        "2":0.4184457728,
        "3":0.425704526,
        "4":0.445521699
    },
    "Further Specification":{
        "0":0.5150905433,
        "1":0.5352941176,
        "2":0.5193929174,
        "3":0.5088652482,
        "4":0.5367088608
    },
    "XOR Gateway":{
        "0":0.4152542373,
        "1":0.4122807018,
        "2":0.4513274336,
        "3":0.4387755102,
        "4":0.4158415842
    },
    "Condition Specification":{
        "0":0.5461441214,
        "1":0.5408695652,
        "2":0.5185185185,
        "3":0.5156445557,
        "4":0.5458860759
    },
    "AND Gateway":{
        "0":0.5454545455,
        "1":0.65,
        "2":0.7142857143,
        "3":0.5,
        "4":0.6363636364
    },
    "All":{
        "0":0.4406345137,
        "1":0.4461218116,
        "2":0.4301397206,
        "3":0.4358113777,
        "4":0.4390380313
    }
}