{
    "Actor":{
        "0":0.6708744509
    },
    "Activity":{
        "0":0.7909089312
    },
    "Activity Data":{
        "0":0.7359200916
    },
    "Further Specification":{
        "0":0.8492388813
    },
    "XOR Gateway":{
        "0":0.7344975939
    },
    "Condition Specification":{
        "0":0.85920176
    },
    "AND Gateway":{
        "0":0.9571428571
    },
    "All":{
        "0":0.7349799505
    }
}