{
    "Actor":{
        "0":0.3279620939
    },
    "Activity":{
        "0":0.3846916535
    },
    "Activity Data":{
        "0":0.354970463
    },
    "Further Specification":{
        "0":0.4358200489
    },
    "XOR Gateway":{
        "0":0.3636689363
    },
    "Condition Specification":{
        "0":0.403491356
    },
    "AND Gateway":{
        "0":0.4550010449
    },
    "All":{
        "0":0.3573777948
    }
}