{
    "Actor":{
        "0":0.6201117318,
        "1":0.674025974,
        "2":0.5906040268,
        "3":0.6303549572,
        "4":0.5984943538
    },
    "Activity":{
        "0":0.7532956685,
        "1":0.7566462168,
        "2":0.7011070111,
        "3":0.7297297297,
        "4":0.6865384615
    },
    "Activity Data":{
        "0":0.6927631579,
        "1":0.7281272596,
        "2":0.623521682,
        "3":0.672005571,
        "4":0.6698113208
    },
    "Further Specification":{
        "0":0.8581818182,
        "1":0.852233677,
        "2":0.8126801153,
        "3":0.8594771242,
        "4":0.7859922179
    },
    "XOR Gateway":{
        "0":0.7272727273,
        "1":0.734375,
        "2":0.625,
        "3":0.7678571429,
        "4":0.5753424658
    },
    "Condition Specification":{
        "0":0.8559139785,
        "1":0.8142076503,
        "2":0.7648351648,
        "3":0.8262711864,
        "4":0.7017167382
    },
    "AND Gateway":{
        "0":0.8,
        "1":1.0,
        "2":0.5833333333,
        "3":0.8,
        "4":0.6875
    },
    "All":{
        "0":0.6979028405,
        "1":0.7284316632,
        "2":0.6433021807,
        "3":0.6918395574,
        "4":0.6498431708
    }
}