{
    "Actor":{
        "0":0.4389070147
    },
    "Activity":{
        "0":0.5210758948
    },
    "Activity Data":{
        "0":0.479384333
    },
    "Further Specification":{
        "0":0.5412449864
    },
    "XOR Gateway":{
        "0":0.5045920083
    },
    "Condition Specification":{
        "0":0.5678090766
    },
    "AND Gateway":{
        "0":0.7703273335
    },
    "All":{
        "0":0.4811937988
    }
}