{
    "Actor":{
        "0":0.6227182087
    },
    "Activity":{
        "0":0.7254634175
    },
    "Activity Data":{
        "0":0.6772457983
    },
    "Further Specification":{
        "0":0.8337129905
    },
    "XOR Gateway":{
        "0":0.6859694672
    },
    "Condition Specification":{
        "0":0.7925889436
    },
    "AND Gateway":{
        "0":0.7741666667
    },
    "All":{
        "0":0.6822638825
    }
}