{
    "Actor":{
        "0":0.4743216158
    },
    "Activity":{
        "0":0.5426702999
    },
    "Activity Data":{
        "0":0.5165447617
    },
    "Further Specification":{
        "0":0.6286619341
    },
    "XOR Gateway":{
        "0":0.5223324016
    },
    "Condition Specification":{
        "0":0.6162961906
    },
    "AND Gateway":{
        "0":0.7024247492
    },
    "All":{
        "0":0.5203405262
    }
}