{
    "Actor":{
        "0":0.308676307,
        "1":0.3434811383,
        "2":0.3190332326,
        "3":0.3352864583,
        "4":0.3333333333
    },
    "Activity":{
        "0":0.3714020427,
        "1":0.3923647932,
        "2":0.3909465021,
        "3":0.3861082737,
        "4":0.3826366559
    },
    "Activity Data":{
        "0":0.3418831169,
        "1":0.3728248797,
        "2":0.3412441568,
        "3":0.3468727534,
        "4":0.3720274083
    },
    "Further Specification":{
        "0":0.4322344322,
        "1":0.4404973357,
        "2":0.4279210926,
        "3":0.4495726496,
        "4":0.4288747346
    },
    "XOR Gateway":{
        "0":0.3265306122,
        "1":0.358778626,
        "2":0.390625,
        "3":0.3981481481,
        "4":0.3442622951
    },
    "Condition Specification":{
        "0":0.3968095713,
        "1":0.4150417827,
        "2":0.4089306698,
        "3":0.4092339979,
        "4":0.3874407583
    },
    "AND Gateway":{
        "0":0.4137931034,
        "1":0.4545454545,
        "2":0.4666666667,
        "3":0.5,
        "4":0.44
    },
    "All":{
        "0":0.3423177083,
        "1":0.3728942176,
        "2":0.3509417929,
        "3":0.3593907171,
        "4":0.3613445378
    }
}