{
    "Actor":{
        "0":0.4366640441,
        "1":0.4990384615,
        "2":0.4555651424,
        "3":0.4401709402,
        "4":0.5010504202
    },
    "Activity":{
        "0":0.4968944099,
        "1":0.5674846626,
        "2":0.5580029369,
        "3":0.512195122,
        "4":0.5758064516
    },
    "Activity Data":{
        "0":0.4823637197,
        "1":0.5266736402,
        "2":0.49349974,
        "3":0.4630518234,
        "4":0.5540216086
    },
    "Further Specification":{
        "0":0.5086206897,
        "1":0.6775956284,
        "2":0.6894865526,
        "3":0.5177165354,
        "4":0.5738636364
    },
    "XOR Gateway":{
        "0":0.4324324324,
        "1":0.5053763441,
        "2":0.5747126437,
        "3":0.5375,
        "4":0.5526315789
    },
    "Condition Specification":{
        "0":0.5429740791,
        "1":0.6157024793,
        "2":0.5898305085,
        "3":0.5579399142,
        "4":0.6526946108
    },
    "AND Gateway":{
        "0":0.5217391304,
        "1":0.625,
        "2":0.5833333333,
        "3":0.6153846154,
        "4":0.9166666667
    },
    "All":{
        "0":0.4703041145,
        "1":0.5384615385,
        "2":0.5097716519,
        "3":0.4726001512,
        "4":0.5453457765
    }
}