{
    "Actor":{
        "0":0.2803781279
    },
    "Activity":{
        "0":0.3142121292
    },
    "Activity Data":{
        "0":0.3060642816
    },
    "Further Specification":{
        "0":0.3737068729
    },
    "XOR Gateway":{
        "0":0.3033776395
    },
    "Condition Specification":{
        "0":0.3636222688
    },
    "AND Gateway":{
        "0":0.4402198571
    },
    "All":{
        "0":0.3070897782
    }
}