{
    "Actor":{
        "0":0.3393647814
    },
    "Activity":{
        "0":0.3864904542
    },
    "Activity Data":{
        "0":0.3727967198
    },
    "Further Specification":{
        "0":0.4721811789
    },
    "XOR Gateway":{
        "0":0.3665919805
    },
    "Condition Specification":{
        "0":0.4303789519
    },
    "AND Gateway":{
        "0":0.5429634274
    },
    "All":{
        "0":0.3738320045
    }
}