{
    "Actor":{
        "0":0.5416438331
    },
    "Activity":{
        "0":0.6292392681
    },
    "Activity Data":{
        "0":0.5900869457
    },
    "Further Specification":{
        "0":0.6801480012
    },
    "XOR Gateway":{
        "0":0.6089543667
    },
    "Condition Specification":{
        "0":0.675854716
    },
    "AND Gateway":{
        "0":0.9388888889
    },
    "All":{
        "0":0.5886499016
    }
}