{
    "Actor":{
        "0":0.1871811224,
        "1":0.200143472,
        "2":0.1909769335,
        "3":0.1951659452,
        "4":0.1906584992
    },
    "Activity":{
        "0":0.2121052632,
        "1":0.2174418605,
        "2":0.2186788155,
        "3":0.2133182844,
        "4":0.2167070218
    },
    "Activity Data":{
        "0":0.212797619,
        "1":0.2184485531,
        "2":0.2046925566,
        "3":0.2096774194,
        "4":0.2216312057
    },
    "Further Specification":{
        "0":0.2567307692,
        "1":0.2728136882,
        "2":0.2655228758,
        "3":0.2656794425,
        "4":0.266509434
    },
    "XOR Gateway":{
        "0":0.1935483871,
        "1":0.2,
        "2":0.2236842105,
        "3":0.2156862745,
        "4":0.1944444444
    },
    "Condition Specification":{
        "0":0.2586206897,
        "1":0.2523364486,
        "2":0.2545572917,
        "3":0.2599765258,
        "4":0.2555248619
    },
    "AND Gateway":{
        "0":0.3125,
        "1":0.325,
        "2":0.25,
        "3":0.25,
        "4":0.3181818182
    },
    "All":{
        "0":0.2101126928,
        "1":0.2187603306,
        "2":0.2102811118,
        "3":0.2139453621,
        "4":0.2156724321
    }
}