{
    "Actor":{
        "0":0.3792604487
    },
    "Activity":{
        "0":0.430817582
    },
    "Activity Data":{
        "0":0.4135259276
    },
    "Further Specification":{
        "0":0.5005758638
    },
    "XOR Gateway":{
        "0":0.4108038439
    },
    "Condition Specification":{
        "0":0.4881717581
    },
    "AND Gateway":{
        "0":0.5951298701
    },
    "All":{
        "0":0.4153945946
    }
}