{
    "Actor":{
        "0.0":0.721530121,
        "0.1":0.7285613325,
        "0.2":0.6953342536,
        "0.3":0.7320007598,
        "0.4":0.720958756,
        "0.5":0.7319940541,
        "0.6":0.7278966701,
        "0.7":0.6973021627,
        "0.8":0.7132088736,
        "0.9":0.7080050589,
        "1.0":0.7219237597,
        "1.25":0.717173458,
        "1.5":0.6950838357,
        "1.75":0.7033029318,
        "2.0":0.7162405251,
        "3.0":0.7114370734,
        "4.0":0.7046907501,
        "5.0":0.7158584913,
        "7.0":0.7177884208,
        "10.0":0.7167180518
    },
    "Activity":{
        "0.0":0.7649218209,
        "0.1":0.7809081376,
        "0.2":0.7733302469,
        "0.3":0.7799184916,
        "0.4":0.7556804008,
        "0.5":0.7647395751,
        "0.6":0.7663822406,
        "0.7":0.7743506841,
        "0.8":0.7695799912,
        "0.9":0.7747141739,
        "1.0":0.7654133105,
        "1.25":0.7745906155,
        "1.5":0.7622047843,
        "1.75":0.7752533979,
        "2.0":0.7703275063,
        "3.0":0.7644565573,
        "4.0":0.7623216811,
        "5.0":0.7731564198,
        "7.0":0.7586020627,
        "10.0":0.7689239922
    },
    "Activity Data":{
        "0.0":0.6158860061,
        "0.1":0.6220727734,
        "0.2":0.6249415386,
        "0.3":0.6235703115,
        "0.4":0.6104109407,
        "0.5":0.638970485,
        "0.6":0.6302167085,
        "0.7":0.6282918467,
        "0.8":0.6178961099,
        "0.9":0.6158927971,
        "1.0":0.6239759647,
        "1.25":0.63112042,
        "1.5":0.6370291225,
        "1.75":0.6319237312,
        "2.0":0.6286852145,
        "3.0":0.6304569529,
        "4.0":0.6423967567,
        "5.0":0.6297831502,
        "7.0":0.6346675648,
        "10.0":0.6320894284
    },
    "Further Specification":{
        "0.0":0.2552923105,
        "0.1":0.2420514997,
        "0.2":0.2484903332,
        "0.3":0.1886518091,
        "0.4":0.235899704,
        "0.5":0.2065062389,
        "0.6":0.2957861104,
        "0.7":0.2593156369,
        "0.8":0.2551888342,
        "0.9":0.2406402958,
        "1.0":0.2699068089,
        "1.25":0.250981241,
        "1.5":0.2195332457,
        "1.75":0.2503756949,
        "2.0":0.2566378066,
        "3.0":0.2341487752,
        "4.0":0.221975393,
        "5.0":0.1788806859,
        "7.0":0.2077750207,
        "10.0":0.1968888308
    },
    "XOR Gateway":{
        "0.0":0.7246239374,
        "0.1":0.7224132631,
        "0.2":0.7080498866,
        "0.3":0.7208126494,
        "0.4":0.7321691278,
        "0.5":0.7023684211,
        "0.6":0.7298804983,
        "0.7":0.7308967965,
        "0.8":0.7211384032,
        "0.9":0.7319959319,
        "1.0":0.7361018209,
        "1.25":0.7298804983,
        "1.5":0.720130411,
        "1.75":0.7443249428,
        "2.0":0.7032762898,
        "3.0":0.7339707101,
        "4.0":0.7154881401,
        "5.0":0.7010822511,
        "7.0":0.7228229665,
        "10.0":0.7377192982
    },
    "Condition Specification":{
        "0.0":0.5953056321,
        "0.1":0.6298917749,
        "0.2":0.5774309901,
        "0.3":0.6320102025,
        "0.4":0.6215553245,
        "0.5":0.5751352825,
        "0.6":0.6248447205,
        "0.7":0.6504205307,
        "0.8":0.6084066986,
        "0.9":0.6632857143,
        "1.0":0.6500630631,
        "1.25":0.6464285714,
        "1.5":0.6011721612,
        "1.75":0.6280615563,
        "2.0":0.5639613527,
        "3.0":0.5836385836,
        "4.0":0.6171980676,
        "5.0":0.6037391304,
        "7.0":0.6446621383,
        "10.0":0.6407412094
    },
    "AND Gateway":{
        "0.0":0.0,
        "0.1":0.2,
        "0.2":0.0,
        "0.3":0.0,
        "0.4":0.1,
        "0.5":0.1,
        "0.6":0.2,
        "0.7":0.4333333333,
        "0.8":0.3,
        "0.9":0.3,
        "1.0":0.3,
        "1.25":0.3,
        "1.5":0.36,
        "1.75":0.2333333333,
        "2.0":0.36,
        "3.0":0.36,
        "4.0":0.36,
        "5.0":0.16,
        "7.0":0.16,
        "10.0":0.1333333333
    }
}