{
    "Bert Score":{
        "0":0.9974896312,
        "1":0.9952310324,
        "2":0.9951421022,
        "3":0.9968826175,
        "4":0.9957262278
    }
}