{
    "Bert Score":{
        "0":0.9912381172,
        "1":0.9913676977,
        "2":0.9901148081,
        "3":0.9904054403,
        "4":0.9920737743
    }
}