{
    "Bert Score":{
        "0":0.9938564897,
        "1":0.994099617,
        "2":0.9934187531,
        "3":0.994119525,
        "4":0.9950165749
    }
}