{
    "Bert Score":{
        "0":0.9949463606,
        "1":0.9952059984,
        "2":0.9939624667,
        "3":0.994762063,
        "4":0.9955859184
    }
}