{
    "Bert Score":{
        "0":0.994176507,
        "1":0.9940507412,
        "2":0.9925476909,
        "3":0.9938188195,
        "4":0.9939258099
    }
}