{
    "Bert Score":{
        "0":0.9929903746,
        "1":0.9930941463,
        "2":0.9920918345,
        "3":0.9923243523,
        "4":0.9936590791
    }
}