{
    "Actor":{
        "0":0.0791990521
    },
    "Activity":{
        "0":0.2247831177
    },
    "Activity Data":{
        "0":0.123638216
    },
    "Further Specification":{
        "0":0.2680126822
    },
    "XOR Gateway":{
        "0":0.0783792567
    },
    "Condition Specification":{
        "0":0.2272003828
    },
    "AND Gateway":{
        "0":0.3986350575
    },
    "All":{
        "0":0.1099752492
    }
}