{
    "Actor":{
        "0":0.0942343459,
        "1":0.09972106,
        "2":0.0952685422,
        "3":0.1087267525,
        "4":0.1062801932
    },
    "Activity":{
        "0":0.2728337237,
        "1":0.2824631861,
        "2":0.2866082603,
        "3":0.2957746479,
        "4":0.30472103
    },
    "Activity Data":{
        "0":0.1502483444,
        "1":0.1569407604,
        "2":0.1516709512,
        "3":0.1583445794,
        "4":0.1811938722
    },
    "Further Specification":{
        "0":0.3032258065,
        "1":0.297188755,
        "2":0.3037300178,
        "3":0.2909760589,
        "4":0.3584415584
    },
    "XOR Gateway":{
        "0":0.0785123967,
        "1":0.1170731707,
        "2":0.1176470588,
        "3":0.115,
        "4":0.079787234
    },
    "Condition Specification":{
        "0":0.2765685019,
        "1":0.3265682657,
        "2":0.3001531394,
        "3":0.2804718218,
        "4":0.3261648746
    },
    "AND Gateway":{
        "0":0.4838709677,
        "1":0.6842105263,
        "2":0.4285714286,
        "3":0.4347826087,
        "4":0.5185185185
    },
    "All":{
        "0":0.1308965948,
        "1":0.1398282811,
        "2":0.1370153144,
        "3":0.140448491,
        "4":0.1550480769
    }
}