{
    "Actor":{
        "0":0.0904220058
    },
    "Activity":{
        "0":0.2542304612
    },
    "Activity Data":{
        "0":0.1412987946
    },
    "Further Specification":{
        "0":0.2893015754
    },
    "XOR Gateway":{
        "0":0.0891983121
    },
    "Condition Specification":{
        "0":0.2601879101
    },
    "AND Gateway":{
        "0":0.4625
    },
    "All":{
        "0":0.1249314086
    }
}