{
    "Actor":{
        "0":0.0961176253
    },
    "Activity":{
        "0":0.2867012171
    },
    "Activity Data":{
        "0":0.1531662432
    },
    "Further Specification":{
        "0":0.2906859342
    },
    "XOR Gateway":{
        "0":0.0975841404
    },
    "Condition Specification":{
        "0":0.2853162392
    },
    "AND Gateway":{
        "0":0.4609343993
    },
    "All":{
        "0":0.1349745406
    }
}