{
    "Actor":{
        "0":0.1302037201,
        "1":0.1374269006,
        "2":0.1329588015,
        "3":0.1485943775,
        "4":0.1364605544
    },
    "Activity":{
        "0":0.375,
        "1":0.3608247423,
        "2":0.4266917293,
        "3":0.42,
        "4":0.3970037453
    },
    "Activity Data":{
        "0":0.1992143659,
        "1":0.202805377,
        "2":0.2093596059,
        "3":0.2235904083,
        "4":0.2367491166
    },
    "Further Specification":{
        "0":0.4836363636,
        "1":0.4134897361,
        "2":0.4164524422,
        "3":0.3722084367,
        "4":0.46875
    },
    "XOR Gateway":{
        "0":0.1091954023,
        "1":0.1503267974,
        "2":0.1643835616,
        "3":0.1654676259,
        "4":0.0952380952
    },
    "Condition Specification":{
        "0":0.3608247423,
        "1":0.3803131991,
        "2":0.365234375,
        "3":0.40625,
        "4":0.3752620545
    },
    "AND Gateway":{
        "0":0.56,
        "1":0.7222222222,
        "2":0.6153846154,
        "3":0.6923076923,
        "4":0.6666666667
    },
    "All":{
        "0":0.1784857081,
        "1":0.183029453,
        "2":0.1890756303,
        "3":0.1953801732,
        "4":0.1992146597
    }
}