{
    "Actor":{
        "0":0.0850945495,
        "1":0.0917602996,
        "2":0.0889679715,
        "3":0.09697733,
        "4":0.0893098782
    },
    "Activity":{
        "0":0.2452631579,
        "1":0.2453488372,
        "2":0.2608200456,
        "3":0.2618510158,
        "4":0.2578692494
    },
    "Activity Data":{
        "0":0.1340394449,
        "1":0.1400472069,
        "2":0.1417197452,
        "3":0.140600316,
        "4":0.15008726
    },
    "Further Specification":{
        "0":0.275,
        "1":0.283269962,
        "2":0.2810457516,
        "3":0.2770034843,
        "4":0.3301886792
    },
    "XOR Gateway":{
        "0":0.071969697,
        "1":0.1016949153,
        "2":0.1025641026,
        "3":0.1045454545,
        "4":0.0652173913
    },
    "Condition Specification":{
        "0":0.2528735632,
        "1":0.2779503106,
        "2":0.2584415584,
        "3":0.2540983607,
        "4":0.2575757576
    },
    "AND Gateway":{
        "0":0.46875,
        "1":0.5833333333,
        "2":0.375,
        "3":0.4166666667,
        "4":0.46875
    },
    "All":{
        "0":0.1179587284,
        "1":0.1251165682,
        "2":0.1258189398,
        "3":0.125935909,
        "4":0.1298268975
    }
}