{
    "Actor":{
        "0":0.1612903226,
        "1":0.1710362047,
        "2":0.1684460261,
        "3":0.1826196474,
        "4":0.1691474966
    },
    "Activity":{
        "0":0.4863157895,
        "1":0.488372093,
        "2":0.5170842825,
        "3":0.5191873589,
        "4":0.5133171913
    },
    "Activity Data":{
        "0":0.2542001461,
        "1":0.2675059009,
        "2":0.2691082803,
        "3":0.2693522907,
        "4":0.2862129145
    },
    "Further Specification":{
        "0":0.5115384615,
        "1":0.5209125475,
        "2":0.5196078431,
        "3":0.5052264808,
        "4":0.6226415094
    },
    "XOR Gateway":{
        "0":0.1439393939,
        "1":0.1949152542,
        "2":0.1965811966,
        "3":0.2,
        "4":0.1217391304
    },
    "Condition Specification":{
        "0":0.4735632184,
        "1":0.5124223602,
        "2":0.4727272727,
        "3":0.4754098361,
        "4":0.4820936639
    },
    "AND Gateway":{
        "0":0.8125,
        "1":1.0,
        "2":0.6666666667,
        "3":0.75,
        "4":0.8125
    },
    "All":{
        "0":0.2250418293,
        "1":0.2374883432,
        "2":0.2391304348,
        "3":0.2395926924,
        "4":0.2480026631
    }
}