{
    "Actor":{
        "0":0.3781887755,
        "1":0.4031563845,
        "2":0.3826322931,
        "3":0.3968253968,
        "4":0.3859111792
    },
    "Activity":{
        "0":0.4315789474,
        "1":0.4395348837,
        "2":0.4419134396,
        "3":0.4390519187,
        "4":0.4406779661
    },
    "Activity Data":{
        "0":0.4252232143,
        "1":0.4405144695,
        "2":0.4162621359,
        "3":0.4201612903,
        "4":0.4414893617
    },
    "Further Specification":{
        "0":0.5153846154,
        "1":0.536121673,
        "2":0.5310457516,
        "3":0.5383275261,
        "4":0.5448113208
    },
    "XOR Gateway":{
        "0":0.3870967742,
        "1":0.4083333333,
        "2":0.4561403509,
        "3":0.4411764706,
        "4":0.4074074074
    },
    "Condition Specification":{
        "0":0.5206896552,
        "1":0.5373831776,
        "2":0.5299479167,
        "3":0.5199530516,
        "4":0.5151933702
    },
    "AND Gateway":{
        "0":0.75,
        "1":0.8,
        "2":0.7142857143,
        "3":0.6875,
        "4":0.7727272727
    },
    "All":{
        "0":0.4228944247,
        "1":0.4436363636,
        "2":0.426563487,
        "3":0.4320203304,
        "4":0.4348746911
    }
}