{
    "Actor":{
        "0":0.6199237808
    },
    "Activity":{
        "0":0.7162767949
    },
    "Activity Data":{
        "0":0.6663231129
    },
    "Further Specification":{
        "0":0.8120192623
    },
    "XOR Gateway":{
        "0":0.6620482457
    },
    "Condition Specification":{
        "0":0.7895582921
    },
    "AND Gateway":{
        "0":0.9194444444
    },
    "All":{
        "0":0.6742883641
    }
}