{
    "Actor":{
        "0":0.1297809353
    },
    "Activity":{
        "0":0.1461838104
    },
    "Activity Data":{
        "0":0.1429100314
    },
    "Further Specification":{
        "0":0.1777127258
    },
    "XOR Gateway":{
        "0":0.1400102891
    },
    "Condition Specification":{
        "0":0.1748778114
    },
    "AND Gateway":{
        "0":0.2483008658
    },
    "All":{
        "0":0.1439992865
    }
}