{
    "Actor":{
        "0":0.4510296135
    },
    "Activity":{
        "0":0.5109330828
    },
    "Activity Data":{
        "0":0.4920831491
    },
    "Further Specification":{
        "0":0.5687719178
    },
    "XOR Gateway":{
        "0":0.4846002052
    },
    "Condition Specification":{
        "0":0.608493464
    },
    "AND Gateway":{
        "0":0.7929824561
    },
    "All":{
        "0":0.4946394511
    }
}