{
    "Actor":{
        "0":0.1946714029
    },
    "Activity":{
        "0":0.2192757156
    },
    "Activity Data":{
        "0":0.2143650472
    },
    "Further Specification":{
        "0":0.2665690887
    },
    "XOR Gateway":{
        "0":0.2100154336
    },
    "Condition Specification":{
        "0":0.2623167171
    },
    "AND Gateway":{
        "0":0.3724512987
    },
    "All":{
        "0":0.2159989297
    }
}