{
    "Actor":{
        "0":0.0687615955,
        "1":0.0733011608,
        "2":0.0695695078,
        "3":0.0721500722,
        "4":0.0701656689
    },
    "Activity":{
        "0":0.0784688995,
        "1":0.0799154334,
        "2":0.0803478981,
        "3":0.0798276216,
        "4":0.0801232666
    },
    "Activity Data":{
        "0":0.0773133117,
        "1":0.0800935399,
        "2":0.0756840247,
        "3":0.0763929619,
        "4":0.080270793
    },
    "Further Specification":{
        "0":0.0937062937,
        "1":0.0974766678,
        "2":0.096553773,
        "3":0.097877732,
        "4":0.0990566038
    },
    "XOR Gateway":{
        "0":0.0703812317,
        "1":0.0742424242,
        "2":0.0829346093,
        "3":0.0802139037,
        "4":0.0740740741
    },
    "Condition Specification":{
        "0":0.0946708464,
        "1":0.0977060323,
        "2":0.0963541667,
        "3":0.0945369185,
        "4":0.0936715218
    },
    "AND Gateway":{
        "0":0.1363636364,
        "1":0.1454545455,
        "2":0.1298701299,
        "3":0.125,
        "4":0.1404958678
    },
    "All":{
        "0":0.0768898954,
        "1":0.080661157,
        "2":0.0775569976,
        "3":0.078549151,
        "4":0.0790681257
    }
}