{
    "Actor":{
        "0":0.5669050051,
        "1":0.5753880266,
        "2":0.5757906216,
        "3":0.5940023068,
        "4":0.5698924731
    },
    "Activity":{
        "0":0.6493506494,
        "1":0.6357388316,
        "2":0.7142857143,
        "3":0.6872727273,
        "4":0.6685393258
    },
    "Activity Data":{
        "0":0.602058319,
        "1":0.6022727273,
        "2":0.5920149719,
        "3":0.6399204244,
        "4":0.6630747126
    },
    "Further Specification":{
        "0":0.8581818182,
        "1":0.7272727273,
        "2":0.7249357326,
        "3":0.6526054591,
        "4":0.7013888889
    },
    "XOR Gateway":{
        "0":0.5925925926,
        "1":0.6351351351,
        "2":0.6756756757,
        "3":0.6417910448,
        "4":0.6176470588
    },
    "Condition Specification":{
        "0":0.6838487973,
        "1":0.668161435,
        "2":0.6823529412,
        "3":0.7632093933,
        "4":0.6869747899
    },
    "AND Gateway":{
        "0":0.6,
        "1":0.6666666667,
        "2":1.0,
        "3":0.8888888889,
        "4":0.7857142857
    },
    "All":{
        "0":0.6111111111,
        "1":0.609375,
        "2":0.6145833333,
        "3":0.6388250319,
        "4":0.6314768634
    }
}