{
    "Actor":{
        "0":0.2730202578,
        "1":0.2989361702,
        "2":0.2772861357,
        "3":0.2917771883,
        "4":0.2796892342
    },
    "Activity":{
        "0":0.3139356815,
        "1":0.3195266272,
        "2":0.3182936833,
        "3":0.3172920065,
        "4":0.3224092117
    },
    "Activity Data":{
        "0":0.310766721,
        "1":0.318975553,
        "2":0.2996505533,
        "3":0.3054822633,
        "4":0.3207729469
    },
    "Further Specification":{
        "0":0.3578104139,
        "1":0.4153166421,
        "2":0.3864447087,
        "3":0.3740920097,
        "4":0.4045534151
    },
    "XOR Gateway":{
        "0":0.2727272727,
        "1":0.296969697,
        "2":0.3443708609,
        "3":0.3191489362,
        "4":0.2993197279
    },
    "Condition Specification":{
        "0":0.3813131313,
        "1":0.363540569,
        "2":0.3913461538,
        "3":0.3865619546,
        "4":0.3817809621
    },
    "AND Gateway":{
        "0":0.5142857143,
        "1":0.5333333333,
        "2":0.625,
        "3":0.5,
        "4":0.6071428571
    },
    "All":{
        "0":0.3065348237,
        "1":0.3225186253,
        "2":0.3092157985,
        "3":0.3141966039,
        "4":0.3175666967
    }
}