{
    "Actor":{
        "0":0.1512755102,
        "1":0.1612625538,
        "2":0.1530529172,
        "3":0.1587301587,
        "4":0.1543644717
    },
    "Activity":{
        "0":0.1726315789,
        "1":0.1758139535,
        "2":0.1767653759,
        "3":0.1756207675,
        "4":0.1762711864
    },
    "Activity Data":{
        "0":0.1700892857,
        "1":0.1762057878,
        "2":0.1665048544,
        "3":0.1680645161,
        "4":0.1765957447
    },
    "Further Specification":{
        "0":0.2061538462,
        "1":0.2144486692,
        "2":0.2124183007,
        "3":0.2153310105,
        "4":0.2179245283
    },
    "XOR Gateway":{
        "0":0.1548387097,
        "1":0.1633333333,
        "2":0.1824561404,
        "3":0.1764705882,
        "4":0.162962963
    },
    "Condition Specification":{
        "0":0.2082758621,
        "1":0.214953271,
        "2":0.2119791667,
        "3":0.2079812207,
        "4":0.2060773481
    },
    "AND Gateway":{
        "0":0.3,
        "1":0.32,
        "2":0.2857142857,
        "3":0.275,
        "4":0.3090909091
    },
    "All":{
        "0":0.1691577699,
        "1":0.1774545455,
        "2":0.1706253948,
        "3":0.1728081321,
        "4":0.1739498765
    }
}