{
    "Actor":{
        "0":0.3411091706
    },
    "Activity":{
        "0":0.3877271799
    },
    "Activity Data":{
        "0":0.3749499528
    },
    "Further Specification":{
        "0":0.4937070285
    },
    "XOR Gateway":{
        "0":0.3701286442
    },
    "Condition Specification":{
        "0":0.4581289803
    },
    "AND Gateway":{
        "0":0.6453500522
    },
    "All":{
        "0":0.3802204205
    }
}