{
    "Bert Score":{
        "0":0.9999881983,
        "1":0.9998317957,
        "2":1.0,
        "3":0.999992609,
        "4":0.9999449253
    }
}