{
    "Bert Score":{
        "0":0.9971026778,
        "1":0.9974524975,
        "2":0.9982771277,
        "3":0.9974296689,
        "4":0.9986572266
    }
}