{
    "Bert Score":{
        "0":0.9978474379,
        "1":0.9981638789,
        "2":0.9982325435,
        "3":0.9999387264,
        "4":0.9999414682
    }
}