{
    "Bert Score":{
        "0":0.9948216081,
        "1":0.9945760965,
        "2":0.9958728552,
        "3":0.9953281283,
        "4":0.9966507554
    }
}