{
    "Bert Score":{
        "0":0.9954430461,
        "1":0.9952269197,
        "2":0.9963682294,
        "3":0.99588871,
        "4":0.9970526695
    }
}