{
    "Bert Score":{
        "0":0.9969246387,
        "1":0.9963870049,
        "2":0.99751544,
        "3":0.996673882,
        "4":0.9982705116
    }
}