{
    "Bert Score":{
        "0":0.997151792,
        "1":0.9970167875,
        "2":0.9977300763,
        "3":0.9974303842,
        "4":0.9981579781
    }
}