{
    "Bert Score":{
        "0":0.9976160526,
        "1":0.9968072772,
        "2":0.9983121753,
        "3":0.9985942245,
        "4":0.9990752935
    }
}