{
    "Actor":{
        "0":0.061284869,
        "1":0.0671568627,
        "2":0.0657711904,
        "3":0.0743589744,
        "4":0.0670960816
    },
    "Activity":{
        "0":0.1893442623,
        "1":0.196445276,
        "2":0.204320432,
        "3":0.2192564347,
        "4":0.2034548944
    },
    "Activity Data":{
        "0":0.0975063043,
        "1":0.10595201,
        "2":0.1053944496,
        "3":0.11064244,
        "4":0.1127922971
    },
    "Further Specification":{
        "0":0.1916426513,
        "1":0.2257001647,
        "2":0.2015209125,
        "3":0.2196969697,
        "4":0.2693877551
    },
    "XOR Gateway":{
        "0":0.0588235294,
        "1":0.0798611111,
        "2":0.0759075908,
        "3":0.0862745098,
        "4":0.0476190476
    },
    "Condition Specification":{
        "0":0.1969407266,
        "1":0.2104591837,
        "2":0.1853360489,
        "3":0.2023928215,
        "4":0.1789366053
    },
    "AND Gateway":{
        "0":0.3333333333,
        "1":0.3870967742,
        "2":0.25,
        "3":0.3103448276,
        "4":0.3170731707
    },
    "All":{
        "0":0.0871772713,
        "1":0.0951669158,
        "2":0.0935570313,
        "3":0.0996512207,
        "4":0.0978203782
    }
}