{
    "Actor":{
        "0":0.0152806347,
        "1":0.0164095832,
        "2":0.0164158687,
        "3":0.0173980496,
        "4":0.0159109941
    },
    "Activity":{
        "0":0.0444232602,
        "1":0.0446315789,
        "2":0.047117173,
        "3":0.0473069834,
        "4":0.04689897
    },
    "Activity Data":{
        "0":0.0239089916,
        "1":0.0249982688,
        "2":0.0255721955,
        "3":0.0254225547,
        "4":0.026469683
    },
    "Further Specification":{
        "0":0.0477966102,
        "1":0.0487804878,
        "2":0.0484708598,
        "3":0.0466272925,
        "4":0.0575146935
    },
    "XOR Gateway":{
        "0":0.0142663043,
        "1":0.0189681335,
        "2":0.0191277735,
        "3":0.0195121951,
        "4":0.0110671937
    },
    "Condition Specification":{
        "0":0.0437564499,
        "1":0.0473273942,
        "2":0.0435087719,
        "3":0.0439352533,
        "4":0.0442455879
    },
    "AND Gateway":{
        "0":0.0752688172,
        "1":0.0909090909,
        "2":0.0633802817,
        "3":0.0704225352,
        "4":0.0752688172
    },
    "All":{
        "0":0.0209805763,
        "1":0.022107955,
        "2":0.022473997,
        "3":0.0223142031,
        "4":0.0228874282
    }
}