{
    "Actor":{
        "0":0.0908949422
    },
    "Activity":{
        "0":0.2707875864
    },
    "Activity Data":{
        "0":0.1446564268
    },
    "Further Specification":{
        "0":0.2855984263
    },
    "XOR Gateway":{
        "0":0.0922534491
    },
    "Condition Specification":{
        "0":0.2641042993
    },
    "AND Gateway":{
        "0":0.4413273522
    },
    "All":{
        "0":0.127652099
    }
}