{
    "Actor":{
        "0":0.0572217837,
        "1":0.0602992958,
        "2":0.0609703736,
        "3":0.0655515371,
        "4":0.0616674889
    },
    "Activity":{
        "0":0.1722595078,
        "1":0.1728395062,
        "2":0.1872937294,
        "3":0.1857835218,
        "4":0.1872791519
    },
    "Activity Data":{
        "0":0.0897601238,
        "1":0.0938189845,
        "2":0.0969036697,
        "3":0.0957058658,
        "4":0.1040609137
    },
    "Further Specification":{
        "0":0.1770972037,
        "1":0.1879286694,
        "2":0.1883886256,
        "3":0.1844783715,
        "4":0.2160392799
    },
    "XOR Gateway":{
        "0":0.0514905149,
        "1":0.0676470588,
        "2":0.0712074303,
        "3":0.0685358255,
        "4":0.0430769231
    },
    "Condition Specification":{
        "0":0.173693086,
        "1":0.1829268293,
        "2":0.1718602455,
        "3":0.162530024,
        "4":0.1748251748
    },
    "AND Gateway":{
        "0":0.2888888889,
        "1":0.3428571429,
        "2":0.2285714286,
        "3":0.2647058824,
        "4":0.2765957447
    },
    "All":{
        "0":0.0798772642,
        "1":0.0837994954,
        "2":0.0864370291,
        "3":0.08507923,
        "4":0.0898131404
    }
}