{
    "Actor":{
        "0":0.0337443219,
        "1":0.0362581581,
        "2":0.0362201068,
        "3":0.0384238864,
        "4":0.0351201479
    },
    "Activity":{
        "0":0.0977759127,
        "1":0.0982391103,
        "2":0.1036834925,
        "3":0.1041009464,
        "4":0.1032320309
    },
    "Activity Data":{
        "0":0.0528034067,
        "1":0.0552072182,
        "2":0.0564214464,
        "3":0.056167738,
        "4":0.0584437649
    },
    "Further Specification":{
        "0":0.1055389222,
        "1":0.1077490775,
        "2":0.1070063694,
        "3":0.1028101439,
        "4":0.1268518519
    },
    "XOR Gateway":{
        "0":0.0314371257,
        "1":0.0418060201,
        "2":0.042158516,
        "3":0.0430107527,
        "4":0.0243478261
    },
    "Condition Specification":{
        "0":0.0964074579,
        "1":0.1042944785,
        "2":0.0958268934,
        "3":0.096804076,
        "4":0.0974274767
    },
    "AND Gateway":{
        "0":0.1666666667,
        "1":0.2,
        "2":0.140625,
        "3":0.15625,
        "4":0.1666666667
    },
    "All":{
        "0":0.0462973061,
        "1":0.0487952904,
        "2":0.0495611469,
        "3":0.0492417589,
        "4":0.0504832811
    }
}