{
    "Actor":{
        "0":0.0299277461
    },
    "Activity":{
        "0":0.0844950621
    },
    "Activity Data":{
        "0":0.0464548844
    },
    "Further Specification":{
        "0":0.0915706562
    },
    "XOR Gateway":{
        "0":0.0304453181
    },
    "Condition Specification":{
        "0":0.0817598156
    },
    "AND Gateway":{
        "0":0.1381295272
    },
    "All":{
        "0":0.0406941982
    }
}