{
    "Actor":{
        "0":0.1037195994,
        "1":0.108816521,
        "2":0.1156351792,
        "3":0.119047619,
        "4":0.1081314879
    },
    "Activity":{
        "0":0.3244382022,
        "1":0.3074670571,
        "2":0.3388059701,
        "3":0.3479576399,
        "4":0.3419354839
    },
    "Activity Data":{
        "0":0.1677108434,
        "1":0.1688182721,
        "2":0.1815252417,
        "3":0.177696717,
        "4":0.1913652275
    },
    "Further Specification":{
        "0":0.2942477876,
        "1":0.3099547511,
        "2":0.3057692308,
        "3":0.3929539295,
        "4":0.4459459459
    },
    "XOR Gateway":{
        "0":0.0979381443,
        "1":0.1179487179,
        "2":0.1329479769,
        "3":0.1341463415,
        "4":0.0813953488
    },
    "Condition Specification":{
        "0":0.3533447684,
        "1":0.3179190751,
        "2":0.3154246101,
        "3":0.3295454545,
        "4":0.3707627119
    },
    "AND Gateway":{
        "0":0.5,
        "1":0.5217391304,
        "2":0.4444444444,
        "3":0.4736842105,
        "4":0.5909090909
    },
    "All":{
        "0":0.1483455882,
        "1":0.1487828627,
        "2":0.1590729002,
        "3":0.1610954491,
        "4":0.1673405211
    }
}