{
    "Actor":{
        "0":0.1478083588,
        "1":0.1578354002,
        "2":0.1428571429,
        "3":0.1542443064,
        "4":0.1346555324
    },
    "Activity":{
        "0":0.4333958724,
        "1":0.4259634888,
        "2":0.4134790528,
        "3":0.426716141,
        "4":0.4072657744
    },
    "Activity Data":{
        "0":0.234659474,
        "1":0.2385575589,
        "2":0.2323568575,
        "3":0.2383524646,
        "4":0.2289815448
    },
    "Further Specification":{
        "0":0.4854014599,
        "1":0.4326018809,
        "2":0.3552631579,
        "3":0.3540669856,
        "4":0.53125
    },
    "XOR Gateway":{
        "0":0.125,
        "1":0.1755725191,
        "2":0.1748251748,
        "3":0.1904761905,
        "4":0.0921052632
    },
    "Condition Specification":{
        "0":0.375,
        "1":0.4495912807,
        "2":0.4117647059,
        "3":0.443231441,
        "4":0.3682008368
    },
    "AND Gateway":{
        "0":0.7,
        "1":0.8571428571,
        "2":0.6153846154,
        "3":0.6428571429,
        "4":0.56
    },
    "All":{
        "0":0.2025031289,
        "1":0.2113331508,
        "2":0.1979646232,
        "3":0.2036481759,
        "4":0.1971465629
    }
}