{
    "Actor":{
        "0":0.1077035285
    },
    "Activity":{
        "0":0.315790835
    },
    "Activity Data":{
        "0":0.1690654908
    },
    "Further Specification":{
        "0":0.3143547409
    },
    "XOR Gateway":{
        "0":0.108827135
    },
    "Condition Specification":{
        "0":0.3174235542
    },
    "AND Gateway":{
        "0":0.4835642136
    },
    "All":{
        "0":0.1493507902
    }
}