{
    "Actor":{
        "0":0.0210355987,
        "1":0.0225937641,
        "2":0.0225923244,
        "3":0.0239511823,
        "4":0.0219002141
    },
    "Activity":{
        "0":0.0610907184,
        "1":0.0613781123,
        "2":0.0647911338,
        "3":0.065052098,
        "4":0.0644966847
    },
    "Activity Data":{
        "0":0.0329145284,
        "1":0.0344137274,
        "2":0.0351934668,
        "3":0.0350023844,
        "4":0.0364368181
    },
    "Further Specification":{
        "0":0.0657956136,
        "1":0.0671573137,
        "2":0.0667196187,
        "3":0.0641573995,
        "4":0.0791450029
    },
    "XOR Gateway":{
        "0":0.0196261682,
        "1":0.0260960334,
        "2":0.0263157895,
        "3":0.0268456376,
        "4":0.0152173913
    },
    "Condition Specification":{
        "0":0.0601930721,
        "1":0.0651091536,
        "2":0.0598455598,
        "3":0.0604395604,
        "4":0.0608547009
    },
    "AND Gateway":{
        "0":0.1037037037,
        "1":0.125,
        "2":0.0873786408,
        "3":0.0970873786,
        "4":0.1037037037
    },
    "All":{
        "0":0.0288755867,
        "1":0.0304291878,
        "2":0.0309248238,
        "3":0.0307113643,
        "4":0.0314957422
    }
}