{
    "Actor":{
        "0":0.0852459016,
        "1":0.0917431193,
        "2":0.0912814511,
        "3":0.0970933828,
        "4":0.0886075949
    },
    "Activity":{
        "0":0.2447478992,
        "1":0.2459396752,
        "2":0.2593856655,
        "3":0.2604284104,
        "4":0.2584541063
    },
    "Activity Data":{
        "0":0.1334289813,
        "1":0.1394899536,
        "2":0.1421838178,
        "3":0.1420828494,
        "4":0.1475761476
    },
    "Further Specification":{
        "0":0.2665406427,
        "1":0.2723880597,
        "2":0.270096463,
        "3":0.2586206897,
        "4":0.3193473193
    },
    "XOR Gateway":{
        "0":0.0789473684,
        "1":0.1050420168,
        "2":0.1059322034,
        "3":0.1081081081,
        "4":0.0608695652
    },
    "Condition Specification":{
        "0":0.2420091324,
        "1":0.2619414484,
        "2":0.2403100775,
        "3":0.2430232558,
        "4":0.244170096
    },
    "AND Gateway":{
        "0":0.4242424242,
        "1":0.5,
        "2":0.36,
        "3":0.4,
        "4":0.4242424242
    },
    "All":{
        "0":0.1167170745,
        "1":0.1230863442,
        "2":0.1247238993,
        "3":0.1241511662,
        "4":0.1271172505
    }
}