{
    "Actor":{
        "0":0.4285714286,
        "1":0.4726775956,
        "2":0.460331299,
        "3":0.45294635,
        "4":0.4877300613
    },
    "Activity":{
        "0":0.5319148936,
        "1":0.538573508,
        "2":0.5413105413,
        "3":0.5178082192,
        "4":0.5517774343
    },
    "Activity Data":{
        "0":0.4786363636,
        "1":0.5269492412,
        "2":0.4824605999,
        "3":0.4691298007,
        "4":0.5313759355
    },
    "Further Specification":{
        "0":0.51416122,
        "1":0.5511111111,
        "2":0.5381679389,
        "3":0.550209205,
        "4":0.5674157303
    },
    "XOR Gateway":{
        "0":0.4444444444,
        "1":0.5,
        "2":0.5747126437,
        "3":0.5,
        "4":0.512195122
    },
    "Condition Specification":{
        "0":0.6482084691,
        "1":0.6394849785,
        "2":0.5621970921,
        "3":0.5555555556,
        "4":0.5934664247
    },
    "AND Gateway":{
        "0":0.5217391304,
        "1":0.6666666667,
        "2":0.7,
        "3":0.5,
        "4":0.5789473684
    },
    "All":{
        "0":0.4822968263,
        "1":0.5204405846,
        "2":0.4901107595,
        "3":0.4804072224,
        "4":0.5215102975
    }
}