{
    "Actor":{
        "0":0.1489624506,
        "1":0.1575891623,
        "2":0.1509134234,
        "3":0.155822396,
        "4":0.1516234733
    },
    "Activity":{
        "0":0.1745698699,
        "1":0.1788693234,
        "2":0.1768985903,
        "3":0.1757548445,
        "4":0.1780028944
    },
    "Activity Data":{
        "0":0.1651734104,
        "1":0.1700499688,
        "2":0.1611779607,
        "3":0.1658338538,
        "4":0.1713250518
    },
    "Further Specification":{
        "0":0.1931137725,
        "1":0.2022140221,
        "2":0.1961783439,
        "3":0.1919122687,
        "4":0.1990740741
    },
    "XOR Gateway":{
        "0":0.1698113208,
        "1":0.1720779221,
        "2":0.1911262799,
        "3":0.1863117871,
        "4":0.1555555556
    },
    "Condition Specification":{
        "0":0.1891768986,
        "1":0.1926153846,
        "2":0.1859504132,
        "3":0.1894150418,
        "4":0.1844127333
    },
    "AND Gateway":{
        "0":0.21875,
        "1":0.2,
        "2":0.2307692308,
        "3":0.2272727273,
        "4":0.2203389831
    },
    "All":{
        "0":0.1638290479,
        "1":0.1709093253,
        "2":0.1638561686,
        "3":0.167080129,
        "4":0.1670471052
    }
}