{
    "Actor":{
        "0":0.3441932563
    },
    "Activity":{
        "0":0.3947250802
    },
    "Activity Data":{
        "0":0.3770240829
    },
    "Further Specification":{
        "0":0.4322008908
    },
    "XOR Gateway":{
        "0":0.3863908151
    },
    "Condition Specification":{
        "0":0.4310942559
    },
    "AND Gateway":{
        "0":0.4933409962
    },
    "All":{
        "0":0.3746840486
    }
}