{
    "Actor":{
        "0":0.54315197,
        "1":0.5940594059,
        "2":0.5637305699,
        "3":0.6176821983,
        "4":0.5906288533
    },
    "Activity":{
        "0":0.6453674121,
        "1":0.6787658802,
        "2":0.6480541455,
        "3":0.7205323194,
        "4":0.7055335968
    },
    "Activity Data":{
        "0":0.6165626773,
        "1":0.6278928136,
        "2":0.6310367032,
        "3":0.6451398136,
        "4":0.6664275466
    },
    "Further Specification":{
        "0":0.6501305483,
        "1":0.6252983294,
        "2":0.6334056399,
        "3":0.8296529968,
        "4":0.7829457364
    },
    "XOR Gateway":{
        "0":0.6923076923,
        "1":0.6625,
        "2":0.7567567568,
        "3":0.6417910448,
        "4":0.6666666667
    },
    "Condition Specification":{
        "0":0.729390681,
        "1":0.8232044199,
        "2":0.7326315789,
        "3":0.7910750507,
        "4":0.7534562212
    },
    "AND Gateway":{
        "0":1.0,
        "1":1.0,
        "2":1.0,
        "3":0.8888888889,
        "4":1.0
    },
    "All":{
        "0":0.6061078912,
        "1":0.6357915933,
        "2":0.6165777993,
        "3":0.6686217009,
        "4":0.6577509347
    }
}