{
    "Actor":{
        "0":0.5606128689
    },
    "Activity":{
        "0":0.6395172725
    },
    "Activity Data":{
        "0":0.5881783454
    },
    "Further Specification":{
        "0":0.68509557
    },
    "XOR Gateway":{
        "0":0.6303888379
    },
    "Condition Specification":{
        "0":0.6874611325
    },
    "AND Gateway":{
        "0":0.801048951
    },
    "All":{
        "0":0.5963659081
    }
}