{
    "Actor":{
        "0":0.4734988765
    },
    "Activity":{
        "0":0.5636713745
    },
    "Activity Data":{
        "0":0.521430953
    },
    "Further Specification":{
        "0":0.6041374238
    },
    "XOR Gateway":{
        "0":0.5277159611
    },
    "Condition Specification":{
        "0":0.6383193277
    },
    "AND Gateway":{
        "0":0.6465355697
    },
    "All":{
        "0":0.5239583091
    }
}