{
    "Actor":{
        "0":0.2753600595
    },
    "Activity":{
        "0":0.3171430167
    },
    "Activity Data":{
        "0":0.2987247068
    },
    "Further Specification":{
        "0":0.3512477172
    },
    "XOR Gateway":{
        "0":0.3083451774
    },
    "Condition Specification":{
        "0":0.3380522911
    },
    "AND Gateway":{
        "0":0.3761363274
    },
    "All":{
        "0":0.2985967318
    }
}