{
    "Actor":{
        "0":0.4362264151,
        "1":0.4428571429,
        "2":0.4091888011,
        "3":0.4400958466,
        "4":0.4148329258
    },
    "Activity":{
        "0":0.5018541409,
        "1":0.5019556714,
        "2":0.4790640394,
        "3":0.5006435006,
        "4":0.4926568758
    },
    "Activity Data":{
        "0":0.4829721362,
        "1":0.4728647687,
        "2":0.4382264313,
        "3":0.462639821,
        "4":0.4738609113
    },
    "Further Specification":{
        "0":0.6108374384,
        "1":0.54048583,
        "2":0.5238095238,
        "3":0.5139146568,
        "4":0.6056338028
    },
    "XOR Gateway":{
        "0":0.4752475248,
        "1":0.4491525424,
        "2":0.5185185185,
        "3":0.5,
        "4":0.4329896907
    },
    "Condition Specification":{
        "0":0.5362318841,
        "1":0.530224525,
        "2":0.4972144847,
        "3":0.5403225806,
        "4":0.5618729097
    },
    "AND Gateway":{
        "0":0.7,
        "1":0.5,
        "2":0.6,
        "3":0.5714285714,
        "4":0.5652173913
    },
    "All":{
        "0":0.4787889456,
        "1":0.4739336493,
        "2":0.4431760954,
        "3":0.467750486,
        "4":0.4694195559
    }
}