{
    "Actor":{
        "0":0.649122807,
        "1":0.6805194805,
        "2":0.5982339956,
        "3":0.6208920188,
        "4":0.5732708089
    },
    "Activity":{
        "0":0.7504690432,
        "1":0.7505070994,
        "2":0.6976320583,
        "3":0.706864564,
        "4":0.6921606119
    },
    "Activity Data":{
        "0":0.7227179135,
        "1":0.7207654146,
        "2":0.6646258503,
        "3":0.6872399445,
        "4":0.6541666667
    },
    "Further Specification":{
        "0":0.8613138686,
        "1":0.789968652,
        "2":0.6403508772,
        "3":0.6531100478,
        "4":0.82421875
    },
    "XOR Gateway":{
        "0":0.75,
        "1":0.7014925373,
        "2":0.7777777778,
        "3":0.8166666667,
        "4":0.6
    },
    "Condition Specification":{
        "0":0.7264492754,
        "1":0.8164383562,
        "2":0.7909090909,
        "3":0.8533916849,
        "4":0.6918238994
    },
    "AND Gateway":{
        "0":0.9333333333,
        "1":0.9090909091,
        "2":1.0,
        "3":0.8888888889,
        "4":0.7647058824
    },
    "All":{
        "0":0.7024,
        "1":0.7206053551,
        "2":0.651025641,
        "3":0.6777866031,
        "4":0.6402640264
    }
}