{
    "Actor":{
        "0":0.1915931274
    },
    "Activity":{
        "0":0.221064118
    },
    "Activity Data":{
        "0":0.2087504452
    },
    "Further Specification":{
        "0":0.2459832766
    },
    "XOR Gateway":{
        "0":0.2190279194
    },
    "Condition Specification":{
        "0":0.2355379798
    },
    "AND Gateway":{
        "0":0.275428483
    },
    "All":{
        "0":0.2084713097
    }
}