{
    "Actor":{
        "0":0.1865717822,
        "1":0.1974367856,
        "2":0.1889294001,
        "3":0.1951731375,
        "4":0.1898545319
    },
    "Activity":{
        "0":0.2182581322,
        "1":0.2236384705,
        "2":0.2211483798,
        "3":0.2197183099,
        "4":0.2225572979
    },
    "Activity Data":{
        "0":0.2068403909,
        "1":0.2129448573,
        "2":0.2017439556,
        "3":0.2077058478,
        "4":0.2145171743
    },
    "Further Specification":{
        "0":0.2417994377,
        "1":0.2532347505,
        "2":0.2456140351,
        "3":0.2401372213,
        "4":0.2491309386
    },
    "XOR Gateway":{
        "0":0.2125984252,
        "1":0.2154471545,
        "2":0.2393162393,
        "3":0.2333333333,
        "4":0.1944444444
    },
    "Condition Specification":{
        "0":0.236632537,
        "1":0.2409545804,
        "2":0.2325581395,
        "3":0.2369337979,
        "4":0.2306108442
    },
    "AND Gateway":{
        "0":0.2745098039,
        "1":0.25,
        "2":0.2903225806,
        "3":0.2857142857,
        "4":0.2765957447
    },
    "All":{
        "0":0.2050891692,
        "1":0.2139745038,
        "2":0.2050585771,
        "3":0.2091614907,
        "4":0.2090728075
    }
}