{
    "Actor":{
        "0":0.5265654649,
        "1":0.5785953177,
        "2":0.5523012552,
        "3":0.6160287081,
        "4":0.5888888889
    },
    "Activity":{
        "0":0.6389776358,
        "1":0.6715063521,
        "2":0.6429780034,
        "3":0.7186311787,
        "4":0.7055335968
    },
    "Activity Data":{
        "0":0.6030927835,
        "1":0.6174126303,
        "2":0.616634178,
        "3":0.6433333333,
        "4":0.6630747126
    },
    "Further Specification":{
        "0":0.6243386243,
        "1":0.5990338164,
        "2":0.6170678337,
        "3":0.8296529968,
        "4":0.7829457364
    },
    "XOR Gateway":{
        "0":0.6315789474,
        "1":0.6025641026,
        "2":0.6944444444,
        "3":0.6417910448,
        "4":0.6666666667
    },
    "Condition Specification":{
        "0":0.7171171171,
        "1":0.8232044199,
        "2":0.7326315789,
        "3":0.7910750507,
        "4":0.7534562212
    },
    "AND Gateway":{
        "0":1.0,
        "1":1.0,
        "2":1.0,
        "3":0.8888888889,
        "4":1.0
    },
    "All":{
        "0":0.5911850686,
        "1":0.6231295968,
        "2":0.6048328045,
        "3":0.6672892209,
        "4":0.6560161197
    }
}