{
    "Actor":{
        "0":0.5674437332
    },
    "Activity":{
        "0":0.6418091142
    },
    "Activity Data":{
        "0":0.597135443
    },
    "Further Specification":{
        "0":0.6964653756
    },
    "XOR Gateway":{
        "0":0.6418870957
    },
    "Condition Specification":{
        "0":0.6890437216
    },
    "AND Gateway":{
        "0":0.8776928953
    },
    "All":{
        "0":0.6033863063
    }
}