{
    "Actor":{
        "0.0":0.721530121,
        "0.1":0.7063642069,
        "0.2":0.6981823316,
        "0.3":0.718187641,
        "0.4":0.7017746255,
        "0.5":0.7175452018,
        "0.6":0.7134221357,
        "0.7":0.7271957336,
        "0.8":0.7238097748,
        "0.9":0.7251037797,
        "1.0":0.7090718564,
        "1.25":0.7126205031,
        "1.5":0.7213169001,
        "1.75":0.7102763683,
        "2.0":0.713855629,
        "3.0":0.7221183252,
        "4.0":0.6995050818,
        "5.0":0.7069570377,
        "7.0":0.714886801,
        "10.0":0.6876723563
    },
    "Activity":{
        "0.0":0.7649218209,
        "0.1":0.7711427377,
        "0.2":0.7785353879,
        "0.3":0.7756881073,
        "0.4":0.7635481709,
        "0.5":0.7737828662,
        "0.6":0.7668838061,
        "0.7":0.7770076805,
        "0.8":0.7690955662,
        "0.9":0.7818274796,
        "1.0":0.7810050914,
        "1.25":0.7689605574,
        "1.5":0.7733620031,
        "1.75":0.7785395116,
        "2.0":0.7810678376,
        "3.0":0.7879678905,
        "4.0":0.7774454236,
        "5.0":0.7770684914,
        "7.0":0.7615285032,
        "10.0":0.7608700664
    },
    "Activity Data":{
        "0.0":0.6158860061,
        "0.1":0.6257344812,
        "0.2":0.622504932,
        "0.3":0.6161535384,
        "0.4":0.6220688553,
        "0.5":0.6327532124,
        "0.6":0.6258302981,
        "0.7":0.6238513376,
        "0.8":0.6244641908,
        "0.9":0.6267281898,
        "1.0":0.6349852986,
        "1.25":0.6358103874,
        "1.5":0.6333748695,
        "1.75":0.629917358,
        "2.0":0.6290337118,
        "3.0":0.6338097004,
        "4.0":0.6353923358,
        "5.0":0.6340730547,
        "7.0":0.6330075209,
        "10.0":0.6252579398
    },
    "Further Specification":{
        "0.0":0.2552923105,
        "0.1":0.2253639847,
        "0.2":0.2156954887,
        "0.3":0.2033836099,
        "0.4":0.2151226909,
        "0.5":0.1952374423,
        "0.6":0.2385972851,
        "0.7":0.2959363217,
        "0.8":0.19836469,
        "0.9":0.2795168067,
        "1.0":0.2685347401,
        "1.25":0.2363909774,
        "1.5":0.2582132605,
        "1.75":0.2863613579,
        "2.0":0.2384674149,
        "3.0":0.2601210259,
        "4.0":0.2602925661,
        "5.0":0.2267013688,
        "7.0":0.261613919,
        "10.0":0.2261072261
    },
    "XOR Gateway":{
        "0.0":0.7246239374,
        "0.1":0.719710909,
        "0.2":0.7286506309,
        "0.3":0.717537313,
        "0.4":0.7155573941,
        "0.5":0.7410321952,
        "0.6":0.7276582761,
        "0.7":0.7197856854,
        "0.8":0.7104419701,
        "0.9":0.7288535407,
        "1.0":0.7232120674,
        "1.25":0.7369565217,
        "1.5":0.7297670583,
        "1.75":0.7112007481,
        "2.0":0.7271033201,
        "3.0":0.7210223145,
        "4.0":0.7200685958,
        "5.0":0.7068131632,
        "7.0":0.7255828476,
        "10.0":0.7059134781
    },
    "Condition Specification":{
        "0.0":0.5953056321,
        "0.1":0.6616139321,
        "0.2":0.5785561497,
        "0.3":0.6494483159,
        "0.4":0.6217322291,
        "0.5":0.6538819876,
        "0.6":0.6407142857,
        "0.7":0.6384563022,
        "0.8":0.6189589107,
        "0.9":0.6395254745,
        "1.0":0.6108901099,
        "1.25":0.6435017422,
        "1.5":0.5906015038,
        "1.75":0.6030952381,
        "2.0":0.6068323705,
        "3.0":0.5961626016,
        "4.0":0.579002457,
        "5.0":0.617002457,
        "7.0":0.6032520325,
        "10.0":0.5679248658
    },
    "AND Gateway":{
        "0.0":0.0,
        "0.1":0.1,
        "0.2":0.0,
        "0.3":0.3,
        "0.4":0.0,
        "0.5":0.2,
        "0.6":0.2,
        "0.7":0.2,
        "0.8":0.2,
        "0.9":0.1,
        "1.0":0.3,
        "1.25":0.3,
        "1.5":0.3,
        "1.75":0.0,
        "2.0":0.36,
        "3.0":0.3333333333,
        "4.0":0.36,
        "5.0":0.3333333333,
        "7.0":0.3333333333,
        "10.0":0.3142857143
    }
}