{
    "Bert Score":{
        "0":0.9991679192,
        "1":0.9990556836,
        "2":0.9990907907,
        "3":0.9987372756,
        "4":0.9993377328
    }
}