{
    "Bert Score":{
        "0":0.9995770454,
        "1":0.9993499517,
        "2":0.9997493029,
        "3":0.9999441504,
        "4":0.9999417067
    }
}