{
    "Actor":{
        "0":0.0580218069,
        "1":0.0666351607,
        "2":0.0639789658,
        "3":0.0669683258,
        "4":0.0624071322
    },
    "Activity":{
        "0":0.1728486647,
        "1":0.1887800534,
        "2":0.1914715719,
        "3":0.1896974652,
        "4":0.1886625332
    },
    "Activity Data":{
        "0":0.0912127441,
        "1":0.1023900856,
        "2":0.1020408163,
        "3":0.0988388558,
        "4":0.108499678
    },
    "Further Specification":{
        "0":0.1913161465,
        "1":0.2205206738,
        "2":0.205630355,
        "3":0.1847826087,
        "4":0.2297297297
    },
    "XOR Gateway":{
        "0":0.0505319149,
        "1":0.0751633987,
        "2":0.0741935484,
        "3":0.073089701,
        "4":0.0445859873
    },
    "Condition Specification":{
        "0":0.1724415794,
        "1":0.1946697567,
        "2":0.1853658537,
        "3":0.1807228916,
        "4":0.1795634921
    },
    "AND Gateway":{
        "0":0.3181818182,
        "1":0.5,
        "2":0.3214285714,
        "3":0.2903225806,
        "4":0.358974359
    },
    "All":{
        "0":0.0812267294,
        "1":0.0924964606,
        "2":0.0916030534,
        "3":0.0886280422,
        "4":0.0929694164
    }
}