{
    "Actor":{
        "0":0.0636022783
    },
    "Activity":{
        "0":0.1862920577
    },
    "Activity Data":{
        "0":0.100596436
    },
    "Further Specification":{
        "0":0.2063959027
    },
    "XOR Gateway":{
        "0":0.06351291
    },
    "Condition Specification":{
        "0":0.1825527147
    },
    "AND Gateway":{
        "0":0.3577814658
    },
    "All":{
        "0":0.0893847404
    }
}