{
    "Actor":{
        "0":0.0552465703,
        "1":0.0586766542,
        "2":0.0577303282,
        "3":0.0621326616,
        "4":0.0568335589
    },
    "Activity":{
        "0":0.1635087719,
        "1":0.1643410853,
        "2":0.1738800304,
        "3":0.1745673439,
        "4":0.1719128329
    },
    "Activity Data":{
        "0":0.0864377891,
        "1":0.0910044584,
        "2":0.0915605096,
        "3":0.0918904687,
        "4":0.0980221059
    },
    "Further Specification":{
        "0":0.1807692308,
        "1":0.1825095057,
        "2":0.1830065359,
        "3":0.1777003484,
        "4":0.213836478
    },
    "XOR Gateway":{
        "0":0.047979798,
        "1":0.0649717514,
        "2":0.0655270655,
        "3":0.0666666667,
        "4":0.0405797101
    },
    "Condition Specification":{
        "0":0.1639846743,
        "1":0.1739130435,
        "2":0.1645021645,
        "3":0.1639344262,
        "4":0.1662075298
    },
    "AND Gateway":{
        "0":0.2916666667,
        "1":0.3611111111,
        "2":0.25,
        "3":0.25,
        "4":0.2916666667
    },
    "All":{
        "0":0.0770589329,
        "1":0.0812351052,
        "2":0.0821917808,
        "3":0.0821603274,
        "4":0.0846648913
    }
}