{
    "Actor":{
        "0":0.1153546376,
        "1":0.1231178034,
        "2":0.1175986842,
        "3":0.1390220518,
        "4":0.1338329764
    },
    "Activity":{
        "0":0.342143906,
        "1":0.3656845754,
        "2":0.3717532468,
        "3":0.3951890034,
        "4":0.4
    },
    "Activity Data":{
        "0":0.1792260692,
        "1":0.1955656623,
        "2":0.1925254813,
        "3":0.2134411948,
        "4":0.2263374486
    },
    "Further Specification":{
        "0":0.3390663391,
        "1":0.4693877551,
        "2":0.343035343,
        "3":0.4099722992,
        "4":0.4733096085
    },
    "XOR Gateway":{
        "0":0.1005291005,
        "1":0.1493506494,
        "2":0.14375,
        "3":0.1560283688,
        "4":0.1014492754
    },
    "Condition Specification":{
        "0":0.3644366197,
        "1":0.3892773893,
        "2":0.3510436433,
        "3":0.3570190641,
        "4":0.3933333333
    },
    "AND Gateway":{
        "0":0.52,
        "1":1.0,
        "2":0.5714285714,
        "3":0.6923076923,
        "4":0.7222222222
    },
    "All":{
        "0":0.1600547196,
        "1":0.1777675701,
        "2":0.170083682,
        "3":0.1866327475,
        "4":0.196902074
    }
}