{
    "Actor":{
        "0":0.1554126474,
        "1":0.1541019956,
        "2":0.1532690247,
        "3":0.1703877791,
        "4":0.1608751609
    },
    "Activity":{
        "0":0.4583333333,
        "1":0.4341563786,
        "2":0.4690082645,
        "3":0.4761904762,
        "4":0.4829157175
    },
    "Activity Data":{
        "0":0.2413554633,
        "1":0.2426837973,
        "2":0.2483468038,
        "3":0.2548435171,
        "4":0.2729528536
    },
    "Further Specification":{
        "0":0.4539249147,
        "1":0.3770053476,
        "2":0.487804878,
        "3":0.5052264808,
        "4":0.5972850679
    },
    "XOR Gateway":{
        "0":0.1310344828,
        "1":0.1782945736,
        "2":0.1666666667,
        "3":0.1848739496,
        "4":0.1166666667
    },
    "Condition Specification":{
        "0":0.416498994,
        "1":0.474137931,
        "2":0.4130925508,
        "3":0.4312896406,
        "4":0.4396984925
    },
    "AND Gateway":{
        "0":0.8125,
        "1":0.9230769231,
        "2":0.5625,
        "3":0.6,
        "4":0.8125
    },
    "All":{
        "0":0.2110067814,
        "1":0.210511908,
        "2":0.2176613557,
        "3":0.2246498599,
        "4":0.234591195
    }
}