{
    "Actor":{
        "0":0.0757608359
    },
    "Activity":{
        "0":0.2223863032
    },
    "Activity Data":{
        "0":0.1189443887
    },
    "Further Specification":{
        "0":0.2412827934
    },
    "XOR Gateway":{
        "0":0.0741054846
    },
    "Condition Specification":{
        "0":0.2101507386
    },
    "AND Gateway":{
        "0":0.3519177798
    },
    "All":{
        "0":0.1050427934
    }
}