{
    "Actor":{
        "0":0.0414349277,
        "1":0.0440074906,
        "2":0.0432977461,
        "3":0.0465994962,
        "4":0.0426251691
    },
    "Activity":{
        "0":0.1226315789,
        "1":0.123255814,
        "2":0.1304100228,
        "3":0.1309255079,
        "4":0.1289346247
    },
    "Activity Data":{
        "0":0.0648283419,
        "1":0.0682533438,
        "2":0.0686703822,
        "3":0.0689178515,
        "4":0.0735165794
    },
    "Further Specification":{
        "0":0.1355769231,
        "1":0.1368821293,
        "2":0.137254902,
        "3":0.1332752613,
        "4":0.1603773585
    },
    "XOR Gateway":{
        "0":0.0359848485,
        "1":0.0487288136,
        "2":0.0491452991,
        "3":0.05,
        "4":0.0304347826
    },
    "Condition Specification":{
        "0":0.1229885057,
        "1":0.1304347826,
        "2":0.1233766234,
        "3":0.1229508197,
        "4":0.1246556474
    },
    "AND Gateway":{
        "0":0.21875,
        "1":0.2708333333,
        "2":0.1875,
        "3":0.1875,
        "4":0.21875
    },
    "All":{
        "0":0.0577941997,
        "1":0.0609263289,
        "2":0.0616438356,
        "3":0.0616202456,
        "4":0.0634986684
    }
}