{
    "Actor":{
        "0":0.0992671552,
        "1":0.1069802731,
        "2":0.1021846371,
        "3":0.1091314031,
        "4":0.0974477958
    },
    "Activity":{
        "0":0.3012987013,
        "1":0.2926490985,
        "2":0.310298103,
        "3":0.3036649215,
        "4":0.29218107
    },
    "Activity Data":{
        "0":0.1530389156,
        "1":0.1624173749,
        "2":0.1606725829,
        "3":0.1590073529,
        "4":0.1671671672
    },
    "Further Specification":{
        "0":0.3325242718,
        "1":0.3674540682,
        "2":0.292469352,
        "3":0.297029703,
        "4":0.3685636856
    },
    "XOR Gateway":{
        "0":0.0917874396,
        "1":0.1111111111,
        "2":0.123655914,
        "3":0.1164021164,
        "4":0.0689655172
    },
    "Condition Specification":{
        "0":0.2985915493,
        "1":0.2973451327,
        "2":0.3064250412,
        "3":0.2824010914,
        "4":0.2723146747
    },
    "AND Gateway":{
        "0":0.5185185185,
        "1":0.5652173913,
        "2":0.5,
        "3":0.3913043478,
        "4":0.5
    },
    "All":{
        "0":0.1388231316,
        "1":0.1458841178,
        "2":0.144769285,
        "3":0.1420603103,
        "4":0.1437227798
    }
}