{
    "Actor":{
        "0":0.1107715814,
        "1":0.1144527987,
        "2":0.1125198098,
        "3":0.1210350584,
        "4":0.1117068811
    },
    "Activity":{
        "0":0.341211226,
        "1":0.3215926493,
        "2":0.3413533835,
        "3":0.3392330383,
        "4":0.3475409836
    },
    "Activity Data":{
        "0":0.1799379524,
        "1":0.1738241309,
        "2":0.1758584807,
        "3":0.1800422386,
        "4":0.1889400922
    },
    "Further Specification":{
        "0":0.4169278997,
        "1":0.3672922252,
        "2":0.3925925926,
        "3":0.3008298755,
        "4":0.4125
    },
    "XOR Gateway":{
        "0":0.1085714286,
        "1":0.1204188482,
        "2":0.1369047619,
        "3":0.1333333333,
        "4":0.0828402367
    },
    "Condition Specification":{
        "0":0.3382594417,
        "1":0.3197674419,
        "2":0.2973856209,
        "3":0.3034379671,
        "4":0.329566855
    },
    "AND Gateway":{
        "0":0.5909090909,
        "1":0.5454545455,
        "2":0.4444444444,
        "3":0.6923076923,
        "4":0.5652173913
    },
    "All":{
        "0":0.1599603568,
        "1":0.1556642217,
        "2":0.1589469517,
        "3":0.1568935085,
        "4":0.1652617569
    }
}