{
    "Actor":{
        "0":0.1251078516,
        "1":0.144820296,
        "2":0.1399014778,
        "3":0.1497933884,
        "4":0.1391982183
    },
    "Activity":{
        "0":0.3774509804,
        "1":0.4069767442,
        "2":0.443359375,
        "3":0.423572744,
        "4":0.4069097889
    },
    "Activity Data":{
        "0":0.1993127148,
        "1":0.2288021534,
        "2":0.2254836558,
        "3":0.2222946545,
        "4":0.2388929352
    },
    "Further Specification":{
        "0":0.3472584856,
        "1":0.4448051948,
        "2":0.4504249292,
        "3":0.4277286136,
        "4":0.5057471264
    },
    "XOR Gateway":{
        "0":0.11875,
        "1":0.1533333333,
        "2":0.1691176471,
        "3":0.1605839416,
        "4":0.0921052632
    },
    "Condition Specification":{
        "0":0.405511811,
        "1":0.4423592493,
        "2":0.4155251142,
        "3":0.3724770642,
        "4":0.3804347826
    },
    "AND Gateway":{
        "0":0.7647058824,
        "1":0.75,
        "2":0.4705882353,
        "3":0.5625,
        "4":0.52
    },
    "All":{
        "0":0.1760087241,
        "1":0.2013175231,
        "2":0.2022670025,
        "3":0.1959823616,
        "4":0.201897019
    }
}