{
    "Actor":{
        "0":0.1107715814,
        "1":0.1152882206,
        "2":0.1141045959,
        "3":0.1235392321,
        "4":0.1117068811
    },
    "Activity":{
        "0":0.3426883309,
        "1":0.3231240429,
        "2":0.3428571429,
        "3":0.3421828909,
        "4":0.3491803279
    },
    "Activity Data":{
        "0":0.1814891417,
        "1":0.1758691207,
        "2":0.1774193548,
        "3":0.1821541711,
        "4":0.189516129
    },
    "Further Specification":{
        "0":0.4263322884,
        "1":0.3672922252,
        "2":0.4,
        "3":0.3132780083,
        "4":0.41875
    },
    "XOR Gateway":{
        "0":0.1085714286,
        "1":0.1204188482,
        "2":0.1369047619,
        "3":0.1333333333,
        "4":0.0828402367
    },
    "Condition Specification":{
        "0":0.3448275862,
        "1":0.3217054264,
        "2":0.3088235294,
        "3":0.3094170404,
        "4":0.3352165725
    },
    "AND Gateway":{
        "0":0.5909090909,
        "1":0.5909090909,
        "2":0.4444444444,
        "3":0.6923076923,
        "4":0.5652173913
    },
    "All":{
        "0":0.1615460852,
        "1":0.1570904645,
        "2":0.1617181314,
        "3":0.1600313787,
        "4":0.166592724
    }
}