{
    "Actor":{
        "0":0.0537634409,
        "1":0.0570120682,
        "2":0.0561486754,
        "3":0.0608732158,
        "4":0.0563824989
    },
    "Activity":{
        "0":0.1621052632,
        "1":0.1627906977,
        "2":0.1723614275,
        "3":0.173062453,
        "4":0.1711057304
    },
    "Activity Data":{
        "0":0.084733382,
        "1":0.0891686336,
        "2":0.0897027601,
        "3":0.0897840969,
        "4":0.0954043048
    },
    "Further Specification":{
        "0":0.1705128205,
        "1":0.1736375158,
        "2":0.1732026144,
        "3":0.1684088269,
        "4":0.2075471698
    },
    "XOR Gateway":{
        "0":0.047979798,
        "1":0.0649717514,
        "2":0.0655270655,
        "3":0.0666666667,
        "4":0.0405797101
    },
    "Condition Specification":{
        "0":0.1578544061,
        "1":0.1708074534,
        "2":0.1575757576,
        "3":0.1584699454,
        "4":0.160697888
    },
    "AND Gateway":{
        "0":0.2708333333,
        "1":0.3333333333,
        "2":0.2222222222,
        "3":0.25,
        "4":0.2708333333
    },
    "All":{
        "0":0.0750139431,
        "1":0.0791627811,
        "2":0.0797101449,
        "3":0.0798642308,
        "4":0.0826675544
    }
}