{
    "Actor":{
        "0":0.0841555427,
        "1":0.0938356164,
        "2":0.0883634101,
        "3":0.0960901259,
        "4":0.0921149595
    },
    "Activity":{
        "0":0.2575250836,
        "1":0.2730819246,
        "2":0.2768292683,
        "3":0.269005848,
        "4":0.2782152231
    },
    "Activity Data":{
        "0":0.1345187476,
        "1":0.1489268506,
        "2":0.1443210931,
        "3":0.1413764511,
        "4":0.1530564629
    },
    "Further Specification":{
        "0":0.2670682731,
        "1":0.2702169625,
        "2":0.2731958763,
        "3":0.2526132404,
        "4":0.3267326733
    },
    "XOR Gateway":{
        "0":0.0748031496,
        "1":0.1111111111,
        "2":0.1013215859,
        "3":0.1028037383,
        "4":0.067961165
    },
    "Condition Specification":{
        "0":0.2475961538,
        "1":0.3095684803,
        "2":0.2482946794,
        "3":0.2442839952,
        "4":0.2643504532
    },
    "AND Gateway":{
        "0":0.4193548387,
        "1":0.6315789474,
        "2":0.347826087,
        "3":0.375,
        "4":0.4642857143
    },
    "All":{
        "0":0.1182937555,
        "1":0.1322256836,
        "2":0.1267761288,
        "3":0.1246300047,
        "4":0.1339446242
    }
}