{
    "Actor":{
        "0":0.1257852307
    },
    "Activity":{
        "0":0.3749541463
    },
    "Activity Data":{
        "0":0.2014191712
    },
    "Further Specification":{
        "0":0.406954269
    },
    "XOR Gateway":{
        "0":0.1302214788
    },
    "Condition Specification":{
        "0":0.3710220099
    },
    "AND Gateway":{
        "0":0.7011916972
    },
    "All":{
        "0":0.1782881586
    }
}