{
    "Actor":{
        "0":0.1140972259
    },
    "Activity":{
        "0":0.3381862561
    },
    "Activity Data":{
        "0":0.179720579
    },
    "Further Specification":{
        "0":0.3780285186
    },
    "XOR Gateway":{
        "0":0.1164137217
    },
    "Condition Specification":{
        "0":0.3176834653
    },
    "AND Gateway":{
        "0":0.5676666329
    },
    "All":{
        "0":0.1593453591
    }
}