{
    "Actor":{
        "0":0.2427721088,
        "1":0.2558584409,
        "2":0.2460425147,
        "3":0.253006253,
        "4":0.2460438999
    },
    "Activity":{
        "0":0.2870175439,
        "1":0.2937984496,
        "2":0.2946089598,
        "3":0.2911963883,
        "4":0.2905569007
    },
    "Activity Data":{
        "0":0.2673611111,
        "1":0.2778670954,
        "2":0.2624056095,
        "3":0.2680107527,
        "4":0.2825059102
    },
    "Further Specification":{
        "0":0.3269230769,
        "1":0.3371356147,
        "2":0.3311546841,
        "3":0.3286875726,
        "4":0.3317610063
    },
    "XOR Gateway":{
        "0":0.2580645161,
        "1":0.2611111111,
        "2":0.2923976608,
        "3":0.2810457516,
        "4":0.2592592593
    },
    "Condition Specification":{
        "0":0.3218390805,
        "1":0.3177570093,
        "2":0.3211805556,
        "3":0.3200312989,
        "4":0.3167587477
    },
    "AND Gateway":{
        "0":0.4166666667,
        "1":0.4333333333,
        "2":0.4761904762,
        "3":0.3333333333,
        "4":0.4242424242
    },
    "All":{
        "0":0.2691775405,
        "1":0.28,
        "2":0.2708991367,
        "3":0.2744599746,
        "4":0.2763854571
    }
}