{
    "Actor":{
        "0":0.583138663
    },
    "Activity":{
        "0":0.6983886101
    },
    "Activity Data":{
        "0":0.6328338124
    },
    "Further Specification":{
        "0":0.730401917
    },
    "XOR Gateway":{
        "0":0.69
    },
    "Condition Specification":{
        "0":0.782283431
    },
    "AND Gateway":{
        "0":0.9016666667
    },
    "All":{
        "0":0.6426432422
    }
}