{
    "Actor":{
        "0":0.4138290494
    },
    "Activity":{
        "0":0.486148615
    },
    "Activity Data":{
        "0":0.4493578981
    },
    "Further Specification":{
        "0":0.5741261495
    },
    "XOR Gateway":{
        "0":0.4466427825
    },
    "Condition Specification":{
        "0":0.5248189267
    },
    "AND Gateway":{
        "0":0.6641148325
    },
    "All":{
        "0":0.4556269132
    }
}