{
    "Actor":{
        "0":0.6818181818,
        "1":0.6632911392,
        "2":0.6476306197,
        "3":0.6912751678,
        "4":0.696350365
    },
    "Activity":{
        "0":0.7936507937,
        "1":0.7674897119,
        "2":0.7851239669,
        "3":0.7826086957,
        "4":0.8132118451
    },
    "Activity Data":{
        "0":0.7431386348,
        "1":0.7377289377,
        "2":0.7092675635,
        "3":0.73556231,
        "4":0.7806722689
    },
    "Further Specification":{
        "0":0.8054607509,
        "1":0.6898395722,
        "2":0.868902439,
        "3":0.9163763066,
        "4":0.9140271493
    },
    "XOR Gateway":{
        "0":0.7164179104,
        "1":0.7121212121,
        "2":0.7246376812,
        "3":0.8113207547,
        "4":0.7636363636
    },
    "Condition Specification":{
        "0":0.8068410463,
        "1":0.8587896254,
        "2":0.7963800905,
        "3":0.8326271186,
        "4":0.8236775819
    },
    "AND Gateway":{
        "0":1.0,
        "1":0.9090909091,
        "2":1.0,
        "3":0.8,
        "4":1.0
    },
    "All":{
        "0":0.7303215078,
        "1":0.7196859552,
        "2":0.7135088724,
        "3":0.7448009507,
        "4":0.7621747832
    }
}