{
    "Actor":{
        "0":0.4911504425,
        "1":0.5328542094,
        "2":0.4990548204,
        "3":0.5659340659,
        "4":0.5874384236
    },
    "Activity":{
        "0":0.5873715125,
        "1":0.6412478336,
        "2":0.6168831169,
        "3":0.6494845361,
        "4":0.6735849057
    },
    "Activity Data":{
        "0":0.5484375,
        "1":0.5824175824,
        "2":0.547289504,
        "3":0.6115335868,
        "4":0.6418636996
    },
    "Further Specification":{
        "0":0.5798525799,
        "1":0.843537415,
        "2":0.5862785863,
        "3":0.728531856,
        "4":0.71886121
    },
    "XOR Gateway":{
        "0":0.5393258427,
        "1":0.6184210526,
        "2":0.6024096386,
        "3":0.7166666667,
        "4":0.6666666667
    },
    "Condition Specification":{
        "0":0.7007042254,
        "1":0.6962616822,
        "2":0.6628571429,
        "3":0.6770833333,
        "4":0.728285078
    },
    "AND Gateway":{
        "0":0.6,
        "1":1.0,
        "2":1.0,
        "3":1.0,
        "4":0.9166666667
    },
    "All":{
        "0":0.5460020768,
        "1":0.6010273973,
        "2":0.5501776199,
        "3":0.6137423313,
        "4":0.6357043236
    }
}