{
    "Actor":{
        "0":0.4666352737
    },
    "Activity":{
        "0":0.5460824991
    },
    "Activity Data":{
        "0":0.5050980319
    },
    "Further Specification":{
        "0":0.6040720683
    },
    "XOR Gateway":{
        "0":0.4878986339
    },
    "Condition Specification":{
        "0":0.6007695723
    },
    "AND Gateway":{
        "0":0.7037104124
    },
    "All":{
        "0":0.5100252144
    }
}