{
    "Actor":{
        "0":0.1865584826
    },
    "Activity":{
        "0":0.2185767363
    },
    "Activity Data":{
        "0":0.2037225718
    },
    "Further Specification":{
        "0":0.2483492932
    },
    "XOR Gateway":{
        "0":0.2027817448
    },
    "Condition Specification":{
        "0":0.2396350038
    },
    "AND Gateway":{
        "0":0.3125649351
    },
    "All":{
        "0":0.2056383163
    }
}