{
    "Actor":{
        "0":0.2540035587,
        "1":0.2931506849,
        "2":0.2740554156,
        "3":0.2723977214,
        "4":0.2691233948
    },
    "Activity":{
        "0":0.3034124629,
        "1":0.3374888691,
        "2":0.3244147157,
        "3":0.3164349959,
        "4":0.3188662533
    },
    "Activity Data":{
        "0":0.2823467784,
        "1":0.3115985577,
        "2":0.2927196149,
        "3":0.287817552,
        "4":0.3124183007
    },
    "Further Specification":{
        "0":0.3459972863,
        "1":0.4073506891,
        "2":0.3720930233,
        "3":0.3417874396,
        "4":0.3564189189
    },
    "XOR Gateway":{
        "0":0.2681564246,
        "1":0.3092105263,
        "2":0.3355704698,
        "3":0.3028169014,
        "4":0.2896551724
    },
    "Condition Specification":{
        "0":0.3384367446,
        "1":0.3558139535,
        "2":0.362035225,
        "3":0.3528904228,
        "4":0.3422885572
    },
    "AND Gateway":{
        "0":0.4545454545,
        "1":0.619047619,
        "2":0.625,
        "3":0.4210526316,
        "4":0.5384615385
    },
    "All":{
        "0":0.2835276968,
        "1":0.3191409194,
        "2":0.3023857092,
        "3":0.295687885,
        "4":0.3031750129
    }
}