{
    "Actor":{
        "0":0.492235154
    },
    "Activity":{
        "0":0.5803927742
    },
    "Activity Data":{
        "0":0.5346028519
    },
    "Further Specification":{
        "0":0.6724275206
    },
    "XOR Gateway":{
        "0":0.582113013
    },
    "Condition Specification":{
        "0":0.6183938197
    },
    "AND Gateway":{
        "0":0.7597222222
    },
    "All":{
        "0":0.5410565278
    }
}