{
    "Actor":{
        "0":0.5669050051,
        "1":0.5779510022,
        "2":0.5258964143,
        "3":0.6116389549,
        "4":0.6123234917
    },
    "Activity":{
        "0":0.6932409012,
        "1":0.691588785,
        "2":0.6451612903,
        "3":0.7132075472,
        "4":0.7256097561
    },
    "Activity Data":{
        "0":0.6201413428,
        "1":0.6484224082,
        "2":0.5562719812,
        "3":0.652027027,
        "4":0.6756954612
    },
    "Further Specification":{
        "0":0.7002967359,
        "1":0.8266666667,
        "2":0.6038543897,
        "3":0.7804154303,
        "4":0.6412698413
    },
    "XOR Gateway":{
        "0":0.6857142857,
        "1":0.6714285714,
        "2":0.625,
        "3":0.7678571429,
        "4":0.7
    },
    "Condition Specification":{
        "0":0.7384044527,
        "1":0.745,
        "2":0.703030303,
        "3":0.829787234,
        "4":0.8582677165
    },
    "AND Gateway":{
        "0":1.0,
        "1":0.8333333333,
        "2":0.875,
        "3":0.8,
        "4":1.0
    },
    "All":{
        "0":0.6241690408,
        "1":0.6520700637,
        "2":0.5697861577,
        "3":0.671409396,
        "4":0.669506463
    }
}