{
    "Actor":{
        "0":0.5008849558,
        "1":0.5390143737,
        "2":0.5009451796,
        "3":0.5659340659,
        "4":0.5874384236
    },
    "Activity":{
        "0":0.6005873715,
        "1":0.6481802426,
        "2":0.625,
        "3":0.6494845361,
        "4":0.6735849057
    },
    "Activity Data":{
        "0":0.5546875,
        "1":0.5910931174,
        "2":0.5524798155,
        "3":0.6153358682,
        "4":0.6460361613
    },
    "Further Specification":{
        "0":0.6117936118,
        "1":0.8537414966,
        "2":0.6153846154,
        "3":0.7479224377,
        "4":0.7259786477
    },
    "XOR Gateway":{
        "0":0.5393258427,
        "1":0.6184210526,
        "2":0.6024096386,
        "3":0.7166666667,
        "4":0.6666666667
    },
    "Condition Specification":{
        "0":0.7042253521,
        "1":0.7079439252,
        "2":0.6780952381,
        "3":0.6927083333,
        "4":0.7394209354
    },
    "AND Gateway":{
        "0":0.6,
        "1":1.0,
        "2":1.0,
        "3":1.0,
        "4":0.9166666667
    },
    "All":{
        "0":0.5557632399,
        "1":0.6090998043,
        "2":0.5586145648,
        "3":0.6191411043,
        "4":0.6393305439
    }
}