{
    "Actor":{
        "0":0.6760730947
    },
    "Activity":{
        "0":0.7884170027
    },
    "Activity Data":{
        "0":0.741273943
    },
    "Further Specification":{
        "0":0.8389212436
    },
    "XOR Gateway":{
        "0":0.7456267844
    },
    "Condition Specification":{
        "0":0.8236630925
    },
    "AND Gateway":{
        "0":0.9418181818
    },
    "All":{
        "0":0.7340984138
    }
}