{
    "Actor":{
        "0":0.5352863924
    },
    "Activity":{
        "0":0.6337143809
    },
    "Activity Data":{
        "0":0.5863083746
    },
    "Further Specification":{
        "0":0.6914123294
    },
    "XOR Gateway":{
        "0":0.6286979734
    },
    "Condition Specification":{
        "0":0.6930382923
    },
    "AND Gateway":{
        "0":0.9033333333
    },
    "All":{
        "0":0.5893307498
    }
}