{
    "Actor":{
        "0":0.3317428404
    },
    "Activity":{
        "0":0.3852388669
    },
    "Activity Data":{
        "0":0.3601554254
    },
    "Further Specification":{
        "0":0.4480562517
    },
    "XOR Gateway":{
        "0":0.3530755584
    },
    "Condition Specification":{
        "0":0.4168366924
    },
    "AND Gateway":{
        "0":0.5426955267
    },
    "All":{
        "0":0.3634266094
    }
}