{
    "Actor":{
        "0.0":0.721530121,
        "0.1":0.7085825681,
        "0.2":0.7015407852,
        "0.3":0.7272048643,
        "0.4":0.70852404,
        "0.5":0.7170163771,
        "0.6":0.7133896716,
        "0.7":0.705641158,
        "0.8":0.7246823125,
        "0.9":0.7108883559,
        "1.0":0.7132208303,
        "1.25":0.7141598277,
        "1.5":0.70905216,
        "1.75":0.6995325899,
        "2.0":0.7145541944,
        "3.0":0.7096721191,
        "4.0":0.6942074949,
        "5.0":0.7003294465,
        "7.0":0.6920903508,
        "10.0":0.6856231453
    },
    "Activity":{
        "0.0":0.7649218209,
        "0.1":0.7799363837,
        "0.2":0.7644517742,
        "0.3":0.7744402438,
        "0.4":0.7689169358,
        "0.5":0.7605869784,
        "0.6":0.7741057399,
        "0.7":0.7758680965,
        "0.8":0.7782105205,
        "0.9":0.7745088429,
        "1.0":0.7793651262,
        "1.25":0.7732475873,
        "1.5":0.7813790198,
        "1.75":0.7654669112,
        "2.0":0.7814210128,
        "3.0":0.7659081443,
        "4.0":0.7641063367,
        "5.0":0.7636792712,
        "7.0":0.7570291928,
        "10.0":0.7546805592
    },
    "Activity Data":{
        "0.0":0.6158860061,
        "0.1":0.614353471,
        "0.2":0.618805659,
        "0.3":0.6136825397,
        "0.4":0.6224526183,
        "0.5":0.6290674765,
        "0.6":0.6183217503,
        "0.7":0.6392037227,
        "0.8":0.6364663304,
        "0.9":0.6332323243,
        "1.0":0.6192987368,
        "1.25":0.6318242779,
        "1.5":0.6348519464,
        "1.75":0.6219896724,
        "2.0":0.6252679127,
        "3.0":0.6220895057,
        "4.0":0.6289675063,
        "5.0":0.623629896,
        "7.0":0.6097641894,
        "10.0":0.6125065977
    },
    "Further Specification":{
        "0.0":0.2552923105,
        "0.1":0.1813095238,
        "0.2":0.1911340852,
        "0.3":0.2753479853,
        "0.4":0.3073701299,
        "0.5":0.1749603175,
        "0.6":0.2674532485,
        "0.7":0.2285972851,
        "0.8":0.2780860806,
        "0.9":0.2250847403,
        "1.0":0.2441752645,
        "1.25":0.2782778286,
        "1.5":0.2415873016,
        "1.75":0.1930476541,
        "2.0":0.2153103914,
        "3.0":0.2145632649,
        "4.0":0.2031302707,
        "5.0":0.225914787,
        "7.0":0.2132844933,
        "10.0":0.2188818199
    },
    "XOR Gateway":{
        "0.0":0.7246239374,
        "0.1":0.7122172615,
        "0.2":0.719630346,
        "0.3":0.7424890147,
        "0.4":0.7161820818,
        "0.5":0.7193296839,
        "0.6":0.7104903233,
        "0.7":0.7061899126,
        "0.8":0.7286262132,
        "0.9":0.7117306595,
        "1.0":0.7283973262,
        "1.25":0.702876592,
        "1.5":0.7176063936,
        "1.75":0.7110968912,
        "2.0":0.7265603127,
        "3.0":0.7253699466,
        "4.0":0.7531914894,
        "5.0":0.7285547249,
        "7.0":0.7303047194,
        "10.0":0.7104040404
    },
    "Condition Specification":{
        "0.0":0.5953056321,
        "0.1":0.6134874503,
        "0.2":0.6126089086,
        "0.3":0.6255128205,
        "0.4":0.614332455,
        "0.5":0.6562222222,
        "0.6":0.6363636364,
        "0.7":0.6088961039,
        "0.8":0.6533542502,
        "0.9":0.6147261434,
        "1.0":0.6264242424,
        "1.25":0.6573923661,
        "1.5":0.6271011308,
        "1.75":0.6173459873,
        "2.0":0.6560535117,
        "3.0":0.6066386453,
        "4.0":0.6528201272,
        "5.0":0.6184057971,
        "7.0":0.6041025641,
        "10.0":0.6180384917
    },
    "AND Gateway":{
        "0.0":0.0,
        "0.1":0.0,
        "0.2":0.0,
        "0.3":0.0,
        "0.4":0.1,
        "0.5":0.2,
        "0.6":0.1,
        "0.7":0.2,
        "0.8":0.2,
        "0.9":0.2,
        "1.0":0.1,
        "1.25":0.3,
        "1.5":0.1,
        "1.75":0.1,
        "2.0":0.3,
        "3.0":0.26,
        "4.0":0.16,
        "5.0":0.26,
        "7.0":0.26,
        "10.0":0.26
    }
}