{
    "Bert Score":{
        "0":0.9651833773,
        "1":0.9649040103,
        "2":0.9673122168,
        "3":0.966024816,
        "4":0.9671831727
    }
}