{
    "Bert Score":{
        "0":0.9664086103,
        "1":0.965762496,
        "2":0.9678945541,
        "3":0.9665015936,
        "4":0.9673771858
    }
}