{
    "Bert Score":{
        "0":0.9738875031,
        "1":0.973678112,
        "2":0.9754841924,
        "3":0.9745186567,
        "4":0.9753873944
    }
}