{
    "Bert Score":{
        "0":0.9881339669,
        "1":0.993540585,
        "2":0.9909726977,
        "3":0.9911180735,
        "4":0.9903916121
    }
}