{
    "Bert Score":{
        "0":0.9754947424,
        "1":0.9788793325,
        "2":0.9775462747,
        "3":0.9771173,
        "4":0.9806109667
    }
}