{
    "Bert Score":{
        "0":0.9543031454,
        "1":0.9539365768,
        "2":0.9570973516,
        "3":0.9554075003,
        "4":0.9569278955
    }
}