{
    "Bert Score":{
        "0":0.9691761732,
        "1":0.9660230875,
        "2":0.9733663201,
        "3":0.9674875736,
        "4":0.9723536968
    }
}