{
    "Actor":{
        "0":0.1407301726
    },
    "Activity":{
        "0":0.4059647113
    },
    "Activity Data":{
        "0":0.2160689087
    },
    "Further Specification":{
        "0":0.401597658
    },
    "XOR Gateway":{
        "0":0.1403585827
    },
    "Condition Specification":{
        "0":0.3988267882
    },
    "AND Gateway":{
        "0":0.6525093371
    },
    "All":{
        "0":0.1917968171
    }
}