{
    "Actor":{
        "0":0.1055022281
    },
    "Activity":{
        "0":0.2891643733
    },
    "Activity Data":{
        "0":0.1706697102
    },
    "Further Specification":{
        "0":0.3338524462
    },
    "XOR Gateway":{
        "0":0.1131857282
    },
    "Condition Specification":{
        "0":0.3008765694
    },
    "AND Gateway":{
        "0":0.5316638655
    },
    "All":{
        "0":0.142007741
    }
}