{
    "Actor":{
        "0":0.1017009929
    },
    "Activity":{
        "0":0.2939783933
    },
    "Activity Data":{
        "0":0.1609048949
    },
    "Further Specification":{
        "0":0.2967994457
    },
    "XOR Gateway":{
        "0":0.0991080182
    },
    "Condition Specification":{
        "0":0.2810381126
    },
    "AND Gateway":{
        "0":0.4587519746
    },
    "All":{
        "0":0.1398561596
    }
}