{
    "Actor":{
        "0":0.1092979128
    },
    "Activity":{
        "0":0.3192398886
    },
    "Activity Data":{
        "0":0.1724400276
    },
    "Further Specification":{
        "0":0.3283804407
    },
    "XOR Gateway":{
        "0":0.1086302232
    },
    "Condition Specification":{
        "0":0.3193998272
    },
    "AND Gateway":{
        "0":0.5355375254
    },
    "All":{
        "0":0.1515759153
    }
}