{
    "Actor":{
        "0":0.0611560265
    },
    "Activity":{
        "0":0.1701657351
    },
    "Activity Data":{
        "0":0.0998715899
    },
    "Further Specification":{
        "0":0.1936106312
    },
    "XOR Gateway":{
        "0":0.0657428202
    },
    "Condition Specification":{
        "0":0.1755827302
    },
    "AND Gateway":{
        "0":0.2763617377
    },
    "All":{
        "0":0.081916757
    }
}