{
    "Actor":{
        "0":0.0417827298,
        "1":0.0442873969,
        "2":0.0468712824,
        "3":0.0485365854,
        "4":0.0420382166
    },
    "Activity":{
        "0":0.1228526809,
        "1":0.1233429395,
        "2":0.1309994353,
        "3":0.1312849162,
        "4":0.1289742052
    },
    "Activity Data":{
        "0":0.0693650316,
        "1":0.0739249477,
        "2":0.0745916821,
        "3":0.0730880929,
        "4":0.0762260128
    },
    "Further Specification":{
        "0":0.139632107,
        "1":0.1389992057,
        "2":0.1392832995,
        "3":0.1350180505,
        "4":0.16
    },
    "XOR Gateway":{
        "0":0.0414414414,
        "1":0.0554455446,
        "2":0.0565656566,
        "3":0.0585683297,
        "4":0.0330578512
    },
    "Condition Specification":{
        "0":0.1273465246,
        "1":0.1415683553,
        "2":0.1260069045,
        "3":0.1266944734,
        "4":0.1286764706
    },
    "AND Gateway":{
        "0":0.2054794521,
        "1":0.2407407407,
        "2":0.1754385965,
        "3":0.1960784314,
        "4":0.2054794521
    },
    "All":{
        "0":0.0571378237,
        "1":0.0600725013,
        "2":0.0616630532,
        "3":0.0608061372,
        "4":0.0620756547
    }
}