{
    "Actor":{
        "0":0.0654058513
    },
    "Activity":{
        "0":0.1823984858
    },
    "Activity Data":{
        "0":0.1069985229
    },
    "Further Specification":{
        "0":0.2095140331
    },
    "XOR Gateway":{
        "0":0.0696222872
    },
    "Condition Specification":{
        "0":0.188526497
    },
    "AND Gateway":{
        "0":0.2901064836
    },
    "All":{
        "0":0.0877631285
    }
}