{
    "Actor":{
        "0":0.1224662162,
        "1":0.1463675214,
        "2":0.1415752742,
        "3":0.1527924131,
        "4":0.1404494382
    },
    "Activity":{
        "0":0.385,
        "1":0.4077669903,
        "2":0.4142335766,
        "3":0.4159132007,
        "4":0.4069097889
    },
    "Activity Data":{
        "0":0.1946308725,
        "1":0.2192134107,
        "2":0.2172236504,
        "3":0.2174744898,
        "4":0.2318021201
    },
    "Further Specification":{
        "0":0.35,
        "1":0.4041297935,
        "2":0.412987013,
        "3":0.3918918919,
        "4":0.4489795918
    },
    "XOR Gateway":{
        "0":0.1241830065,
        "1":0.161971831,
        "2":0.156462585,
        "3":0.1605839416,
        "4":0.0985915493
    },
    "Condition Specification":{
        "0":0.4291666667,
        "1":0.4274611399,
        "2":0.3684210526,
        "3":0.384469697,
        "4":0.3846153846
    },
    "AND Gateway":{
        "0":0.8125,
        "1":0.8571428571,
        "2":0.4444444444,
        "3":0.5294117647,
        "4":0.619047619
    },
    "All":{
        "0":0.1753966529,
        "1":0.1967550863,
        "2":0.1934473621,
        "3":0.1940805434,
        "4":0.1993044409
    }
}