{
    "Actor":{
        "0":0.1644977592
    },
    "Activity":{
        "0":0.4720246772
    },
    "Activity Data":{
        "0":0.2566277476
    },
    "Further Specification":{
        "0":0.5035242466
    },
    "XOR Gateway":{
        "0":0.1634834013
    },
    "Condition Specification":{
        "0":0.459690434
    },
    "AND Gateway":{
        "0":0.7826923077
    },
    "All":{
        "0":0.2254497282
    }
}