{
    "Actor":{
        "0":0.0919467343,
        "1":0.102238806,
        "2":0.1003533569,
        "3":0.1137254902,
        "4":0.1002405774
    },
    "Activity":{
        "0":0.2773109244,
        "1":0.285326087,
        "2":0.2948051948,
        "3":0.3087248322,
        "4":0.3037249284
    },
    "Activity Data":{
        "0":0.1448792673,
        "1":0.158360503,
        "2":0.1650390625,
        "3":0.1658560311,
        "4":0.1703896104
    },
    "Further Specification":{
        "0":0.2612966601,
        "1":0.2958963283,
        "2":0.2955390335,
        "3":0.2645985401,
        "4":0.3666666667
    },
    "XOR Gateway":{
        "0":0.0805084746,
        "1":0.1210526316,
        "2":0.1105769231,
        "3":0.1134020619,
        "4":0.07
    },
    "Condition Specification":{
        "0":0.2682291667,
        "1":0.3136882129,
        "2":0.2704309064,
        "3":0.2819444444,
        "4":0.2708978328
    },
    "AND Gateway":{
        "0":0.4193548387,
        "1":0.6315789474,
        "2":0.347826087,
        "3":0.375,
        "4":0.52
    },
    "All":{
        "0":0.1269666457,
        "1":0.1409334071,
        "2":0.1414977974,
        "3":0.1438331535,
        "4":0.1460497942
    }
}