{
    "Actor":{
        "0":0.0654923216,
        "1":0.0658970659,
        "2":0.0693020986,
        "3":0.0719246032,
        "4":0.0679347826
    },
    "Activity":{
        "0":0.1941176471,
        "1":0.189701897,
        "2":0.2161904762,
        "3":0.2033598585,
        "4":0.2145748988
    },
    "Activity Data":{
        "0":0.1021126761,
        "1":0.1035953687,
        "2":0.1100260417,
        "3":0.1054095827,
        "4":0.1176470588
    },
    "Further Specification":{
        "0":0.2269624573,
        "1":0.2,
        "2":0.223628692,
        "3":0.1946308725,
        "4":0.2548262548
    },
    "XOR Gateway":{
        "0":0.056547619,
        "1":0.0737179487,
        "2":0.082437276,
        "3":0.0763888889,
        "4":0.0526315789
    },
    "Condition Specification":{
        "0":0.1881278539,
        "1":0.2002427184,
        "2":0.1940298507,
        "3":0.1804444444,
        "4":0.2037252619
    },
    "AND Gateway":{
        "0":0.3095238095,
        "1":0.3529411765,
        "2":0.2666666667,
        "3":0.2727272727,
        "4":0.3513513514
    },
    "All":{
        "0":0.0909705783,
        "1":0.0917938243,
        "2":0.098782138,
        "3":0.0933162254,
        "4":0.1021107456
    }
}