{
    "Actor":{
        "0":0.0958753495
    },
    "Activity":{
        "0":0.2863919903
    },
    "Activity Data":{
        "0":0.1516947128
    },
    "Further Specification":{
        "0":0.3100406194
    },
    "XOR Gateway":{
        "0":0.0989494717
    },
    "Condition Specification":{
        "0":0.2805765912
    },
    "AND Gateway":{
        "0":0.5113601452
    },
    "All":{
        "0":0.1348571454
    }
}