{
    "Actor":{
        "0":0.6130081503
    },
    "Activity":{
        "0":0.7147186708
    },
    "Activity Data":{
        "0":0.6592290342
    },
    "Further Specification":{
        "0":0.7500180482
    },
    "XOR Gateway":{
        "0":0.6641381418
    },
    "Condition Specification":{
        "0":0.7713659227
    },
    "AND Gateway":{
        "0":0.8222953517
    },
    "All":{
        "0":0.6622647303
    }
}