{
    "Actor":{
        "0":0.5080684695
    },
    "Activity":{
        "0":0.516666645
    },
    "Activity Data":{
        "0":0.5526934614
    },
    "Further Specification":{
        "0":0.6581773667
    },
    "XOR Gateway":{
        "0":0.5320290228
    },
    "Condition Specification":{
        "0":0.5865289545
    },
    "AND Gateway":{
        "0":0.5919944543
    },
    "All":{
        "0":0.531242292
    }
}