{
    "Actor":{
        "0":0.4434094085,
        "1":0.4608739837,
        "2":0.4385162602,
        "3":0.4333333333,
        "4":0.4196969697
    },
    "Activity":{
        "0":0.4599434496,
        "1":0.471875,
        "2":0.4549098196,
        "3":0.4393505253,
        "4":0.4453608247
    },
    "Activity Data":{
        "0":0.4865021771,
        "1":0.5133605784,
        "2":0.4709062003,
        "3":0.4632616487,
        "4":0.4713879229
    },
    "Further Specification":{
        "0":0.6073825503,
        "1":0.6099071207,
        "2":0.6070959264,
        "3":0.5194647202,
        "4":0.6085343228
    },
    "XOR Gateway":{
        "0":0.4927536232,
        "1":0.4303797468,
        "2":0.5111111111,
        "3":0.4769230769,
        "4":0.4296296296
    },
    "Condition Specification":{
        "0":0.5522682446,
        "1":0.5327342747,
        "2":0.4729596853,
        "3":0.5179090029,
        "4":0.497291441
    },
    "AND Gateway":{
        "0":0.5517241379,
        "1":0.4642857143,
        "2":0.6470588235,
        "3":0.5,
        "4":0.4838709677
    },
    "All":{
        "0":0.4703440095,
        "1":0.4880829016,
        "2":0.4596443228,
        "3":0.4492770799,
        "4":0.4509753262
    }
}