{
    "Actor":{
        "0":0.5607510116
    },
    "Activity":{
        "0":0.5784106709
    },
    "Activity Data":{
        "0":0.603715663
    },
    "Further Specification":{
        "0":0.6845335498
    },
    "XOR Gateway":{
        "0":0.5857524121
    },
    "Condition Specification":{
        "0":0.6341459379
    },
    "AND Gateway":{
        "0":0.6339128364
    },
    "All":{
        "0":0.5813276925
    }
}