{
    "Actor":{
        "0":0.1780104712,
        "1":0.1861276421,
        "2":0.1800542458,
        "3":0.1882052374,
        "4":0.1823568137
    },
    "Activity":{
        "0":0.203079484,
        "1":0.2087557604,
        "2":0.20496614,
        "3":0.2054488611,
        "4":0.2071942446
    },
    "Activity Data":{
        "0":0.2024154589,
        "1":0.2115284974,
        "2":0.2001351351,
        "3":0.2011151452,
        "4":0.2120307167
    },
    "Further Specification":{
        "0":0.2400530504,
        "1":0.2476429918,
        "2":0.2470588235,
        "3":0.2438606511,
        "4":0.2530864198
    },
    "XOR Gateway":{
        "0":0.1965317919,
        "1":0.1976744186,
        "2":0.214953271,
        "3":0.2190812721,
        "4":0.1920529801
    },
    "Condition Specification":{
        "0":0.2255336287,
        "1":0.229408513,
        "2":0.2202380952,
        "3":0.2219917012,
        "4":0.223902439
    },
    "AND Gateway":{
        "0":0.2222222222,
        "1":0.224137931,
        "2":0.2340425532,
        "3":0.2045454545,
        "4":0.223880597
    },
    "All":{
        "0":0.1939823875,
        "1":0.202962564,
        "2":0.1962825279,
        "3":0.1981082776,
        "4":0.2007591006
    }
}