{
    "Actor":{
        "0":0.2262895175,
        "1":0.2368764691,
        "2":0.2283672929,
        "3":0.2391774892,
        "4":0.2320580843
    },
    "Activity":{
        "0":0.2540343571,
        "1":0.2610951009,
        "2":0.2563523433,
        "3":0.2569832402,
        "4":0.2591481704
    },
    "Activity Data":{
        "0":0.2560342194,
        "1":0.2676610392,
        "2":0.2527735108,
        "3":0.2545126354,
        "4":0.2683585313
    },
    "Further Specification":{
        "0":0.3026755853,
        "1":0.3129467832,
        "2":0.3123732252,
        "3":0.3083032491,
        "4":0.32
    },
    "XOR Gateway":{
        "0":0.2472727273,
        "1":0.2490842491,
        "2":0.2705882353,
        "3":0.2755555556,
        "4":0.2416666667
    },
    "Condition Specification":{
        "0":0.2841197362,
        "1":0.288796103,
        "2":0.2773933103,
        "3":0.2795193312,
        "4":0.2819410319
    },
    "AND Gateway":{
        "0":0.2807017544,
        "1":0.2826086957,
        "2":0.2972972973,
        "3":0.2571428571,
        "4":0.2830188679
    },
    "All":{
        "0":0.2451616892,
        "1":0.2566757493,
        "2":0.2478208395,
        "3":0.250412841,
        "4":0.2538909091
    }
}