{
    "Actor":{
        "0":0.5802469136,
        "1":0.5690846287,
        "2":0.5658181818,
        "3":0.5772357724,
        "4":0.5627405697
    },
    "Activity":{
        "0":0.6029216467,
        "1":0.632970451,
        "2":0.5964673913,
        "3":0.5960729313,
        "4":0.628440367
    },
    "Activity Data":{
        "0":0.6188596491,
        "1":0.6544834308,
        "2":0.6138613861,
        "3":0.6045539033,
        "4":0.6244541485
    },
    "Further Specification":{
        "0":0.6795131846,
        "1":0.7015503876,
        "2":0.7044247788,
        "3":0.6941580756,
        "4":0.788590604
    },
    "XOR Gateway":{
        "0":0.5849056604,
        "1":0.6382978723,
        "2":0.6346153846,
        "3":0.6913580247,
        "4":0.5490196078
    },
    "Condition Specification":{
        "0":0.6831683168,
        "1":0.7326086957,
        "2":0.6838709677,
        "3":0.6538987688,
        "4":0.6912751678
    },
    "AND Gateway":{
        "0":0.7272727273,
        "1":0.8333333333,
        "2":0.7333333333,
        "3":0.8181818182,
        "4":0.5833333333
    },
    "All":{
        "0":0.6000348554,
        "1":0.6293819656,
        "2":0.598265896,
        "3":0.598,
        "4":0.6050854191
    }
}