{
    "Actor":{
        "0":0.4106617621
    },
    "Activity":{
        "0":0.4867838316
    },
    "Activity Data":{
        "0":0.4458341051
    },
    "Further Specification":{
        "0":0.5387604493
    },
    "XOR Gateway":{
        "0":0.4639533983
    },
    "Condition Specification":{
        "0":0.5300049062
    },
    "AND Gateway":{
        "0":0.6199134199
    },
    "All":{
        "0":0.4510769787
    }
}