{
    "Actor":{
        "0":0.5338434373,
        "1":0.5754583921,
        "2":0.5587431694,
        "3":0.5880177515,
        "4":0.5476923077
    },
    "Activity":{
        "0":0.569047619,
        "1":0.5932432432,
        "2":0.5723514212,
        "3":0.5845539281,
        "4":0.5728571429
    },
    "Activity Data":{
        "0":0.5797210705,
        "1":0.6116998728,
        "2":0.5993705036,
        "3":0.60969163,
        "4":0.6180952381
    },
    "Further Specification":{
        "0":0.6399286988,
        "1":0.685546875,
        "2":0.6911519199,
        "3":0.6639477977,
        "4":0.7420924574
    },
    "XOR Gateway":{
        "0":0.536,
        "1":0.603960396,
        "2":0.623853211,
        "3":0.618556701,
        "4":0.5463917526
    },
    "Condition Specification":{
        "0":0.6290909091,
        "1":0.6708860759,
        "2":0.6203059805,
        "3":0.6279683377,
        "4":0.6224783862
    },
    "AND Gateway":{
        "0":0.6153846154,
        "1":0.5882352941,
        "2":0.6470588235,
        "3":0.5294117647,
        "4":0.7894736842
    },
    "All":{
        "0":0.5561004607,
        "1":0.5954385965,
        "2":0.5792414494,
        "3":0.5889382042,
        "4":0.5869197519
    }
}