{
    "Actor":{
        "0":0.4321103132
    },
    "Activity":{
        "0":0.499051966
    },
    "Activity Data":{
        "0":0.4733660176
    },
    "Further Specification":{
        "0":0.512898612
    },
    "XOR Gateway":{
        "0":0.468579138
    },
    "Condition Specification":{
        "0":0.530928964
    },
    "AND Gateway":{
        "0":0.5594948849
    },
    "All":{
        "0":0.4668864074
    }
}