{
    "Actor":{
        "0":0.3818692339,
        "1":0.3746385791,
        "2":0.4036482694,
        "3":0.3870402802,
        "4":0.4049707602
    },
    "Activity":{
        "0":0.4059900166,
        "1":0.4059139785,
        "2":0.4299242424,
        "3":0.4031551271,
        "4":0.4350453172
    },
    "Activity Data":{
        "0":0.4222726127,
        "1":0.4281594127,
        "2":0.4300232288,
        "3":0.4122807018,
        "4":0.4650655022
    },
    "Further Specification":{
        "0":0.5577812018,
        "1":0.5,
        "2":0.5593220339,
        "3":0.4936416185,
        "4":0.5412541254
    },
    "XOR Gateway":{
        "0":0.4071856287,
        "1":0.3715846995,
        "2":0.4693877551,
        "3":0.4189189189,
        "4":0.4360902256
    },
    "Condition Specification":{
        "0":0.465890183,
        "1":0.4605993341,
        "2":0.4669902913,
        "3":0.432497979,
        "4":0.4867444327
    },
    "AND Gateway":{
        "0":0.4444444444,
        "1":0.3939393939,
        "2":0.5238095238,
        "3":0.36,
        "4":0.5357142857
    },
    "All":{
        "0":0.4080057625,
        "1":0.4070872947,
        "2":0.4266912953,
        "3":0.4006552526,
        "4":0.4385127497
    }
}