{
    "0.0":{
        "0.25":0.0,
        "0.5":0.0,
        "0.75":0.0,
        "1.0":0.0
    },
    "0.1":{
        "0.25":0.00082336,
        "0.5":-0.0085262281,
        "0.75":-0.0130390588,
        "1.0":-0.0128465587
    },
    "0.2":{
        "0.25":-0.0055430992,
        "0.5":-0.0124411998,
        "0.75":-0.0266561341,
        "1.0":-0.0374138535
    },
    "0.3":{
        "0.25":-0.008282021,
        "0.5":-0.0211671094,
        "0.75":-0.0341889712,
        "1.0":-0.037817088
    },
    "0.4":{
        "0.25":-0.0122784575,
        "0.5":-0.0261472219,
        "0.75":-0.0376360782,
        "1.0":-0.0480365373
    },
    "0.5":{
        "0.25":-0.0143933557,
        "0.5":-0.029969413,
        "0.75":-0.0399508206,
        "1.0":-0.0503296859
    },
    "0.6":{
        "0.25":-0.0155342685,
        "0.5":-0.0296553561,
        "0.75":-0.0427027457,
        "1.0":-0.0512603761
    },
    "0.7":{
        "0.25":-0.0160723865,
        "0.5":-0.0308326813,
        "0.75":-0.0425805775,
        "1.0":-0.0522034655
    },
    "0.8":{
        "0.25":-0.0158514755,
        "0.5":-0.0311197028,
        "0.75":-0.0425840894,
        "1.0":-0.0518740968
    },
    "0.9":{
        "0.25":-0.0164744508,
        "0.5":-0.0308688348,
        "0.75":-0.0420728377,
        "1.0":-0.0512554277
    },
    "1.0":{
        "0.25":-0.0167370274,
        "0.5":-0.0307713305,
        "0.75":-0.0415213743,
        "1.0":-0.0502537045
    },
    "1.25":{
        "0.25":-0.0160772235,
        "0.5":-0.0292986727,
        "0.75":-0.0397696846,
        "1.0":-0.047795522
    },
    "1.5":{
        "0.25":-0.0156898086,
        "0.5":-0.0285535182,
        "0.75":-0.0379231736,
        "1.0":-0.0443626401
    },
    "1.75":{
        "0.25":-0.0151404948,
        "0.5":-0.0266758239,
        "0.75":-0.0356598089,
        "1.0":-0.0421481225
    },
    "2.0":{
        "0.25":-0.0144423828,
        "0.5":-0.0254113423,
        "0.75":-0.03357775,
        "1.0":-0.0393331819
    },
    "3.0":{
        "0.25":-0.0120274373,
        "0.5":-0.0208036115,
        "0.75":-0.0269318391,
        "1.0":-0.0312430187
    },
    "4.0":{
        "0.25":-0.0101532114,
        "0.5":-0.0174642608,
        "0.75":-0.0222911617,
        "1.0":-0.0257721524
    },
    "5.0":{
        "0.25":-0.0087377948,
        "0.5":-0.0148631466,
        "0.75":-0.018984672,
        "1.0":-0.0218760479
    },
    "7.0":{
        "0.25":-0.0069045834,
        "0.5":-0.0115437367,
        "0.75":-0.0146070698,
        "1.0":-0.0167895139
    },
    "10.0":{
        "0.25":-0.005149298,
        "0.5":-0.0086142616,
        "0.75":-0.0108527885,
        "1.0":-0.0124314077
    }
}