{
    "0.0":{
        "0.25":0.7946997503,
        "0.5":0.7946997503,
        "0.75":0.7946997503,
        "1.0":0.7946997503
    },
    "0.1":{
        "0.25":0.7750248429,
        "0.5":0.7936731952,
        "0.75":0.8104670927,
        "1.0":0.8069566745
    },
    "0.2":{
        "0.25":0.7418487228,
        "0.5":0.7904574927,
        "0.75":0.8115602008,
        "1.0":0.8158986197
    },
    "0.3":{
        "0.25":0.7385198624,
        "0.5":0.790345174,
        "0.75":0.8120106344,
        "1.0":0.8071554797
    },
    "0.4":{
        "0.25":0.7096907243,
        "0.5":0.7836230382,
        "0.75":0.8077762259,
        "1.0":0.8085466796
    },
    "0.5":{
        "0.25":0.6898382054,
        "0.5":0.7725112112,
        "0.75":0.804082099,
        "1.0":0.8083845249
    },
    "0.6":{
        "0.25":0.67841341,
        "0.5":0.7711640302,
        "0.75":0.80604559,
        "1.0":0.7954255963
    },
    "0.7":{
        "0.25":0.6664604293,
        "0.5":0.7630616459,
        "0.75":0.7990805502,
        "1.0":0.7845435386
    },
    "0.8":{
        "0.25":0.6557770134,
        "0.5":0.7597771619,
        "0.75":0.7957302426,
        "1.0":0.7783398171
    },
    "0.9":{
        "0.25":0.6528368776,
        "0.5":0.7570693114,
        "0.75":0.788149436,
        "1.0":0.7749582369
    },
    "1.0":{
        "0.25":0.6419601527,
        "0.5":0.7498569837,
        "0.75":0.7865839863,
        "1.0":0.7661488166
    },
    "1.25":{
        "0.25":0.6172641611,
        "0.5":0.7315229821,
        "0.75":0.7734883718,
        "1.0":0.7514029662
    },
    "1.5":{
        "0.25":0.604308529,
        "0.5":0.7256621032,
        "0.75":0.7602299481,
        "1.0":0.7324729943
    },
    "1.75":{
        "0.25":0.5933898827,
        "0.5":0.7110941087,
        "0.75":0.7483848202,
        "1.0":0.7195177511
    },
    "2.0":{
        "0.25":0.5809010604,
        "0.5":0.7075903699,
        "0.75":0.7361613497,
        "1.0":0.7014388625
    },
    "3.0":{
        "0.25":0.5447687879,
        "0.5":0.6739488088,
        "0.75":0.6984979417,
        "1.0":0.6589825752
    },
    "4.0":{
        "0.25":0.5207532627,
        "0.5":0.6459039434,
        "0.75":0.6693173638,
        "1.0":0.6235118926
    },
    "5.0":{
        "0.25":0.5001302403,
        "0.5":0.6249656061,
        "0.75":0.6441029797,
        "1.0":0.593959801
    },
    "7.0":{
        "0.25":0.4709000158,
        "0.5":0.5868167064,
        "0.75":0.602465903,
        "1.0":0.547673787
    },
    "10.0":{
        "0.25":0.4395932405,
        "0.5":0.5461843762,
        "0.75":0.555205283,
        "1.0":0.4960313743
    }
}