{
    "0.0":{
        "0.25":0.0,
        "0.5":0.0,
        "0.75":0.0,
        "1.0":0.0
    },
    "0.1":{
        "0.25":0.0343698781,
        "0.5":0.0737119191,
        "0.75":0.0835001791,
        "1.0":0.0606502372
    },
    "0.2":{
        "0.25":0.0743513257,
        "0.5":0.1017315606,
        "0.75":0.148108785,
        "1.0":0.1656964311
    },
    "0.3":{
        "0.25":0.0967064184,
        "0.5":0.1540207806,
        "0.75":0.1961547112,
        "1.0":0.1531518302
    },
    "0.4":{
        "0.25":0.138418702,
        "0.5":0.2011521258,
        "0.75":0.2225219972,
        "1.0":0.2391333821
    },
    "0.5":{
        "0.25":0.1679900658,
        "0.5":0.2515505884,
        "0.75":0.2577930391,
        "1.0":0.2737230727
    },
    "0.6":{
        "0.25":0.184056834,
        "0.5":0.258091218,
        "0.75":0.3175958059,
        "1.0":0.2788024312
    },
    "0.7":{
        "0.25":0.2008500985,
        "0.5":0.3047330714,
        "0.75":0.3218704122,
        "1.0":0.3173193379
    },
    "0.8":{
        "0.25":0.2136415298,
        "0.5":0.3194779532,
        "0.75":0.348324531,
        "1.0":0.3364168831
    },
    "0.9":{
        "0.25":0.2297758727,
        "0.5":0.3310376298,
        "0.75":0.3697368931,
        "1.0":0.3554267902
    },
    "1.0":{
        "0.25":0.2446102776,
        "0.5":0.3525071086,
        "0.75":0.3892341112,
        "1.0":0.3687989415
    },
    "1.25":{
        "0.25":0.2622946023,
        "0.5":0.38710136,
        "0.75":0.4184701648,
        "1.0":0.3930559913
    },
    "1.5":{
        "0.25":0.2857365045,
        "0.5":0.4050917276,
        "0.75":0.4400860329,
        "1.0":0.4165363996
    },
    "1.75":{
        "0.25":0.3041394516,
        "0.5":0.4273823662,
        "0.75":0.4592181073,
        "1.0":0.4275500134
    },
    "2.0":{
        "0.25":0.3160011436,
        "0.5":0.4426904531,
        "0.75":0.4712614329,
        "1.0":0.4365389457
    },
    "3.0":{
        "0.25":0.3460938503,
        "0.5":0.4752738712,
        "0.75":0.4998230041,
        "1.0":0.4603076376
    },
    "4.0":{
        "0.25":0.3618133126,
        "0.5":0.4869639933,
        "0.75":0.5103774137,
        "1.0":0.4645719425
    },
    "5.0":{
        "0.25":0.3676802819,
        "0.5":0.4925156477,
        "0.75":0.5116530213,
        "1.0":0.4615098426
    },
    "7.0":{
        "0.25":0.371562547,
        "0.5":0.4874792376,
        "0.75":0.5031284342,
        "1.0":0.4483363182
    },
    "10.0":{
        "0.25":0.3673478087,
        "0.5":0.4739389444,
        "0.75":0.4829598512,
        "1.0":0.4237859425
    }
}