{
    "0.0":{
        "0.25":0.2378511926,
        "0.5":0.2378511926,
        "0.75":0.2378511926,
        "1.0":0.2378511926
    },
    "0.1":{
        "0.25":0.221623412,
        "0.5":0.215687795,
        "0.75":0.2175616195,
        "1.0":0.223408033
    },
    "0.2":{
        "0.25":0.199998953,
        "0.5":0.2060982752,
        "0.75":0.1984721979,
        "1.0":0.1946809318
    },
    "0.3":{
        "0.25":0.1917403492,
        "0.5":0.1904351953,
        "0.75":0.1844964584,
        "1.0":0.1955816115
    },
    "0.4":{
        "0.25":0.1710334184,
        "0.5":0.1743719239,
        "0.75":0.1748267815,
        "1.0":0.1701423834
    },
    "0.5":{
        "0.25":0.1560684764,
        "0.5":0.1559035531,
        "0.75":0.1633209981,
        "1.0":0.160152126
    },
    "0.6":{
        "0.25":0.1480047234,
        "0.5":0.1534013552,
        "0.75":0.1463026915,
        "1.0":0.154563286
    },
    "0.7":{
        "0.25":0.1393860492,
        "0.5":0.1372683992,
        "0.75":0.1427914188,
        "1.0":0.1397594595
    },
    "0.8":{
        "0.25":0.132348449,
        "0.5":0.1317555842,
        "0.75":0.1337796387,
        "1.0":0.1322989261
    },
    "0.9":{
        "0.25":0.1267063784,
        "0.5":0.1275599447,
        "0.75":0.1252205418,
        "1.0":0.125630011
    },
    "1.0":{
        "0.25":0.1189255963,
        "0.5":0.1189255963,
        "0.75":0.1189255963,
        "1.0":0.1189255963
    },
    "1.25":{
        "0.25":0.1061726588,
        "0.5":0.1030333474,
        "0.75":0.1061535493,
        "1.0":0.1072327659
    },
    "1.5":{
        "0.25":0.0952970318,
        "0.5":0.0960010208,
        "0.75":0.0958330993,
        "1.0":0.0946190674
    },
    "1.75":{
        "0.25":0.0865998767,
        "0.5":0.0849749311,
        "0.75":0.0865648401,
        "1.0":0.0873915754
    },
    "2.0":{
        "0.25":0.0792837309,
        "0.5":0.0792837309,
        "0.75":0.0792837309,
        "1.0":0.0792837309
    },
    "3.0":{
        "0.25":0.0594627981,
        "0.5":0.0594627981,
        "0.75":0.0594627981,
        "1.0":0.0594627981
    },
    "4.0":{
        "0.25":0.0475702385,
        "0.5":0.0475702385,
        "0.75":0.0475702385,
        "1.0":0.0475702385
    },
    "5.0":{
        "0.25":0.0396418654,
        "0.5":0.0396418654,
        "0.75":0.0396418654,
        "1.0":0.0396418654
    },
    "7.0":{
        "0.25":0.0297313991,
        "0.5":0.0297313991,
        "0.75":0.0297313991,
        "1.0":0.0297313991
    },
    "10.0":{
        "0.25":0.0216228357,
        "0.5":0.0216228357,
        "0.75":0.0216228357,
        "1.0":0.0216228357
    }
}