{
    "Bleu Score":{
        "0":0.0,
        "1":0.0,
        "2":0.0000000005,
        "3":0.0000000036,
        "4":0.0
    }
}