{
    "Bleu Score":{
        "0":2.934227211e-19,
        "1":1.515588499e-21,
        "2":0.0,
        "3":0.0,
        "4":0.0
    }
}