{
    "Bleu Score":{
        "0":4.34900789e-20,
        "1":2.012848602e-22,
        "2":4.263802373e-23,
        "3":1.215545785e-21,
        "4":1.269738387e-20
    }
}