{
    "Bleu Score":{
        "0":1.626244039e-17,
        "1":7.006007163e-20,
        "2":9.171861469e-20,
        "3":1.194149839e-21,
        "4":2.270955934e-20
    }
}