{
    "Bleu Score":{
        "0":2.671938973e-17,
        "1":0.0000000199,
        "2":0.0,
        "3":0.0000000009,
        "4":0.0000000234
    }
}