{
    "Bleu Score":{
        "0":0.0009234683,
        "1":0.0000293852,
        "2":0.0002626801,
        "3":0.0006692506,
        "4":0.0138262269
    }
}