{
    "Bleu Score":{
        "0":6.759684096e-16,
        "1":0.0,
        "2":8.788484197e-17,
        "3":4.719783717e-16,
        "4":0.0
    }
}