{
    "Bleu Score":{
        "0":2.225350485e-21,
        "1":7.047031894e-26,
        "2":9.792725796e-24,
        "3":5.719281174e-26,
        "4":4.572068927e-24
    }
}