{
    "Bleu Score":{
        "0":0.0000000003,
        "1":0.0000000256,
        "2":0.0,
        "3":0.0000003103,
        "4":0.0
    }
}