{
    "Actor":{
        "0":0.0726089134,
        "1":0.0767077268,
        "2":0.0701581028,
        "3":0.0773745998,
        "4":0.0728862974
    },
    "Activity":{
        "0":0.219581749,
        "1":0.2134146341,
        "2":0.2197483059,
        "3":0.2163687676,
        "4":0.2250530786
    },
    "Activity Data":{
        "0":0.1139489194,
        "1":0.1179736294,
        "2":0.1119205298,
        "3":0.1138944556,
        "4":0.125
    },
    "Further Specification":{
        "0":0.2383512545,
        "1":0.2468468468,
        "2":0.2398190045,
        "3":0.2050919378,
        "4":0.2677484787
    },
    "XOR Gateway":{
        "0":0.0652920962,
        "1":0.0839416058,
        "2":0.0827338129,
        "3":0.0827067669,
        "4":0.0526315789
    },
    "Condition Specification":{
        "0":0.2064128257,
        "1":0.2188328912,
        "2":0.2033519553,
        "3":0.1990196078,
        "4":0.2020785219
    },
    "AND Gateway":{
        "0":0.3714285714,
        "1":0.3870967742,
        "2":0.275862069,
        "3":0.3103448276,
        "4":0.325
    },
    "All":{
        "0":0.1010644959,
        "1":0.1051472612,
        "2":0.1011080332,
        "3":0.100590972,
        "4":0.1072559747
    }
}