{
    "Actor":{
        "0":0.0817793691
    },
    "Activity":{
        "0":0.2238887267
    },
    "Activity Data":{
        "0":0.1158653289
    },
    "Further Specification":{
        "0":0.2493453005
    },
    "XOR Gateway":{
        "0":0.1480047327
    },
    "Condition Specification":{
        "0":0.2116628743
    },
    "AND Gateway":{
        "0":0.5285812018
    },
    "All":{
        "0":0.0966911099
    }
}