{
    "Actor":{
        "0":0.049091941,
        "1":0.0580781415,
        "2":0.0568067227,
        "3":0.0632352941,
        "4":0.0574669187
    },
    "Activity":{
        "0":0.141995614,
        "1":0.1555989583,
        "2":0.162627551,
        "3":0.1640178004,
        "4":0.1558441558
    },
    "Activity Data":{
        "0":0.0701361686,
        "1":0.0821277543,
        "2":0.0810092961,
        "3":0.0824028584,
        "4":0.0858038081
    },
    "Further Specification":{
        "0":0.1539196941,
        "1":0.1821192053,
        "2":0.1900406504,
        "3":0.1738693467,
        "4":0.1977750309
    },
    "XOR Gateway":{
        "0":0.0909090909,
        "1":0.1146788991,
        "2":0.1208530806,
        "3":0.1285347044,
        "4":0.1014492754
    },
    "Condition Specification":{
        "0":0.1425076453,
        "1":0.1645244216,
        "2":0.1452397498,
        "3":0.1445556946,
        "4":0.1450107681
    },
    "AND Gateway":{
        "0":0.45,
        "1":0.5,
        "2":0.4634146341,
        "3":0.3414634146,
        "4":0.4576271186
    },
    "All":{
        "0":0.0594973867,
        "1":0.069059081,
        "2":0.0691386959,
        "3":0.0697812447,
        "4":0.0697611046
    }
}