{
    "Actor":{
        "0":0.0451354046
    },
    "Activity":{
        "0":0.1256044312
    },
    "Activity Data":{
        "0":0.0639932972
    },
    "Further Specification":{
        "0":0.1403545487
    },
    "XOR Gateway":{
        "0":0.0889476788
    },
    "Condition Specification":{
        "0":0.121828838
    },
    "AND Gateway":{
        "0":0.4011655661
    },
    "All":{
        "0":0.0538723886
    }
}