{
    "Actor":{
        "0":0.0611956137,
        "1":0.0646298472,
        "2":0.0574243969,
        "3":0.0630267497,
        "4":0.0610196708
    },
    "Activity":{
        "0":0.1691704768,
        "1":0.1713261649,
        "2":0.16765286,
        "3":0.1687377371,
        "4":0.1815431165
    },
    "Activity Data":{
        "0":0.0862979114,
        "1":0.0879408961,
        "2":0.0839257051,
        "3":0.0847301952,
        "4":0.0946808511
    },
    "Further Specification":{
        "0":0.2058823529,
        "1":0.2104591837,
        "2":0.2002141328,
        "3":0.1642924976,
        "4":0.2266288952
    },
    "XOR Gateway":{
        "0":0.1177944862,
        "1":0.1269430052,
        "2":0.1324675325,
        "3":0.1184834123,
        "4":0.1091370558
    },
    "Condition Specification":{
        "0":0.1656005686,
        "1":0.1794392523,
        "2":0.1621411947,
        "3":0.1587628866,
        "4":0.1598101266
    },
    "AND Gateway":{
        "0":0.4363636364,
        "1":0.4901960784,
        "2":0.380952381,
        "3":0.4130434783,
        "4":0.44
    },
    "All":{
        "0":0.0731642895,
        "1":0.0756109248,
        "2":0.0719825708,
        "3":0.0710156183,
        "4":0.07689997
    }
}