{
    "Actor":{
        "0":0.0321571652
    },
    "Activity":{
        "0":0.0900297504
    },
    "Activity Data":{
        "0":0.0460239364
    },
    "Further Specification":{
        "0":0.1019789972
    },
    "XOR Gateway":{
        "0":0.0654436503
    },
    "Condition Specification":{
        "0":0.0868555093
    },
    "AND Gateway":{
        "0":0.3387833897
    },
    "All":{
        "0":0.0386591866
    }
}