{
    "Actor":{
        "0":0.1266869249
    },
    "Activity":{
        "0":0.3671261831
    },
    "Activity Data":{
        "0":0.1973507434
    },
    "Further Specification":{
        "0":0.3923788192
    },
    "XOR Gateway":{
        "0":0.1236497768
    },
    "Condition Specification":{
        "0":0.349585126
    },
    "AND Gateway":{
        "0":0.6248548695
    },
    "All":{
        "0":0.1743719239
    }
}