{
    "Actor":{
        "0":0.0922978994,
        "1":0.0952050035,
        "2":0.0931147541,
        "3":0.097972973,
        "4":0.0920471281
    },
    "Activity":{
        "0":0.28,
        "1":0.2748691099,
        "2":0.2873417722,
        "3":0.2843016069,
        "4":0.280794702
    },
    "Activity Data":{
        "0":0.146403029,
        "1":0.1483420593,
        "2":0.1472766885,
        "3":0.1455399061,
        "4":0.1542078044
    },
    "Further Specification":{
        "0":0.2885032538,
        "1":0.2795918367,
        "2":0.2864864865,
        "3":0.2788461538,
        "4":0.3393316195
    },
    "XOR Gateway":{
        "0":0.0808510638,
        "1":0.1138613861,
        "2":0.108490566,
        "3":0.1134020619,
        "4":0.064516129
    },
    "Condition Specification":{
        "0":0.2641025641,
        "1":0.293594306,
        "2":0.2704309064,
        "3":0.2784636488,
        "4":0.2604166667
    },
    "AND Gateway":{
        "0":0.5,
        "1":0.6315789474,
        "2":0.4,
        "3":0.375,
        "4":0.4193548387
    },
    "All":{
        "0":0.1286055777,
        "1":0.1324549237,
        "2":0.1322899506,
        "3":0.1311690441,
        "4":0.1342584249
    }
}