{
    "Actor":{
        "0":0.0151780563
    },
    "Activity":{
        "0":0.0423201638
    },
    "Activity Data":{
        "0":0.0216150427
    },
    "Further Specification":{
        "0":0.0474674124
    },
    "XOR Gateway":{
        "0":0.0305556555
    },
    "Condition Specification":{
        "0":0.0412843508
    },
    "AND Gateway":{
        "0":0.2089440481
    },
    "All":{
        "0":0.0181876624
    }
}