{
    "Actor":{
        "0":0.1467403608
    },
    "Activity":{
        "0":0.4384186777
    },
    "Activity Data":{
        "0":0.2291987449
    },
    "Further Specification":{
        "0":0.4684141017
    },
    "XOR Gateway":{
        "0":0.1521537323
    },
    "Condition Specification":{
        "0":0.4459102168
    },
    "AND Gateway":{
        "0":0.7231334842
    },
    "All":{
        "0":0.2060982752
    }
}