{
    "Actor":{
        "0":0.081680831,
        "1":0.0924369748,
        "2":0.0881585811,
        "3":0.0905263158,
        "4":0.0976236352
    },
    "Activity":{
        "0":0.2279929577,
        "1":0.2385229541,
        "2":0.2567975831,
        "3":0.2386679001,
        "4":0.261487965
    },
    "Activity Data":{
        "0":0.1205901219,
        "1":0.126717033,
        "2":0.1316546763,
        "3":0.1186495177,
        "4":0.1401023219
    },
    "Further Specification":{
        "0":0.2648026316,
        "1":0.252293578,
        "2":0.2698412698,
        "3":0.2369863014,
        "4":0.3326359833
    },
    "XOR Gateway":{
        "0":0.1320754717,
        "1":0.1637630662,
        "2":0.171314741,
        "3":0.1748251748,
        "4":0.1449814126
    },
    "Condition Specification":{
        "0":0.2311507937,
        "1":0.2412060302,
        "2":0.2722513089,
        "3":0.2088607595,
        "4":0.2448484848
    },
    "AND Gateway":{
        "0":0.4761904762,
        "1":0.5925925926,
        "2":0.46875,
        "3":0.5142857143,
        "4":0.5128205128
    },
    "All":{
        "0":0.0995448011,
        "1":0.1057215597,
        "2":0.1111709287,
        "3":0.0997817653,
        "4":0.115959535
    }
}