{
    "Actor":{
        "0":0.0193533952,
        "1":0.0209178499,
        "2":0.0202274087,
        "3":0.0218301815,
        "4":0.0207707024
    },
    "Activity":{
        "0":0.0562798783,
        "1":0.0566082425,
        "2":0.05859375,
        "3":0.0583710407,
        "4":0.0580551524
    },
    "Activity Data":{
        "0":0.0277081798,
        "1":0.029216152,
        "2":0.0295733678,
        "3":0.0297724706,
        "4":0.0315239529
    },
    "Further Specification":{
        "0":0.0639650377,
        "1":0.0622876557,
        "2":0.0610711953,
        "3":0.0613475177,
        "4":0.0752941176
    },
    "XOR Gateway":{
        "0":0.0360153257,
        "1":0.0428931876,
        "2":0.0439276486,
        "3":0.0467726848,
        "4":0.0372616984
    },
    "Condition Specification":{
        "0":0.0550307038,
        "1":0.0606443462,
        "2":0.0542434467,
        "3":0.0552499402,
        "4":0.0559866962
    },
    "AND Gateway":{
        "0":0.2181818182,
        "1":0.2822580645,
        "2":0.2627118644,
        "3":0.2481203008,
        "4":0.237804878
    },
    "All":{
        "0":0.0235197555,
        "1":0.0247583783,
        "2":0.0248219491,
        "3":0.0250182393,
        "4":0.0257752718
    }
}