{
    "Actor":{
        "0":0.0883607556,
        "1":0.088845655,
        "2":0.0884184309,
        "3":0.0993150685,
        "4":0.0970496894
    },
    "Activity":{
        "0":0.2558139535,
        "1":0.253929867,
        "2":0.2718562874,
        "3":0.282208589,
        "4":0.280794702
    },
    "Activity Data":{
        "0":0.1393672407,
        "1":0.1373182553,
        "2":0.1403071814,
        "3":0.1441251057,
        "4":0.1613379242
    },
    "Further Specification":{
        "0":0.2612966601,
        "1":0.2639691715,
        "2":0.2708688245,
        "3":0.311827957,
        "4":0.3227383863
    },
    "XOR Gateway":{
        "0":0.0763052209,
        "1":0.100877193,
        "2":0.100877193,
        "3":0.1089108911,
        "4":0.07
    },
    "Condition Specification":{
        "0":0.2503037667,
        "1":0.264,
        "2":0.2404227213,
        "3":0.2553459119,
        "4":0.2696456086
    },
    "AND Gateway":{
        "0":0.40625,
        "1":0.5,
        "2":0.347826087,
        "3":0.375,
        "4":0.4642857143
    },
    "All":{
        "0":0.1212804328,
        "1":0.1224162794,
        "2":0.1245927075,
        "3":0.1305696099,
        "4":0.1389406938
    }
}