{
    "Actor":{
        "0":0.1102099348
    },
    "Activity":{
        "0":0.3239177428
    },
    "Activity Data":{
        "0":0.1734934047
    },
    "Further Specification":{
        "0":0.3666889744
    },
    "XOR Gateway":{
        "0":0.1092932397
    },
    "Condition Specification":{
        "0":0.3075605262
    },
    "AND Gateway":{
        "0":0.5296725014
    },
    "All":{
        "0":0.1534013552
    }
}