{
    "Actor":{
        "0":0.1541284404,
        "1":0.1601178782,
        "2":0.1682439537,
        "3":0.1727642276,
        "4":0.1731493099
    },
    "Activity":{
        "0":0.4493783304,
        "1":0.4315196998,
        "2":0.4891518738,
        "3":0.4494584838,
        "4":0.4846491228
    },
    "Activity Data":{
        "0":0.2254960914,
        "1":0.2441937624,
        "2":0.2562100781,
        "3":0.2323232323,
        "4":0.281300813
    },
    "Further Specification":{
        "0":0.5,
        "1":0.3454935622,
        "2":0.4899713467,
        "3":0.3245778612,
        "4":0.5948275862
    },
    "XOR Gateway":{
        "0":0.1830065359,
        "1":0.196969697,
        "2":0.2049180328,
        "3":0.224,
        "4":0.157480315
    },
    "Condition Specification":{
        "0":0.4127272727,
        "1":0.4971264368,
        "2":0.4695431472,
        "3":0.4732142857,
        "4":0.4324324324
    },
    "AND Gateway":{
        "0":0.8125,
        "1":1.0,
        "2":0.6153846154,
        "3":0.6923076923,
        "4":0.8125
    },
    "All":{
        "0":0.1924056495,
        "1":0.1964641434,
        "2":0.220293725,
        "3":0.1940580052,
        "4":0.2325863113
    }
}