{
    "Actor":{
        "0":0.1064610866,
        "1":0.1090764331,
        "2":0.1114599686,
        "3":0.1226734349,
        "4":0.101378751
    },
    "Activity":{
        "0":0.3248945148,
        "1":0.3129657228,
        "2":0.331871345,
        "3":0.3474320242,
        "4":0.302425107
    },
    "Activity Data":{
        "0":0.1674687199,
        "1":0.1729399797,
        "2":0.1720101781,
        "3":0.1862370289,
        "4":0.1688111168
    },
    "Further Specification":{
        "0":0.4042553191,
        "1":0.3826815642,
        "2":0.3,
        "3":0.3746770026,
        "4":0.3718309859
    },
    "XOR Gateway":{
        "0":0.0922330097,
        "1":0.1210526316,
        "2":0.1263736264,
        "3":0.1375,
        "4":0.0693069307
    },
    "Condition Specification":{
        "0":0.3238993711,
        "1":0.3340080972,
        "2":0.3069139966,
        "3":0.3020833333,
        "4":0.2708978328
    },
    "AND Gateway":{
        "0":0.5909090909,
        "1":0.5217391304,
        "2":0.5714285714,
        "3":0.5,
        "4":0.4642857143
    },
    "All":{
        "0":0.151010479,
        "1":0.1540943929,
        "2":0.1531858069,
        "3":0.1628664495,
        "4":0.1458496476
    }
}