{
    "Actor":{
        "0":0.0995105765
    },
    "Activity":{
        "0":0.2903682086
    },
    "Activity Data":{
        "0":0.1567125948
    },
    "Further Specification":{
        "0":0.2977981897
    },
    "XOR Gateway":{
        "0":0.0969833675
    },
    "Condition Specification":{
        "0":0.2763478164
    },
    "AND Gateway":{
        "0":0.4230790855
    },
    "All":{
        "0":0.1372683992
    }
}