{
    "Actor":{
        "0":0.1192434211,
        "1":0.1282771536,
        "2":0.1183333333,
        "3":0.1362781955,
        "4":0.131302521
    },
    "Activity":{
        "0":0.3417159763,
        "1":0.3633217993,
        "2":0.3752066116,
        "3":0.3801652893,
        "4":0.3752212389
    },
    "Activity Data":{
        "0":0.1865951743,
        "1":0.1991798477,
        "2":0.1869469027,
        "3":0.198949825,
        "4":0.2150819672
    },
    "Further Specification":{
        "0":0.3064516129,
        "1":0.4005847953,
        "2":0.4262734584,
        "3":0.4027777778,
        "4":0.4258064516
    },
    "XOR Gateway":{
        "0":0.0989583333,
        "1":0.1455696203,
        "2":0.1337209302,
        "3":0.1466666667,
        "4":0.0933333333
    },
    "Condition Specification":{
        "0":0.3301282051,
        "1":0.3828306265,
        "2":0.325,
        "3":0.3542757417,
        "4":0.3556910569
    },
    "AND Gateway":{
        "0":0.5652173913,
        "1":0.7058823529,
        "2":0.380952381,
        "3":0.75,
        "4":0.7222222222
    },
    "All":{
        "0":0.1604373757,
        "1":0.1776331086,
        "2":0.1694450306,
        "3":0.1786511836,
        "4":0.1856929212
    }
}