{
    "Actor":{
        "0":0.0481217378
    },
    "Activity":{
        "0":0.1365160022
    },
    "Activity Data":{
        "0":0.069229916
    },
    "Further Specification":{
        "0":0.1509588699
    },
    "XOR Gateway":{
        "0":0.1004903022
    },
    "Condition Specification":{
        "0":0.1343767364
    },
    "AND Gateway":{
        "0":0.4234175751
    },
    "All":{
        "0":0.0582991072
    }
}