{
    "Actor":{
        "0":0.1569271641
    },
    "Activity":{
        "0":0.4367252405
    },
    "Activity Data":{
        "0":0.2238954195
    },
    "Further Specification":{
        "0":0.4754923621
    },
    "XOR Gateway":{
        "0":0.1973057748
    },
    "Condition Specification":{
        "0":0.4490503502
    },
    "AND Gateway":{
        "0":0.7528622693
    },
    "All":{
        "0":0.1936570754
    }
}