{
    "Actor":{
        "0":0.0238193584,
        "1":0.0251026928,
        "2":0.0245034073,
        "3":0.0270525322,
        "4":0.0250742329
    },
    "Activity":{
        "0":0.0668732249,
        "1":0.0673429135,
        "2":0.0697865353,
        "3":0.0721073225,
        "4":0.0725294651
    },
    "Activity Data":{
        "0":0.0337461856,
        "1":0.0353617633,
        "2":0.0356933879,
        "3":0.0355559838,
        "4":0.0380138815
    },
    "Further Specification":{
        "0":0.076703192,
        "1":0.0786088614,
        "2":0.0767967146,
        "3":0.0744086022,
        "4":0.0928612885
    },
    "XOR Gateway":{
        "0":0.0449330784,
        "1":0.053069719,
        "2":0.0541401274,
        "3":0.0590318772,
        "4":0.0461868958
    },
    "Condition Specification":{
        "0":0.0662496446,
        "1":0.0736478711,
        "2":0.0663702763,
        "3":0.0676625659,
        "4":0.0685210312
    },
    "AND Gateway":{
        "0":0.2755905512,
        "1":0.3,
        "2":0.2727272727,
        "3":0.2710280374,
        "4":0.2592592593
    },
    "All":{
        "0":0.0285891217,
        "1":0.0299726485,
        "2":0.0301130149,
        "3":0.0304735809,
        "4":0.0313815225
    }
}