{
    "Actor":{
        "0":0.7415181271
    },
    "Activity":{
        "0":0.8097005222
    },
    "Activity Data":{
        "0":0.7581844455
    },
    "Further Specification":{
        "0":0.8547386792
    },
    "XOR Gateway":{
        "0":0.772182548
    },
    "Condition Specification":{
        "0":0.847721082
    },
    "AND Gateway":{
        "0":0.8767385278
    },
    "All":{
        "0":0.7498569837
    }
}