{
    "Actor":{
        "0":0.6596224222
    },
    "Activity":{
        "0":0.7759830093
    },
    "Activity Data":{
        "0":0.7253193791
    },
    "Further Specification":{
        "0":0.780463893
    },
    "XOR Gateway":{
        "0":0.7716107073
    },
    "Condition Specification":{
        "0":0.8557914829
    },
    "AND Gateway":{
        "0":1.0
    },
    "All":{
        "0":0.7199612761
    }
}