{
    "Actor":{
        "0":0.2968171166
    },
    "Activity":{
        "0":0.3453074068
    },
    "Activity Data":{
        "0":0.31920745
    },
    "Further Specification":{
        "0":0.3814205347
    },
    "XOR Gateway":{
        "0":0.3207178842
    },
    "Condition Specification":{
        "0":0.3592824528
    },
    "AND Gateway":{
        "0":0.3887987013
    },
    "All":{
        "0":0.3205703756
    }
}