{
    "Actor":{
        "0":0.4683544304,
        "1":0.4739726027,
        "2":0.4778280543,
        "3":0.498065764,
        "4":0.4364135407
    },
    "Activity":{
        "0":0.5625879044,
        "1":0.5514157973,
        "2":0.5555555556,
        "3":0.5709969789,
        "4":0.5092724679
    },
    "Activity Data":{
        "0":0.5141601562,
        "1":0.5231168831,
        "2":0.4904392765,
        "3":0.5367074527,
        "4":0.4834992142
    },
    "Further Specification":{
        "0":0.717325228,
        "1":0.6927374302,
        "2":0.5320754717,
        "3":0.6795865633,
        "4":0.5690140845
    },
    "XOR Gateway":{
        "0":0.4848484848,
        "1":0.4747474747,
        "2":0.5747126437,
        "3":0.6417910448,
        "4":0.4375
    },
    "Condition Specification":{
        "0":0.6257861635,
        "1":0.6044624746,
        "2":0.5888324873,
        "3":0.5820895522,
        "4":0.5077639752
    },
    "AND Gateway":{
        "0":0.7058823529,
        "1":0.5263157895,
        "2":0.875,
        "3":0.7272727273,
        "4":0.55
    },
    "All":{
        "0":0.5231840796,
        "1":0.5272532189,
        "2":0.5016194332,
        "3":0.5402894794,
        "4":0.4730178497
    }
}