{
    "Actor":{
        "0":0.4057017544,
        "1":0.4158653846,
        "2":0.3946188341,
        "3":0.3982985305,
        "4":0.3971690258
    },
    "Activity":{
        "0":0.4848484848,
        "1":0.4842931937,
        "2":0.4810126582,
        "3":0.4672435105,
        "4":0.4728476821
    },
    "Activity Data":{
        "0":0.4503849444,
        "1":0.4491525424,
        "2":0.42046965,
        "3":0.4210296684,
        "4":0.4405727924
    },
    "Further Specification":{
        "0":0.5119305857,
        "1":0.506122449,
        "2":0.5081081081,
        "3":0.5057692308,
        "4":0.5192802057
    },
    "XOR Gateway":{
        "0":0.4485981308,
        "1":0.4653465347,
        "2":0.4716981132,
        "3":0.4526315789,
        "4":0.4
    },
    "Condition Specification":{
        "0":0.5102564103,
        "1":0.5321428571,
        "2":0.5186289121,
        "3":0.5364511692,
        "4":0.4880597015
    },
    "AND Gateway":{
        "0":0.6315789474,
        "1":0.625,
        "2":0.5833333333,
        "3":0.5,
        "4":0.5
    },
    "All":{
        "0":0.4457443201,
        "1":0.4532374101,
        "2":0.4325362192,
        "3":0.4348052851,
        "4":0.4351728089
    }
}