{
    "Actor":{
        "0":0.7403384303
    },
    "Activity":{
        "0":0.8223563634
    },
    "Activity Data":{
        "0":0.7740689908
    },
    "Further Specification":{
        "0":0.8542619767
    },
    "XOR Gateway":{
        "0":0.818096517
    },
    "Condition Specification":{
        "0":0.8557672995
    },
    "AND Gateway":{
        "0":0.8662280702
    },
    "All":{
        "0":0.7597771619
    }
}