{
    "Actor":{
        "0":0.402173913,
        "1":0.438715131,
        "2":0.4220623501,
        "3":0.408406027,
        "4":0.45
    },
    "Activity":{
        "0":0.4761904762,
        "1":0.4959785523,
        "2":0.5170068027,
        "3":0.4689826303,
        "4":0.5071022727
    },
    "Activity Data":{
        "0":0.4548596112,
        "1":0.4761229314,
        "2":0.4586756887,
        "3":0.4258605472,
        "4":0.4899150743
    },
    "Further Specification":{
        "0":0.5164113786,
        "1":0.496993988,
        "2":0.5271028037,
        "3":0.4834558824,
        "4":0.5504087193
    },
    "XOR Gateway":{
        "0":0.4247787611,
        "1":0.4433962264,
        "2":0.5,
        "3":0.4526315789,
        "4":0.4565217391
    },
    "Condition Specification":{
        "0":0.5162127108,
        "1":0.5076660988,
        "2":0.5819397993,
        "3":0.4791154791,
        "4":0.5274193548
    },
    "AND Gateway":{
        "0":0.5,
        "1":0.5263157895,
        "2":0.5,
        "3":0.5333333333,
        "4":0.5238095238
    },
    "All":{
        "0":0.4455932203,
        "1":0.4675547098,
        "2":0.4673708035,
        "3":0.4311325634,
        "4":0.4799915754
    }
}