{
    "Actor":{
        "0":0.5821096079
    },
    "Activity":{
        "0":0.6869729562
    },
    "Activity Data":{
        "0":0.6365016706
    },
    "Further Specification":{
        "0":0.7721003012
    },
    "XOR Gateway":{
        "0":0.6592617775
    },
    "Condition Specification":{
        "0":0.7105988506
    },
    "AND Gateway":{
        "0":0.8038461538
    },
    "All":{
        "0":0.6363243934
    }
}