{
    "Actor":{
        "0":0.5897980871,
        "1":0.6553030303,
        "2":0.6494464945,
        "3":0.6326781327,
        "4":0.6178756477
    },
    "Activity":{
        "0":0.7259528131,
        "1":0.7708333333,
        "2":0.7723577236,
        "3":0.7012987013,
        "4":0.753164557
    },
    "Activity Data":{
        "0":0.6577139288,
        "1":0.7131728045,
        "2":0.6687808316,
        "3":0.6357048748,
        "4":0.6893203883
    },
    "Further Specification":{
        "0":0.8872180451,
        "1":0.8794326241,
        "2":0.8034188034,
        "3":0.7645348837,
        "4":0.7372262774
    },
    "XOR Gateway":{
        "0":0.7164179104,
        "1":0.746031746,
        "2":0.7462686567,
        "3":0.671875,
        "4":0.7118644068
    },
    "Condition Specification":{
        "0":0.8105906314,
        "1":0.8869047619,
        "2":0.8111888112,
        "3":0.8091286307,
        "4":0.893442623
    },
    "AND Gateway":{
        "0":1.0,
        "1":0.9090909091,
        "2":0.875,
        "3":0.6153846154,
        "4":1.0
    },
    "All":{
        "0":0.6691270043,
        "1":0.7277843602,
        "2":0.692372171,
        "3":0.6626921039,
        "4":0.6916540212
    }
}