{
    "Actor":{
        "0":0.7233022294
    },
    "Activity":{
        "0":0.7824814405
    },
    "Activity Data":{
        "0":0.7400737351
    },
    "Further Specification":{
        "0":0.8413722632
    },
    "XOR Gateway":{
        "0":0.7535111744
    },
    "Condition Specification":{
        "0":0.8136327091
    },
    "AND Gateway":{
        "0":0.8785216198
    },
    "All":{
        "0":0.7256621032
    }
}