{
    "Actor":{
        "0":0.6570390207,
        "1":0.6841085271,
        "2":0.6628306077,
        "3":0.6847195358,
        "4":0.6728607479
    },
    "Activity":{
        "0":0.7342312746,
        "1":0.7440347072,
        "2":0.7393067847,
        "3":0.7390524049,
        "4":0.7561349693
    },
    "Activity Data":{
        "0":0.6898873795,
        "1":0.6966363177,
        "2":0.6810817706,
        "3":0.6791860319,
        "4":0.7110709821
    },
    "Further Specification":{
        "0":0.7714109673,
        "1":0.7908256881,
        "2":0.8002103049,
        "3":0.7862969005,
        "4":0.8121790169
    },
    "XOR Gateway":{
        "0":0.6447140381,
        "1":0.692,
        "2":0.6862348178,
        "3":0.7239915074,
        "4":0.7072072072
    },
    "Condition Specification":{
        "0":0.7906976744,
        "1":0.7958494208,
        "2":0.7680225534,
        "3":0.7890451517,
        "4":0.7735099338
    },
    "AND Gateway":{
        "0":0.8024691358,
        "1":0.8591549296,
        "2":0.8571428571,
        "3":0.8245614035,
        "4":0.8076923077
    },
    "All":{
        "0":0.6620372478,
        "1":0.6835068381,
        "2":0.6670091492,
        "3":0.6719429381,
        "4":0.6852478707
    }
}