{
    "Actor":{
        "0":0.2595792507
    },
    "Activity":{
        "0":0.3067256123
    },
    "Activity Data":{
        "0":0.2810865948
    },
    "Further Specification":{
        "0":0.3310775045
    },
    "XOR Gateway":{
        "0":0.2934233388
    },
    "Condition Specification":{
        "0":0.3326249354
    },
    "AND Gateway":{
        "0":0.3636516425
    },
    "All":{
        "0":0.2837117425
    }
}