{
    "Actor":{
        "0":0.7478589237
    },
    "Activity":{
        "0":0.8360335313
    },
    "Activity Data":{
        "0":0.7927909506
    },
    "Further Specification":{
        "0":0.8950410073
    },
    "XOR Gateway":{
        "0":0.8331776644
    },
    "Condition Specification":{
        "0":0.8753261635
    },
    "AND Gateway":{
        "0":0.9080128205
    },
    "All":{
        "0":0.7836230382
    }
}