{
    "Actor":{
        "0":0.7232896105
    },
    "Activity":{
        "0":0.7831539434
    },
    "Activity Data":{
        "0":0.7477866911
    },
    "Further Specification":{
        "0":0.8417660506
    },
    "XOR Gateway":{
        "0":0.7919924301
    },
    "Condition Specification":{
        "0":0.8247147386
    },
    "AND Gateway":{
        "0":0.8814337917
    },
    "All":{
        "0":0.7315229821
    }
}