{
    "Actor":{
        "0":0.7041681318
    },
    "Activity":{
        "0":0.7745109165
    },
    "Activity Data":{
        "0":0.7212727841
    },
    "Further Specification":{
        "0":0.8386247055
    },
    "XOR Gateway":{
        "0":0.7522336856
    },
    "Condition Specification":{
        "0":0.8209133137
    },
    "AND Gateway":{
        "0":0.8658869282
    },
    "All":{
        "0":0.7110941087
    }
}