{
    "Actor":{
        "0":0.7385670732,
        "1":0.7578947368,
        "2":0.7274791824,
        "3":0.7648624667,
        "4":0.7504911591
    },
    "Activity":{
        "0":0.8237410072,
        "1":0.8462623413,
        "2":0.8331090175,
        "3":0.8454301075,
        "4":0.831625183
    },
    "Activity Data":{
        "0":0.7922374429,
        "1":0.8045075943,
        "2":0.7722595078,
        "3":0.7849779087,
        "4":0.8099722992
    },
    "Further Specification":{
        "0":0.8692579505,
        "1":0.8894472362,
        "2":0.9206349206,
        "3":0.8933649289,
        "4":0.9025
    },
    "XOR Gateway":{
        "0":0.776119403,
        "1":0.8442622951,
        "2":0.8666666667,
        "3":0.8367346939,
        "4":0.8421052632
    },
    "Condition Specification":{
        "0":0.8665819568,
        "1":0.8998073218,
        "2":0.8500749625,
        "3":0.8916544656,
        "4":0.8685121107
    },
    "AND Gateway":{
        "0":0.9583333333,
        "1":0.7692307692,
        "2":0.8125,
        "3":1.0,
        "4":1.0
    },
    "All":{
        "0":0.7761245083,
        "1":0.7962363416,
        "2":0.7639438647,
        "3":0.7903887478,
        "4":0.7914217287
    }
}