{
    "Actor":{
        "0":0.3195164076,
        "1":0.334622824,
        "2":0.2989807475,
        "3":0.3126897389,
        "4":0.3138157895
    },
    "Activity":{
        "0":0.3802281369,
        "1":0.3760162602,
        "2":0.3678606002,
        "3":0.3555973659,
        "4":0.3789808917
    },
    "Activity Data":{
        "0":0.3505326232,
        "1":0.356965615,
        "2":0.3193135935,
        "3":0.3302532512,
        "4":0.3573364305
    },
    "Further Specification":{
        "0":0.4229390681,
        "1":0.4468468468,
        "2":0.4253393665,
        "3":0.3719943423,
        "4":0.4097363083
    },
    "XOR Gateway":{
        "0":0.3636363636,
        "1":0.3455882353,
        "2":0.3546099291,
        "3":0.3467741935,
        "4":0.3255813953
    },
    "Condition Specification":{
        "0":0.3987975952,
        "1":0.3962765957,
        "2":0.3896976484,
        "3":0.3831041257,
        "4":0.3784722222
    },
    "AND Gateway":{
        "0":0.4615384615,
        "1":0.3703703704,
        "2":0.4117647059,
        "3":0.380952381,
        "4":0.4074074074
    },
    "All":{
        "0":0.350206474,
        "1":0.3599472605,
        "2":0.3310621242,
        "3":0.3333777659,
        "4":0.3475144861
    }
}