{
    "Actor":{
        "0":0.4826086957,
        "1":0.4625668449,
        "2":0.5106382979,
        "3":0.4669084316,
        "4":0.4653658537
    },
    "Activity":{
        "0":0.5681818182,
        "1":0.5505952381,
        "2":0.6031746032,
        "3":0.533145275,
        "4":0.5569422777
    },
    "Activity Data":{
        "0":0.5427835052,
        "1":0.5135135135,
        "2":0.5295758929,
        "3":0.5033907147,
        "4":0.5139198218
    },
    "Further Specification":{
        "0":0.5462962963,
        "1":0.5740740741,
        "2":0.699751861,
        "3":0.5513626834,
        "4":0.6158536585
    },
    "XOR Gateway":{
        "0":0.6,
        "1":0.4895833333,
        "2":0.5434782609,
        "3":0.5308641975,
        "4":0.4666666667
    },
    "Condition Specification":{
        "0":0.6482084691,
        "1":0.5775193798,
        "2":0.6408839779,
        "3":0.5945121951,
        "4":0.5523648649
    },
    "AND Gateway":{
        "0":0.9230769231,
        "1":0.7142857143,
        "2":0.5384615385,
        "3":0.5333333333,
        "4":0.5
    },
    "All":{
        "0":0.532941415,
        "1":0.5104924164,
        "2":0.5498114045,
        "3":0.5044372731,
        "4":0.5071206053
    }
}