{
    "Actor":{
        "0":0.7505204126
    },
    "Activity":{
        "0":0.8250067024
    },
    "Activity Data":{
        "0":0.7774866158
    },
    "Further Specification":{
        "0":0.8721245633
    },
    "XOR Gateway":{
        "0":0.8280372804
    },
    "Condition Specification":{
        "0":0.8741527967
    },
    "AND Gateway":{
        "0":0.8888028048
    },
    "All":{
        "0":0.7711640302
    }
}