{
    "Actor":{
        "0":0.6350179426,
        "1":0.643647778,
        "2":0.6320087954,
        "3":0.6523150521,
        "4":0.6496803977
    },
    "Activity":{
        "0":0.713142267,
        "1":0.7100591716,
        "2":0.7167487685,
        "3":0.7241475685,
        "4":0.7352674524
    },
    "Activity Data":{
        "0":0.6604338749,
        "1":0.6734951456,
        "2":0.6611187709,
        "3":0.6621779859,
        "4":0.6765498652
    },
    "Further Specification":{
        "0":0.7651262506,
        "1":0.7646498333,
        "2":0.7638603696,
        "3":0.7643010753,
        "4":0.8073128265
    },
    "XOR Gateway":{
        "0":0.6637931034,
        "1":0.6408345753,
        "2":0.6604361371,
        "3":0.7010869565,
        "4":0.6230031949
    },
    "Condition Specification":{
        "0":0.7540517486,
        "1":0.7701767871,
        "2":0.7525445293,
        "3":0.7585802288,
        "4":0.7590893646
    },
    "AND Gateway":{
        "0":0.8504672897,
        "1":0.8444444444,
        "2":0.8648648649,
        "3":0.8735632184,
        "4":0.8454545455
    },
    "All":{
        "0":0.6383183913,
        "1":0.6478473427,
        "2":0.6374763884,
        "3":0.6490480577,
        "4":0.6568295368
    }
}