{
    "Actor":{
        "0.0":0.721530121,
        "0.1":0.7074783611,
        "0.2":0.7294238221,
        "0.3":0.7109194474,
        "0.4":0.7295831467,
        "0.5":0.716031277,
        "0.6":0.7250964281,
        "0.7":0.7297391575,
        "0.8":0.7353723294,
        "0.9":0.7429328716,
        "1.0":0.7197830686,
        "1.25":0.7355568476,
        "1.5":0.7500583815,
        "1.75":0.7443482735,
        "2.0":0.7385265538,
        "3.0":0.741626396,
        "4.0":0.7455597737,
        "5.0":0.7367299363,
        "7.0":0.7558323795,
        "10.0":0.7302176799
    },
    "Activity":{
        "0.0":0.7649218209,
        "0.1":0.7688389388,
        "0.2":0.7797324948,
        "0.3":0.7650432499,
        "0.4":0.7790429677,
        "0.5":0.775232202,
        "0.6":0.7747780592,
        "0.7":0.7782172097,
        "0.8":0.775753325,
        "0.9":0.771186612,
        "1.0":0.7858312759,
        "1.25":0.7810194257,
        "1.5":0.7828227033,
        "1.75":0.7896536033,
        "2.0":0.7912405202,
        "3.0":0.7809651854,
        "4.0":0.782113157,
        "5.0":0.7804595275,
        "7.0":0.7992411199,
        "10.0":0.789783417
    },
    "Activity Data":{
        "0.0":0.6158860061,
        "0.1":0.6220950247,
        "0.2":0.6180155119,
        "0.3":0.6124256089,
        "0.4":0.6209532654,
        "0.5":0.6145275298,
        "0.6":0.613955774,
        "0.7":0.6231327228,
        "0.8":0.6284921103,
        "0.9":0.6215628129,
        "1.0":0.615657075,
        "1.25":0.6225668171,
        "1.5":0.6309004856,
        "1.75":0.6317516338,
        "2.0":0.6279194123,
        "3.0":0.6289341317,
        "4.0":0.6141805602,
        "5.0":0.6121034168,
        "7.0":0.6297404372,
        "10.0":0.6243678161
    },
    "Further Specification":{
        "0.0":0.2552923105,
        "0.1":0.225035014,
        "0.2":0.2435956201,
        "0.3":0.2601845867,
        "0.4":0.235,
        "0.5":0.1891667755,
        "0.6":0.225982906,
        "0.7":0.2147114392,
        "0.8":0.248046398,
        "0.9":0.275598279,
        "1.0":0.2680952381,
        "1.25":0.2686713287,
        "1.5":0.3098076923,
        "1.75":0.2607051282,
        "2.0":0.2145258981,
        "3.0":0.2616666667,
        "4.0":0.2516751556,
        "5.0":0.2609039645,
        "7.0":0.2439635854,
        "10.0":0.2498076923
    },
    "XOR Gateway":{
        "0.0":0.7246239374,
        "0.1":0.7226697697,
        "0.2":0.7133939394,
        "0.3":0.7142017288,
        "0.4":0.7041427573,
        "0.5":0.7051128715,
        "0.6":0.717297441,
        "0.7":0.7372655948,
        "0.8":0.7306419591,
        "0.9":0.7253940405,
        "1.0":0.7312822099,
        "1.25":0.7134312915,
        "1.5":0.7175172641,
        "1.75":0.7372577303,
        "2.0":0.7164927968,
        "3.0":0.7286549708,
        "4.0":0.7153877447,
        "5.0":0.7234604143,
        "7.0":0.724044304,
        "10.0":0.7254802502
    },
    "Condition Specification":{
        "0.0":0.5953056321,
        "0.1":0.6323813583,
        "0.2":0.6207929376,
        "0.3":0.589038782,
        "0.4":0.6057347223,
        "0.5":0.5810516934,
        "0.6":0.5750621118,
        "0.7":0.6199245064,
        "0.8":0.6411626016,
        "0.9":0.6292815219,
        "1.0":0.6332531194,
        "1.25":0.5645104277,
        "1.5":0.5704686159,
        "1.75":0.6353660104,
        "2.0":0.5786305105,
        "3.0":0.6339393939,
        "4.0":0.6033333333,
        "5.0":0.5825853659,
        "7.0":0.5416499071,
        "10.0":0.6077655678
    },
    "AND Gateway":{
        "0.0":0.0,
        "0.1":0.0,
        "0.2":0.0,
        "0.3":0.0,
        "0.4":0.2,
        "0.5":0.0,
        "0.6":0.3,
        "0.7":0.1,
        "0.8":0.3,
        "0.9":0.1,
        "1.0":0.3,
        "1.25":0.3,
        "1.5":0.36,
        "1.75":0.2333333333,
        "2.0":0.36,
        "3.0":0.3333333333,
        "4.0":0.4666666667,
        "5.0":0.3333333333,
        "7.0":0.2142857143,
        "10.0":0.2476190476
    }
}