{
    "Bleu Score":{
        "0":0.0001516995,
        "1":0.0044612351,
        "2":0.0000014131,
        "3":0.0296224648,
        "4":0.1409651124
    }
}