{
    "Bleu Score":{
        "0":0.000000003,
        "1":0.0000000001,
        "2":0.0000000004,
        "3":0.0000000001,
        "4":0.0000002204
    }
}