{
    "Bleu Score":{
        "0":0.0000070116,
        "1":0.0000027939,
        "2":0.000005534,
        "3":0.0000303876,
        "4":0.0000054297
    }
}