{
    "Bleu Score":{
        "0":0.1574109418,
        "1":0.1354948234,
        "2":0.019460467,
        "3":0.9769071629,
        "4":0.9842208357
    }
}