{
    "Bleu Score":{
        "0":0.0000689612,
        "1":0.0000005363,
        "2":0.0000015809,
        "3":0.0000008749,
        "4":0.0000000342
    }
}