{
    "Actor":{
        "0":0.1218923321
    },
    "Activity":{
        "0":0.3596399501
    },
    "Activity Data":{
        "0":0.1904738402
    },
    "Further Specification":{
        "0":0.3652627572
    },
    "XOR Gateway":{
        "0":0.1249107421
    },
    "Condition Specification":{
        "0":0.3569835384
    },
    "AND Gateway":{
        "0":0.5483333333
    },
    "All":{
        "0":0.1692674939
    }
}