{
    "Actor":{
        "0":0.1602837707
    },
    "Activity":{
        "0":0.4676301604
    },
    "Activity Data":{
        "0":0.2514522544
    },
    "Further Specification":{
        "0":0.5069756798
    },
    "XOR Gateway":{
        "0":0.1620969424
    },
    "Condition Specification":{
        "0":0.4489739819
    },
    "AND Gateway":{
        "0":0.7885180995
    },
    "All":{
        "0":0.2222977842
    }
}