{
    "Actor":{
        "0":0.0625622125
    },
    "Activity":{
        "0":0.182519369
    },
    "Activity Data":{
        "0":0.0989262536
    },
    "Further Specification":{
        "0":0.1867369613
    },
    "XOR Gateway":{
        "0":0.0627989446
    },
    "Condition Specification":{
        "0":0.1742387356
    },
    "AND Gateway":{
        "0":0.2830645161
    },
    "All":{
        "0":0.0865493752
    }
}