{
    "Actor":{
        "0":0.0919222816
    },
    "Activity":{
        "0":0.2704693485
    },
    "Activity Data":{
        "0":0.144170187
    },
    "Further Specification":{
        "0":0.3013937756
    },
    "XOR Gateway":{
        "0":0.0909958765
    },
    "Condition Specification":{
        "0":0.258287127
    },
    "AND Gateway":{
        "0":0.4067876344
    },
    "All":{
        "0":0.1278885451
    }
}