{
    "Actor":{
        "0":0.1332501431
    },
    "Activity":{
        "0":0.3969400721
    },
    "Activity Data":{
        "0":0.2116936206
    },
    "Further Specification":{
        "0":0.4158729549
    },
    "XOR Gateway":{
        "0":0.1361946452
    },
    "Condition Specification":{
        "0":0.3970651233
    },
    "AND Gateway":{
        "0":0.6840551605
    },
    "All":{
        "0":0.1873559433
    }
}