{
    "Actor":{
        "0":0.1100151745,
        "1":0.1106623586,
        "2":0.1055762082,
        "3":0.1257588899,
        "4":0.116713352
    },
    "Activity":{
        "0":0.3318965517,
        "1":0.3201219512,
        "2":0.3357988166,
        "3":0.3474320242,
        "4":0.3481116585
    },
    "Activity Data":{
        "0":0.1685230024,
        "1":0.1759834369,
        "2":0.1703629032,
        "3":0.1783472803,
        "4":0.202344232
    },
    "Further Specification":{
        "0":0.4006024096,
        "1":0.3135011442,
        "2":0.3326359833,
        "3":0.4005524862,
        "4":0.3804034582
    },
    "XOR Gateway":{
        "0":0.1005291005,
        "1":0.1277777778,
        "2":0.1393939394,
        "3":0.130952381,
        "4":0.0880503145
    },
    "Condition Specification":{
        "0":0.3333333333,
        "1":0.3185328185,
        "2":0.3273381295,
        "3":0.3166926677,
        "4":0.3451676529
    },
    "AND Gateway":{
        "0":0.5416666667,
        "1":0.7058823529,
        "2":0.4705882353,
        "3":0.5,
        "4":0.52
    },
    "All":{
        "0":0.1539488745,
        "1":0.1534752913,
        "2":0.1538019536,
        "3":0.16273393,
        "4":0.1716985481
    }
}