{
    "Actor":{
        "0":0.1413255361,
        "1":0.1359126984,
        "2":0.1465428277,
        "3":0.1371807001,
        "4":0.1426940639
    },
    "Activity":{
        "0":0.4192377495,
        "1":0.4077669903,
        "2":0.4348659004,
        "3":0.4144144144,
        "4":0.4282828283
    },
    "Activity Data":{
        "0":0.2203926536,
        "1":0.2178090967,
        "2":0.2269979852,
        "3":0.2043139605,
        "4":0.2456928839
    },
    "Further Specification":{
        "0":0.4889705882,
        "1":0.4840989399,
        "2":0.4504249292,
        "3":0.3452380952,
        "4":0.5569620253
    },
    "XOR Gateway":{
        "0":0.1202531646,
        "1":0.171641791,
        "2":0.1654676259,
        "3":0.171875,
        "4":0.1085271318
    },
    "Condition Specification":{
        "0":0.3626760563,
        "1":0.4495912807,
        "2":0.3783783784,
        "3":0.406,
        "4":0.4385964912
    },
    "AND Gateway":{
        "0":0.7647058824,
        "1":1.0,
        "2":0.5,
        "3":0.5625,
        "4":0.7647058824
    },
    "All":{
        "0":0.1934787821,
        "1":0.1969072165,
        "2":0.2023179642,
        "3":0.1841196778,
        "4":0.2135894495
    }
}