{
    "Actor":{
        "0":0.3188084648
    },
    "Activity":{
        "0":0.3780937657
    },
    "Activity Data":{
        "0":0.3497099861
    },
    "Further Specification":{
        "0":0.4097501443
    },
    "XOR Gateway":{
        "0":0.3525066792
    },
    "Condition Specification":{
        "0":0.3991043229
    },
    "AND Gateway":{
        "0":0.4347000835
    },
    "All":{
        "0":0.3494423848
    }
}