{
    "Actor":{
        "0":0.4289662797,
        "1":0.4516778523,
        "2":0.4084186576,
        "3":0.4176394293,
        "4":0.3863346105
    },
    "Activity":{
        "0":0.4772516249,
        "1":0.4989224138,
        "2":0.4745925216,
        "3":0.4752275025,
        "4":0.4659685864
    },
    "Activity Data":{
        "0":0.4772950016,
        "1":0.504857997,
        "2":0.4747474747,
        "3":0.4676491733,
        "4":0.4530596731
    },
    "Further Specification":{
        "0":0.5327433628,
        "1":0.5043177893,
        "2":0.5623441397,
        "3":0.5163934426,
        "4":0.5426195426
    },
    "XOR Gateway":{
        "0":0.4583333333,
        "1":0.4885496183,
        "2":0.5808823529,
        "3":0.4210526316,
        "4":0.4418604651
    },
    "Condition Specification":{
        "0":0.519874477,
        "1":0.5508241758,
        "2":0.5138734739,
        "3":0.5164948454,
        "4":0.5087514586
    },
    "AND Gateway":{
        "0":0.4444444444,
        "1":0.7142857143,
        "2":0.5263157895,
        "3":0.4444444444,
        "4":0.64
    },
    "All":{
        "0":0.4644586988,
        "1":0.4906149855,
        "2":0.4658698539,
        "3":0.4592170819,
        "4":0.443859121
    }
}