{
    "Actor":{
        "0":0.4659949622,
        "1":0.5033947624,
        "2":0.4664310954,
        "3":0.4694621696,
        "4":0.4808467742
    },
    "Activity":{
        "0":0.5681818182,
        "1":0.5745341615,
        "2":0.5563689605,
        "3":0.5446685879,
        "4":0.5483870968
    },
    "Activity Data":{
        "0":0.5096805421,
        "1":0.5628842929,
        "2":0.5121424717,
        "3":0.4756037457,
        "4":0.5338345865
    },
    "Further Specification":{
        "0":0.7195121951,
        "1":0.5610859729,
        "2":0.5444015444,
        "3":0.5087040619,
        "4":0.6029850746
    },
    "XOR Gateway":{
        "0":0.5217391304,
        "1":0.6103896104,
        "2":0.6172839506,
        "3":0.5584415584,
        "4":0.4468085106
    },
    "Condition Specification":{
        "0":0.6461038961,
        "1":0.6726862302,
        "2":0.568627451,
        "3":0.5864661654,
        "4":0.5818505338
    },
    "AND Gateway":{
        "0":0.6315789474,
        "1":0.8333333333,
        "2":0.7777777778,
        "3":0.8888888889,
        "4":0.5
    },
    "All":{
        "0":0.524122807,
        "1":0.5536277603,
        "2":0.5069558101,
        "3":0.4915487421,
        "4":0.5197263398
    }
}