{
    "Actor":{
        "0":0.6057739734
    },
    "Activity":{
        "0":0.7138248479
    },
    "Activity Data":{
        "0":0.6656621348
    },
    "Further Specification":{
        "0":0.759934636
    },
    "XOR Gateway":{
        "0":0.6848786962
    },
    "Condition Specification":{
        "0":0.7927009317
    },
    "AND Gateway":{
        "0":0.8579916815
    },
    "All":{
        "0":0.6669973871
    }
}