{
    "Actor":{
        "0":0.5226457115
    },
    "Activity":{
        "0":0.6101621319
    },
    "Activity Data":{
        "0":0.5599511974
    },
    "Further Specification":{
        "0":0.6322895662
    },
    "XOR Gateway":{
        "0":0.5831642063
    },
    "Condition Specification":{
        "0":0.6757372109
    },
    "AND Gateway":{
        "0":0.6879824561
    },
    "All":{
        "0":0.5654222061
    }
}