{
    "Actor":{
        "0":0.5681115189
    },
    "Activity":{
        "0":0.6740667622
    },
    "Activity Data":{
        "0":0.6223872456
    },
    "Further Specification":{
        "0":0.7184468096
    },
    "XOR Gateway":{
        "0":0.6354973921
    },
    "Condition Specification":{
        "0":0.7493924168
    },
    "AND Gateway":{
        "0":0.8462269756
    },
    "All":{
        "0":0.6256528087
    }
}