{
    "Actor":{
        "0":0.5288966725,
        "1":0.5518518519,
        "2":0.5254529767,
        "3":0.5616302187,
        "4":0.5761099366
    },
    "Activity":{
        "0":0.6278735632,
        "1":0.6356707317,
        "2":0.6420118343,
        "3":0.6223564955,
        "4":0.6305418719
    },
    "Activity Data":{
        "0":0.5798816568,
        "1":0.6099629041,
        "2":0.5779487179,
        "3":0.5936999466,
        "4":0.6399499061
    },
    "Further Specification":{
        "0":0.7259036145,
        "1":0.6292906178,
        "2":0.6757322176,
        "3":0.8066298343,
        "4":0.6657060519
    },
    "XOR Gateway":{
        "0":0.6627906977,
        "1":0.5909090909,
        "2":0.7125,
        "3":0.6296296296,
        "4":0.6438356164
    },
    "Condition Specification":{
        "0":0.6860841424,
        "1":0.7170542636,
        "2":0.772972973,
        "3":0.759375,
        "4":0.7193675889
    },
    "AND Gateway":{
        "0":0.6842105263,
        "1":0.7333333333,
        "2":0.7,
        "3":0.6428571429,
        "4":0.6875
    },
    "All":{
        "0":0.5848404796,
        "1":0.604616371,
        "2":0.5943357783,
        "3":0.6177231565,
        "4":0.6211529067
    }
}