{
    "Actor":{
        "0":0.1766001855,
        "1":0.1882092083,
        "2":0.1872455902,
        "3":0.1889020071,
        "4":0.1751357372
    },
    "Activity":{
        "0":0.1900478469,
        "1":0.189217759,
        "2":0.2058397184,
        "3":0.197003899,
        "4":0.191283293
    },
    "Activity Data":{
        "0":0.2240936147,
        "1":0.2348728442,
        "2":0.2271256252,
        "3":0.2311583578,
        "4":0.236863314
    },
    "Further Specification":{
        "0":0.2877622378,
        "1":0.2246802627,
        "2":0.2783719548,
        "3":0.2847640165,
        "4":0.2920240137
    },
    "XOR Gateway":{
        "0":0.2302052786,
        "1":0.25,
        "2":0.2185007974,
        "3":0.2352941176,
        "4":0.2053872054
    },
    "Condition Specification":{
        "0":0.2842215256,
        "1":0.313508921,
        "2":0.2807765152,
        "3":0.2861715749,
        "4":0.2621798091
    },
    "AND Gateway":{
        "0":0.3712121212,
        "1":0.3272727273,
        "2":0.3246753247,
        "3":0.1931818182,
        "4":0.2479338843
    },
    "All":{
        "0":0.2172975305,
        "1":0.2231404959,
        "2":0.2219893183,
        "3":0.2255689038,
        "4":0.2193306164
    }
}