{
    "Actor":{
        "0":0.265161804
    },
    "Activity":{
        "0":0.2939649536
    },
    "Activity Data":{
        "0":0.3195836639
    },
    "Further Specification":{
        "0":0.3850494008
    },
    "XOR Gateway":{
        "0":0.3295414702
    },
    "Condition Specification":{
        "0":0.3627065004
    },
    "AND Gateway":{
        "0":0.4254112554
    },
    "All":{
        "0":0.3102056509
    }
}