{
    "Actor":{
        "0":0.4793139003
    },
    "Activity":{
        "0":0.5573661719
    },
    "Activity Data":{
        "0":0.5388970526
    },
    "Further Specification":{
        "0":0.6255239038
    },
    "XOR Gateway":{
        "0":0.5878580707
    },
    "Condition Specification":{
        "0":0.5995983549
    },
    "AND Gateway":{
        "0":0.6468151147
    },
    "All":{
        "0":0.532042299
    }
}