{
    "Actor":{
        "0":0.4859894921,
        "1":0.4805555556,
        "2":0.4555651424,
        "3":0.5119284294,
        "4":0.5042283298
    },
    "Activity":{
        "0":0.5747126437,
        "1":0.5640243902,
        "2":0.5621301775,
        "3":0.5709969789,
        "4":0.5862068966
    },
    "Activity Data":{
        "0":0.5192307692,
        "1":0.5336512984,
        "2":0.4866666667,
        "3":0.5152162306,
        "4":0.5779586725
    },
    "Further Specification":{
        "0":0.7108433735,
        "1":0.5675057208,
        "2":0.589958159,
        "3":0.726519337,
        "4":0.5821325648
    },
    "XOR Gateway":{
        "0":0.5581395349,
        "1":0.5340909091,
        "2":0.625,
        "3":0.5308641975,
        "4":0.5753424658
    },
    "Condition Specification":{
        "0":0.644012945,
        "1":0.5775193798,
        "2":0.627027027,
        "3":0.609375,
        "4":0.6462450593
    },
    "AND Gateway":{
        "0":0.6315789474,
        "1":0.6666666667,
        "2":0.7,
        "3":0.5714285714,
        "4":0.6875
    },
    "All":{
        "0":0.5342410079,
        "1":0.5251122035,
        "2":0.5048899756,
        "3":0.5392410522,
        "4":0.5566682951
    }
}