{
    "Bleu Score":{
        "0":0.7221847058,
        "1":0.7186701355,
        "2":0.7317397253,
        "3":0.7305117537,
        "4":0.7330325693
    }
}