{
    "Actor":{
        "0":0.0403225806,
        "1":0.0427590512,
        "2":0.0421115065,
        "3":0.0456549118,
        "4":0.0422868742
    },
    "Activity":{
        "0":0.0863909273,
        "1":0.087449689,
        "2":0.0903934775,
        "3":0.0921757771,
        "4":0.0921658986
    },
    "Activity Data":{
        "0":0.0635500365,
        "1":0.0668764752,
        "2":0.0672770701,
        "3":0.0673380727,
        "4":0.0715532286
    },
    "Further Specification":{
        "0":0.1278846154,
        "1":0.1302281369,
        "2":0.1299019608,
        "3":0.1263066202,
        "4":0.1556603774
    },
    "XOR Gateway":{
        "0":0.0359848485,
        "1":0.0487288136,
        "2":0.0491452991,
        "3":0.05,
        "4":0.0304347826
    },
    "Condition Specification":{
        "0":0.1183908046,
        "1":0.1281055901,
        "2":0.1181818182,
        "3":0.118852459,
        "4":0.120523416
    },
    "AND Gateway":{
        "0":0.203125,
        "1":0.25,
        "2":0.1666666667,
        "3":0.1875,
        "4":0.203125
    },
    "All":{
        "0":0.0538142728,
        "1":0.0568402853,
        "2":0.0569773056,
        "3":0.0572203296,
        "4":0.059222702
    }
}