{
    "Actor":{
        "0":0.598673947,
        "1":0.631264662,
        "2":0.6084201921,
        "3":0.6402296407,
        "4":0.6099881094
    },
    "Activity":{
        "0":0.3315789474,
        "1":0.3470930233,
        "2":0.3576309795,
        "3":0.3340857788,
        "4":0.3274818402
    },
    "Activity Data":{
        "0":0.2003348214,
        "1":0.2061897106,
        "2":0.196197411,
        "3":0.1993951613,
        "4":0.2098847518
    },
    "Further Specification":{
        "0":0.2307692308,
        "1":0.2461977186,
        "2":0.2385620915,
        "3":0.2395470383,
        "4":0.25
    },
    "XOR Gateway":{
        "0":0.2217741935,
        "1":0.2125,
        "2":0.2368421053,
        "3":0.2401960784,
        "4":0.2037037037
    },
    "Condition Specification":{
        "0":0.2287356322,
        "1":0.2320872274,
        "2":0.2265625,
        "3":0.2288732394,
        "4":0.2258287293
    },
    "AND Gateway":{
        "0":0.25,
        "1":0.25,
        "2":0.25,
        "3":0.25,
        "4":0.25
    },
    "All":{
        "0":0.3494186047,
        "1":0.368402257,
        "2":0.356629475,
        "3":0.3616332714,
        "4":0.354893617
    }
}