{
    "Actor":{
        "0":0.1132177681,
        "1":0.12484994,
        "2":0.1270845313,
        "3":0.1386018237,
        "4":0.1262327416
    },
    "Activity":{
        "0":0.2597266036,
        "1":0.2558139535,
        "2":0.2704545455,
        "3":0.2787810384,
        "4":0.2756952842
    },
    "Activity Data":{
        "0":0.1698046181,
        "1":0.1790930054,
        "2":0.1769945778,
        "3":0.1801767192,
        "4":0.1908202295
    },
    "Further Specification":{
        "0":0.3049242424,
        "1":0.3189493433,
        "2":0.3038585209,
        "3":0.3037542662,
        "4":0.3801843318
    },
    "XOR Gateway":{
        "0":0.0757575758,
        "1":0.1101694915,
        "2":0.1111111111,
        "3":0.1136363636,
        "4":0.0739130435
    },
    "Condition Specification":{
        "0":0.2777777778,
        "1":0.2887864823,
        "2":0.288633461,
        "3":0.2816091954,
        "4":0.2926829268
    },
    "AND Gateway":{
        "0":0.4848484848,
        "1":0.5416666667,
        "2":0.36,
        "3":0.44,
        "4":0.4242424242
    },
    "All":{
        "0":0.1367673179,
        "1":0.1444004869,
        "2":0.1461034232,
        "3":0.1473299195,
        "4":0.1517275098
    }
}