{
    "Actor":{
        "0":0.5306678649
    },
    "Activity":{
        "0":0.4931511022
    },
    "Activity Data":{
        "0":0.5824254936
    },
    "Further Specification":{
        "0":0.6206785404
    },
    "XOR Gateway":{
        "0":0.5153671708
    },
    "Condition Specification":{
        "0":0.5997926538
    },
    "AND Gateway":{
        "0":0.6277595908
    },
    "All":{
        "0":0.5506128186
    }
}