{
    "Actor":{
        "0":0.538667344
    },
    "Activity":{
        "0":0.5036474817
    },
    "Activity Data":{
        "0":0.591773507
    },
    "Further Specification":{
        "0":0.6210531872
    },
    "XOR Gateway":{
        "0":0.5319867136
    },
    "Condition Specification":{
        "0":0.6088532918
    },
    "AND Gateway":{
        "0":0.6991649527
    },
    "All":{
        "0":0.5585929744
    }
}