{
    "F1 CRF":{
        "0.0":0.5253656897,
        "0.1":0.5148745604,
        "0.2":0.5316016743,
        "0.3":0.5352313604,
        "0.4":0.5474104444,
        "0.5":0.5269392492,
        "0.6":0.5749907978,
        "0.7":0.5563183936,
        "0.8":0.5584197422,
        "0.9":0.5585468493,
        "1.0":0.5772492458,
        "1.25":0.5780030292,
        "1.5":0.5803006379,
        "1.75":0.58288566,
        "2.0":0.5664298029,
        "3.0":0.578985908,
        "4.0":0.5875292142,
        "5.0":0.5808241184,
        "7.0":0.5640407499,
        "10.0":0.5491468234
    },
    "F1 Neural":{
        "0.0":0.3280385747,
        "0.1":0.3282916358,
        "0.2":0.3364462767,
        "0.3":0.3237061529,
        "0.4":0.3302129418,
        "0.5":0.3210680082,
        "0.6":0.3228959115,
        "0.7":0.3334598663,
        "0.8":0.3276754929,
        "0.9":0.3243573078,
        "1.0":0.3308455109,
        "1.25":0.3350739788,
        "1.5":0.3320905113,
        "1.75":0.3257776242,
        "2.0":0.3316540037,
        "3.0":0.3392460749,
        "4.0":0.3298419357,
        "5.0":0.3312547634,
        "7.0":0.3270989654,
        "10.0":0.330147583
    },
    "F1 Relation":{
        "0.0":0.2938159088,
        "0.1":0.2921782961,
        "0.2":0.3089269768,
        "0.3":0.2842099867,
        "0.4":0.283404347,
        "0.5":0.2950136881,
        "0.6":0.3100407451,
        "0.7":0.2948550101,
        "0.8":0.3012560841,
        "0.9":0.3054394341,
        "1.0":0.2990511287,
        "1.25":0.3157100663,
        "1.5":0.3011826129,
        "1.75":0.2957998175,
        "2.0":0.3049942871,
        "3.0":0.284172899,
        "4.0":0.3143922577,
        "5.0":0.3060515116,
        "7.0":0.2780975615,
        "10.0":0.3083265369
    },
    "TTR":{
        "0.0":0.2378511926,
        "0.1":0.2172926148,
        "0.2":0.1986492012,
        "0.3":0.1911073395,
        "0.4":0.1786846041,
        "0.5":0.1596700575,
        "0.6":0.1523306205,
        "0.7":0.1478679292,
        "0.8":0.1321188558,
        "0.9":0.1275418504,
        "1.0":0.1209240083,
        "1.25":0.1089145563,
        "1.5":0.098622943,
        "1.75":0.0891908643,
        "2.0":0.081475021,
        "3.0":0.0614577484,
        "4.0":0.0495507162,
        "5.0":0.041496819,
        "7.0":0.0311297199,
        "10.0":0.0229026856
    },
    "UCER":{
        "0.0":0.7946997503,
        "0.1":0.7255891781,
        "0.2":0.6636143859,
        "0.3":0.640609461,
        "0.4":0.5989586906,
        "0.5":0.5349362995,
        "0.6":0.5111704327,
        "0.7":0.497935418,
        "0.8":0.4449404545,
        "0.9":0.4288398213,
        "1.0":0.4073153794,
        "1.25":0.3669077579,
        "1.5":0.3341358844,
        "1.75":0.3038497444,
        "2.0":0.2776724903,
        "3.0":0.2124695456,
        "4.0":0.170797879,
        "5.0":0.1436353006,
        "7.0":0.109071143,
        "10.0":0.0812094701
    },
    "BertScore":{
        "0.0":1.0,
        "0.1":0.9995417595,
        "0.2":0.9992311954,
        "0.3":0.998293519,
        "0.4":0.9986232877,
        "0.5":0.9986890197,
        "0.6":0.9968638182,
        "0.7":0.9973605871,
        "0.8":0.9969478488,
        "0.9":0.9978828549,
        "1.0":0.9966089249,
        "1.25":0.9970355749,
        "1.5":0.9958135247,
        "1.75":0.9960104108,
        "2.0":0.9953234076,
        "3.0":0.9943366885,
        "4.0":0.9950710177,
        "5.0":0.9945977569,
        "7.0":0.9940337062,
        "10.0":0.9932762027
    }
}