{
    "Bert Score":{
        "0":0.998239398,
        "1":0.999111712,
        "2":0.999468565,
        "3":0.9972948432,
        "4":0.9993305802
    }
}