{
    "Bert Score":{
        "0":1.0,
        "1":0.997713685,
        "2":0.9999951124,
        "3":1.0,
        "4":1.0
    }
}