{
    "Bert Score":{
        "0":0.9957565665,
        "1":0.9954460859,
        "2":0.9942558408,
        "3":0.9947627783,
        "4":0.9951338172
    }
}