{
    "Bert Score":{
        "0":0.9946504831,
        "1":0.994377315,
        "2":0.9949918985,
        "3":0.994562149,
        "4":0.9944069386
    }
}