{
    "Actor":{
        "0":0.0298666667,
        "1":0.0349283263,
        "2":0.0329585111,
        "3":0.0349534643,
        "4":0.0343169399
    },
    "Activity":{
        "0":0.0813749562,
        "1":0.0821068939,
        "2":0.0868411073,
        "3":0.0872180451,
        "4":0.0863251311
    },
    "Activity Data":{
        "0":0.0437894226,
        "1":0.0468811043,
        "2":0.0469763134,
        "3":0.047319439,
        "4":0.0503472222
    },
    "Further Specification":{
        "0":0.0874840358,
        "1":0.094375,
        "2":0.0922330097,
        "3":0.0836676218,
        "4":0.1120556414
    },
    "XOR Gateway":{
        "0":0.0252525253,
        "1":0.0338983051,
        "2":0.0341880342,
        "3":0.0348484848,
        "4":0.0217391304
    },
    "Condition Specification":{
        "0":0.0803503427,
        "1":0.0872033024,
        "2":0.0823680824,
        "3":0.0807453416,
        "4":0.0844363304
    },
    "AND Gateway":{
        "0":0.1458333333,
        "1":0.1805555556,
        "2":0.125,
        "3":0.1388888889,
        "4":0.1458333333
    },
    "All":{
        "0":0.0386697248,
        "1":0.0418287938,
        "2":0.0417507754,
        "3":0.0415324379,
        "4":0.0437023633
    }
}