{
    "Actor":{
        "0":0.1061808824
    },
    "Activity":{
        "0":0.3163341225
    },
    "Activity Data":{
        "0":0.1708846038
    },
    "Further Specification":{
        "0":0.3310258314
    },
    "XOR Gateway":{
        "0":0.1075624272
    },
    "Condition Specification":{
        "0":0.3199307521
    },
    "AND Gateway":{
        "0":0.5273125997
    },
    "All":{
        "0":0.1503637905
    }
}