{
    "Actor":{
        "0":0.1072662134
    },
    "Activity":{
        "0":0.310783936
    },
    "Activity Data":{
        "0":0.1657962719
    },
    "Further Specification":{
        "0":0.3564745717
    },
    "XOR Gateway":{
        "0":0.1095021002
    },
    "Condition Specification":{
        "0":0.3022708573
    },
    "AND Gateway":{
        "0":0.5035379369
    },
    "All":{
        "0":0.1478679292
    }
}