{
    "Actor":{
        "0":0.1362688599
    },
    "Activity":{
        "0":0.4026030152
    },
    "Activity Data":{
        "0":0.2136890122
    },
    "Further Specification":{
        "0":0.4513696465
    },
    "XOR Gateway":{
        "0":0.135058362
    },
    "Condition Specification":{
        "0":0.3859826613
    },
    "AND Gateway":{
        "0":0.6818286289
    },
    "All":{
        "0":0.1901486512
    }
}