{
    "Actor":{
        "0":0.0800434195
    },
    "Activity":{
        "0":0.2274071663
    },
    "Activity Data":{
        "0":0.1237642191
    },
    "Further Specification":{
        "0":0.244222142
    },
    "XOR Gateway":{
        "0":0.0822224608
    },
    "Condition Specification":{
        "0":0.2218066841
    },
    "AND Gateway":{
        "0":0.3816301514
    },
    "All":{
        "0":0.1089145563
    }
}