{
    "Actor":{
        "0":0.0175592625,
        "1":0.018932306,
        "2":0.0182335582,
        "3":0.0194391688,
        "4":0.0196125329
    },
    "Activity":{
        "0":0.0443594646,
        "1":0.0447351762,
        "2":0.0473923841,
        "3":0.0475507276,
        "4":0.0470743511
    },
    "Activity Data":{
        "0":0.0250758876,
        "1":0.0265310477,
        "2":0.0259684051,
        "3":0.0267787195,
        "4":0.0279571586
    },
    "Further Specification":{
        "0":0.0490162237,
        "1":0.0515151515,
        "2":0.0502350176,
        "3":0.0498760843,
        "4":0.0616814533
    },
    "XOR Gateway":{
        "0":0.0137741047,
        "1":0.0184899846,
        "2":0.0186480186,
        "3":0.0190082645,
        "4":0.0118577075
    },
    "Condition Specification":{
        "0":0.0438122924,
        "1":0.0492997199,
        "2":0.0452945318,
        "3":0.0454930174,
        "4":0.0460084556
    },
    "AND Gateway":{
        "0":0.0852272727,
        "1":0.0984848485,
        "2":0.0757575758,
        "3":0.0757575758,
        "4":0.0852272727
    },
    "All":{
        "0":0.0215629378,
        "1":0.0229269517,
        "2":0.0228888829,
        "3":0.0230580892,
        "4":0.0240765665
    }
}