{
    "Actor":{
        "0":0.1064285714,
        "1":0.1227312014,
        "2":0.1188284519,
        "3":0.1195383347,
        "4":0.118147448
    },
    "Activity":{
        "0":0.3212795549,
        "1":0.3397745572,
        "2":0.356918239,
        "3":0.3267605634,
        "4":0.3370253165
    },
    "Activity Data":{
        "0":0.1675442796,
        "1":0.1870543061,
        "2":0.189279732,
        "3":0.1717019134,
        "4":0.1906976744
    },
    "Further Specification":{
        "0":0.2962138085,
        "1":0.3837535014,
        "2":0.3831325301,
        "3":0.2931726908,
        "4":0.3725490196
    },
    "XOR Gateway":{
        "0":0.0989583333,
        "1":0.1363636364,
        "2":0.149068323,
        "3":0.1235955056,
        "4":0.0804597701
    },
    "Condition Specification":{
        "0":0.308259587,
        "1":0.3346774194,
        "2":0.3407407407,
        "3":0.296350365,
        "4":0.3181818182
    },
    "AND Gateway":{
        "0":0.7647058824,
        "1":0.6315789474,
        "2":0.5333333333,
        "3":0.4736842105,
        "4":0.4642857143
    },
    "All":{
        "0":0.1466450216,
        "1":0.1654119165,
        "2":0.1695771092,
        "3":0.1516354698,
        "4":0.1650807701
    }
}