{
    "Actor":{
        "0":0.1171348015
    },
    "Activity":{
        "0":0.3363516462
    },
    "Activity Data":{
        "0":0.1812555811
    },
    "Further Specification":{
        "0":0.3457643101
    },
    "XOR Gateway":{
        "0":0.1176891137
    },
    "Condition Specification":{
        "0":0.3196419861
    },
    "AND Gateway":{
        "0":0.5735176176
    },
    "All":{
        "0":0.1596700575
    }
}