{
    "Actor":{
        "0":0.1160510216
    },
    "Activity":{
        "0":0.3354565358
    },
    "Activity Data":{
        "0":0.1809482002
    },
    "Further Specification":{
        "0":0.3460493016
    },
    "XOR Gateway":{
        "0":0.115310514
    },
    "Condition Specification":{
        "0":0.3181426079
    },
    "AND Gateway":{
        "0":0.5735176176
    },
    "All":{
        "0":0.1592557763
    }
}