{
    "Actor":{
        "0":0.0947112765
    },
    "Activity":{
        "0":0.2792067139
    },
    "Activity Data":{
        "0":0.1505585699
    },
    "Further Specification":{
        "0":0.2856072044
    },
    "XOR Gateway":{
        "0":0.0931023103
    },
    "Condition Specification":{
        "0":0.2562441777
    },
    "AND Gateway":{
        "0":0.4271339548
    },
    "All":{
        "0":0.1310354763
    }
}