{
    "Actor":{
        "0":0.1122969618
    },
    "Activity":{
        "0":0.3165184101
    },
    "Activity Data":{
        "0":0.1732919168
    },
    "Further Specification":{
        "0":0.3344942283
    },
    "XOR Gateway":{
        "0":0.1108983493
    },
    "Condition Specification":{
        "0":0.3214729321
    },
    "AND Gateway":{
        "0":0.5538277512
    },
    "All":{
        "0":0.1523306205
    }
}