{
    "Actor":{
        "0":0.0723914129,
        "1":0.0761111111,
        "2":0.0778082192,
        "3":0.0820135747,
        "4":0.0733568075
    },
    "Activity":{
        "0":0.2216890595,
        "1":0.2171664943,
        "2":0.2362122789,
        "3":0.2385892116,
        "4":0.2212943633
    },
    "Activity Data":{
        "0":0.1146622735,
        "1":0.1209103841,
        "2":0.1237188873,
        "3":0.1231936416,
        "4":0.1230307577
    },
    "Further Specification":{
        "0":0.2387791741,
        "1":0.2088414634,
        "2":0.2291066282,
        "3":0.231629393,
        "4":0.2826552463
    },
    "XOR Gateway":{
        "0":0.0662020906,
        "1":0.0891472868,
        "2":0.0901960784,
        "3":0.0948275862,
        "4":0.0514705882
    },
    "Condition Specification":{
        "0":0.206,
        "1":0.2288488211,
        "2":0.2143698469,
        "3":0.2268156425,
        "4":0.2139364303
    },
    "AND Gateway":{
        "0":0.40625,
        "1":0.48,
        "2":0.32,
        "3":0.3103448276,
        "4":0.3170731707
    },
    "All":{
        "0":0.1014328808,
        "1":0.1055394391,
        "2":0.1093856423,
        "3":0.1098599286,
        "4":0.1075656945
    }
}