{
    "Actor":{
        "0":0.0589430894,
        "1":0.0631045601,
        "2":0.0617391304,
        "3":0.0662705667,
        "4":0.0627825213
    },
    "Activity":{
        "0":0.1748675246,
        "1":0.1784197111,
        "2":0.189009159,
        "3":0.1896125309,
        "4":0.1858019281
    },
    "Activity Data":{
        "0":0.0938258291,
        "1":0.0969489592,
        "2":0.1008654133,
        "3":0.0975679542,
        "4":0.1045584954
    },
    "Further Specification":{
        "0":0.1794871795,
        "1":0.2047832586,
        "2":0.1827586207,
        "3":0.20110957,
        "4":0.2196339434
    },
    "XOR Gateway":{
        "0":0.0513513514,
        "1":0.0707692308,
        "2":0.071875,
        "3":0.0745762712,
        "4":0.0445859873
    },
    "Condition Specification":{
        "0":0.1698268755,
        "1":0.1872871737,
        "2":0.1798418972,
        "3":0.1733561059,
        "4":0.1669847328
    },
    "AND Gateway":{
        "0":0.2765957447,
        "1":0.3333333333,
        "2":0.2285714286,
        "3":0.2571428571,
        "4":0.2954545455
    },
    "All":{
        "0":0.0818375418,
        "1":0.0871549167,
        "2":0.0883485532,
        "3":0.0877385392,
        "4":0.090019333
    }
}