{
    "Actor":{
        "0":0.1306306306,
        "1":0.1402251791,
        "2":0.1377303589,
        "3":0.1475076297,
        "4":0.125250501
    },
    "Activity":{
        "0":0.3824503311,
        "1":0.4054054054,
        "2":0.4172794118,
        "3":0.3986135182,
        "4":0.4092664093
    },
    "Activity Data":{
        "0":0.2048263685,
        "1":0.2173913043,
        "2":0.2168056446,
        "3":0.2078001219,
        "4":0.2216216216
    },
    "Further Specification":{
        "0":0.4346405229,
        "1":0.4597315436,
        "2":0.4582132565,
        "3":0.4277286136,
        "4":0.476534296
    },
    "XOR Gateway":{
        "0":0.1158536585,
        "1":0.1597222222,
        "2":0.1575342466,
        "3":0.1392405063,
        "4":0.1029411765
    },
    "Condition Specification":{
        "0":0.3886792453,
        "1":0.4274611399,
        "2":0.3547758285,
        "3":0.3481989708,
        "4":0.4107981221
    },
    "AND Gateway":{
        "0":0.619047619,
        "1":0.9230769231,
        "2":0.6153846154,
        "3":0.5294117647,
        "4":0.7222222222
    },
    "All":{
        "0":0.1820027064,
        "1":0.1958974359,
        "2":0.1933542018,
        "3":0.1861330852,
        "4":0.1933558266
    }
}