{
    "Actor":{
        "0":0.1550802139,
        "1":0.1502645503,
        "2":0.1608548931,
        "3":0.165336374,
        "4":0.1533742331
    },
    "Activity":{
        "0":0.4592445328,
        "1":0.4133858268,
        "2":0.488172043,
        "3":0.4527559055,
        "4":0.479638009
    },
    "Activity Data":{
        "0":0.2462845011,
        "1":0.2270306258,
        "2":0.259202454,
        "3":0.2335616438,
        "4":0.2647296207
    },
    "Further Specification":{
        "0":0.4854014599,
        "1":0.4648829431,
        "2":0.5079872204,
        "3":0.4559748428,
        "4":0.6226415094
    },
    "XOR Gateway":{
        "0":0.134751773,
        "1":0.1690140845,
        "2":0.1869918699,
        "3":0.1705426357,
        "4":0.1147540984
    },
    "Condition Specification":{
        "0":0.4095427435,
        "1":0.4391534392,
        "2":0.4375,
        "3":0.4202898551,
        "4":0.4545454545
    },
    "AND Gateway":{
        "0":0.8125,
        "1":0.8125,
        "2":0.6666666667,
        "3":0.5,
        "4":0.6842105263
    },
    "All":{
        "0":0.2132100396,
        "1":0.2036939314,
        "2":0.2282793867,
        "3":0.2109148431,
        "4":0.2303648732
    }
}