{
    "Actor":{
        "0":0.0893958076,
        "1":0.0906684315,
        "2":0.0878712871,
        "3":0.0945857795,
        "4":0.0882768362
    },
    "Activity":{
        "0":0.2633979475,
        "1":0.2589395808,
        "2":0.2741545894,
        "3":0.2712264151,
        "4":0.2653316646
    },
    "Activity Data":{
        "0":0.1411192214,
        "1":0.1428571429,
        "2":0.1413634463,
        "3":0.141025641,
        "4":0.1491587085
    },
    "Further Specification":{
        "0":0.264940239,
        "1":0.2751004016,
        "2":0.2765217391,
        "3":0.2772466539,
        "4":0.3173076923
    },
    "XOR Gateway":{
        "0":0.0805084746,
        "1":0.1013215859,
        "2":0.1036036036,
        "3":0.1047619048,
        "4":0.0625
    },
    "Condition Specification":{
        "0":0.2689295039,
        "1":0.2687296417,
        "2":0.2566995769,
        "3":0.2576142132,
        "4":0.2457865169
    },
    "AND Gateway":{
        "0":0.4642857143,
        "1":0.5217391304,
        "2":0.3333333333,
        "3":0.3913043478,
        "4":0.40625
    },
    "All":{
        "0":0.1242111744,
        "1":0.1259894459,
        "2":0.1261586803,
        "3":0.1261232855,
        "4":0.1284925836
    }
}