{
    "Actor":{
        "0":0.1418306144
    },
    "Activity":{
        "0":0.4200054486
    },
    "Activity Data":{
        "0":0.222849358
    },
    "Further Specification":{
        "0":0.466762659
    },
    "XOR Gateway":{
        "0":0.141812749
    },
    "Condition Specification":{
        "0":0.402672369
    },
    "AND Gateway":{
        "0":0.7182539683
    },
    "All":{
        "0":0.1979751801
    }
}