{
    "Actor":{
        "0":0.6006389776,
        "1":0.6399506782,
        "2":0.5792880259,
        "3":0.6334563346,
        "4":0.5845588235
    },
    "Activity":{
        "0":0.7253141831,
        "1":0.7535641548,
        "2":0.6946983547,
        "3":0.7186311787,
        "4":0.6826003824
    },
    "Activity Data":{
        "0":0.6440366972,
        "1":0.6930488644,
        "2":0.6318897638,
        "3":0.6382275132,
        "4":0.6717612809
    },
    "Further Specification":{
        "0":0.7919463087,
        "1":0.8701754386,
        "2":0.8061797753,
        "3":0.7557471264,
        "4":0.8367346939
    },
    "XOR Gateway":{
        "0":0.7058823529,
        "1":0.7014925373,
        "2":0.7105263158,
        "3":0.7049180328,
        "4":0.5833333333
    },
    "Condition Specification":{
        "0":0.7668593449,
        "1":0.845505618,
        "2":0.71,
        "3":0.78,
        "4":0.7186813187
    },
    "AND Gateway":{
        "0":0.9230769231,
        "1":1.0,
        "2":0.8,
        "3":1.0,
        "4":0.7857142857
    },
    "All":{
        "0":0.6557458426,
        "1":0.708321336,
        "2":0.638071066,
        "3":0.6637473461,
        "4":0.652186339
    }
}