{
    "Actor":{
        "0":0.5483417037
    },
    "Activity":{
        "0":0.651442464
    },
    "Activity Data":{
        "0":0.5941209931
    },
    "Further Specification":{
        "0":0.6585263787
    },
    "XOR Gateway":{
        "0":0.6224575931
    },
    "Condition Specification":{
        "0":0.7328338753
    },
    "AND Gateway":{
        "0":0.8881002331
    },
    "All":{
        "0":0.5989586906
    }
}