{
    "Actor":{
        "0":0.3395240073
    },
    "Activity":{
        "0":0.3944407128
    },
    "Activity Data":{
        "0":0.364685194
    },
    "Further Specification":{
        "0":0.4259036985
    },
    "XOR Gateway":{
        "0":0.3890108503
    },
    "Condition Specification":{
        "0":0.4234762134
    },
    "AND Gateway":{
        "0":0.4828571429
    },
    "All":{
        "0":0.3669077579
    }
}