{
    "Actor":{
        "0":0.1058321381
    },
    "Activity":{
        "0":0.1157938084
    },
    "Activity Data":{
        "0":0.1080040618
    },
    "Further Specification":{
        "0":0.1321755826
    },
    "XOR Gateway":{
        "0":0.1136965972
    },
    "Condition Specification":{
        "0":0.1228613773
    },
    "AND Gateway":{
        "0":0.1421239177
    },
    "All":{
        "0":0.109071143
    }
}