{
    "Actor":{
        "0":0.2666709519
    },
    "Activity":{
        "0":0.3116139905
    },
    "Activity Data":{
        "0":0.2903260401
    },
    "Further Specification":{
        "0":0.3428413283
    },
    "XOR Gateway":{
        "0":0.2989778877
    },
    "Condition Specification":{
        "0":0.3317905876
    },
    "AND Gateway":{
        "0":0.3452380952
    },
    "All":{
        "0":0.2906524741
    }
}