{
    "Actor":{
        "0":0.2928253753
    },
    "Activity":{
        "0":0.3479186142
    },
    "Activity Data":{
        "0":0.3222108984
    },
    "Further Specification":{
        "0":0.3729307165
    },
    "XOR Gateway":{
        "0":0.3340662239
    },
    "Condition Specification":{
        "0":0.3752411937
    },
    "AND Gateway":{
        "0":0.4196207185
    },
    "All":{
        "0":0.3224295774
    }
}