{
    "Actor":{
        "0":0.607578568
    },
    "Activity":{
        "0":0.7149616507
    },
    "Activity Data":{
        "0":0.6557928239
    },
    "Further Specification":{
        "0":0.8121566686
    },
    "XOR Gateway":{
        "0":0.6812305144
    },
    "Condition Specification":{
        "0":0.7642092563
    },
    "AND Gateway":{
        "0":0.9017582418
    },
    "All":{
        "0":0.6636143859
    }
}