{
    "Actor":{
        "0":0.5533399801,
        "1":0.5515409139,
        "2":0.5227722772,
        "3":0.5561555076,
        "4":0.5207423581
    },
    "Activity":{
        "0":0.6688963211,
        "1":0.6537102473,
        "2":0.6280991736,
        "3":0.647260274,
        "4":0.6102564103
    },
    "Activity Data":{
        "0":0.6058688147,
        "1":0.6204559458,
        "2":0.5709987966,
        "3":0.5720213397,
        "4":0.5905310301
    },
    "Further Specification":{
        "0":0.7065868263,
        "1":0.612345679,
        "2":0.581443299,
        "3":0.676092545,
        "4":0.6894197952
    },
    "XOR Gateway":{
        "0":0.6486486486,
        "1":0.5875,
        "2":0.6756756757,
        "3":0.6417910448,
        "4":0.5316455696
    },
    "Condition Specification":{
        "0":0.7329650092,
        "1":0.7904509284,
        "2":0.7581699346,
        "3":0.7289719626,
        "4":0.6462450593
    },
    "AND Gateway":{
        "0":0.9230769231,
        "1":0.9090909091,
        "2":0.875,
        "3":1.0,
        "4":0.7333333333
    },
    "All":{
        "0":0.6109690913,
        "1":0.6137896578,
        "2":0.5758772949,
        "3":0.5960438513,
        "4":0.5759413697
    }
}