{
    "Actor":{
        "0":0.1581291759,
        "1":0.1684121144,
        "2":0.1601992659,
        "3":0.1642675699,
        "4":0.1713017751
    },
    "Activity":{
        "0":0.177955406,
        "1":0.1802973978,
        "2":0.1869881711,
        "3":0.1791516245,
        "4":0.187409201
    },
    "Activity Data":{
        "0":0.1630047506,
        "1":0.1760383387,
        "2":0.1608639587,
        "3":0.1662379421,
        "4":0.17670895
    },
    "Further Specification":{
        "0":0.195585997,
        "1":0.2037735849,
        "2":0.2036199095,
        "3":0.2031680441,
        "4":0.2204651163
    },
    "XOR Gateway":{
        "0":0.1612903226,
        "1":0.1766666667,
        "2":0.1929824561,
        "3":0.1843137255,
        "4":0.1814814815
    },
    "Condition Specification":{
        "0":0.1897341888,
        "1":0.1966501241,
        "2":0.1963824289,
        "3":0.1937441643,
        "4":0.191184573
    },
    "AND Gateway":{
        "0":0.2,
        "1":0.22,
        "2":0.2571428571,
        "3":0.225,
        "4":0.2363636364
    },
    "All":{
        "0":0.16386604,
        "1":0.1758140756,
        "2":0.1682482208,
        "3":0.1702798084,
        "4":0.17578125
    }
}