{
    "Actor":{
        "0":0.6049677252
    },
    "Activity":{
        "0":0.713525385
    },
    "Activity Data":{
        "0":0.6544478092
    },
    "Further Specification":{
        "0":0.8084695791
    },
    "XOR Gateway":{
        "0":0.6707041986
    },
    "Condition Specification":{
        "0":0.7604744146
    },
    "AND Gateway":{
        "0":0.8817582418
    },
    "All":{
        "0":0.6614858139
    }
}