{
    "Actor":{
        "0":0.5830579639
    },
    "Activity":{
        "0":0.6838737245
    },
    "Activity Data":{
        "0":0.6275774588
    },
    "Further Specification":{
        "0":0.7842379594
    },
    "XOR Gateway":{
        "0":0.6520027587
    },
    "Condition Specification":{
        "0":0.7291003681
    },
    "AND Gateway":{
        "0":0.8398951049
    },
    "All":{
        "0":0.635770392
    }
}