{
    "Actor":{
        "0":0.6801470588,
        "1":0.6342925659,
        "2":0.6825192802,
        "3":0.6723237598,
        "4":0.6625
    },
    "Activity":{
        "0":0.7952286282,
        "1":0.7283464567,
        "2":0.8172043011,
        "3":0.7440944882,
        "4":0.8076923077
    },
    "Activity Data":{
        "0":0.7586455331,
        "1":0.6900544959,
        "2":0.7390965732,
        "3":0.6762438683,
        "4":0.7559377559
    },
    "Further Specification":{
        "0":0.8613138686,
        "1":0.8461538462,
        "2":0.9009584665,
        "3":0.8270440252,
        "4":0.9528301887
    },
    "XOR Gateway":{
        "0":0.7741935484,
        "1":0.6666666667,
        "2":0.8771929825,
        "3":0.7049180328,
        "4":0.724137931
    },
    "Condition Specification":{
        "0":0.7912524851,
        "1":0.7984084881,
        "2":0.8385542169,
        "3":0.8091286307,
        "4":0.8515625
    },
    "AND Gateway":{
        "0":1.0,
        "1":0.8461538462,
        "2":1.0,
        "3":0.6153846154,
        "4":0.8461538462
    },
    "All":{
        "0":0.7388982574,
        "1":0.6947397874,
        "2":0.7475143115,
        "3":0.6995804196,
        "4":0.7472131148
    }
}