{
    "0.0":{
        "0.25":0.0,
        "0.5":0.0,
        "0.75":0.0,
        "1.0":0.0
    },
    "0.1":{
        "0.25":0.0017498125,
        "0.5":-0.0053409229,
        "0.75":-0.0088915294,
        "1.0":0.0095401717
    },
    "0.2":{
        "0.25":0.0038121516,
        "0.5":0.0317448948,
        "0.75":0.0194384087,
        "1.0":0.0192922351
    },
    "0.3":{
        "0.25":0.0076902151,
        "0.5":0.0164712097,
        "0.75":0.0331964335,
        "1.0":0.0209532064
    },
    "0.4":{
        "0.25":0.0077342735,
        "0.5":0.0190405637,
        "0.75":0.0273670213,
        "1.0":0.0335126501
    },
    "0.5":{
        "0.25":0.009639018,
        "0.5":0.0209235749,
        "0.75":0.0159389289,
        "1.0":0.03548341
    },
    "0.6":{
        "0.25":0.0095043555,
        "0.5":0.0101894642,
        "0.75":0.0366391334,
        "1.0":0.0424138351
    },
    "0.7":{
        "0.25":0.0130675879,
        "0.5":0.0406703587,
        "0.75":0.0341488018,
        "1.0":0.0490079308
    },
    "0.8":{
        "0.25":0.0109553561,
        "0.5":0.0271221387,
        "0.75":0.0440893156,
        "1.0":0.0496956951
    },
    "0.9":{
        "0.25":0.0131820775,
        "0.5":0.0241029585,
        "0.75":0.0339967256,
        "1.0":0.0564999625
    },
    "1.0":{
        "0.25":0.0137934821,
        "0.5":0.0276997059,
        "0.75":0.0430047437,
        "1.0":0.0569248552
    },
    "1.25":{
        "0.25":0.0153090593,
        "0.5":0.0301063786,
        "0.75":0.0482585957,
        "1.0":0.0648914723
    },
    "1.5":{
        "0.25":0.018557658,
        "0.5":0.0348635748,
        "0.75":0.0481434821,
        "1.0":0.0679568005
    },
    "1.75":{
        "0.25":0.0183147347,
        "0.5":0.0317251478,
        "0.75":0.0517729256,
        "1.0":0.072234472
    },
    "2.0":{
        "0.25":0.0197215267,
        "0.5":0.0396735128,
        "0.75":0.0564797548,
        "1.0":0.075500314
    },
    "3.0":{
        "0.25":0.0241457756,
        "0.5":0.0433065287,
        "0.75":0.0625291062,
        "1.0":0.0816431296
    },
    "4.0":{
        "0.25":0.0224116276,
        "0.5":0.0455684913,
        "0.75":0.0633971148,
        "1.0":0.0864880709
    },
    "5.0":{
        "0.25":0.0228974973,
        "0.5":0.0475147833,
        "0.75":0.0680670769,
        "1.0":0.0888320955
    },
    "7.0":{
        "0.25":0.0244160541,
        "0.5":0.0481672578,
        "0.75":0.0676021262,
        "1.0":0.0890586726
    },
    "10.0":{
        "0.25":0.0255002166,
        "0.5":0.0482143448,
        "0.75":0.0671501312,
        "1.0":0.0872843759
    }
}