{
    "Actor":{
        "0.0":0.721530121,
        "0.1":0.7294190014,
        "0.2":0.7055188491,
        "0.3":0.7119201696,
        "0.4":0.7221675058,
        "0.5":0.7059871738,
        "0.6":0.714135747,
        "0.7":0.7166600397,
        "0.8":0.703614303,
        "0.9":0.6986597405,
        "1.0":0.6972867844,
        "1.25":0.7101959476,
        "1.5":0.7100481825,
        "1.75":0.7189641946,
        "2.0":0.6983963496,
        "3.0":0.7102482416,
        "4.0":0.7053969585,
        "5.0":0.7208963768,
        "7.0":0.7110856095,
        "10.0":0.7174786404
    },
    "Activity":{
        "0.0":0.7649218209,
        "0.1":0.7774641484,
        "0.2":0.7721937922,
        "0.3":0.7725892698,
        "0.4":0.7699474372,
        "0.5":0.7600211575,
        "0.6":0.7721955142,
        "0.7":0.7792018192,
        "0.8":0.7740437303,
        "0.9":0.7753657661,
        "1.0":0.7634900316,
        "1.25":0.7716465259,
        "1.5":0.7933416325,
        "1.75":0.7743130794,
        "2.0":0.782949457,
        "3.0":0.7630841117,
        "4.0":0.7726456229,
        "5.0":0.7761586109,
        "7.0":0.7739105647,
        "10.0":0.7689677843
    },
    "Activity Data":{
        "0.0":0.6158860061,
        "0.1":0.6241523853,
        "0.2":0.6240388438,
        "0.3":0.6205641719,
        "0.4":0.6310739763,
        "0.5":0.6123711908,
        "0.6":0.6209209959,
        "0.7":0.6350923757,
        "0.8":0.6288265078,
        "0.9":0.6363919388,
        "1.0":0.636585337,
        "1.25":0.6172173461,
        "1.5":0.631245611,
        "1.75":0.6285220491,
        "2.0":0.6359622398,
        "3.0":0.630651689,
        "4.0":0.6308476814,
        "5.0":0.6498999869,
        "7.0":0.6413560981,
        "10.0":0.6235195165
    },
    "Further Specification":{
        "0.0":0.2552923105,
        "0.1":0.2327229788,
        "0.2":0.2543528578,
        "0.3":0.2210470085,
        "0.4":0.1691858679,
        "0.5":0.2015841713,
        "0.6":0.2263919298,
        "0.7":0.2618664443,
        "0.8":0.297012987,
        "0.9":0.2320145283,
        "1.0":0.2714369501,
        "1.25":0.300677096,
        "1.5":0.222967033,
        "1.75":0.2745171448,
        "2.0":0.1972464137,
        "3.0":0.204494721,
        "4.0":0.1999259936,
        "5.0":0.2496138294,
        "7.0":0.2145787546,
        "10.0":0.2263750628
    },
    "XOR Gateway":{
        "0.0":0.7246239374,
        "0.1":0.7065938069,
        "0.2":0.7304210389,
        "0.3":0.6975312945,
        "0.4":0.7127681415,
        "0.5":0.6834129979,
        "0.6":0.7024292616,
        "0.7":0.7283981392,
        "0.8":0.6972760152,
        "0.9":0.6929439321,
        "1.0":0.7200276697,
        "1.25":0.7234170533,
        "1.5":0.7275873908,
        "1.75":0.6783319168,
        "2.0":0.6880498474,
        "3.0":0.7236450216,
        "4.0":0.7044851549,
        "5.0":0.7170921033,
        "7.0":0.6933580695,
        "10.0":0.6931411863
    },
    "Condition Specification":{
        "0.0":0.5953056321,
        "0.1":0.5812546277,
        "0.2":0.6430952381,
        "0.3":0.6139678608,
        "0.4":0.6010784314,
        "0.5":0.604278813,
        "0.6":0.6093861893,
        "0.7":0.6017220427,
        "0.8":0.6061667424,
        "0.9":0.6295351707,
        "1.0":0.6342316379,
        "1.25":0.6097427234,
        "1.5":0.6044534161,
        "1.75":0.6037595908,
        "2.0":0.5925083612,
        "3.0":0.6467171717,
        "4.0":0.6397820639,
        "5.0":0.6373684211,
        "7.0":0.6236829837,
        "10.0":0.6228502415
    },
    "AND Gateway":{
        "0.0":0.0,
        "0.1":0.0,
        "0.2":0.2,
        "0.3":0.0,
        "0.4":0.2,
        "0.5":0.0,
        "0.6":0.0,
        "0.7":0.1,
        "0.8":0.1,
        "0.9":0.1,
        "1.0":0.3,
        "1.25":0.3,
        "1.5":0.2,
        "1.75":0.36,
        "2.0":0.28,
        "3.0":0.3333333333,
        "4.0":0.36,
        "5.0":0.3333333333,
        "7.0":0.16,
        "10.0":0.16
    }
}