{
    "Bleu Score":{
        "0":0.9041775303,
        "1":0.9140862293,
        "2":0.9104292088,
        "3":0.9121550075,
        "4":0.9198026414
    }
}