{
    "Bleu Score":{
        "0":5.102371245e-23,
        "1":2.599963437e-26,
        "2":1.112920581e-26,
        "3":5.464536274e-21,
        "4":1.766667097e-23
    }
}