{
    "Bleu Score":{
        "0":0.9765503376,
        "1":0.9525583929,
        "2":0.9742060287,
        "3":0.9703364911,
        "4":0.9658696398
    }
}