{
    "Bleu Score":{
        "0":0.9223471253,
        "1":0.9206421162,
        "2":0.9222569549,
        "3":0.3750147148,
        "4":0.9117781445
    }
}