{
    "Bleu Score":{
        "0":0.9569387731,
        "1":0.9552138794,
        "2":0.9758935238,
        "3":0.9563099745,
        "4":0.9638689573
    }
}