{
    "Bleu Score":{
        "0":0.0158245955,
        "1":0.203520391,
        "2":0.2009336575,
        "3":0.0505390557,
        "4":0.8196430206
    }
}