{
    "Actor":{
        "0":0.0948877756
    },
    "Activity":{
        "0":0.2876414262
    },
    "Activity Data":{
        "0":0.1519701915
    },
    "Further Specification":{
        "0":0.3039752945
    },
    "XOR Gateway":{
        "0":0.0988150346
    },
    "Condition Specification":{
        "0":0.2816654116
    },
    "AND Gateway":{
        "0":0.4926120858
    },
    "All":{
        "0":0.1345732867
    }
}