{
    "Actor":{
        "0":0.1153566499
    },
    "Activity":{
        "0":0.3356668187
    },
    "Activity Data":{
        "0":0.1817492531
    },
    "Further Specification":{
        "0":0.3649485383
    },
    "XOR Gateway":{
        "0":0.1203875959
    },
    "Condition Specification":{
        "0":0.3360489001
    },
    "AND Gateway":{
        "0":0.5650837438
    },
    "All":{
        "0":0.1590109526
    }
}