{
    "Actor":{
        "0":0.115327381,
        "1":0.1242397915,
        "2":0.1341240876,
        "3":0.137254902,
        "4":0.1259765625
    },
    "Activity":{
        "0":0.3436123348,
        "1":0.3509060956,
        "2":0.4028268551,
        "3":0.379705401,
        "4":0.3844765343
    },
    "Activity Data":{
        "0":0.1735454998,
        "1":0.1872597474,
        "2":0.2061482821,
        "3":0.1939291737,
        "4":0.2124919511
    },
    "Further Specification":{
        "0":0.4005934718,
        "1":0.3302107728,
        "2":0.4608695652,
        "3":0.4112676056,
        "4":0.4731182796
    },
    "XOR Gateway":{
        "0":0.1043956044,
        "1":0.1655172414,
        "2":0.1483870968,
        "3":0.1383647799,
        "4":0.0986842105
    },
    "Condition Specification":{
        "0":0.3508474576,
        "1":0.3869463869,
        "2":0.3460076046,
        "3":0.3134556575,
        "4":0.3451676529
    },
    "AND Gateway":{
        "0":0.5909090909,
        "1":0.9230769231,
        "2":0.4705882353,
        "3":0.4090909091,
        "4":0.65
    },
    "All":{
        "0":0.1567640797,
        "1":0.166775528,
        "2":0.1846929423,
        "3":0.1722210277,
        "4":0.1826852531
    }
}