{
    "Actor":{
        "0":0.1445663011,
        "1":0.1630952381,
        "2":0.1632183908,
        "3":0.1618303571,
        "4":0.1533742331
    },
    "Activity":{
        "0":0.4476744186,
        "1":0.4635761589,
        "2":0.4945533769,
        "3":0.4781704782,
        "4":0.4774774775
    },
    "Activity Data":{
        "0":0.227154047,
        "1":0.2552552553,
        "2":0.2590038314,
        "3":0.2348484848,
        "4":0.2630312751
    },
    "Further Specification":{
        "0":0.5,
        "1":0.4644067797,
        "2":0.5015772871,
        "3":0.4603174603,
        "4":0.5432098765
    },
    "XOR Gateway":{
        "0":0.134751773,
        "1":0.1900826446,
        "2":0.1825396825,
        "3":0.1896551724,
        "4":0.1196581197
    },
    "Condition Specification":{
        "0":0.4136546185,
        "1":0.4700854701,
        "2":0.4471744472,
        "3":0.4346895075,
        "4":0.4716981132
    },
    "AND Gateway":{
        "0":0.8125,
        "1":0.9230769231,
        "2":0.6153846154,
        "3":0.6923076923,
        "4":0.7647058824
    },
    "All":{
        "0":0.2031722054,
        "1":0.2243759178,
        "2":0.2296253932,
        "3":0.2139037433,
        "4":0.2289489859
    }
}