{
    "Actor":{
        "0":0.0668276973,
        "1":0.0684628975,
        "2":0.0682011935,
        "3":0.0712277413,
        "4":0.0668604651
    },
    "Activity":{
        "0":0.1843107388,
        "1":0.1839738348,
        "2":0.1939194741,
        "3":0.1986531987,
        "4":0.1955211025
    },
    "Activity Data":{
        "0":0.0937336815,
        "1":0.0975,
        "2":0.1023644752,
        "3":0.1036948749,
        "4":0.1068203052
    },
    "Further Specification":{
        "0":0.2171156894,
        "1":0.1849935317,
        "2":0.190692395,
        "3":0.1852300242,
        "4":0.2349914237
    },
    "XOR Gateway":{
        "0":0.0675675676,
        "1":0.0780780781,
        "2":0.0833333333,
        "3":0.0777027027,
        "4":0.0429447853
    },
    "Condition Specification":{
        "0":0.172244898,
        "1":0.1870350691,
        "2":0.1736694678,
        "3":0.1849255039,
        "4":0.1759530792
    },
    "AND Gateway":{
        "0":0.2826086957,
        "1":0.4722222222,
        "2":0.2903225806,
        "3":0.3333333333,
        "4":0.2888888889
    },
    "All":{
        "0":0.0830386908,
        "1":0.0847328244,
        "2":0.0880334549,
        "3":0.0898751115,
        "4":0.0909307025
    }
}