{
    "Actor":{
        "0":0.058373591,
        "1":0.0605123675,
        "2":0.0605285592,
        "3":0.0679475164,
        "4":0.0605620155
    },
    "Activity":{
        "0":0.1759329779,
        "1":0.1717089125,
        "2":0.1865242399,
        "3":0.1936026936,
        "4":0.1826012059
    },
    "Activity Data":{
        "0":0.0908616188,
        "1":0.0944444444,
        "2":0.0974625144,
        "3":0.1016090584,
        "4":0.1021488633
    },
    "Further Specification":{
        "0":0.2107765452,
        "1":0.1772315653,
        "2":0.180476731,
        "3":0.1755447942,
        "4":0.2264150943
    },
    "XOR Gateway":{
        "0":0.0513513514,
        "1":0.0690690691,
        "2":0.0737179487,
        "3":0.0743243243,
        "4":0.0429447853
    },
    "Condition Specification":{
        "0":0.1681632653,
        "1":0.1753453773,
        "2":0.1699346405,
        "3":0.1779141104,
        "4":0.1710654936
    },
    "AND Gateway":{
        "0":0.2826086957,
        "1":0.3333333333,
        "2":0.2580645161,
        "3":0.3333333333,
        "4":0.2888888889
    },
    "All":{
        "0":0.0815233862,
        "1":0.0833151581,
        "2":0.0861033669,
        "3":0.089206066,
        "4":0.0885534292
    }
}