{
    "Actor":{
        "0":0.02878198,
        "1":0.0279338327,
        "2":0.0293594306,
        "3":0.0306989924,
        "4":0.0304465494
    },
    "Activity":{
        "0":0.0686842105,
        "1":0.0688953488,
        "2":0.0734624146,
        "3":0.0730812641,
        "4":0.0726392252
    },
    "Activity Data":{
        "0":0.0360664719,
        "1":0.0380605822,
        "2":0.0388136943,
        "3":0.0379146919,
        "4":0.0401396161
    },
    "Further Specification":{
        "0":0.075,
        "1":0.0731939163,
        "2":0.0755718954,
        "3":0.0783972125,
        "4":0.0860849057
    },
    "XOR Gateway":{
        "0":0.0265151515,
        "1":0.0391949153,
        "2":0.0363247863,
        "3":0.0363636364,
        "4":0.0260869565
    },
    "Condition Specification":{
        "0":0.0663793103,
        "1":0.0722049689,
        "2":0.0668831169,
        "3":0.0649882904,
        "4":0.0685261708
    },
    "AND Gateway":{
        "0":0.109375,
        "1":0.1770833333,
        "2":0.1041666667,
        "3":0.1145833333,
        "4":0.125
    },
    "All":{
        "0":0.0294199665,
        "1":0.0312014299,
        "2":0.0317525313,
        "3":0.0313342318,
        "4":0.0324983356
    }
}