{
    "Actor":{
        "0":0.0382647386,
        "1":0.0426966292,
        "2":0.0396204033,
        "3":0.0430730479,
        "4":0.0427604871
    },
    "Activity":{
        "0":0.1048421053,
        "1":0.108372093,
        "2":0.1116173121,
        "3":0.1115124153,
        "4":0.1070217918
    },
    "Activity Data":{
        "0":0.0549306063,
        "1":0.0566483084,
        "2":0.0570063694,
        "3":0.0584518167,
        "4":0.0602094241
    },
    "Further Specification":{
        "0":0.1092307692,
        "1":0.1125475285,
        "2":0.1124183007,
        "3":0.112195122,
        "4":0.1311320755
    },
    "XOR Gateway":{
        "0":0.0393939394,
        "1":0.0457627119,
        "2":0.0478632479,
        "3":0.0436363636,
        "4":0.0347826087
    },
    "Condition Specification":{
        "0":0.1002298851,
        "1":0.1080745342,
        "2":0.1007792208,
        "3":0.1039812646,
        "4":0.103030303
    },
    "AND Gateway":{
        "0":0.1625,
        "1":0.2,
        "2":0.15,
        "3":0.1666666667,
        "4":0.1625
    },
    "All":{
        "0":0.0462353597,
        "1":0.0491140814,
        "2":0.0488981537,
        "3":0.0492362983,
        "4":0.0511318242
    }
}