{
    "Actor":{
        "0":0.1078869048,
        "1":0.1190269331,
        "2":0.1295620438,
        "3":0.1353874883,
        "4":0.1220703125
    },
    "Activity":{
        "0":0.3392070485,
        "1":0.3459637562,
        "2":0.4010600707,
        "3":0.3764320786,
        "4":0.3826714801
    },
    "Activity Data":{
        "0":0.1730482347,
        "1":0.1867105986,
        "2":0.2037371911,
        "3":0.1916807195,
        "4":0.2112041211
    },
    "Further Specification":{
        "0":0.3946587537,
        "1":0.3208430913,
        "2":0.4608695652,
        "3":0.4084507042,
        "4":0.4731182796
    },
    "XOR Gateway":{
        "0":0.1043956044,
        "1":0.1586206897,
        "2":0.1483870968,
        "3":0.1383647799,
        "4":0.0921052632
    },
    "Condition Specification":{
        "0":0.3491525424,
        "1":0.3846153846,
        "2":0.3460076046,
        "3":0.3103975535,
        "4":0.3451676529
    },
    "AND Gateway":{
        "0":0.5909090909,
        "1":0.9230769231,
        "2":0.4705882353,
        "3":0.4090909091,
        "4":0.65
    },
    "All":{
        "0":0.156183472,
        "1":0.1663400827,
        "2":0.1840054995,
        "3":0.1720060202,
        "4":0.182196136
    }
}