{
    "Actor":{
        "0":0.0681125184
    },
    "Activity":{
        "0":0.2039377319
    },
    "Activity Data":{
        "0":0.1084134108
    },
    "Further Specification":{
        "0":0.2214491233
    },
    "XOR Gateway":{
        "0":0.0692673584
    },
    "Condition Specification":{
        "0":0.1952324732
    },
    "AND Gateway":{
        "0":0.3229429525
    },
    "All":{
        "0":0.0958418139
    }
}