{
    "Actor":{
        "0":0.0458843159,
        "1":0.0490012484,
        "2":0.0489323843,
        "3":0.0569899244,
        "4":0.048037889
    },
    "Activity":{
        "0":0.1257894737,
        "1":0.1354651163,
        "2":0.1383826879,
        "3":0.138261851,
        "4":0.1355932203
    },
    "Activity Data":{
        "0":0.0677501826,
        "1":0.071007081,
        "2":0.0718550955,
        "3":0.0724723539,
        "4":0.0754799302
    },
    "Further Specification":{
        "0":0.1317307692,
        "1":0.1425855513,
        "2":0.1348039216,
        "3":0.137630662,
        "4":0.1603773585
    },
    "XOR Gateway":{
        "0":0.0435606061,
        "1":0.0593220339,
        "2":0.0576923077,
        "3":0.0636363636,
        "4":0.0347826087
    },
    "Condition Specification":{
        "0":0.1270114943,
        "1":0.1374223602,
        "2":0.1227272727,
        "3":0.1235362998,
        "4":0.1253443526
    },
    "AND Gateway":{
        "0":0.203125,
        "1":0.25,
        "2":0.1666666667,
        "3":0.2083333333,
        "4":0.203125
    },
    "All":{
        "0":0.0573759063,
        "1":0.0607709046,
        "2":0.0611971412,
        "3":0.0613207547,
        "4":0.063165779
    }
}