{
    "Actor":{
        "0":0.1045936396,
        "1":0.1172069825,
        "2":0.1177904143,
        "3":0.1268533773,
        "4":0.1103388358
    },
    "Activity":{
        "0":0.3241758242,
        "1":0.3459637562,
        "2":0.3443113772,
        "3":0.3411078717,
        "4":0.322775264
    },
    "Activity Data":{
        "0":0.1672985782,
        "1":0.1860465116,
        "2":0.1854447439,
        "3":0.1835443038,
        "4":0.186412128
    },
    "Further Specification":{
        "0":0.3047404063,
        "1":0.4290123457,
        "2":0.3761682243,
        "3":0.3230088496,
        "4":0.3918128655
    },
    "XOR Gateway":{
        "0":0.0974358974,
        "1":0.152866242,
        "2":0.1304347826,
        "3":0.1360946746,
        "4":0.085106383
    },
    "Condition Specification":{
        "0":0.3606271777,
        "1":0.3571428571,
        "2":0.3160621762,
        "3":0.3143297381,
        "4":0.3320825516
    },
    "AND Gateway":{
        "0":0.52,
        "1":1.0,
        "2":0.380952381,
        "3":0.4761904762,
        "4":0.4482758621
    },
    "All":{
        "0":0.1479052823,
        "1":0.1660164716,
        "2":0.1627064035,
        "3":0.1588362493,
        "4":0.1595903563
    }
}