{
    "Actor":{
        "0":0.0217762978
    },
    "Activity":{
        "0":0.0522470251
    },
    "Activity Data":{
        "0":0.0280198543
    },
    "Further Specification":{
        "0":0.0561616413
    },
    "XOR Gateway":{
        "0":0.0248194906
    },
    "Condition Specification":{
        "0":0.0493619689
    },
    "AND Gateway":{
        "0":0.0939393939
    },
    "All":{
        "0":0.0227746201
    }
}