{
    "Actor":{
        "0":0.1119499832
    },
    "Activity":{
        "0":0.3316254897
    },
    "Activity Data":{
        "0":0.1790081704
    },
    "Further Specification":{
        "0":0.3602643879
    },
    "XOR Gateway":{
        "0":0.1147156625
    },
    "Condition Specification":{
        "0":0.3342964095
    },
    "AND Gateway":{
        "0":0.5555599343
    },
    "All":{
        "0":0.1580982004
    }
}