{
    "Actor":{
        "0":0.1030288756
    },
    "Activity":{
        "0":0.3031732704
    },
    "Activity Data":{
        "0":0.1604800089
    },
    "Further Specification":{
        "0":0.3369731927
    },
    "XOR Gateway":{
        "0":0.1010240061
    },
    "Condition Specification":{
        "0":0.2902202286
    },
    "AND Gateway":{
        "0":0.5017460317
    },
    "All":{
        "0":0.1430393515
    }
}