{
    "Actor":{
        "0":0.1306306306,
        "1":0.1356435644,
        "2":0.1261101243,
        "3":0.1490236382,
        "4":0.1291322314
    },
    "Activity":{
        "0":0.3743922204,
        "1":0.3703703704,
        "2":0.4003527337,
        "3":0.4291044776,
        "4":0.4045801527
    },
    "Activity Data":{
        "0":0.2004608295,
        "1":0.2048192771,
        "2":0.2057212416,
        "3":0.2188703466,
        "4":0.2241968558
    },
    "Further Specification":{
        "0":0.4117647059,
        "1":0.4740484429,
        "2":0.4308943089,
        "3":0.4119318182,
        "4":0.4680851064
    },
    "XOR Gateway":{
        "0":0.1151515152,
        "1":0.1455696203,
        "2":0.1360946746,
        "3":0.186440678,
        "4":0.0921052632
    },
    "Condition Specification":{
        "0":0.3582608696,
        "1":0.3444676409,
        "2":0.337037037,
        "3":0.4491150442,
        "4":0.3779697624
    },
    "AND Gateway":{
        "0":0.65,
        "1":0.6666666667,
        "2":0.4444444444,
        "3":0.6428571429,
        "4":0.5416666667
    },
    "All":{
        "0":0.1775186978,
        "1":0.182731404,
        "2":0.1811823105,
        "3":0.1998501124,
        "4":0.1922084623
    }
}