{
    "Actor":{
        "0":0.5723076923,
        "1":0.6082474227,
        "2":0.5449041372,
        "3":0.6140142518,
        "4":0.5679442509
    },
    "Activity":{
        "0":0.6628849271,
        "1":0.6684303351,
        "2":0.6772486772,
        "3":0.7145522388,
        "4":0.6889312977
    },
    "Activity Data":{
        "0":0.6305620609,
        "1":0.6379310345,
        "2":0.5941939469,
        "3":0.6420157068,
        "4":0.6578764747
    },
    "Further Specification":{
        "0":0.73374613,
        "1":0.8581314879,
        "2":0.7750677507,
        "3":0.7613636364,
        "4":0.7163120567
    },
    "XOR Gateway":{
        "0":0.676056338,
        "1":0.6351351351,
        "2":0.5882352941,
        "3":0.8148148148,
        "4":0.5675675676
    },
    "Condition Specification":{
        "0":0.707826087,
        "1":0.640167364,
        "2":0.6505576208,
        "3":0.8713968958,
        "4":0.7142857143
    },
    "AND Gateway":{
        "0":0.8666666667,
        "1":0.625,
        "2":0.7272727273,
        "3":1.0,
        "4":0.6875
    },
    "All":{
        "0":0.6239495798,
        "1":0.6409079317,
        "2":0.6011961722,
        "3":0.6711747547,
        "4":0.6336065574
    }
}