{
    "Actor":{
        "0":0.1607142857,
        "1":0.1724055476,
        "2":0.1632745364,
        "3":0.1693121693,
        "4":0.163093415
    },
    "Activity":{
        "0":0.1957894737,
        "1":0.1992248062,
        "2":0.1932422172,
        "3":0.1971407073,
        "4":0.1965294592
    },
    "Activity Data":{
        "0":0.1891121032,
        "1":0.1966773848,
        "2":0.1752966559,
        "3":0.1782258065,
        "4":0.1889775414
    },
    "Further Specification":{
        "0":0.1987179487,
        "1":0.2287705957,
        "2":0.2026143791,
        "3":0.2032520325,
        "4":0.2012578616
    },
    "XOR Gateway":{
        "0":0.1747311828,
        "1":0.1638888889,
        "2":0.1578947368,
        "3":0.1633986928,
        "4":0.1481481481
    },
    "Condition Specification":{
        "0":0.2003831418,
        "1":0.1998961578,
        "2":0.1918402778,
        "3":0.1975743349,
        "4":0.2021178637
    },
    "AND Gateway":{
        "0":0.2083333333,
        "1":0.2166666667,
        "2":0.2142857143,
        "3":0.2083333333,
        "4":0.2424242424
    },
    "All":{
        "0":0.1790233294,
        "1":0.1890358127,
        "2":0.173299642,
        "3":0.1776789496,
        "4":0.1807859748
    }
}