{
    "Actor":{
        "0":0.2631802721,
        "1":0.2802486848,
        "2":0.275893261,
        "3":0.278980279,
        "4":0.2730985197
    },
    "Activity":{
        "0":0.3143859649,
        "1":0.3279069767,
        "2":0.3356112377,
        "3":0.3273137698,
        "4":0.3276836158
    },
    "Activity Data":{
        "0":0.3070436508,
        "1":0.3132368703,
        "2":0.3012405609,
        "3":0.3045698925,
        "4":0.3250591017
    },
    "Further Specification":{
        "0":0.3230769231,
        "1":0.3662864385,
        "2":0.3551198257,
        "3":0.362369338,
        "4":0.3364779874
    },
    "XOR Gateway":{
        "0":0.2688172043,
        "1":0.2666666667,
        "2":0.3157894737,
        "3":0.2941176471,
        "4":0.2901234568
    },
    "Condition Specification":{
        "0":0.338697318,
        "1":0.3374870197,
        "2":0.3420138889,
        "3":0.3427230047,
        "4":0.3296500921
    },
    "AND Gateway":{
        "0":0.4444444444,
        "1":0.3333333333,
        "2":0.380952381,
        "3":0.3333333333,
        "4":0.3939393939
    },
    "All":{
        "0":0.2932977461,
        "1":0.306446281,
        "2":0.3013265951,
        "3":0.304214316,
        "4":0.3052123779
    }
}