{
    "Actor":{
        "0":0.4648342765,
        "1":0.5236714976,
        "2":0.5069508804,
        "3":0.5093984962,
        "4":0.4848780488
    },
    "Activity":{
        "0":0.5769230769,
        "1":0.626029654,
        "2":0.5868263473,
        "3":0.5801749271,
        "4":0.556561086
    },
    "Activity Data":{
        "0":0.5338491296,
        "1":0.5867768595,
        "2":0.5413245758,
        "3":0.5500270416,
        "4":0.5502857143
    },
    "Further Specification":{
        "0":0.5575620767,
        "1":0.7901234568,
        "2":0.6822429907,
        "3":0.6084070796,
        "4":0.6169590643
    },
    "XOR Gateway":{
        "0":0.5161290323,
        "1":0.6315789474,
        "2":0.5591397849,
        "3":0.6351351351,
        "4":0.5111111111
    },
    "Condition Specification":{
        "0":0.7038327526,
        "1":0.6550976139,
        "2":0.6117850953,
        "3":0.6203703704,
        "4":0.6240601504
    },
    "AND Gateway":{
        "0":0.6666666667,
        "1":1.0,
        "2":0.5833333333,
        "3":0.5333333333,
        "4":0.55
    },
    "All":{
        "0":0.5289672544,
        "1":0.5910351201,
        "2":0.5476088813,
        "3":0.5469924812,
        "4":0.5357304387
    }
}