{
    "Actor":{
        "0":0.3487615996
    },
    "Activity":{
        "0":0.4109418174
    },
    "Activity Data":{
        "0":0.3851136694
    },
    "Further Specification":{
        "0":0.4489192753
    },
    "XOR Gateway":{
        "0":0.386674389
    },
    "Condition Specification":{
        "0":0.4248859535
    },
    "AND Gateway":{
        "0":0.4594925751
    },
    "All":{
        "0":0.3806637244
    }
}