{
    "Actor":{
        "0":0.4486661277,
        "1":0.5014492754,
        "2":0.4893419833,
        "3":0.4840225564,
        "4":0.4653658537
    },
    "Activity":{
        "0":0.5494505495,
        "1":0.6095551895,
        "2":0.5688622754,
        "3":0.5510204082,
        "4":0.5384615385
    },
    "Activity Data":{
        "0":0.5091876209,
        "1":0.5548209366,
        "2":0.5194307608,
        "3":0.5219037317,
        "4":0.5274285714
    },
    "Further Specification":{
        "0":0.532731377,
        "1":0.7654320988,
        "2":0.6588785047,
        "3":0.5818584071,
        "4":0.5906432749
    },
    "XOR Gateway":{
        "0":0.5161290323,
        "1":0.6184210526,
        "2":0.5376344086,
        "3":0.5810810811,
        "4":0.4666666667
    },
    "Condition Specification":{
        "0":0.6933797909,
        "1":0.6464208243,
        "2":0.6031195841,
        "3":0.6018518519,
        "4":0.6146616541
    },
    "AND Gateway":{
        "0":0.6666666667,
        "1":1.0,
        "2":0.5833333333,
        "3":0.5333333333,
        "4":0.55
    },
    "All":{
        "0":0.5093974036,
        "1":0.5676987061,
        "2":0.5290350128,
        "3":0.5223475355,
        "4":0.5153776572
    }
}