{
    "Actor":{
        "0":0.3198553625
    },
    "Activity":{
        "0":0.3764630511
    },
    "Activity Data":{
        "0":0.3482584572
    },
    "Further Specification":{
        "0":0.4171733727
    },
    "XOR Gateway":{
        "0":0.3611818174
    },
    "Condition Specification":{
        "0":0.4000700465
    },
    "AND Gateway":{
        "0":0.4334056186
    },
    "All":{
        "0":0.3496913314
    }
}