{
    "Actor":{
        "0":0.3259602658
    },
    "Activity":{
        "0":0.3863354092
    },
    "Activity Data":{
        "0":0.3588255301
    },
    "Further Specification":{
        "0":0.4206097735
    },
    "XOR Gateway":{
        "0":0.3466137035
    },
    "Condition Specification":{
        "0":0.4012618008
    },
    "AND Gateway":{
        "0":0.4779473684
    },
    "All":{
        "0":0.3558487371
    }
}