{
    "Actor":{
        "0":0.182572778
    },
    "Activity":{
        "0":0.212102552
    },
    "Activity Data":{
        "0":0.2028840856
    },
    "Further Specification":{
        "0":0.2276979035
    },
    "XOR Gateway":{
        "0":0.1815367208
    },
    "Condition Specification":{
        "0":0.218517103
    },
    "AND Gateway":{
        "0":0.2093506494
    },
    "All":{
        "0":0.1972958861
    }
}