{
    "Actor":{
        "0":0.6294642857,
        "1":0.6224611708,
        "2":0.5859802848,
        "3":0.6413449564,
        "4":0.6680613668
    },
    "Activity":{
        "0":0.7322404372,
        "1":0.7297297297,
        "2":0.7166666667,
        "3":0.7369439072,
        "4":0.7861771058
    },
    "Activity Data":{
        "0":0.689206762,
        "1":0.7081043956,
        "2":0.6461538462,
        "3":0.6694386694,
        "4":0.7493956487
    },
    "Further Specification":{
        "0":0.7339449541,
        "1":0.8266666667,
        "2":0.6689814815,
        "3":0.8296529968,
        "4":0.8947368421
    },
    "XOR Gateway":{
        "0":0.7164179104,
        "1":0.6712328767,
        "2":0.7246376812,
        "3":0.6515151515,
        "4":0.724137931
    },
    "Condition Specification":{
        "0":0.7509225092,
        "1":0.7783505155,
        "2":0.8018223235,
        "3":0.7387218045,
        "4":0.8094059406
    },
    "AND Gateway":{
        "0":1.0,
        "1":0.9230769231,
        "2":0.875,
        "3":0.8,
        "4":1.0
    },
    "All":{
        "0":0.676163826,
        "1":0.6967921897,
        "2":0.6460472279,
        "3":0.6800433839,
        "4":0.735426009
    }
}