{
    "Actor":{
        "0":0.4236641221,
        "1":0.4638069705,
        "2":0.425463336,
        "3":0.4439655172,
        "4":0.4649122807
    },
    "Activity":{
        "0":0.5044136192,
        "1":0.5240793201,
        "2":0.5100671141,
        "3":0.512195122,
        "4":0.5721153846
    },
    "Activity Data":{
        "0":0.4719856567,
        "1":0.5035,
        "2":0.4730807577,
        "3":0.4601812113,
        "4":0.5197072072
    },
    "Further Specification":{
        "0":0.5291479821,
        "1":0.5426695842,
        "2":0.5540275049,
        "3":0.5166994106,
        "4":0.5838150289
    },
    "XOR Gateway":{
        "0":0.4285714286,
        "1":0.4747474747,
        "2":0.5,
        "3":0.4942528736,
        "4":0.488372093
    },
    "Condition Specification":{
        "0":0.5702005731,
        "1":0.5843137255,
        "2":0.5541401274,
        "3":0.5619596542,
        "4":0.6204933586
    },
    "AND Gateway":{
        "0":0.5,
        "1":0.5263157895,
        "2":0.5833333333,
        "3":0.6153846154,
        "4":0.7857142857
    },
    "All":{
        "0":0.4682935518,
        "1":0.500407332,
        "2":0.4728105323,
        "3":0.4720649302,
        "4":0.5180722892
    }
}