{
    "Actor":{
        "0":0.3078202995,
        "1":0.3219602978,
        "2":0.3115044248,
        "3":0.3220762977,
        "4":0.335915493
    },
    "Activity":{
        "0":0.3683241252,
        "1":0.3798767967,
        "2":0.3834510595,
        "3":0.3634615385,
        "4":0.3872017354
    },
    "Activity Data":{
        "0":0.3442301406,
        "1":0.3578535892,
        "2":0.3312390925,
        "3":0.3336791148,
        "4":0.3742903487
    },
    "Further Specification":{
        "0":0.4169611307,
        "1":0.4444444444,
        "2":0.4285714286,
        "3":0.364265928,
        "4":0.4316239316
    },
    "XOR Gateway":{
        "0":0.3356643357,
        "1":0.3455882353,
        "2":0.4132231405,
        "3":0.3524590164,
        "4":0.358974359
    },
    "Condition Specification":{
        "0":0.3956262425,
        "1":0.4104683196,
        "2":0.4065420561,
        "3":0.3884462151,
        "4":0.3992673993
    },
    "AND Gateway":{
        "0":0.4137931034,
        "1":0.4347826087,
        "2":0.4375,
        "3":0.380952381,
        "4":0.5
    },
    "All":{
        "0":0.3417836713,
        "1":0.3590530469,
        "2":0.3440710914,
        "3":0.337972973,
        "4":0.3655758742
    }
}