{
    "Actor":{
        "0":0.1803571429,
        "1":0.1830703013,
        "2":0.1750339213,
        "3":0.1878787879,
        "4":0.1865237366
    },
    "Activity":{
        "0":0.2096842105,
        "1":0.2106976744,
        "2":0.2182232346,
        "3":0.211738149,
        "4":0.2101694915
    },
    "Activity Data":{
        "0":0.1995535714,
        "1":0.209807074,
        "2":0.1990291262,
        "3":0.2035483871,
        "4":0.2024822695
    },
    "Further Specification":{
        "0":0.2161538462,
        "1":0.230418251,
        "2":0.2235294118,
        "3":0.2466898955,
        "4":0.2216981132
    },
    "XOR Gateway":{
        "0":0.1838709677,
        "1":0.17,
        "2":0.2,
        "3":0.168627451,
        "4":0.1851851852
    },
    "Condition Specification":{
        "0":0.2137931034,
        "1":0.2143302181,
        "2":0.2151041667,
        "3":0.223943662,
        "4":0.2254143646
    },
    "AND Gateway":{
        "0":0.2,
        "1":0.2,
        "2":0.2285714286,
        "3":0.2,
        "4":0.2181818182
    },
    "All":{
        "0":0.1929418743,
        "1":0.2009917355,
        "2":0.1937460518,
        "3":0.201270648,
        "4":0.1975291211
    }
}