{
    "Actor":{
        "0":0.4236669102,
        "1":0.4562289562,
        "2":0.3956989247,
        "3":0.4197819315,
        "4":0.4342218401
    },
    "Activity":{
        "0":0.5127582017,
        "1":0.5369595537,
        "2":0.5006273526,
        "3":0.4981549815,
        "4":0.5350140056
    },
    "Activity Data":{
        "0":0.4726729291,
        "1":0.4988323213,
        "2":0.4409965035,
        "3":0.4485488127,
        "4":0.493852459
    },
    "Further Specification":{
        "0":0.4900398406,
        "1":0.6395939086,
        "2":0.5620300752,
        "3":0.53432282,
        "4":0.557840617
    },
    "XOR Gateway":{
        "0":0.4414414414,
        "1":0.4747474747,
        "2":0.5142857143,
        "3":0.4725274725,
        "4":0.4565217391
    },
    "Condition Specification":{
        "0":0.554200542,
        "1":0.6138613861,
        "2":0.5105485232,
        "3":0.5401069519,
        "4":0.5372424723
    },
    "AND Gateway":{
        "0":0.6315789474,
        "1":0.6666666667,
        "2":0.75,
        "3":0.6153846154,
        "4":0.7058823529
    },
    "All":{
        "0":0.4656165312,
        "1":0.5076101996,
        "2":0.4465753425,
        "3":0.4583477959,
        "4":0.4832593788
    }
}