{
    "Actor":{
        "0":0.1886550687
    },
    "Activity":{
        "0":0.2203420745
    },
    "Activity Data":{
        "0":0.2120966699
    },
    "Further Specification":{
        "0":0.2366698592
    },
    "XOR Gateway":{
        "0":0.1842305521
    },
    "Condition Specification":{
        "0":0.2222831678
    },
    "AND Gateway":{
        "0":0.2150649351
    },
    "All":{
        "0":0.2045084414
    }
}