{
    "Actor":{
        "0":0.1328125,
        "1":0.1352223816,
        "2":0.1389077341,
        "3":0.1410533911,
        "4":0.1364854518
    },
    "Activity":{
        "0":0.1555263158,
        "1":0.1584302326,
        "2":0.1640091116,
        "3":0.1591422122,
        "4":0.1637409201
    },
    "Activity Data":{
        "0":0.1520647321,
        "1":0.1536374598,
        "2":0.1528114887,
        "3":0.1513104839,
        "4":0.1565824468
    },
    "Further Specification":{
        "0":0.1658653846,
        "1":0.1791825095,
        "2":0.1772875817,
        "3":0.1894599303,
        "4":0.1527122642
    },
    "XOR Gateway":{
        "0":0.1129032258,
        "1":0.1333333333,
        "2":0.1622807018,
        "3":0.1519607843,
        "4":0.1435185185
    },
    "Condition Specification":{
        "0":0.1612068966,
        "1":0.1584890966,
        "2":0.1533203125,
        "3":0.150528169,
        "4":0.1591850829
    },
    "AND Gateway":{
        "0":0.15625,
        "1":0.2375,
        "2":0.1607142857,
        "3":0.140625,
        "4":0.2159090909
    },
    "All":{
        "0":0.1442393238,
        "1":0.1487603306,
        "2":0.1484128238,
        "3":0.1479907878,
        "4":0.1481203671
    }
}