{
    "Actor":{
        "0":0.1530612245,
        "1":0.1664275466,
        "2":0.158299412,
        "3":0.1563251563,
        "4":0.1533945891
    },
    "Activity":{
        "0":0.1856140351,
        "1":0.1887596899,
        "2":0.1841305998,
        "3":0.1851015801,
        "4":0.1824051655
    },
    "Activity Data":{
        "0":0.1762152778,
        "1":0.1823419078,
        "2":0.168824164,
        "3":0.1759408602,
        "4":0.1743498818
    },
    "Further Specification":{
        "0":0.1923076923,
        "1":0.2129277567,
        "2":0.1960784314,
        "3":0.2044134727,
        "4":0.1988993711
    },
    "XOR Gateway":{
        "0":0.1720430108,
        "1":0.1527777778,
        "2":0.1666666667,
        "3":0.1764705882,
        "4":0.1574074074
    },
    "Condition Specification":{
        "0":0.1904214559,
        "1":0.188992731,
        "2":0.18359375,
        "3":0.1842723005,
        "4":0.1818600368
    },
    "AND Gateway":{
        "0":0.2083333333,
        "1":0.25,
        "2":0.1904761905,
        "3":0.1666666667,
        "4":0.196969697
    },
    "All":{
        "0":0.1691379992,
        "1":0.1780165289,
        "2":0.1665613813,
        "3":0.1711139348,
        "4":0.1679609366
    }
}