{
    "Actor":{
        "0":0.4147982063,
        "1":0.4629794826,
        "2":0.4264943457,
        "3":0.4569653949,
        "4":0.4453781513
    },
    "Activity":{
        "0":0.4884004884,
        "1":0.5146036161,
        "2":0.5263157895,
        "3":0.5094339623,
        "4":0.5344311377
    },
    "Activity Data":{
        "0":0.4463755829,
        "1":0.4992563213,
        "2":0.4399629115,
        "3":0.4588682834,
        "4":0.5107913669
    },
    "Further Specification":{
        "0":0.5812807882,
        "1":0.5276595745,
        "2":0.6380090498,
        "3":0.6247030879,
        "4":0.5534246575
    },
    "XOR Gateway":{
        "0":0.4285714286,
        "1":0.4795918367,
        "2":0.5,
        "3":0.4831460674,
        "4":0.488372093
    },
    "Condition Specification":{
        "0":0.5209424084,
        "1":0.5498154982,
        "2":0.5321100917,
        "3":0.5306122449,
        "4":0.6089385475
    },
    "AND Gateway":{
        "0":0.5714285714,
        "1":0.5882352941,
        "2":0.6363636364,
        "3":0.6153846154,
        "4":0.6470588235
    },
    "All":{
        "0":0.4517958412,
        "1":0.4929775281,
        "2":0.4654395192,
        "3":0.4782026769,
        "4":0.5007690617
    }
}