{
    "Actor":{
        "0":0.2565880721,
        "1":0.2625189681,
        "2":0.2568093385,
        "3":0.2755484216,
        "4":0.260940919
    },
    "Activity":{
        "0":0.3046458492,
        "1":0.3025347506,
        "2":0.312243221,
        "3":0.3181818182,
        "4":0.3074935401
    },
    "Activity Data":{
        "0":0.2798299229,
        "1":0.2859982959,
        "2":0.2781359906,
        "3":0.2937595129,
        "4":0.29218107
    },
    "Further Specification":{
        "0":0.3740095087,
        "1":0.3208279431,
        "2":0.3200908059,
        "3":0.318401937,
        "4":0.346483705
    },
    "XOR Gateway":{
        "0":0.2807017544,
        "1":0.2831325301,
        "2":0.3424657534,
        "3":0.309352518,
        "4":0.2727272727
    },
    "Condition Specification":{
        "0":0.3248979592,
        "1":0.3176972281,
        "2":0.3258426966,
        "3":0.3427065026,
        "4":0.3205882353
    },
    "AND Gateway":{
        "0":0.3428571429,
        "1":0.3333333333,
        "2":0.4117647059,
        "3":0.4705882353,
        "4":0.3548387097
    },
    "All":{
        "0":0.2826577787,
        "1":0.2847705146,
        "2":0.2816869387,
        "3":0.295556606,
        "4":0.287172379
    }
}