{
    "Actor":{
        "0":0.3497254259
    },
    "Activity":{
        "0":0.4120998397
    },
    "Activity Data":{
        "0":0.3866786676
    },
    "Further Specification":{
        "0":0.448642267
    },
    "XOR Gateway":{
        "0":0.3896155655
    },
    "Condition Specification":{
        "0":0.425374354
    },
    "AND Gateway":{
        "0":0.4594925751
    },
    "All":{
        "0":0.3817688298
    }
}