{
    "Actor":{
        "0":0.6379310345,
        "1":0.7090163934,
        "2":0.6920052425,
        "3":0.665374677,
        "4":0.6652719665
    },
    "Activity":{
        "0":0.7751937984,
        "1":0.8167770419,
        "2":0.8278867102,
        "3":0.7858627859,
        "4":0.8040540541
    },
    "Activity Data":{
        "0":0.6992031873,
        "1":0.7716475096,
        "2":0.7385214008,
        "3":0.6767180926,
        "4":0.7516286645
    },
    "Further Specification":{
        "0":0.8872180451,
        "1":0.8406779661,
        "2":0.8895899054,
        "3":0.8349206349,
        "4":0.8312757202
    },
    "XOR Gateway":{
        "0":0.7384615385,
        "1":0.7833333333,
        "2":0.7936507937,
        "3":0.7818181818,
        "4":0.75
    },
    "Condition Specification":{
        "0":0.7991967871,
        "1":0.8514285714,
        "2":0.8571428571,
        "3":0.8369098712,
        "4":0.8837837838
    },
    "AND Gateway":{
        "0":1.0,
        "1":1.0,
        "2":0.875,
        "3":1.0,
        "4":1.0
    },
    "All":{
        "0":0.7042593089,
        "1":0.7666146646,
        "2":0.7506816116,
        "3":0.7095035461,
        "4":0.7425871619
    }
}