{
    "Actor":{
        "0":0.4654303247
    },
    "Activity":{
        "0":0.5388046251
    },
    "Activity Data":{
        "0":0.4970202307
    },
    "Further Specification":{
        "0":0.6072684672
    },
    "XOR Gateway":{
        "0":0.5131624307
    },
    "Condition Specification":{
        "0":0.5745726005
    },
    "AND Gateway":{
        "0":0.6520303226
    },
    "All":{
        "0":0.5018671308
    }
}