{
    "Actor":{
        "0":0.4645329725
    },
    "Activity":{
        "0":0.5497508534
    },
    "Activity Data":{
        "0":0.5124518489
    },
    "Further Specification":{
        "0":0.569454899
    },
    "XOR Gateway":{
        "0":0.5090315036
    },
    "Condition Specification":{
        "0":0.5996713012
    },
    "AND Gateway":{
        "0":0.6307210334
    },
    "All":{
        "0":0.5092948909
    }
}