{
    "Actor":{
        "0":0.6294624129
    },
    "Activity":{
        "0":0.7403515693
    },
    "Activity Data":{
        "0":0.6924598644
    },
    "Further Specification":{
        "0":0.7907965882
    },
    "XOR Gateway":{
        "0":0.6975883102
    },
    "Condition Specification":{
        "0":0.7758446187
    },
    "AND Gateway":{
        "0":0.9196153846
    },
    "All":{
        "0":0.6868945273
    }
}