{
    "Actor":{
        "2":0.6637455514,
        "3":0.6643015051,
        "4":0.6794463096,
        "5":0.6959142414,
        "6":0.7135245767,
        "7":0.720110432,
        "8":0.7082206018,
        "9":0.721530121,
        "10":0.721530121
    },
    "Activity":{
        "2":0.7148432543,
        "3":0.7273390798,
        "4":0.7570423209,
        "5":0.7596206212,
        "6":0.7578417046,
        "7":0.776586624,
        "8":0.7768394812,
        "9":0.7649218209,
        "10":0.7649218209
    },
    "Activity Data":{
        "2":0.5819312482,
        "3":0.6114338324,
        "4":0.6146100947,
        "5":0.6073172276,
        "6":0.6300888266,
        "7":0.627251782,
        "8":0.6436857147,
        "9":0.6158860061,
        "10":0.6158860061
    },
    "Further Specification":{
        "2":0.1120526316,
        "3":0.1458892329,
        "4":0.1911528822,
        "5":0.1893939394,
        "6":0.2328138528,
        "7":0.2341916907,
        "8":0.2537686418,
        "9":0.2552923105,
        "10":0.2552923105
    },
    "XOR Gateway":{
        "2":0.6018453111,
        "3":0.6713949014,
        "4":0.6709200603,
        "5":0.6773317823,
        "6":0.7244826352,
        "7":0.7076434521,
        "8":0.7245381877,
        "9":0.7246239374,
        "10":0.7246239374
    },
    "Condition Specification":{
        "2":0.2787081748,
        "3":0.402297047,
        "4":0.4965379665,
        "5":0.592047619,
        "6":0.5972026144,
        "7":0.619801031,
        "8":0.6148294417,
        "9":0.5953056321,
        "10":0.5953056321
    },
    "AND Gateway":{
        "2":0.0,
        "3":0.0,
        "4":0.0,
        "5":0.0,
        "6":0.0,
        "7":0.0,
        "8":0.0,
        "9":0.0,
        "10":0.0
    }
}