{
    "Bert Score":{
        "0":0.8886048198,
        "1":0.9120742083,
        "2":0.9160334468,
        "3":0.885144949,
        "4":0.8897672296
    }
}