{
    "Bert Score":{
        "0":0.9607255459,
        "1":0.9622730613,
        "2":0.963885963,
        "3":0.9611184001,
        "4":0.9611323476
    }
}