{
    "Actor":{
        "0":0.184682224
    },
    "Activity":{
        "0":0.5522578533
    },
    "Activity Data":{
        "0":0.2815521984
    },
    "Further Specification":{
        "0":0.5850172883
    },
    "XOR Gateway":{
        "0":0.211931698
    },
    "Condition Specification":{
        "0":0.5841705454
    },
    "AND Gateway":{
        "0":0.8
    },
    "All":{
        "0":0.2592134805
    }
}