{
    "Actor":{
        "0":0.1693502693
    },
    "Activity":{
        "0":0.510506672
    },
    "Activity Data":{
        "0":0.2697488671
    },
    "Further Specification":{
        "0":0.5498038915
    },
    "XOR Gateway":{
        "0":0.1739649503
    },
    "Condition Specification":{
        "0":0.4842302926
    },
    "AND Gateway":{
        "0":0.7385281385
    },
    "All":{
        "0":0.2386594535
    }
}