{
    "Actor":{
        "0":0.1739745403,
        "1":0.1841269841,
        "2":0.1786786787,
        "3":0.2029220779,
        "4":0.1837088388
    },
    "Activity":{
        "0":0.5284810127,
        "1":0.548951049,
        "2":0.5653594771,
        "3":0.575862069,
        "4":0.5426356589
    },
    "Activity Data":{
        "0":0.2615230461,
        "1":0.2821621622,
        "2":0.2701863354,
        "3":0.2833698031,
        "4":0.3105196451
    },
    "Further Specification":{
        "0":0.5359477124,
        "1":0.5454545455,
        "2":0.5555555556,
        "3":0.5502645503,
        "4":0.7378640777
    },
    "XOR Gateway":{
        "0":0.15625,
        "1":0.2295081967,
        "2":0.2258064516,
        "3":0.2545454545,
        "4":0.1935483871
    },
    "Condition Specification":{
        "0":0.5614035088,
        "1":0.6666666667,
        "2":0.5568181818,
        "3":0.5593220339,
        "4":0.5766423358
    },
    "AND Gateway":{
        "0":0.75,
        "1":1.0,
        "2":0.75,
        "3":0.75,
        "4":0.75
    },
    "All":{
        "0":0.2412081092,
        "1":0.2616865261,
        "2":0.2548278757,
        "3":0.2663697105,
        "4":0.271975181
    }
}