{
    "Actor":{
        "0":0.1781818182,
        "1":0.1891891892,
        "2":0.179047619,
        "3":0.2139830508,
        "4":0.1973684211
    },
    "Activity":{
        "0":0.5441860465,
        "1":0.5577889447,
        "2":0.576744186,
        "3":0.59375,
        "4":0.5642458101
    },
    "Activity Data":{
        "0":0.2592592593,
        "1":0.2903225806,
        "2":0.2759084791,
        "3":0.2796486091,
        "4":0.3119868637
    },
    "Further Specification":{
        "0":0.5392156863,
        "1":0.5779816514,
        "2":0.568,
        "3":0.547008547,
        "4":0.8085106383
    },
    "XOR Gateway":{
        "0":0.2352941176,
        "1":0.2972972973,
        "2":0.2820512821,
        "3":0.3928571429,
        "4":0.2368421053
    },
    "Condition Specification":{
        "0":0.578125,
        "1":0.7575757576,
        "2":0.5797101449,
        "3":0.5818181818,
        "4":0.5818181818
    },
    "AND Gateway":{
        "0":0.75,
        "1":0.0,
        "2":0.75,
        "3":0.75,
        "4":0.75
    },
    "All":{
        "0":0.2417391304,
        "1":0.272264631,
        "2":0.261627907,
        "3":0.2740167634,
        "4":0.280259366
    }
}