{
    "Actor":{
        "0":0.7133333333,
        "1":0.7523452158,
        "2":0.7137809187,
        "3":0.7384615385,
        "4":0.7323943662
    },
    "Activity":{
        "0":0.8512658228,
        "1":0.8811188811,
        "2":0.8562091503,
        "3":0.8586206897,
        "4":0.8798449612
    },
    "Activity Data":{
        "0":0.7640449438,
        "1":0.8,
        "2":0.7439409905,
        "3":0.7617449664,
        "4":0.7992277992
    },
    "Further Specification":{
        "0":0.9477124183,
        "1":0.9454545455,
        "2":0.9545454545,
        "3":0.9523809524,
        "4":1.0
    },
    "XOR Gateway":{
        "0":0.8,
        "1":0.8387096774,
        "2":0.8928571429,
        "3":0.8076923077,
        "4":0.8484848485
    },
    "Condition Specification":{
        "0":0.9415204678,
        "1":0.9818181818,
        "2":0.9371428571,
        "3":0.9318181818,
        "4":0.9338235294
    },
    "AND Gateway":{
        "0":1.0,
        "1":1.0,
        "2":1.0,
        "3":1.0,
        "4":1.0
    },
    "All":{
        "0":0.7653061224,
        "1":0.8057058534,
        "2":0.7656039515,
        "3":0.7792083929,
        "4":0.7899391929
    }
}