{
    "Actor":{
        "0":0.729111836
    },
    "Activity":{
        "0":0.8523758805
    },
    "Activity Data":{
        "0":0.7876467042
    },
    "Further Specification":{
        "0":0.9531711147
    },
    "XOR Gateway":{
        "0":0.8377716942
    },
    "Condition Specification":{
        "0":0.9194692881
    },
    "AND Gateway":{
        "0":1.0
    },
    "All":{
        "0":0.7948569522
    }
}