{
    "Actor":{
        "0":0.7084596511
    },
    "Activity":{
        "0":0.8448840208
    },
    "Activity Data":{
        "0":0.7378254722
    },
    "Further Specification":{
        "0":0.9593304939
    },
    "XOR Gateway":{
        "0":0.8238622291
    },
    "Condition Specification":{
        "0":0.920222332
    },
    "AND Gateway":{
        "0":0.8
    },
    "All":{
        "0":0.7408053212
    }
}