{
    "Actor":{
        "0":0.6906318083,
        "1":0.7291139241,
        "2":0.6924829157,
        "3":0.7109974425,
        "4":0.7190721649
    },
    "Activity":{
        "0":0.8325581395,
        "1":0.864321608,
        "2":0.8279069767,
        "3":0.828125,
        "4":0.8715083799
    },
    "Activity Data":{
        "0":0.7250673854,
        "1":0.7757142857,
        "2":0.706284153,
        "3":0.7100149477,
        "4":0.772046589
    },
    "Further Specification":{
        "0":0.9509803922,
        "1":0.9449541284,
        "2":0.952,
        "3":0.9487179487,
        "4":1.0
    },
    "XOR Gateway":{
        "0":0.7647058824,
        "1":0.85,
        "2":0.8421052632,
        "3":0.8125,
        "4":0.85
    },
    "Condition Specification":{
        "0":0.90625,
        "1":1.0,
        "2":0.9130434783,
        "3":0.8909090909,
        "4":0.8909090909
    },
    "AND Gateway":{
        "0":1.0,
        "1":0.0,
        "2":1.0,
        "3":1.0,
        "4":1.0
    },
    "All":{
        "0":0.7226733292,
        "1":0.7760989011,
        "2":0.7239225484,
        "3":0.7274618585,
        "4":0.753869969
    }
}