{
    "Actor":{
        "0":0.7084398977,
        "1":0.7446197991,
        "2":0.7170068027,
        "3":0.7438494935,
        "4":0.7311827957
    },
    "Activity":{
        "0":0.8397435897,
        "1":0.8601398601,
        "2":0.8634259259,
        "3":0.8509174312,
        "4":0.8624078624
    },
    "Activity Data":{
        "0":0.7800453515,
        "1":0.8082524272,
        "2":0.7637860082,
        "3":0.7744052502,
        "4":0.8161434978
    },
    "Further Specification":{
        "0":0.9076923077,
        "1":0.9429657795,
        "2":0.9215686275,
        "3":0.9163763066,
        "4":0.9528301887
    },
    "XOR Gateway":{
        "0":0.7741935484,
        "1":0.7833333333,
        "2":0.8771929825,
        "3":0.8431372549,
        "4":0.7777777778
    },
    "Condition Specification":{
        "0":0.9149425287,
        "1":0.9283489097,
        "2":0.90625,
        "3":0.9154929577,
        "4":0.9033149171
    },
    "AND Gateway":{
        "0":1.0,
        "1":1.0,
        "2":1.0,
        "3":1.0,
        "4":1.0
    },
    "All":{
        "0":0.7779772591,
        "1":0.8116710875,
        "2":0.7809311224,
        "3":0.7928159076,
        "4":0.8033428165
    }
}