{
    "F1 CRF":{
        "0.0":0.5253656897,
        "0.1":0.5524928657,
        "0.2":0.5308552753,
        "0.3":0.5238420329,
        "0.4":0.5226046145,
        "0.5":0.5616158215,
        "0.6":0.524624383,
        "0.7":0.5589351693,
        "0.8":0.5329855348,
        "0.9":0.5422100935,
        "1.0":0.5880524703,
        "1.25":0.5803450934,
        "1.5":0.5707384708,
        "1.75":0.5779770815,
        "2.0":0.5744475161,
        "3.0":0.5450518882,
        "4.0":0.5564253321,
        "5.0":0.5568745006,
        "7.0":0.5682521471,
        "10.0":0.5356629209
    },
    "F1 Neural":{
        "0.0":0.3280385747,
        "0.1":0.3245338216,
        "0.2":0.3235788093,
        "0.3":0.3304705326,
        "0.4":0.3381831709,
        "0.5":0.3398161515,
        "0.6":0.332330469,
        "0.7":0.3310473701,
        "0.8":0.3201415316,
        "0.9":0.329601338,
        "1.0":0.3377940511,
        "1.25":0.3405188797,
        "1.5":0.325994625,
        "1.75":0.3237943475,
        "2.0":0.3134057872,
        "3.0":0.3218508088,
        "4.0":0.3306538328,
        "5.0":0.3396407112,
        "7.0":0.3240645935,
        "10.0":0.3230476629
    },
    "F1 Relation":{
        "0.0":0.2986880713,
        "0.1":0.2953517077,
        "0.2":0.2779375998,
        "0.3":0.3059769653,
        "0.4":0.3009790455,
        "0.5":0.3028586017,
        "0.6":0.2892018623,
        "0.7":0.286131027,
        "0.8":0.29835454,
        "0.9":0.2931830635,
        "1.0":0.3089384332,
        "1.25":0.3014504194,
        "1.5":0.2893232391,
        "1.75":0.2947629632,
        "2.0":0.2815452303,
        "3.0":0.2966804262,
        "4.0":0.2926312384,
        "5.0":0.3015761389,
        "7.0":0.2767660944,
        "10.0":0.2847167871
    },
    "TTR":{
        "0.0":0.2378511926,
        "0.1":0.2228269251,
        "0.2":0.1962212963,
        "0.3":0.1851393882,
        "0.4":0.1707720744,
        "0.5":0.1588526147,
        "0.6":0.1498410382,
        "0.7":0.1387395989,
        "0.8":0.1336631251,
        "0.9":0.1266976242,
        "1.0":0.1195415645,
        "1.25":0.1059731187,
        "1.5":0.0969831929,
        "1.75":0.0870727674,
        "2.0":0.0799811028,
        "3.0":0.0603758805,
        "4.0":0.0484933009,
        "5.0":0.0404994878,
        "7.0":0.0306925223,
        "10.0":0.0225856023
    },
    "UCER":{
        "0.0":0.7946997503,
        "0.1":0.7466584242,
        "0.2":0.6589617841,
        "0.3":0.6253860046,
        "0.4":0.5776313096,
        "0.5":0.5387822783,
        "0.6":0.5086097822,
        "0.7":0.47426436,
        "0.8":0.456115067,
        "0.9":0.4350567783,
        "1.0":0.4111433572,
        "1.25":0.3669715105,
        "1.5":0.3395428203,
        "1.75":0.3075450907,
        "2.0":0.2846214435,
        "3.0":0.2228207132,
        "4.0":0.1813515777,
        "5.0":0.1553474557,
        "7.0":0.1237535229,
        "10.0":0.0977456484
    },
    "BleuScore":{
        "0.0":1.0,
        "0.1":0.9957389578,
        "0.2":0.984267942,
        "0.3":0.9808768456,
        "0.4":0.9761658352,
        "0.5":0.9744123216,
        "0.6":0.9694325765,
        "0.7":0.8314123676,
        "0.8":0.9692885509,
        "0.9":0.8379627741,
        "1.0":0.9651159496,
        "1.25":0.9598459959,
        "1.5":0.9534807816,
        "1.75":0.9508873905,
        "2.0":0.8513226213,
        "3.0":0.8589917038,
        "4.0":0.9423069943,
        "5.0":0.9400931061,
        "7.0":0.9341983682,
        "10.0":0.9308710821
    }
}