{
    "Bleu Score":{
        "0":0.9681372852,
        "1":0.9642633815,
        "2":0.9730819429,
        "3":0.3213421201,
        "4":0.9629891409
    }
}