{
    "Bleu Score":{
        "0":0.9971555284,
        "1":0.9964701787,
        "2":0.9907021832,
        "3":0.9948312395,
        "4":0.9995356591
    }
}