{
    "Bleu Score":{
        "0":0.973064155,
        "1":0.9707402142,
        "2":0.969475852,
        "3":0.9566222003,
        "4":0.9765403328
    }
}