{
    "Bleu Score":{
        "0":0.9521430382,
        "1":0.9529954405,
        "2":0.9447546183,
        "3":0.9496622168,
        "4":0.9548816388
    }
}