{
    "Bleu Score":{
        "0":0.9329283875,
        "1":0.9388694555,
        "2":0.5570688727,
        "3":0.9326046506,
        "4":0.9334871528
    }
}