{
    "Bleu Score":{
        "0":0.9437464993,
        "1":0.9584250382,
        "2":0.942338823,
        "3":0.4692622881,
        "4":0.9428404578
    }
}