{
    "Bleu Score":{
        "0":0.9343098745,
        "1":0.9376056752,
        "2":0.9310245999,
        "3":0.9337944887,
        "4":0.9342572026
    }
}