{
    "Actor":{
        "0":0.1030231933
    },
    "Activity":{
        "0":0.295436322
    },
    "Activity Data":{
        "0":0.1571234858
    },
    "Further Specification":{
        "0":0.3174746123
    },
    "XOR Gateway":{
        "0":0.1049158902
    },
    "Condition Specification":{
        "0":0.2789403543
    },
    "AND Gateway":{
        "0":0.4887038002
    },
    "All":{
        "0":0.1387395989
    }
}