{
    "Actor":{
        "0":0.0778564206,
        "1":0.0824115044,
        "2":0.0762886598,
        "3":0.0796943231,
        "4":0.0794701987
    },
    "Activity":{
        "0":0.2252851711,
        "1":0.2219917012,
        "2":0.2336734694,
        "3":0.2259941804,
        "4":0.227032735
    },
    "Activity Data":{
        "0":0.1155234657,
        "1":0.1217360621,
        "2":0.118508191,
        "3":0.1155644623,
        "4":0.1266743207
    },
    "Further Specification":{
        "0":0.23885918,
        "1":0.2421602787,
        "2":0.2484567901,
        "3":0.2424749164,
        "4":0.2778947368
    },
    "XOR Gateway":{
        "0":0.0709459459,
        "1":0.0895522388,
        "2":0.0884615385,
        "3":0.0885608856,
        "4":0.0576923077
    },
    "Condition Specification":{
        "0":0.2251867663,
        "1":0.2307692308,
        "2":0.2119129439,
        "3":0.1955684008,
        "4":0.2181372549
    },
    "AND Gateway":{
        "0":0.4054054054,
        "1":0.4137931034,
        "2":0.3333333333,
        "3":0.3103448276,
        "4":0.3170731707
    },
    "All":{
        "0":0.1030601922,
        "1":0.1070090215,
        "2":0.1062681064,
        "3":0.1032978314,
        "4":0.1102304418
    }
}