{
    "Actor":{
        "0":0.1582581931
    },
    "Activity":{
        "0":0.4763926915
    },
    "Activity Data":{
        "0":0.2512025133
    },
    "Further Specification":{
        "0":0.5085807821
    },
    "XOR Gateway":{
        "0":0.1624514326
    },
    "Condition Specification":{
        "0":0.4579025136
    },
    "AND Gateway":{
        "0":0.7885180995
    },
    "All":{
        "0":0.2228269251
    }
}