{
    "Actor":{
        "0":0.0968165874
    },
    "Activity":{
        "0":0.2872945266
    },
    "Activity Data":{
        "0":0.1524644822
    },
    "Further Specification":{
        "0":0.2882947048
    },
    "XOR Gateway":{
        "0":0.1008066819
    },
    "Condition Specification":{
        "0":0.2809784783
    },
    "AND Gateway":{
        "0":0.490942029
    },
    "All":{
        "0":0.1336631251
    }
}