{
    "Actor":{
        "0":0.0467824842
    },
    "Activity":{
        "0":0.1312386076
    },
    "Activity Data":{
        "0":0.0701783038
    },
    "Further Specification":{
        "0":0.1387351155
    },
    "XOR Gateway":{
        "0":0.0475244896
    },
    "Condition Specification":{
        "0":0.1247648492
    },
    "AND Gateway":{
        "0":0.2135416667
    },
    "All":{
        "0":0.0603758805
    }
}