{
    "Actor":{
        "0":0.0958199357,
        "1":0.0982142857,
        "2":0.0993243243,
        "3":0.11640625,
        "4":0.1053511706
    },
    "Activity":{
        "0":0.2857142857,
        "1":0.2754569191,
        "2":0.2996057819,
        "3":0.3186206897,
        "4":0.2977839335
    },
    "Activity Data":{
        "0":0.1470215463,
        "1":0.1498046027,
        "2":0.1530474041,
        "3":0.1637231504,
        "4":0.1720207254
    },
    "Further Specification":{
        "0":0.2989010989,
        "1":0.2848484848,
        "2":0.2857142857,
        "3":0.3562653563,
        "4":0.3616438356
    },
    "XOR Gateway":{
        "0":0.0887850467,
        "1":0.1170731707,
        "2":0.1206030151,
        "3":0.1256544503,
        "4":0.0724637681
    },
    "Condition Specification":{
        "0":0.2865013774,
        "1":0.3018181818,
        "2":0.2685050798,
        "3":0.2708058124,
        "4":0.2670713202
    },
    "AND Gateway":{
        "0":0.52,
        "1":0.6086956522,
        "2":0.380952381,
        "3":0.45,
        "4":0.4838709677
    },
    "All":{
        "0":0.1314592135,
        "1":0.1329768886,
        "2":0.1362025316,
        "3":0.1464840183,
        "4":0.1465753425
    }
}