{
    "Actor":{
        "0":0.1539278132,
        "1":0.1607981221,
        "2":0.1602708804,
        "3":0.1600441501,
        "4":0.15625
    },
    "Activity":{
        "0":0.4583333333,
        "1":0.465631929,
        "2":0.4892241379,
        "3":0.4791666667,
        "4":0.4896073903
    },
    "Activity Data":{
        "0":0.2433566434,
        "1":0.2526002972,
        "2":0.2568389058,
        "3":0.2343642612,
        "4":0.268852459
    },
    "Further Specification":{
        "0":0.4318181818,
        "1":0.5055350554,
        "2":0.5162337662,
        "3":0.4865771812,
        "4":0.602739726
    },
    "XOR Gateway":{
        "0":0.1366906475,
        "1":0.1900826446,
        "2":0.185483871,
        "3":0.1833333333,
        "4":0.1166666667
    },
    "Condition Specification":{
        "0":0.4291666667,
        "1":0.4954954955,
        "2":0.4584382872,
        "3":0.4282700422,
        "4":0.4781420765
    },
    "AND Gateway":{
        "0":0.7647058824,
        "1":1.0,
        "2":0.6153846154,
        "3":0.75,
        "4":0.8125
    },
    "All":{
        "0":0.2112565445,
        "1":0.2256349675,
        "2":0.2289053592,
        "3":0.2136181575,
        "4":0.2347195967
    }
}