{
    "Actor":{
        "0":0.1429466818
    },
    "Activity":{
        "0":0.4218391839
    },
    "Activity Data":{
        "0":0.2242247698
    },
    "Further Specification":{
        "0":0.4119702889
    },
    "XOR Gateway":{
        "0":0.1466287846
    },
    "Condition Specification":{
        "0":0.3956436969
    },
    "AND Gateway":{
        "0":0.7232708468
    },
    "All":{
        "0":0.1962212963
    }
}