{
    "Actor":{
        "0":0.1288888889,
        "1":0.1421161826,
        "2":0.1463917526,
        "3":0.1452905812,
        "4":0.1470588235
    },
    "Activity":{
        "0":0.3969072165,
        "1":0.4069767442,
        "2":0.454,
        "3":0.423572744,
        "4":0.422310757
    },
    "Activity Data":{
        "0":0.202443281,
        "1":0.2230971129,
        "2":0.2339100346,
        "3":0.2178913738,
        "4":0.2431430689
    },
    "Further Specification":{
        "0":0.3643835616,
        "1":0.4659863946,
        "2":0.4622093023,
        "3":0.3152173913,
        "4":0.4520547945
    },
    "XOR Gateway":{
        "0":0.1210191083,
        "1":0.1654676259,
        "2":0.171641791,
        "3":0.1705426357,
        "4":0.0909090909
    },
    "Condition Specification":{
        "0":0.3872180451,
        "1":0.4166666667,
        "2":0.3922413793,
        "3":0.4159836066,
        "4":0.3661087866
    },
    "AND Gateway":{
        "0":0.7647058824,
        "1":0.9230769231,
        "2":0.6666666667,
        "3":0.6428571429,
        "4":0.619047619
    },
    "All":{
        "0":0.1794529686,
        "1":0.1986479459,
        "2":0.2075471698,
        "3":0.1906123421,
        "4":0.2043335162
    }
}