{
    "Actor":{
        "0":0.095646438,
        "1":0.1123872026,
        "2":0.1095679012,
        "3":0.1201325601,
        "4":0.1017915309
    },
    "Activity":{
        "0":0.2984496124,
        "1":0.3101920236,
        "2":0.3372956909,
        "3":0.3407407407,
        "4":0.3050359712
    },
    "Activity Data":{
        "0":0.1510416667,
        "1":0.1660967269,
        "2":0.1774278215,
        "3":0.1741573034,
        "4":0.1700362882
    },
    "Further Specification":{
        "0":0.3009049774,
        "1":0.3774104683,
        "2":0.3017077799,
        "3":0.3444180523,
        "4":0.3707865169
    },
    "XOR Gateway":{
        "0":0.0887850467,
        "1":0.1292134831,
        "2":0.1314285714,
        "3":0.1271676301,
        "4":0.07
    },
    "Condition Specification":{
        "0":0.2897327707,
        "1":0.3409090909,
        "2":0.3267504488,
        "3":0.3166926677,
        "4":0.2675840979
    },
    "AND Gateway":{
        "0":0.619047619,
        "1":0.6,
        "2":0.4210526316,
        "3":0.3913043478,
        "4":0.40625
    },
    "All":{
        "0":0.1349047141,
        "1":0.1531676022,
        "2":0.1558618012,
        "3":0.156924284,
        "4":0.1462504908
    }
}