{
    "Actor":{
        "0":0.1295799821,
        "1":0.1366336634,
        "2":0.1321626617,
        "3":0.1421663443,
        "4":0.1288032454
    },
    "Activity":{
        "0":0.3902027027,
        "1":0.3747779751,
        "2":0.3958333333,
        "3":0.3911564626,
        "4":0.406779661
    },
    "Activity Data":{
        "0":0.2032239493,
        "1":0.2070645554,
        "2":0.2119122257,
        "3":0.208131068,
        "4":0.2190412783
    },
    "Further Specification":{
        "0":0.4907749077,
        "1":0.4189602446,
        "2":0.3319502075,
        "3":0.4620253165,
        "4":0.476534296
    },
    "XOR Gateway":{
        "0":0.1165644172,
        "1":0.1513157895,
        "2":0.1568627451,
        "3":0.1476510067,
        "4":0.0886075949
    },
    "Condition Specification":{
        "0":0.3935361217,
        "1":0.375,
        "2":0.4084821429,
        "3":0.3349834983,
        "4":0.3888888889
    },
    "AND Gateway":{
        "0":0.52,
        "1":0.6666666667,
        "2":0.4444444444,
        "3":0.45,
        "4":0.56
    },
    "All":{
        "0":0.1824949244,
        "1":0.1840077071,
        "2":0.1846577859,
        "3":0.1839027746,
        "4":0.190633749
    }
}