{
    "Actor":{
        "0":0.1151750973,
        "1":0.128372093,
        "2":0.1287128713,
        "3":0.1259574468,
        "4":0.1312820513
    },
    "Activity":{
        "0":0.3309557775,
        "1":0.3642611684,
        "2":0.3762376238,
        "3":0.3453453453,
        "4":0.3758865248
    },
    "Activity Data":{
        "0":0.1799379524,
        "1":0.1988338192,
        "2":0.2019058964,
        "3":0.1795275591,
        "4":0.2110682111
    },
    "Further Specification":{
        "0":0.3375,
        "1":0.4041297935,
        "2":0.4509803922,
        "3":0.3229398664,
        "4":0.4203821656
    },
    "XOR Gateway":{
        "0":0.0945273632,
        "1":0.1377245509,
        "2":0.1306818182,
        "3":0.1341463415,
        "4":0.0875
    },
    "Condition Specification":{
        "0":0.3366013072,
        "1":0.3873239437,
        "2":0.3170731707,
        "3":0.3327868852,
        "4":0.344488189
    },
    "AND Gateway":{
        "0":0.4814814815,
        "1":0.7058823529,
        "2":0.4705882353,
        "3":0.4090909091,
        "4":0.619047619
    },
    "All":{
        "0":0.1565891473,
        "1":0.1770423513,
        "2":0.1776548673,
        "3":0.1606892406,
        "4":0.1818847656
    }
}