{
    "Actor":{
        "0":0.0882684577
    },
    "Activity":{
        "0":0.2551950463
    },
    "Activity Data":{
        "0":0.1363148178
    },
    "Further Specification":{
        "0":0.2723638025
    },
    "XOR Gateway":{
        "0":0.0915757856
    },
    "Condition Specification":{
        "0":0.2429102523
    },
    "AND Gateway":{
        "0":0.4291666667
    },
    "All":{
        "0":0.1195415645
    }
}