{
    "Actor":{
        "0":0.0307749351,
        "1":0.0320432792,
        "2":0.0320284698,
        "3":0.0344248531,
        "4":0.0333784393
    },
    "Activity":{
        "0":0.0866666667,
        "1":0.084496124,
        "2":0.0888382688,
        "3":0.0906696764,
        "4":0.0895883777
    },
    "Activity Data":{
        "0":0.0448015583,
        "1":0.0477314451,
        "2":0.0469745223,
        "3":0.0475250132,
        "4":0.050901687
    },
    "Further Specification":{
        "0":0.0891025641,
        "1":0.0944233207,
        "2":0.0936819172,
        "3":0.0859465738,
        "4":0.1100628931
    },
    "XOR Gateway":{
        "0":0.0303030303,
        "1":0.0338983051,
        "2":0.0384615385,
        "3":0.0378787879,
        "4":0.0260869565
    },
    "Condition Specification":{
        "0":0.0823754789,
        "1":0.0905797101,
        "2":0.0844155844,
        "3":0.081186573,
        "4":0.0840220386
    },
    "AND Gateway":{
        "0":0.1354166667,
        "1":0.1666666667,
        "2":0.125,
        "3":0.125,
        "4":0.1458333333
    },
    "All":{
        "0":0.0385294664,
        "1":0.0404103202,
        "2":0.0405499305,
        "3":0.0407307577,
        "4":0.042276964
    }
}