{
    "Actor":{
        "0":0.1052249637,
        "1":0.1049004594,
        "2":0.1099922541,
        "3":0.1298119964,
        "4":0.1123090746
    },
    "Activity":{
        "0":0.3221757322,
        "1":0.3074670571,
        "2":0.3460365854,
        "3":0.3605015674,
        "4":0.3419354839
    },
    "Activity Data":{
        "0":0.1711756026,
        "1":0.1667484061,
        "2":0.1770560503,
        "3":0.1889196676,
        "4":0.1939680662
    },
    "Further Specification":{
        "0":0.3078703704,
        "1":0.3269689737,
        "2":0.3305613306,
        "3":0.3961748634,
        "4":0.3771428571
    },
    "XOR Gateway":{
        "0":0.095959596,
        "1":0.1263736264,
        "2":0.132183908,
        "3":0.1375,
        "4":0.0833333333
    },
    "Condition Specification":{
        "0":0.3020527859,
        "1":0.3306613226,
        "2":0.3321167883,
        "3":0.3316993464,
        "4":0.3837719298
    },
    "AND Gateway":{
        "0":0.5,
        "1":0.6666666667,
        "2":0.5333333333,
        "3":0.6428571429,
        "4":0.5416666667
    },
    "All":{
        "0":0.1476399561,
        "1":0.1484648271,
        "2":0.1582577848,
        "3":0.1697792869,
        "4":0.1684758028
    }
}