{
    "Actor":{
        "0":0.1141303215
    },
    "Activity":{
        "0":0.3380303357
    },
    "Activity Data":{
        "0":0.1805478696
    },
    "Further Specification":{
        "0":0.351204875
    },
    "XOR Gateway":{
        "0":0.1186599942
    },
    "Condition Specification":{
        "0":0.3376293885
    },
    "AND Gateway":{
        "0":0.5902380952
    },
    "All":{
        "0":0.1588526147
    }
}