{
    "Actor":{
        "0":0.0901442308,
        "1":0.0966887417,
        "2":0.0898876404,
        "3":0.0977690289,
        "4":0.0912280702
    },
    "Activity":{
        "0":0.2654462243,
        "1":0.2675879397,
        "2":0.2741545894,
        "3":0.2739079103,
        "4":0.2663316583
    },
    "Activity Data":{
        "0":0.1393213573,
        "1":0.1444771105,
        "2":0.1435165757,
        "3":0.14232826,
        "4":0.1498415573
    },
    "Further Specification":{
        "0":0.2607003891,
        "1":0.2709551657,
        "2":0.2829525483,
        "3":0.2725598527,
        "4":0.3211678832
    },
    "XOR Gateway":{
        "0":0.0905172414,
        "1":0.1074766355,
        "2":0.1165919283,
        "3":0.1111111111,
        "4":0.064516129
    },
    "Condition Specification":{
        "0":0.2610899873,
        "1":0.2969588551,
        "2":0.2513736264,
        "3":0.2589285714,
        "4":0.260804769
    },
    "AND Gateway":{
        "0":0.4814814815,
        "1":0.6315789474,
        "2":0.347826087,
        "3":0.4285714286,
        "4":0.5172413793
    },
    "All":{
        "0":0.1226343679,
        "1":0.1278371162,
        "2":0.1269666457,
        "3":0.1263174453,
        "4":0.129732546
    }
}