{
    "Actor":{
        "0":0.0679793718,
        "1":0.069507864,
        "2":0.0703666997,
        "3":0.0711481845,
        "4":0.0657894737
    },
    "Activity":{
        "0":0.2053333333,
        "1":0.1944444444,
        "2":0.2109665428,
        "3":0.201048951,
        "4":0.2064264849
    },
    "Activity Data":{
        "0":0.1065197429,
        "1":0.1078338091,
        "2":0.1091731266,
        "3":0.103742014,
        "4":0.1125986955
    },
    "Further Specification":{
        "0":0.2353982301,
        "1":0.2302521008,
        "2":0.2105960265,
        "3":0.2269170579,
        "4":0.2519083969
    },
    "XOR Gateway":{
        "0":0.0605095541,
        "1":0.0721003135,
        "2":0.0790378007,
        "3":0.0782918149,
        "4":0.049122807
    },
    "Condition Specification":{
        "0":0.1950757576,
        "1":0.1829268293,
        "2":0.1959095802,
        "3":0.1865808824,
        "4":0.1972942503
    },
    "AND Gateway":{
        "0":0.3513513514,
        "1":0.3529411765,
        "2":0.2580645161,
        "3":0.2727272727,
        "4":0.3095238095
    },
    "All":{
        "0":0.094974697,
        "1":0.094859697,
        "2":0.0979746218,
        "3":0.0940070505,
        "4":0.0983109
    }
}