{
    "Actor":{
        "0":0.0621189693
    },
    "Activity":{
        "0":0.1828369285
    },
    "Activity Data":{
        "0":0.0974580226
    },
    "Further Specification":{
        "0":0.2017875188
    },
    "XOR Gateway":{
        "0":0.0625645375
    },
    "Condition Specification":{
        "0":0.1767263839
    },
    "AND Gateway":{
        "0":0.2936771644
    },
    "All":{
        "0":0.0865640785
    }
}