{
    "Actor":{
        "0":0.5745341615,
        "1":0.5931428571,
        "2":0.5534591195,
        "3":0.5671806167,
        "4":0.5438996579
    },
    "Activity":{
        "0":0.6756756757,
        "1":0.6571936057,
        "2":0.6597222222,
        "3":0.6428571429,
        "4":0.6723163842
    },
    "Activity Data":{
        "0":0.6179577465,
        "1":0.6270236613,
        "2":0.6075544174,
        "3":0.5997513984,
        "4":0.623227549
    },
    "Further Specification":{
        "0":0.8708487085,
        "1":0.7584097859,
        "2":0.5850622407,
        "3":0.832278481,
        "4":0.7292418773
    },
    "XOR Gateway":{
        "0":0.6075949367,
        "1":0.6266666667,
        "2":0.625,
        "3":0.6515151515,
        "4":0.5454545455
    },
    "Condition Specification":{
        "0":0.7566539924,
        "1":0.6788154897,
        "2":0.7785234899,
        "3":0.6446280992,
        "4":0.728285078
    },
    "AND Gateway":{
        "0":0.6,
        "1":0.6666666667,
        "2":0.6363636364,
        "3":0.5333333333,
        "4":0.6875
    },
    "All":{
        "0":0.6322751323,
        "1":0.63,
        "2":0.6026264591,
        "3":0.6089603117,
        "4":0.6146170442
    }
}