{
    "Actor":{
        "0":0.3777670622
    },
    "Activity":{
        "0":0.4399675207
    },
    "Activity Data":{
        "0":0.4116550955
    },
    "Further Specification":{
        "0":0.4812147899
    },
    "XOR Gateway":{
        "0":0.4224944054
    },
    "Condition Specification":{
        "0":0.4678751869
    },
    "AND Gateway":{
        "0":0.5385714286
    },
    "All":{
        "0":0.4111433572
    }
}