{
    "Actor":{
        "0":0.5376273361
    },
    "Activity":{
        "0":0.6147746456
    },
    "Activity Data":{
        "0":0.579163207
    },
    "Further Specification":{
        "0":0.6816859607
    },
    "XOR Gateway":{
        "0":0.5472168285
    },
    "Condition Specification":{
        "0":0.6522675272
    },
    "AND Gateway":{
        "0":0.6167207792
    },
    "All":{
        "0":0.5776313096
    }
}