{
    "Actor":{
        "0":0.2947509674
    },
    "Activity":{
        "0":0.3458683982
    },
    "Activity Data":{
        "0":0.3172526063
    },
    "Further Specification":{
        "0":0.4010185099
    },
    "XOR Gateway":{
        "0":0.325072965
    },
    "Condition Specification":{
        "0":0.3625581687
    },
    "AND Gateway":{
        "0":0.3765006594
    },
    "All":{
        "0":0.3209851623
    }
}