{
    "Actor":{
        "0":0.3977823978,
        "1":0.4151376147,
        "2":0.3839031339,
        "3":0.4027047333,
        "4":0.3893735131
    },
    "Activity":{
        "0":0.4679633867,
        "1":0.4874371859,
        "2":0.4637681159,
        "3":0.4687131051,
        "4":0.459798995
    },
    "Activity Data":{
        "0":0.4402924452,
        "1":0.4389721627,
        "2":0.4200426439,
        "3":0.4256302521,
        "4":0.4411223551
    },
    "Further Specification":{
        "0":0.486381323,
        "1":0.5029239766,
        "2":0.5096660808,
        "3":0.5009208103,
        "4":0.4914841849
    },
    "XOR Gateway":{
        "0":0.4495412844,
        "1":0.4272727273,
        "2":0.504587156,
        "3":0.4489795918,
        "4":0.4117647059
    },
    "Condition Specification":{
        "0":0.5069708492,
        "1":0.5619389587,
        "2":0.4944903581,
        "3":0.5012787724,
        "4":0.4925373134
    },
    "AND Gateway":{
        "0":0.6315789474,
        "1":0.6666666667,
        "2":0.5,
        "3":0.5714285714,
        "4":0.7
    },
    "All":{
        "0":0.4347826087,
        "1":0.4504792332,
        "2":0.4255212677,
        "3":0.4336947456,
        "4":0.4308060361
    }
}