{
    "Actor":{
        "0":0.3223045071
    },
    "Activity":{
        "0":0.3790829877
    },
    "Activity Data":{
        "0":0.3479184682
    },
    "Further Specification":{
        "0":0.430596157
    },
    "XOR Gateway":{
        "0":0.3530053632
    },
    "Condition Specification":{
        "0":0.402660089
    },
    "AND Gateway":{
        "0":0.4217676876
    },
    "All":{
        "0":0.3516624512
    }
}