{
    "Actor":{
        "0":0.3410942957,
        "1":0.3483788938,
        "2":0.3270477313,
        "3":0.3383458647,
        "4":0.3417290674
    },
    "Activity":{
        "0":0.4020912548,
        "1":0.403526971,
        "2":0.4030612245,
        "3":0.3821532493,
        "4":0.3896515312
    },
    "Activity Data":{
        "0":0.3755852843,
        "1":0.3794594595,
        "2":0.3469026549,
        "3":0.3425357873,
        "4":0.3795791115
    },
    "Further Specification":{
        "0":0.4367201426,
        "1":0.4512195122,
        "2":0.4490740741,
        "3":0.4464882943,
        "4":0.4273684211
    },
    "XOR Gateway":{
        "0":0.3617021277,
        "1":0.3430656934,
        "2":0.406504065,
        "3":0.3692307692,
        "4":0.3606557377
    },
    "Condition Specification":{
        "0":0.4418356457,
        "1":0.4283746556,
        "2":0.4098737084,
        "3":0.3903381643,
        "4":0.4090909091
    },
    "AND Gateway":{
        "0":0.5517241379,
        "1":0.4347826087,
        "2":0.5,
        "3":0.380952381,
        "4":0.3793103448
    },
    "All":{
        "0":0.3741249327,
        "1":0.3789131719,
        "2":0.3577815032,
        "3":0.354526889,
        "4":0.3695110557
    }
}