{
    "Actor":{
        "0":0.0888034398
    },
    "Activity":{
        "0":0.1049136294
    },
    "Activity Data":{
        "0":0.1018581308
    },
    "Further Specification":{
        "0":0.1158723631
    },
    "XOR Gateway":{
        "0":0.0889840715
    },
    "Condition Specification":{
        "0":0.1056150783
    },
    "AND Gateway":{
        "0":0.1168201495
    },
    "All":{
        "0":0.0977456484
    }
}