{
    "Actor":{
        "0":0.4790457128
    },
    "Activity":{
        "0":0.5694317922
    },
    "Activity Data":{
        "0":0.5274424786
    },
    "Further Specification":{
        "0":0.6040364832
    },
    "XOR Gateway":{
        "0":0.5425214072
    },
    "Condition Specification":{
        "0":0.635471901
    },
    "AND Gateway":{
        "0":0.7396491228
    },
    "All":{
        "0":0.5291432603
    }
}