{
    "Actor":{
        "0":0.5062166963,
        "1":0.5586353945,
        "2":0.5499485067,
        "3":0.5101842871,
        "4":0.5631517961
    },
    "Activity":{
        "0":0.5834522111,
        "1":0.647766323,
        "2":0.6320132013,
        "3":0.5705705706,
        "4":0.640070922
    },
    "Activity Data":{
        "0":0.5647805394,
        "1":0.6067816776,
        "2":0.5822249093,
        "3":0.5295698925,
        "4":0.6124590164
    },
    "Further Specification":{
        "0":0.6125,
        "1":0.7581120944,
        "2":0.8011204482,
        "3":0.5902004454,
        "4":0.6464968153
    },
    "XOR Gateway":{
        "0":0.48,
        "1":0.5465116279,
        "2":0.5977011494,
        "3":0.5443037975,
        "4":0.5675675676
    },
    "Condition Specification":{
        "0":0.6503267974,
        "1":0.7028301887,
        "2":0.6136363636,
        "3":0.6403940887,
        "4":0.6541501976
    },
    "AND Gateway":{
        "0":0.5454545455,
        "1":0.7142857143,
        "2":0.6363636364,
        "3":0.5,
        "4":0.6875
    },
    "All":{
        "0":0.5515251443,
        "1":0.6129429134,
        "2":0.5890089244,
        "3":0.5375796178,
        "4":0.5970999482
    }
}