{
    "Actor":{
        "0":0.4928952043,
        "1":0.5533049041,
        "2":0.54376931,
        "3":0.4995150339,
        "4":0.5527230591
    },
    "Activity":{
        "0":0.5706134094,
        "1":0.6357388316,
        "2":0.6270627063,
        "3":0.5675675676,
        "4":0.6329787234
    },
    "Activity Data":{
        "0":0.5568482285,
        "1":0.5990481856,
        "2":0.5737605804,
        "3":0.5188172043,
        "4":0.6052459016
    },
    "Further Specification":{
        "0":0.59,
        "1":0.7315634218,
        "2":0.7899159664,
        "3":0.5857461024,
        "4":0.6433121019
    },
    "XOR Gateway":{
        "0":0.48,
        "1":0.5465116279,
        "2":0.5747126437,
        "3":0.5443037975,
        "4":0.5675675676
    },
    "Condition Specification":{
        "0":0.6503267974,
        "1":0.7028301887,
        "2":0.6083916084,
        "3":0.6403940887,
        "4":0.6462450593
    },
    "AND Gateway":{
        "0":0.5454545455,
        "1":0.7142857143,
        "2":0.6363636364,
        "3":0.5,
        "4":0.6875
    },
    "All":{
        "0":0.5418384171,
        "1":0.6045767717,
        "2":0.5819633631,
        "3":0.5309978769,
        "4":0.5901087519
    }
}