{
    "Actor":{
        "0":0.4195011338,
        "1":0.4924098672,
        "2":0.4664310954,
        "3":0.4876893939,
        "4":0.4380165289
    },
    "Activity":{
        "0":0.5167958656,
        "1":0.5465288035,
        "2":0.5646359584,
        "3":0.56,
        "4":0.5136690647
    },
    "Activity Data":{
        "0":0.4653115334,
        "1":0.5019940179,
        "2":0.5066737854,
        "3":0.5026041667,
        "4":0.486814346
    },
    "Further Specification":{
        "0":0.5339366516,
        "1":0.6831955923,
        "2":0.5351043643,
        "3":0.6247030879,
        "4":0.5674157303
    },
    "XOR Gateway":{
        "0":0.4752475248,
        "1":0.5280898876,
        "2":0.6024096386,
        "3":0.5243902439,
        "4":0.4375
    },
    "Condition Specification":{
        "0":0.5597749648,
        "1":0.6182572614,
        "2":0.6258992806,
        "3":0.609375,
        "4":0.5007656968
    },
    "AND Gateway":{
        "0":0.75,
        "1":0.5882352941,
        "2":0.6363636364,
        "3":0.5,
        "4":0.5
    },
    "All":{
        "0":0.4669626998,
        "1":0.5241040956,
        "2":0.5104016478,
        "3":0.51995842,
        "4":0.4741002704
    }
}