{
    "Actor":{
        "0":0.4346182918,
        "1":0.5066413662,
        "2":0.4770318021,
        "3":0.4933712121,
        "4":0.4490358127
    },
    "Activity":{
        "0":0.5310077519,
        "1":0.5583456425,
        "2":0.5780089153,
        "3":0.5688888889,
        "4":0.528057554
    },
    "Activity Data":{
        "0":0.4728236854,
        "1":0.5124626122,
        "2":0.5152162306,
        "3":0.5145833333,
        "4":0.4957805907
    },
    "Further Specification":{
        "0":0.5475113122,
        "1":0.6887052342,
        "2":0.5351043643,
        "3":0.6437054632,
        "4":0.5674157303
    },
    "XOR Gateway":{
        "0":0.4752475248,
        "1":0.5505617978,
        "2":0.6144578313,
        "3":0.5487804878,
        "4":0.4479166667
    },
    "Condition Specification":{
        "0":0.5639943741,
        "1":0.6286307054,
        "2":0.631294964,
        "3":0.6125,
        "4":0.5145482389
    },
    "AND Gateway":{
        "0":0.75,
        "1":0.5882352941,
        "2":0.6363636364,
        "3":0.5,
        "4":0.5
    },
    "All":{
        "0":0.4770870337,
        "1":0.5341296928,
        "2":0.5186405767,
        "3":0.5293139293,
        "4":0.4838776784
    }
}