{
    "Actor":{
        "0":0.3977802785
    },
    "Activity":{
        "0":0.4695361577
    },
    "Activity Data":{
        "0":0.4332119718
    },
    "Further Specification":{
        "0":0.4982752751
    },
    "XOR Gateway":{
        "0":0.4484290931
    },
    "Condition Specification":{
        "0":0.5114432504
    },
    "AND Gateway":{
        "0":0.6139348371
    },
    "All":{
        "0":0.4350567783
    }
}