{
    "Actor":{
        "0":0.6806145699
    },
    "Activity":{
        "0":0.8098468598
    },
    "Activity Data":{
        "0":0.7401613582
    },
    "Further Specification":{
        "0":0.8816731209
    },
    "XOR Gateway":{
        "0":0.7668130483
    },
    "Condition Specification":{
        "0":0.8688425894
    },
    "AND Gateway":{
        "0":0.975
    },
    "All":{
        "0":0.7466584242
    }
}