{
    "Actor":{
        "0":0.3183540877,
        "1":0.3228985507,
        "2":0.3139140271,
        "3":0.2984822934,
        "4":0.3045292014
    },
    "Activity":{
        "0":0.3795555556,
        "1":0.3666666667,
        "2":0.3726765799,
        "3":0.347027972,
        "4":0.3661148978
    },
    "Activity Data":{
        "0":0.355721393,
        "1":0.3452188006,
        "2":0.3332239002,
        "3":0.3179136914,
        "4":0.3473720849
    },
    "Further Specification":{
        "0":0.4353982301,
        "1":0.4369747899,
        "2":0.3814569536,
        "3":0.4334898279,
        "4":0.393129771
    },
    "XOR Gateway":{
        "0":0.3428571429,
        "1":0.3018867925,
        "2":0.3424657534,
        "3":0.3333333333,
        "4":0.3407407407
    },
    "Condition Specification":{
        "0":0.3929924242,
        "1":0.362625139,
        "2":0.3844492441,
        "3":0.3720073665,
        "4":0.384180791
    },
    "AND Gateway":{
        "0":0.4285714286,
        "1":0.3448275862,
        "2":0.4736842105,
        "3":0.347826087,
        "4":0.3928571429
    },
    "All":{
        "0":0.3508837909,
        "1":0.3456154253,
        "2":0.3362202689,
        "3":0.3263932178,
        "4":0.3386013986
    }
}