{
    "Actor":{
        "0":0.1383928571,
        "1":0.143950263,
        "2":0.1390773406,
        "3":0.1462241462,
        "4":0.1434405309
    },
    "Activity":{
        "0":0.1670175439,
        "1":0.1647286822,
        "2":0.1640091116,
        "3":0.1666666667,
        "4":0.1694915254
    },
    "Activity Data":{
        "0":0.1566220238,
        "1":0.1655948553,
        "2":0.1534519957,
        "3":0.1565860215,
        "4":0.161643026
    },
    "Further Specification":{
        "0":0.1769230769,
        "1":0.1888466413,
        "2":0.1840958606,
        "3":0.1742160279,
        "4":0.1816037736
    },
    "XOR Gateway":{
        "0":0.1397849462,
        "1":0.1361111111,
        "2":0.1578947368,
        "3":0.1503267974,
        "4":0.1543209877
    },
    "Condition Specification":{
        "0":0.1697318008,
        "1":0.1765316719,
        "2":0.1783854167,
        "3":0.1697965571,
        "4":0.1680478821
    },
    "AND Gateway":{
        "0":0.1666666667,
        "1":0.1666666667,
        "2":0.2142857143,
        "3":0.1666666667,
        "4":0.1818181818
    },
    "All":{
        "0":0.1524812179,
        "1":0.1601652893,
        "2":0.1534533586,
        "3":0.1543837357,
        "4":0.1562536769
    }
}