{
    "Actor":{
        "0":0.3846153846,
        "1":0.3967889908,
        "2":0.3760683761,
        "3":0.3869271225,
        "4":0.3782712133
    },
    "Activity":{
        "0":0.4576659039,
        "1":0.4648241206,
        "2":0.4589371981,
        "3":0.4462809917,
        "4":0.4484924623
    },
    "Activity Data":{
        "0":0.4277010561,
        "1":0.4312633833,
        "2":0.4046908316,
        "3":0.4054621849,
        "4":0.4245630175
    },
    "Further Specification":{
        "0":0.4591439689,
        "1":0.4834307992,
        "2":0.4956063269,
        "3":0.4843462247,
        "4":0.4914841849
    },
    "XOR Gateway":{
        "0":0.4403669725,
        "1":0.4272727273,
        "2":0.4587155963,
        "3":0.4387755102,
        "4":0.4117647059
    },
    "Condition Specification":{
        "0":0.5044359949,
        "1":0.5350089767,
        "2":0.479338843,
        "3":0.4987212276,
        "4":0.4880597015
    },
    "AND Gateway":{
        "0":0.6315789474,
        "1":0.6666666667,
        "2":0.5,
        "3":0.5714285714,
        "4":0.55
    },
    "All":{
        "0":0.4233494364,
        "1":0.4361022364,
        "2":0.4133444537,
        "3":0.4171809842,
        "4":0.4193963931
    }
}