{
    "Actor":{
        "0":0.5766045549,
        "1":0.5988571429,
        "2":0.5597484277,
        "3":0.5737885463,
        "4":0.5598631699
    },
    "Activity":{
        "0":0.6773648649,
        "1":0.6607460036,
        "2":0.671875,
        "3":0.6530612245,
        "4":0.6873822976
    },
    "Activity Data":{
        "0":0.6296948357,
        "1":0.6363636364,
        "2":0.6133162612,
        "3":0.6121814792,
        "4":0.6333558406
    },
    "Further Specification":{
        "0":0.8708487085,
        "1":0.7584097859,
        "2":0.5933609959,
        "3":0.8417721519,
        "4":0.7292418773
    },
    "XOR Gateway":{
        "0":0.6329113924,
        "1":0.6266666667,
        "2":0.625,
        "3":0.6515151515,
        "4":0.5454545455
    },
    "Condition Specification":{
        "0":0.7642585551,
        "1":0.6856492027,
        "2":0.7874720358,
        "3":0.6446280992,
        "4":0.7305122494
    },
    "AND Gateway":{
        "0":0.6,
        "1":0.6666666667,
        "2":0.6363636364,
        "3":0.5333333333,
        "4":0.6875
    },
    "All":{
        "0":0.6392496392,
        "1":0.6364102564,
        "2":0.6094357977,
        "3":0.6172388605,
        "4":0.6245954693
    }
}