{
    "Actor":{
        "0":0.3393191706
    },
    "Activity":{
        "0":0.3960968461
    },
    "Activity Data":{
        "0":0.3648124595
    },
    "Further Specification":{
        "0":0.4421740888
    },
    "XOR Gateway":{
        "0":0.3682316786
    },
    "Condition Specification":{
        "0":0.4159026166
    },
    "AND Gateway":{
        "0":0.4493538945
    },
    "All":{
        "0":0.3669715105
    }
}