{
    "Actor":{
        "0":0.0899814471,
        "1":0.0896047998,
        "2":0.0860984335,
        "3":0.0864489046,
        "4":0.0918836141
    },
    "Activity":{
        "0":0.1035406699,
        "1":0.1050739958,
        "2":0.1085110789,
        "3":0.1017853478,
        "4":0.1056570548
    },
    "Activity Data":{
        "0":0.1046401515,
        "1":0.1042823736,
        "2":0.0984848485,
        "3":0.0982404692,
        "4":0.1036428111
    },
    "Further Specification":{
        "0":0.1185314685,
        "1":0.120290356,
        "2":0.1182412359,
        "3":0.114665822,
        "4":0.1076329331
    },
    "XOR Gateway":{
        "0":0.0850439883,
        "1":0.0878787879,
        "2":0.1004784689,
        "3":0.0873440285,
        "4":0.0841750842
    },
    "Condition Specification":{
        "0":0.1072100313,
        "1":0.1053525913,
        "2":0.1058238636,
        "3":0.1079812207,
        "4":0.1017076846
    },
    "AND Gateway":{
        "0":0.1287878788,
        "1":0.1090909091,
        "2":0.1168831169,
        "3":0.1136363636,
        "4":0.1157024793
    },
    "All":{
        "0":0.0986735684,
        "1":0.0994740796,
        "2":0.0965944984,
        "3":0.0960494398,
        "4":0.0979366556
    }
}