{
    "Bleu Score":{
        "0":2.676152561e-30,
        "1":1.247668693e-30,
        "2":1.773151905e-30,
        "3":3.151108722e-34,
        "4":6.391429681e-27
    }
}