{
    "Bleu Score":{
        "0":0.0,
        "1":1.432396688e-17,
        "2":0.0000000006,
        "3":0.1391381514,
        "4":0.0021992757
    }
}