{
    "Bleu Score":{
        "0":0.0228216512,
        "1":0.0003447932,
        "2":0.0,
        "3":0.0023524018,
        "4":0.1030316444
    }
}