{
    "Actor":{
        "0":0.1082897685,
        "1":0.1065318818,
        "2":0.1017191977,
        "3":0.1156299841,
        "4":0.1061120543
    },
    "Activity":{
        "0":0.3318965517,
        "1":0.2974504249,
        "2":0.309686221,
        "3":0.323943662,
        "4":0.3081395349
    },
    "Activity Data":{
        "0":0.16827853,
        "1":0.1650485437,
        "2":0.1601895735,
        "3":0.1674030437,
        "4":0.1782608696
    },
    "Further Specification":{
        "0":0.3855072464,
        "1":0.3663101604,
        "2":0.2809187279,
        "3":0.3395784543,
        "4":0.4370860927
    },
    "XOR Gateway":{
        "0":0.0945273632,
        "1":0.1155778894,
        "2":0.1173469388,
        "3":0.1215469613,
        "4":0.0740740741
    },
    "Condition Specification":{
        "0":0.3244094488,
        "1":0.308988764,
        "2":0.284375,
        "3":0.2746955345,
        "4":0.3064798599
    },
    "AND Gateway":{
        "0":0.619047619,
        "1":0.5,
        "2":0.4,
        "3":0.4285714286,
        "4":0.4333333333
    },
    "All":{
        "0":0.1521206409,
        "1":0.1474049778,
        "2":0.1418477301,
        "3":0.1490035388,
        "4":0.1552730304
    }
}