{
    "Actor":{
        "0":0.1327805539
    },
    "Activity":{
        "0":0.3930808748
    },
    "Activity Data":{
        "0":0.2091765529
    },
    "Further Specification":{
        "0":0.4473917415
    },
    "XOR Gateway":{
        "0":0.1363432183
    },
    "Condition Specification":{
        "0":0.3718505354
    },
    "AND Gateway":{
        "0":0.7260927961
    },
    "All":{
        "0":0.1858245947
    }
}