{
    "Actor":{
        "0":0.0982881384
    },
    "Activity":{
        "0":0.2887373394
    },
    "Activity Data":{
        "0":0.1553468752
    },
    "Further Specification":{
        "0":0.2988450785
    },
    "XOR Gateway":{
        "0":0.0989249989
    },
    "Condition Specification":{
        "0":0.2787054616
    },
    "AND Gateway":{
        "0":0.5000259344
    },
    "All":{
        "0":0.1366118887
    }
}