{
    "Actor":{
        "0":0.1355140187,
        "1":0.1282771536,
        "2":0.1410129096,
        "3":0.1642129105,
        "4":0.1379690949
    },
    "Activity":{
        "0":0.4066901408,
        "1":0.376344086,
        "2":0.4399224806,
        "3":0.4665314402,
        "4":0.4317718941
    },
    "Activity Data":{
        "0":0.2180451128,
        "1":0.2021403092,
        "2":0.2288422478,
        "3":0.245323741,
        "4":0.2331201137
    },
    "Further Specification":{
        "0":0.4195583596,
        "1":0.3692722372,
        "2":0.4344262295,
        "3":0.4849498328,
        "4":0.4981132075
    },
    "XOR Gateway":{
        "0":0.1194968553,
        "1":0.1474358974,
        "2":0.1597222222,
        "3":0.1803278689,
        "4":0.102189781
    },
    "Condition Specification":{
        "0":0.4031311155,
        "1":0.4241645244,
        "2":0.4108352144,
        "3":0.4011857708,
        "4":0.3731343284
    },
    "AND Gateway":{
        "0":0.619047619,
        "1":0.7058823529,
        "2":0.4705882353,
        "3":0.6923076923,
        "4":0.8125
    },
    "All":{
        "0":0.1902404526,
        "1":0.1801461919,
        "2":0.2022670025,
        "3":0.215866163,
        "4":0.2018423192
    }
}