{
    "Actor":{
        "0":0.0615506373
    },
    "Activity":{
        "0":0.1800977393
    },
    "Activity Data":{
        "0":0.0971729608
    },
    "Further Specification":{
        "0":0.1917984442
    },
    "XOR Gateway":{
        "0":0.0616403252
    },
    "Condition Specification":{
        "0":0.1717166078
    },
    "AND Gateway":{
        "0":0.2921092756
    },
    "All":{
        "0":0.0854327968
    }
}