{
    "Actor":{
        "0":0.0988314159
    },
    "Activity":{
        "0":0.2922940446
    },
    "Activity Data":{
        "0":0.1543878423
    },
    "Further Specification":{
        "0":0.3186884225
    },
    "XOR Gateway":{
        "0":0.0990866732
    },
    "Condition Specification":{
        "0":0.276955854
    },
    "AND Gateway":{
        "0":0.4737361478
    },
    "All":{
        "0":0.1371847152
    }
}