{
    "Actor":{
        "0":0.1076565773
    },
    "Activity":{
        "0":0.3142232789
    },
    "Activity Data":{
        "0":0.1678361121
    },
    "Further Specification":{
        "0":0.3618801364
    },
    "XOR Gateway":{
        "0":0.1046146454
    },
    "Condition Specification":{
        "0":0.2997897215
    },
    "AND Gateway":{
        "0":0.4761904762
    },
    "All":{
        "0":0.1491299836
    }
}