{
    "Actor":{
        "0":0.5897586816,
        "1":0.6104575163,
        "2":0.5450795522,
        "3":0.5830575778,
        "4":0.5423836839
    },
    "Activity":{
        "0":0.6049618321,
        "1":0.6461704423,
        "2":0.6415841584,
        "3":0.65,
        "4":0.6144578313
    },
    "Activity Data":{
        "0":0.669077135,
        "1":0.6969365427,
        "2":0.6495756719,
        "3":0.6759393064,
        "4":0.6709276844
    },
    "Further Specification":{
        "0":0.8,
        "1":0.7843478261,
        "2":0.8125,
        "3":0.7822706065,
        "4":0.8668122271
    },
    "XOR Gateway":{
        "0":0.6544117647,
        "1":0.6201550388,
        "2":0.696969697,
        "3":0.6756756757,
        "4":0.6595744681
    },
    "Condition Specification":{
        "0":0.7362318841,
        "1":0.8287373004,
        "2":0.8123515439,
        "3":0.7915309446,
        "4":0.8035714286
    },
    "AND Gateway":{
        "0":0.8148148148,
        "1":1.0,
        "2":0.6666666667,
        "3":0.625,
        "4":0.8064516129
    },
    "All":{
        "0":0.6491417759,
        "1":0.6826981246,
        "2":0.6482446517,
        "3":0.6660431655,
        "4":0.6514863084
    }
}