{
    "Actor":{
        "0":0.6155088853,
        "1":0.663559322,
        "2":0.6594594595,
        "3":0.612802498,
        "4":0.6262886598
    },
    "Activity":{
        "0":0.7220779221,
        "1":0.6961852861,
        "2":0.7170294494,
        "3":0.6874236874,
        "4":0.69365722
    },
    "Activity Data":{
        "0":0.7207207207,
        "1":0.7396030246,
        "2":0.7079069767,
        "3":0.6903310105,
        "4":0.7233835683
    },
    "Further Specification":{
        "0":0.8939393939,
        "1":0.8219461698,
        "2":0.855,
        "3":0.7899628253,
        "4":0.8917525773
    },
    "XOR Gateway":{
        "0":0.7142857143,
        "1":0.7403846154,
        "2":0.7920792079,
        "3":0.7555555556,
        "4":0.6666666667
    },
    "Condition Specification":{
        "0":0.8312412831,
        "1":0.8489208633,
        "2":0.8538461538,
        "3":0.8280254777,
        "4":0.8699059561
    },
    "AND Gateway":{
        "0":0.875,
        "1":0.8,
        "2":1.0,
        "3":1.0,
        "4":0.7647058824
    },
    "All":{
        "0":0.7103241521,
        "1":0.7262914418,
        "2":0.719012699,
        "3":0.6894537959,
        "4":0.7118477834
    }
}