{
    "Actor":{
        "0":0.4697066327,
        "1":0.4946197991,
        "2":0.473880597,
        "3":0.4826839827,
        "4":0.4632465544
    },
    "Activity":{
        "0":0.4936842105,
        "1":0.5058139535,
        "2":0.520501139,
        "3":0.5045146727,
        "4":0.5054479419
    },
    "Activity Data":{
        "0":0.584077381,
        "1":0.6189710611,
        "2":0.5673543689,
        "3":0.5816532258,
        "4":0.5953014184
    },
    "Further Specification":{
        "0":0.6951923077,
        "1":0.7053231939,
        "2":0.7426470588,
        "3":0.6829268293,
        "4":0.7865566038
    },
    "XOR Gateway":{
        "0":0.5806451613,
        "1":0.5666666667,
        "2":0.6052631579,
        "3":0.612745098,
        "4":0.5555555556
    },
    "Condition Specification":{
        "0":0.7448275862,
        "1":0.7757009346,
        "2":0.759765625,
        "3":0.7564553991,
        "4":0.7354972376
    },
    "AND Gateway":{
        "0":0.7708333333,
        "1":0.8,
        "2":0.6428571429,
        "3":0.59375,
        "4":0.7727272727
    },
    "All":{
        "0":0.5629448399,
        "1":0.5899173554,
        "2":0.5695672773,
        "3":0.5725857687,
        "4":0.5748323332
    }
}