{
    "Actor":{
        "0":0.2735337605,
        "1":0.2947189097,
        "2":0.2918739635,
        "3":0.306547619,
        "4":0.2935384615
    },
    "Activity":{
        "0":0.3322259136,
        "1":0.3406998158,
        "2":0.3435804702,
        "3":0.3480662983,
        "4":0.3486328125
    },
    "Activity Data":{
        "0":0.3077147867,
        "1":0.3250484183,
        "2":0.3109436435,
        "3":0.3117932149,
        "4":0.3251144769
    },
    "Further Specification":{
        "0":0.3543543544,
        "1":0.3578643579,
        "2":0.3700787402,
        "3":0.407751938,
        "4":0.3646209386
    },
    "XOR Gateway":{
        "0":0.32,
        "1":0.3263888889,
        "2":0.3355704698,
        "3":0.3282442748,
        "4":0.3
    },
    "Condition Specification":{
        "0":0.3621474067,
        "1":0.3634146341,
        "2":0.3483483483,
        "3":0.3581267218,
        "4":0.3554347826
    },
    "AND Gateway":{
        "0":0.4285714286,
        "1":0.3846153846,
        "2":0.3684210526,
        "3":0.3333333333,
        "4":0.44
    },
    "All":{
        "0":0.3057687834,
        "1":0.3221027792,
        "2":0.3138297872,
        "3":0.3227096774,
        "4":0.3197698892
    }
}