{
    "Actor":{
        "0":0.3266627428,
        "1":0.3392156863,
        "2":0.3111373011,
        "3":0.3408338848,
        "4":0.3040152964
    },
    "Activity":{
        "0":0.3816793893,
        "1":0.3991370011,
        "2":0.3762376238,
        "3":0.3857142857,
        "4":0.3584337349
    },
    "Activity Data":{
        "0":0.3626033058,
        "1":0.3672501823,
        "2":0.335572843,
        "3":0.3486271676,
        "4":0.3371073776
    },
    "Further Specification":{
        "0":0.4290909091,
        "1":0.4313043478,
        "2":0.3671875,
        "3":0.4090202177,
        "4":0.4410480349
    },
    "XOR Gateway":{
        "0":0.3529411765,
        "1":0.3643410853,
        "2":0.3787878788,
        "3":0.3873873874,
        "4":0.2978723404
    },
    "Condition Specification":{
        "0":0.3845410628,
        "1":0.4325108853,
        "2":0.4133016627,
        "3":0.4234527687,
        "4":0.3649553571
    },
    "AND Gateway":{
        "0":0.4444444444,
        "1":0.5,
        "2":0.4666666667,
        "3":0.5,
        "4":0.3548387097
    },
    "All":{
        "0":0.3553182863,
        "1":0.3715970962,
        "2":0.3398244652,
        "3":0.3598561151,
        "4":0.3337238249
    }
}