{
    "Actor":{
        "0":0.3888420521
    },
    "Activity":{
        "0":0.4517984472
    },
    "Activity Data":{
        "0":0.4213592636
    },
    "Further Specification":{
        "0":0.4985451351
    },
    "XOR Gateway":{
        "0":0.4316945691
    },
    "Condition Specification":{
        "0":0.4685814565
    },
    "AND Gateway":{
        "0":0.5333333333
    },
    "All":{
        "0":0.4207317618
    }
}