{
    "Actor":{
        "0":0.393494898,
        "1":0.4208512673,
        "2":0.3905472637,
        "3":0.4172679173,
        "4":0.3956100051
    },
    "Activity":{
        "0":0.4150877193,
        "1":0.4178294574,
        "2":0.4286256644,
        "3":0.416854778,
        "4":0.4366424536
    },
    "Activity Data":{
        "0":0.5357142857,
        "1":0.5487674169,
        "2":0.524811219,
        "3":0.524327957,
        "4":0.5367907801
    },
    "Further Specification":{
        "0":0.6685897436,
        "1":0.6730038023,
        "2":0.7031590414,
        "3":0.6974448316,
        "4":0.6800314465
    },
    "XOR Gateway":{
        "0":0.5483870968,
        "1":0.5055555556,
        "2":0.5584795322,
        "3":0.5718954248,
        "4":0.4567901235
    },
    "Condition Specification":{
        "0":0.6965517241,
        "1":0.6822429907,
        "2":0.7287326389,
        "3":0.6952269171,
        "4":0.7122467772
    },
    "AND Gateway":{
        "0":0.5833333333,
        "1":0.6333333333,
        "2":0.4285714286,
        "3":0.7291666667,
        "4":0.7424242424
    },
    "All":{
        "0":0.5067714512,
        "1":0.5180165289,
        "2":0.5126342388,
        "3":0.5167831427,
        "4":0.5127662078
    }
}