{
    "Actor":{
        "0":0.6192857143,
        "1":0.6368460955,
        "2":0.5934306569,
        "3":0.6112359551,
        "4":0.6425702811
    },
    "Activity":{
        "0":0.6783216783,
        "1":0.6609963548,
        "2":0.6837098692,
        "3":0.661233993,
        "4":0.6763590392
    },
    "Activity Data":{
        "0":0.7071868583,
        "1":0.7190820229,
        "2":0.6999121265,
        "3":0.6920214965,
        "4":0.7220149254
    },
    "Further Specification":{
        "0":0.8482587065,
        "1":0.8069498069,
        "2":0.8019639935,
        "3":0.8126126126,
        "4":0.8296836983
    },
    "XOR Gateway":{
        "0":0.6886792453,
        "1":0.6810344828,
        "2":0.6759259259,
        "3":0.7425742574,
        "4":0.637254902
    },
    "Condition Specification":{
        "0":0.8002436054,
        "1":0.8052959502,
        "2":0.7588932806,
        "3":0.8144078144,
        "4":0.779494382
    },
    "AND Gateway":{
        "0":0.9047619048,
        "1":0.75,
        "2":0.9285714286,
        "3":1.0,
        "4":1.0
    },
    "All":{
        "0":0.6920403773,
        "1":0.699706441,
        "2":0.6788760662,
        "3":0.6876433956,
        "4":0.699410247
    }
}