{
    "Actor":{
        "0":0.4592159289
    },
    "Activity":{
        "0":0.5336998283
    },
    "Activity Data":{
        "0":0.493710979
    },
    "Further Specification":{
        "0":0.6260384043
    },
    "XOR Gateway":{
        "0":0.4920178584
    },
    "Condition Specification":{
        "0":0.5668364334
    },
    "AND Gateway":{
        "0":0.580952381
    },
    "All":{
        "0":0.4984715965
    }
}