{
    "Actor":{
        "0":0.3529372577
    },
    "Activity":{
        "0":0.3674018929
    },
    "Activity Data":{
        "0":0.4838569815
    },
    "Further Specification":{
        "0":0.6740124813
    },
    "XOR Gateway":{
        "0":0.4561870725
    },
    "Condition Specification":{
        "0":0.6850862064
    },
    "AND Gateway":{
        "0":0.5955871212
    },
    "All":{
        "0":0.4691112025
    }
}