{
    "Actor":{
        "0":0.6026598232
    },
    "Activity":{
        "0":0.7195127508
    },
    "Activity Data":{
        "0":0.6624246365
    },
    "Further Specification":{
        "0":0.7650595447
    },
    "XOR Gateway":{
        "0":0.6736686924
    },
    "Condition Specification":{
        "0":0.7610463402
    },
    "AND Gateway":{
        "0":0.8111111111
    },
    "All":{
        "0":0.6614623218
    }
}