{
    "Actor":{
        "0":0.403930131,
        "1":0.4556628622,
        "2":0.3975903614,
        "3":0.436440678,
        "4":0.416958042
    },
    "Activity":{
        "0":0.4901960784,
        "1":0.5308464849,
        "2":0.4853128991,
        "3":0.4967148489,
        "4":0.4798387097
    },
    "Activity Data":{
        "0":0.4418799832,
        "1":0.4820488272,
        "2":0.4315597999,
        "3":0.4530516432,
        "4":0.4592039801
    },
    "Further Specification":{
        "0":0.5053533191,
        "1":0.6231155779,
        "2":0.5108695652,
        "3":0.6144859813,
        "4":0.5166240409
    },
    "XOR Gateway":{
        "0":0.4444444444,
        "1":0.4895833333,
        "2":0.5102040816,
        "3":0.4623655914,
        "4":0.4242424242
    },
    "Condition Specification":{
        "0":0.4944099379,
        "1":0.592445328,
        "2":0.5429017161,
        "3":0.4905660377,
        "4":0.4939577039
    },
    "AND Gateway":{
        "0":0.5714285714,
        "1":0.7142857143,
        "2":0.5833333333,
        "3":0.5,
        "4":0.55
    },
    "All":{
        "0":0.4400736525,
        "1":0.4977714749,
        "2":0.441475147,
        "3":0.4628909865,
        "4":0.4495069034
    }
}