{
    "Actor":{
        "0":0.2601969058,
        "1":0.2687726567,
        "2":0.2560620757,
        "3":0.2673935618,
        "4":0.2602291326
    },
    "Activity":{
        "0":0.2985074627,
        "1":0.3052805281,
        "2":0.305958132,
        "3":0.3105998357,
        "4":0.3082901554
    },
    "Activity Data":{
        "0":0.2893652102,
        "1":0.2879611095,
        "2":0.2710654099,
        "3":0.2842415317,
        "4":0.2968800257
    },
    "Further Specification":{
        "0":0.3068920676,
        "1":0.3212435233,
        "2":0.3317647059,
        "3":0.3308176101,
        "4":0.365942029
    },
    "XOR Gateway":{
        "0":0.2790697674,
        "1":0.273255814,
        "2":0.3067484663,
        "3":0.3208955224,
        "4":0.2745098039
    },
    "Condition Specification":{
        "0":0.3178913738,
        "1":0.329281768,
        "2":0.318389753,
        "3":0.3391304348,
        "4":0.3184031159
    },
    "AND Gateway":{
        "0":0.3428571429,
        "1":0.3448275862,
        "2":0.35,
        "3":0.4444444444,
        "4":0.3548387097
    },
    "All":{
        "0":0.2814775161,
        "1":0.2884479925,
        "2":0.2774605307,
        "3":0.2896352056,
        "4":0.289838484
    }
}