{
    "Actor":{
        "0":0.4221164149
    },
    "Activity":{
        "0":0.4965818042
    },
    "Activity Data":{
        "0":0.4535488467
    },
    "Further Specification":{
        "0":0.5540896969
    },
    "XOR Gateway":{
        "0":0.466167975
    },
    "Condition Specification":{
        "0":0.5228561447
    },
    "AND Gateway":{
        "0":0.5838095238
    },
    "All":{
        "0":0.4583436328
    }
}