{
    "Actor":{
        "0":0.6553308824,
        "1":0.6898669396,
        "2":0.6332404828,
        "3":0.6762513312,
        "4":0.6468716861
    },
    "Activity":{
        "0":0.7627388535,
        "1":0.7783595113,
        "2":0.7606557377,
        "3":0.7415185784,
        "4":0.7487266553
    },
    "Activity Data":{
        "0":0.7313596491,
        "1":0.7406269207,
        "2":0.7099415205,
        "3":0.7263824885,
        "4":0.7789921069
    },
    "Further Specification":{
        "0":0.7557077626,
        "1":0.8753117207,
        "2":0.9136490251,
        "3":0.8834196891,
        "4":0.8923076923
    },
    "XOR Gateway":{
        "0":0.7647058824,
        "1":0.7066666667,
        "2":0.8048780488,
        "3":0.8125,
        "4":0.7317073171
    },
    "Condition Specification":{
        "0":0.91522158,
        "1":0.9132653061,
        "2":0.785198556,
        "3":0.8617886179,
        "4":0.7676950998
    },
    "AND Gateway":{
        "0":1.0,
        "1":1.0,
        "2":1.0,
        "3":1.0,
        "4":1.0
    },
    "All":{
        "0":0.725729212,
        "1":0.7529585799,
        "2":0.7110404362,
        "3":0.7379216044,
        "4":0.7337408313
    }
}