{
    "$F_{1}$":{
        "Adjektive":0.5798488474,
        "Nomen":0.5759561848
    },
    "$TTR$":{
        "Adjektive":0.1247848226,
        "Nomen":0.1457460177
    },
    "$UCER$":{
        "Adjektive":0.4236767026,
        "Nomen":0.5179361607
    },
    "$BertScore$":{
        "Adjektive":0.995289588,
        "Nomen":0.9778520584
    }
}