{
    "Actor":{
        "0":0.0850945495,
        "1":0.0917602996,
        "2":0.0883748517,
        "3":0.09697733,
        "4":0.0893098782
    },
    "Activity":{
        "0":0.2452631579,
        "1":0.2453488372,
        "2":0.2608200456,
        "3":0.2618510158,
        "4":0.2578692494
    },
    "Activity Data":{
        "0":0.1329437546,
        "1":0.1392604249,
        "2":0.1409235669,
        "3":0.1398104265,
        "4":0.15008726
    },
    "Further Specification":{
        "0":0.2730769231,
        "1":0.2794676806,
        "2":0.2794117647,
        "3":0.275261324,
        "4":0.3301886792
    },
    "XOR Gateway":{
        "0":0.071969697,
        "1":0.1016949153,
        "2":0.1025641026,
        "3":0.1045454545,
        "4":0.0652173913
    },
    "Condition Specification":{
        "0":0.2494252874,
        "1":0.2748447205,
        "2":0.2532467532,
        "3":0.2482435597,
        "4":0.2520661157
    },
    "AND Gateway":{
        "0":0.46875,
        "1":0.5833333333,
        "2":0.375,
        "3":0.4166666667,
        "4":0.46875
    },
    "All":{
        "0":0.1176798661,
        "1":0.1249611439,
        "2":0.1256700417,
        "3":0.1257861635,
        "4":0.1298268975
    }
}