{
    "Bleu Score":{
        "0":0.0034291925,
        "1":0.000000773,
        "2":0.0184337504,
        "3":0.9373007076,
        "4":0.0104410337
    }
}