{
    "Bleu Score":{
        "0":1.064460315e-32,
        "1":7.056962636e-37,
        "2":2.197125811e-32,
        "3":2.342100853e-29,
        "4":3.309262432e-29
    }
}