{
    "Bleu Score":{
        "0":1.666915542e-28,
        "1":1.968259142e-33,
        "2":6.976425095e-32,
        "3":2.222087562e-25,
        "4":1.003928575e-29
    }
}