{
    "Bleu Score":{
        "0":5.299596726e-35,
        "1":1.661654952e-37,
        "2":3.700268101e-29,
        "3":1.709442917e-29,
        "4":2.316276478e-35
    }
}