{
    "Bleu Score":{
        "0":1.097917215e-35,
        "1":5.66689578e-39,
        "2":1.454904609e-44,
        "3":5.514172312e-40,
        "4":2.933277156e-37
    }
}