{
    "Bleu Score":{
        "0":1.044265089e-46,
        "1":3.375287153e-49,
        "2":8.690550341e-49,
        "3":2.131854185e-44,
        "4":4.139067182e-39
    }
}