{
    "Actor":{
        "0":0.0549053579
    },
    "Activity":{
        "0":0.1686181985
    },
    "Activity Data":{
        "0":0.0890880714
    },
    "Further Specification":{
        "0":0.1804347664
    },
    "XOR Gateway":{
        "0":0.0569577055
    },
    "Condition Specification":{
        "0":0.1615529795
    },
    "AND Gateway":{
        "0":0.2694444444
    },
    "All":{
        "0":0.0784293406
    }
}