{
    "Actor":{
        "0":0.1479315603
    },
    "Activity":{
        "0":0.4324736062
    },
    "Activity Data":{
        "0":0.2317959885
    },
    "Further Specification":{
        "0":0.4772549159
    },
    "XOR Gateway":{
        "0":0.1483275091
    },
    "Condition Specification":{
        "0":0.4217339673
    },
    "AND Gateway":{
        "0":0.7321078431
    },
    "All":{
        "0":0.2059415281
    }
}