{
    "Actor":{
        "0":0.04136255
    },
    "Activity":{
        "0":0.1258733175
    },
    "Activity Data":{
        "0":0.0668513916
    },
    "Further Specification":{
        "0":0.1337036777
    },
    "XOR Gateway":{
        "0":0.0434922219
    },
    "Condition Specification":{
        "0":0.1202075084
    },
    "AND Gateway":{
        "0":0.2020833333
    },
    "All":{
        "0":0.058809934
    }
}