{
    "Actor":{
        "0":0.1636002211
    },
    "Activity":{
        "0":0.4764700367
    },
    "Activity Data":{
        "0":0.2548272819
    },
    "Further Specification":{
        "0":0.4896121634
    },
    "XOR Gateway":{
        "0":0.1624652067
    },
    "Condition Specification":{
        "0":0.4553580177
    },
    "AND Gateway":{
        "0":0.7622926094
    },
    "All":{
        "0":0.2248243634
    }
}