{
    "Actor":{
        "0":0.1007121728
    },
    "Activity":{
        "0":0.2992195968
    },
    "Activity Data":{
        "0":0.1580796829
    },
    "Further Specification":{
        "0":0.3229952151
    },
    "XOR Gateway":{
        "0":0.1013593736
    },
    "Condition Specification":{
        "0":0.2855014578
    },
    "AND Gateway":{
        "0":0.4624094203
    },
    "All":{
        "0":0.1403935908
    }
}