{
    "Actor":{
        "0":0.1034236805,
        "1":0.1093375898,
        "2":0.104642594,
        "3":0.1179820993,
        "4":0.104427736
    },
    "Activity":{
        "0":0.3155737705,
        "1":0.3111111111,
        "2":0.3188202247,
        "3":0.3397341211,
        "4":0.3136094675
    },
    "Activity Data":{
        "0":0.1626168224,
        "1":0.1700850425,
        "2":0.1691691692,
        "3":0.1694831014,
        "4":0.1754949171
    },
    "Further Specification":{
        "0":0.3401534527,
        "1":0.2824742268,
        "2":0.3123772102,
        "3":0.4005524862,
        "4":0.364640884
    },
    "XOR Gateway":{
        "0":0.0909090909,
        "1":0.1229946524,
        "2":0.1284916201,
        "3":0.1257142857,
        "4":0.0786516854
    },
    "Condition Specification":{
        "0":0.2951289398,
        "1":0.3381147541,
        "2":0.3038397329,
        "3":0.3048048048,
        "4":0.3001715266
    },
    "AND Gateway":{
        "0":0.5416666667,
        "1":0.6315789474,
        "2":0.5333333333,
        "3":0.5,
        "4":0.5416666667
    },
    "All":{
        "0":0.1442101501,
        "1":0.1496278888,
        "2":0.1495623021,
        "3":0.1556723098,
        "4":0.1523829004
    }
}