{
    "Actor":{
        "0":0.141187926,
        "1":0.1474703983,
        "2":0.1425702811,
        "3":0.1645856981,
        "4":0.1438434983
    },
    "Activity":{
        "0":0.4246323529,
        "1":0.3962264151,
        "2":0.4468503937,
        "3":0.4483430799,
        "4":0.4463157895
    },
    "Activity Data":{
        "0":0.2170929507,
        "1":0.2212101496,
        "2":0.2279163857,
        "3":0.2421875,
        "4":0.2505729565
    },
    "Further Specification":{
        "0":0.4602076125,
        "1":0.4691780822,
        "2":0.4803625378,
        "3":0.4707792208,
        "4":0.5057471264
    },
    "XOR Gateway":{
        "0":0.1310344828,
        "1":0.1586206897,
        "2":0.1729323308,
        "3":0.1679389313,
        "4":0.1111111111
    },
    "Condition Specification":{
        "0":0.4309623431,
        "1":0.4104477612,
        "2":0.4026548673,
        "3":0.3941747573,
        "4":0.4704301075
    },
    "AND Gateway":{
        "0":0.8125,
        "1":0.6666666667,
        "2":0.6666666667,
        "3":0.75,
        "4":0.7647058824
    },
    "All":{
        "0":0.1967333008,
        "1":0.1982870491,
        "2":0.2051085568,
        "3":0.2123142251,
        "4":0.2172645086
    }
}