{
    "Actor":{
        "0":0.0844988345,
        "1":0.0864353312,
        "2":0.0872235872,
        "3":0.0967311541,
        "4":0.087657784
    },
    "Activity":{
        "0":0.2619047619,
        "1":0.253929867,
        "2":0.2705601907,
        "3":0.2871410737,
        "4":0.2728442728
    },
    "Activity Data":{
        "0":0.1353558926,
        "1":0.136,
        "2":0.1401907922,
        "3":0.1436999579,
        "4":0.1465594281
    },
    "Further Specification":{
        "0":0.2703252033,
        "1":0.2546468401,
        "2":0.277486911,
        "3":0.2690166976,
        "4":0.3291770574
    },
    "XOR Gateway":{
        "0":0.0781893004,
        "1":0.1,
        "2":0.1079812207,
        "3":0.1073170732,
        "4":0.0627802691
    },
    "Condition Specification":{
        "0":0.2464114833,
        "1":0.2773109244,
        "2":0.2482946794,
        "3":0.253117207,
        "4":0.2437325905
    },
    "AND Gateway":{
        "0":0.4814814815,
        "1":0.5,
        "2":0.347826087,
        "3":0.3913043478,
        "4":0.40625
    },
    "All":{
        "0":0.1192552091,
        "1":0.1212890935,
        "2":0.1250778816,
        "3":0.12816405,
        "4":0.128116939
    }
}