{
    "Actor":{
        "0":0.098587605
    },
    "Activity":{
        "0":0.2906842091
    },
    "Activity Data":{
        "0":0.1540383377
    },
    "Further Specification":{
        "0":0.3329754692
    },
    "XOR Gateway":{
        "0":0.0994987017
    },
    "Condition Specification":{
        "0":0.271653916
    },
    "AND Gateway":{
        "0":0.4644474088
    },
    "All":{
        "0":0.1370380629
    }
}