{
    "Actor":{
        "0":0.0747037609,
        "1":0.073655914,
        "2":0.0765498652,
        "3":0.0811870101,
        "4":0.0760340633
    },
    "Activity":{
        "0":0.2219020173,
        "1":0.2167182663,
        "2":0.2316326531,
        "3":0.2297702298,
        "4":0.2267379679
    },
    "Activity Data":{
        "0":0.1176072998,
        "1":0.1177693107,
        "2":0.1225081551,
        "3":0.1205372923,
        "4":0.1278752437
    },
    "Further Specification":{
        "0":0.2313043478,
        "1":0.2157480315,
        "2":0.2398190045,
        "3":0.2323717949,
        "4":0.2820512821
    },
    "XOR Gateway":{
        "0":0.0646258503,
        "1":0.0867924528,
        "2":0.0858208955,
        "3":0.0849420849,
        "4":0.0524344569
    },
    "Condition Specification":{
        "0":0.206,
        "1":0.2282157676,
        "2":0.2174432497,
        "3":0.2017892644,
        "4":0.214987715
    },
    "AND Gateway":{
        "0":0.40625,
        "1":0.48,
        "2":0.275862069,
        "3":0.2647058824,
        "4":0.3170731707
    },
    "All":{
        "0":0.1029074216,
        "1":0.1037479631,
        "2":0.1086456501,
        "3":0.1061148693,
        "4":0.1106326106
    }
}