{
    "Actor":{
        "0":0.130866426,
        "1":0.1328806984,
        "2":0.134088763,
        "3":0.1346332405,
        "4":0.1332622601
    },
    "Activity":{
        "0":0.3774509804,
        "1":0.3867403315,
        "2":0.3996478873,
        "3":0.3872053872,
        "4":0.418972332
    },
    "Activity Data":{
        "0":0.1982905983,
        "1":0.212899186,
        "2":0.2135186355,
        "3":0.2017751479,
        "4":0.2226748133
    },
    "Further Specification":{
        "0":0.4463087248,
        "1":0.4566666667,
        "2":0.3258196721,
        "3":0.3152173913,
        "4":0.5258964143
    },
    "XOR Gateway":{
        "0":0.1,
        "1":0.1586206897,
        "2":0.1597222222,
        "3":0.1517241379,
        "4":0.1007194245
    },
    "Condition Specification":{
        "0":0.3468013468,
        "1":0.3610503282,
        "2":0.3389199255,
        "3":0.3493975904,
        "4":0.3897550111
    },
    "AND Gateway":{
        "0":0.4333333333,
        "1":1.0,
        "2":0.5,
        "3":0.6923076923,
        "4":0.7647058824
    },
    "All":{
        "0":0.1759319817,
        "1":0.1870257038,
        "2":0.1827076223,
        "3":0.1754385965,
        "4":0.1974556056
    }
}