{
    "Actor":{
        "0":0.1469676598
    },
    "Activity":{
        "0":0.4337955614
    },
    "Activity Data":{
        "0":0.2301411282
    },
    "Further Specification":{
        "0":0.4803700251
    },
    "XOR Gateway":{
        "0":0.1481102205
    },
    "Condition Specification":{
        "0":0.4160087773
    },
    "AND Gateway":{
        "0":0.7321078431
    },
    "All":{
        "0":0.2048624345
    }
}