{
    "Actor":{
        "0":0.0678919767
    },
    "Activity":{
        "0":0.2004707312
    },
    "Activity Data":{
        "0":0.1063000863
    },
    "Further Specification":{
        "0":0.2266341164
    },
    "XOR Gateway":{
        "0":0.0683109643
    },
    "Condition Specification":{
        "0":0.1946825748
    },
    "AND Gateway":{
        "0":0.293015873
    },
    "All":{
        "0":0.0949053147
    }
}