{
    "Actor":{
        "0":0.1540913921,
        "1":0.1621301775,
        "2":0.1630309989,
        "3":0.1763990268,
        "4":0.1619170984
    },
    "Activity":{
        "0":0.4565217391,
        "1":0.4605263158,
        "2":0.4840085288,
        "3":0.4935622318,
        "4":0.4807256236
    },
    "Activity Data":{
        "0":0.2435269419,
        "1":0.2467343977,
        "2":0.2547098719,
        "3":0.2561983471,
        "4":0.2697368421
    },
    "Further Specification":{
        "0":0.4375,
        "1":0.4963768116,
        "2":0.4466292135,
        "3":0.4898648649,
        "4":0.6
    },
    "XOR Gateway":{
        "0":0.1366906475,
        "1":0.1916666667,
        "2":0.185483871,
        "3":0.188034188,
        "4":0.1166666667
    },
    "Condition Specification":{
        "0":0.4291666667,
        "1":0.5124223602,
        "2":0.423255814,
        "3":0.443231441,
        "4":0.4666666667
    },
    "AND Gateway":{
        "0":0.7647058824,
        "1":0.9230769231,
        "2":0.6666666667,
        "3":0.6923076923,
        "4":0.7647058824
    },
    "All":{
        "0":0.2114779874,
        "1":0.2240469208,
        "2":0.2237392031,
        "3":0.228375678,
        "4":0.2356849098
    }
}