{
    "Actor":{
        "0":0.1034236805,
        "1":0.1064491064,
        "2":0.1031976744,
        "3":0.1159072742,
        "4":0.1017915309
    },
    "Activity":{
        "0":0.3186206897,
        "1":0.3092783505,
        "2":0.3135359116,
        "3":0.3407407407,
        "4":0.3187969925
    },
    "Activity Data":{
        "0":0.1655566127,
        "1":0.1746276323,
        "2":0.1684945165,
        "3":0.1685615423,
        "4":0.1746538871
    },
    "Further Specification":{
        "0":0.3325,
        "1":0.2649903288,
        "2":0.2870036101,
        "3":0.4016620499,
        "4":0.3728813559
    },
    "XOR Gateway":{
        "0":0.095959596,
        "1":0.123655914,
        "2":0.1270718232,
        "3":0.130952381,
        "4":0.0777777778
    },
    "Condition Specification":{
        "0":0.2917847025,
        "1":0.3533190578,
        "2":0.3023255814,
        "3":0.3085106383,
        "4":0.3017241379
    },
    "AND Gateway":{
        "0":0.5416666667,
        "1":0.6315789474,
        "2":0.5333333333,
        "3":0.5,
        "4":0.5416666667
    },
    "All":{
        "0":0.1452222422,
        "1":0.149745198,
        "2":0.1471234885,
        "3":0.1552192472,
        "4":0.1517620697
    }
}