{
    "Actor":{
        "0":0.1091566221
    },
    "Activity":{
        "0":0.3314117688
    },
    "Activity Data":{
        "0":0.175497674
    },
    "Further Specification":{
        "0":0.3877950958
    },
    "XOR Gateway":{
        "0":0.1125201643
    },
    "Condition Specification":{
        "0":0.3091466648
    },
    "AND Gateway":{
        "0":0.5264467988
    },
    "All":{
        "0":0.1553770264
    }
}