{
    "Actor":{
        "0":0.6257046223,
        "1":0.6383763838,
        "2":0.6089965398,
        "3":0.6679636835,
        "4":0.6202860858
    },
    "Activity":{
        "0":0.7352941176,
        "1":0.6981132075,
        "2":0.7480314961,
        "3":0.7368421053,
        "4":0.7515789474
    },
    "Activity Data":{
        "0":0.6681472081,
        "1":0.6708860759,
        "2":0.6486671224,
        "3":0.6992753623,
        "4":0.7166149068
    },
    "Further Specification":{
        "0":0.8166089965,
        "1":0.8493150685,
        "2":0.8519637462,
        "3":0.8538961039,
        "4":0.7739463602
    },
    "XOR Gateway":{
        "0":0.75,
        "1":0.6351351351,
        "2":0.78125,
        "3":0.7288135593,
        "4":0.7368421053
    },
    "Condition Specification":{
        "0":0.8326359833,
        "1":0.7431421446,
        "2":0.7716186253,
        "3":0.7587548638,
        "4":0.8814016173
    },
    "AND Gateway":{
        "0":1.0,
        "1":0.625,
        "2":1.0,
        "3":1.0,
        "4":1.0
    },
    "All":{
        "0":0.6828571429,
        "1":0.6774193548,
        "2":0.6713627743,
        "3":0.7039121869,
        "4":0.7051361386
    }
}