{
    "Actor":{
        "0":0.4230182927,
        "1":0.4289256198,
        "2":0.3937360179,
        "3":0.4509632224,
        "4":0.412987013
    },
    "Activity":{
        "0":0.4926108374,
        "1":0.5075445816,
        "2":0.4708798017,
        "3":0.5170998632,
        "4":0.4798387097
    },
    "Activity Data":{
        "0":0.4580252284,
        "1":0.4564823209,
        "2":0.4208425721,
        "3":0.4714215926,
        "4":0.4540088539
    },
    "Further Specification":{
        "0":0.6113989637,
        "1":0.6408268734,
        "2":0.5145985401,
        "3":0.5963718821,
        "4":0.5315789474
    },
    "XOR Gateway":{
        "0":0.4752475248,
        "1":0.4947368421,
        "2":0.462962963,
        "3":0.5375,
        "4":0.42
    },
    "Condition Specification":{
        "0":0.5236842105,
        "1":0.5388788427,
        "2":0.5065502183,
        "3":0.5213903743,
        "4":0.4780701754
    },
    "AND Gateway":{
        "0":0.5714285714,
        "1":0.625,
        "2":0.5,
        "3":0.7272727273,
        "4":0.5
    },
    "All":{
        "0":0.4619574767,
        "1":0.4728637413,
        "2":0.4302083333,
        "3":0.4809615385,
        "4":0.4452911293
    }
}