{
    "Actor":{
        "0":0.2512449072,
        "1":0.281606077,
        "2":0.2583170254,
        "3":0.2758435994,
        "4":0.2696438666
    },
    "Activity":{
        "0":0.2978406552,
        "1":0.3277236492,
        "2":0.3161397671,
        "3":0.3200677392,
        "4":0.3126094571
    },
    "Activity Data":{
        "0":0.2799787291,
        "1":0.3046898638,
        "2":0.2754716981,
        "3":0.284660767,
        "4":0.2948881789
    },
    "Further Specification":{
        "0":0.3080939948,
        "1":0.3930269414,
        "2":0.3691099476,
        "3":0.3735795455,
        "4":0.3447098976
    },
    "XOR Gateway":{
        "0":0.2742857143,
        "1":0.3032258065,
        "2":0.3225806452,
        "3":0.3071428571,
        "4":0.2937062937
    },
    "Condition Specification":{
        "0":0.3372881356,
        "1":0.3573141487,
        "2":0.328611898,
        "3":0.3418054338,
        "4":0.3196480938
    },
    "AND Gateway":{
        "0":0.3529411765,
        "1":0.3846153846,
        "2":0.3333333333,
        "3":0.3333333333,
        "4":0.3928571429
    },
    "All":{
        "0":0.2776721589,
        "1":0.3101098069,
        "2":0.285155351,
        "3":0.296081449,
        "4":0.2913949623
    }
}