{
    "Actor":{
        "0":0.6662933931,
        "1":0.696969697,
        "2":0.6583143508,
        "3":0.7209908735,
        "4":0.6576576577
    },
    "Activity":{
        "0":0.8263254113,
        "1":0.860952381,
        "2":0.8517034068,
        "3":0.8512720157,
        "4":0.8270833333
    },
    "Activity Data":{
        "0":0.6857318573,
        "1":0.7562289562,
        "2":0.6991701245,
        "3":0.7421203438,
        "4":0.7456073338
    },
    "Further Specification":{
        "0":0.8631578947,
        "1":0.8827586207,
        "2":0.8549848943,
        "3":0.8636363636,
        "4":0.8294573643
    },
    "XOR Gateway":{
        "0":0.765625,
        "1":0.72,
        "2":0.8125,
        "3":0.7796610169,
        "4":0.7543859649
    },
    "Condition Specification":{
        "0":0.826446281,
        "1":0.7374701671,
        "2":0.7797356828,
        "3":0.7644787645,
        "4":0.8814016173
    },
    "AND Gateway":{
        "0":1.0,
        "1":0.625,
        "2":1.0,
        "3":1.0,
        "4":1.0
    },
    "All":{
        "0":0.7149066735,
        "1":0.752957359,
        "2":0.7184017396,
        "3":0.7510513036,
        "4":0.741342323
    }
}