{
    "Actor":{
        "0":0.6735436893,
        "1":0.7119341564,
        "2":0.6929133858,
        "3":0.7182705718,
        "4":0.7004405286
    },
    "Activity":{
        "0":0.7936507937,
        "1":0.8149779736,
        "2":0.8137044968,
        "3":0.8111587983,
        "4":0.8113636364
    },
    "Activity Data":{
        "0":0.75,
        "1":0.7514925373,
        "2":0.7277607362,
        "3":0.7463263728,
        "4":0.7678868552
    },
    "Further Specification":{
        "0":0.7662337662,
        "1":0.852233677,
        "2":0.8080229226,
        "3":0.8885135135,
        "4":0.9181818182
    },
    "XOR Gateway":{
        "0":0.7384615385,
        "1":0.7580645161,
        "2":0.8333333333,
        "3":0.7543859649,
        "4":0.7368421053
    },
    "Condition Specification":{
        "0":0.8291666667,
        "1":0.9283489097,
        "2":0.8188235294,
        "3":0.8496732026,
        "4":0.8743315508
    },
    "AND Gateway":{
        "0":1.0,
        "1":1.0,
        "2":1.0,
        "3":0.8888888889,
        "4":0.9166666667
    },
    "All":{
        "0":0.7308868502,
        "1":0.7661365762,
        "2":0.734439834,
        "3":0.7585683955,
        "4":0.7632283992
    }
}