{
    "Actor":{
        "0":0.719841407
    },
    "Activity":{
        "0":0.8526633456
    },
    "Activity Data":{
        "0":0.7664644776
    },
    "Further Specification":{
        "0":0.8672458374
    },
    "XOR Gateway":{
        "0":0.8120779605
    },
    "Condition Specification":{
        "0":0.8660137304
    },
    "AND Gateway":{
        "0":0.9611111111
    },
    "All":{
        "0":0.7716292401
    }
}