{
    "Actor":{
        "0":0.631147541,
        "1":0.6566200215,
        "2":0.6337760911,
        "3":0.6697247706,
        "4":0.629015544
    },
    "Activity":{
        "0":0.84375,
        "1":0.8440366972,
        "2":0.8381410256,
        "3":0.8493870403,
        "4":0.8367346939
    },
    "Activity Data":{
        "0":0.6641221374,
        "1":0.6611957796,
        "2":0.6301446051,
        "3":0.6888331242,
        "4":0.6717141127
    },
    "Further Specification":{
        "0":0.6171693735,
        "1":0.7647058824,
        "2":0.6913043478,
        "3":0.7407407407,
        "4":0.7133757962
    },
    "XOR Gateway":{
        "0":0.7179487179,
        "1":0.7333333333,
        "2":0.6966292135,
        "3":0.7297297297,
        "4":0.7236842105
    },
    "Condition Specification":{
        "0":0.7066895369,
        "1":0.8526912181,
        "2":0.6547406082,
        "3":0.7212543554,
        "4":0.6916996047
    },
    "AND Gateway":{
        "0":1.0,
        "1":1.0,
        "2":1.0,
        "3":0.7272727273,
        "4":0.6875
    },
    "All":{
        "0":0.6670230967,
        "1":0.7016169783,
        "2":0.6538880418,
        "3":0.7020127639,
        "4":0.6761418853
    }
}