{
    "Actor":{
        "0":0.3854166667,
        "1":0.3818984547,
        "2":0.3793103448,
        "3":0.4036050157,
        "4":0.3791732909
    },
    "Activity":{
        "0":0.4514672686,
        "1":0.4463208685,
        "2":0.4600484262,
        "3":0.4660912454,
        "4":0.4536213469
    },
    "Activity Data":{
        "0":0.4205271565,
        "1":0.4166321887,
        "2":0.4092281156,
        "3":0.4166666667,
        "4":0.4251497006
    },
    "Further Specification":{
        "0":0.4947589099,
        "1":0.4815533981,
        "2":0.4870466321,
        "3":0.4852398524,
        "4":0.5139949109
    },
    "XOR Gateway":{
        "0":0.4444444444,
        "1":0.4122807018,
        "2":0.4587155963,
        "3":0.4343434343,
        "4":0.3925233645
    },
    "Condition Specification":{
        "0":0.4777911164,
        "1":0.4893267652,
        "2":0.4786795048,
        "3":0.4961832061,
        "4":0.4671428571
    },
    "AND Gateway":{
        "0":0.5714285714,
        "1":0.5,
        "2":0.5384615385,
        "3":0.5,
        "4":0.5
    },
    "All":{
        "0":0.41936513,
        "1":0.4190687361,
        "2":0.4154233026,
        "3":0.4278138898,
        "4":0.4190879
    }
}