{
    "Actor":{
        "0":0.325714642
    },
    "Activity":{
        "0":0.3826557048
    },
    "Activity Data":{
        "0":0.3564850349
    },
    "Further Specification":{
        "0":0.4158847242
    },
    "XOR Gateway":{
        "0":0.3531472298
    },
    "Condition Specification":{
        "0":0.4039248333
    },
    "AND Gateway":{
        "0":0.4228291317
    },
    "All":{
        "0":0.3554635132
    }
}