{
    "Actor":{
        "0":0.6564453327
    },
    "Activity":{
        "0":0.8484151305
    },
    "Activity Data":{
        "0":0.6993927537
    },
    "Further Specification":{
        "0":0.7651944285
    },
    "XOR Gateway":{
        "0":0.7766167236
    },
    "Condition Specification":{
        "0":0.7017663043
    },
    "AND Gateway":{
        "0":0.8433333333
    },
    "All":{
        "0":0.700911231
    }
}