{
    "Actor":{
        "0":0.4567901235,
        "1":0.4985590778,
        "2":0.4710080285,
        "3":0.4729109275,
        "4":0.4765234765
    },
    "Activity":{
        "0":0.5788712012,
        "1":0.552238806,
        "2":0.5819295559,
        "3":0.5392296719,
        "4":0.5604395604
    },
    "Activity Data":{
        "0":0.5111650485,
        "1":0.5362087327,
        "2":0.5069444444,
        "3":0.4903455285,
        "4":0.5471250741
    },
    "Further Specification":{
        "0":0.6820809249,
        "1":0.6966292135,
        "2":0.7268041237,
        "3":0.5717391304,
        "4":0.6537216828
    },
    "XOR Gateway":{
        "0":0.4848484848,
        "1":0.47,
        "2":0.6172839506,
        "3":0.5180722892,
        "4":0.5753424658
    },
    "Condition Specification":{
        "0":0.6104294479,
        "1":0.5033783784,
        "2":0.6504672897,
        "3":0.5439330544,
        "4":0.5881294964
    },
    "AND Gateway":{
        "0":0.7058823529,
        "1":0.5263157895,
        "2":1.0,
        "3":0.5714285714,
        "4":0.6111111111
    },
    "All":{
        "0":0.517519685,
        "1":0.5277061856,
        "2":0.5321022117,
        "3":0.4970190779,
        "4":0.5323522541
    }
}