{
    "Actor":{
        "0":0.5861513688,
        "1":0.6233396584,
        "2":0.6271036315,
        "3":0.6081200353,
        "4":0.5906432749
    },
    "Activity":{
        "0":0.8246376812,
        "1":0.8450074516,
        "2":0.8361408882,
        "3":0.829787234,
        "4":0.8338607595
    },
    "Activity Data":{
        "0":0.6019047619,
        "1":0.6846895075,
        "2":0.6204301075,
        "3":0.6126262626,
        "4":0.6686148451
    },
    "Further Specification":{
        "0":0.7329545455,
        "1":0.7867435159,
        "2":0.7820512821,
        "3":0.6696629213,
        "4":0.7278688525
    },
    "XOR Gateway":{
        "0":0.7127659574,
        "1":0.7065217391,
        "2":0.7710843373,
        "3":0.6913580247,
        "4":0.6756756757
    },
    "Condition Specification":{
        "0":0.6551724138,
        "1":0.5614334471,
        "2":0.6672862454,
        "3":0.5761316872,
        "4":0.6504672897
    },
    "AND Gateway":{
        "0":0.7058823529,
        "1":0.5263157895,
        "2":1.0,
        "3":0.6428571429,
        "4":0.6111111111
    },
    "All":{
        "0":0.6298460939,
        "1":0.6747897347,
        "2":0.6583690987,
        "3":0.6290544525,
        "4":0.6617065799
    }
}