{
    "F1 CRF":{
        "0.0":0.5253656897,
        "0.1":0.560615117,
        "0.2":0.5124015543,
        "0.3":0.5172350859,
        "0.4":0.5257289162,
        "0.5":0.5446504535,
        "0.6":0.5511909523,
        "0.7":0.5681312774,
        "0.8":0.5713778714,
        "0.9":0.5789438358,
        "1.0":0.5740493621,
        "1.25":0.580860814,
        "1.5":0.5811526692,
        "1.75":0.5817753429,
        "2.0":0.5838163593,
        "3.0":0.5521035416,
        "4.0":0.567542807,
        "5.0":0.5683429906,
        "7.0":0.5419274551,
        "10.0":0.5247070839
    },
    "F1 Neural":{
        "0.0":0.3280385747,
        "0.1":0.3331208011,
        "0.2":0.3258652563,
        "0.3":0.3309563747,
        "0.4":0.326731674,
        "0.5":0.3365952827,
        "0.6":0.326453719,
        "0.7":0.3263007078,
        "0.8":0.331250885,
        "0.9":0.3413228905,
        "1.0":0.3340586006,
        "1.25":0.3297306991,
        "1.5":0.3306950995,
        "1.75":0.3342370154,
        "2.0":0.3220019538,
        "3.0":0.3263195203,
        "4.0":0.3239880375,
        "5.0":0.3232962579,
        "7.0":0.3126116827,
        "10.0":0.3222915381
    },
    "F1 Relation":{
        "0.0":0.2915351956,
        "0.1":0.2904199192,
        "0.2":0.286424082,
        "0.3":0.2864292834,
        "0.4":0.3054917467,
        "0.5":0.2958123708,
        "0.6":0.287542245,
        "0.7":0.2974785529,
        "0.8":0.3060397375,
        "0.9":0.3093623651,
        "1.0":0.3035869497,
        "1.25":0.295467577,
        "1.5":0.2979153667,
        "1.75":0.2989232792,
        "2.0":0.3003550838,
        "3.0":0.3056953838,
        "4.0":0.2866907979,
        "5.0":0.2884051097,
        "7.0":0.2994854203,
        "10.0":0.3021844495
    },
    "TTR":{
        "0.0":0.2378511926,
        "0.1":0.2206610333,
        "0.2":0.2006512031,
        "0.3":0.188368154,
        "0.4":0.1733418975,
        "0.5":0.1642348855,
        "0.6":0.1538904417,
        "0.7":0.1433464675,
        "0.8":0.1393997177,
        "0.9":0.129069062,
        "1.0":0.123946879,
        "1.25":0.1092311999,
        "1.5":0.1011895387,
        "1.75":0.0905331372,
        "2.0":0.0831659217,
        "3.0":0.0624517612,
        "4.0":0.0499601295,
        "5.0":0.0416438029,
        "7.0":0.0312328521,
        "10.0":0.0227148016
    },
    "UCER":{
        "0.0":0.7946997503,
        "0.1":0.7380260349,
        "0.2":0.6716955902,
        "0.3":0.632106717,
        "0.4":0.5857609021,
        "0.5":0.5529249905,
        "0.6":0.5223832788,
        "0.7":0.4873339977,
        "0.8":0.4730480597,
        "0.9":0.4403627431,
        "1.0":0.4242500913,
        "1.25":0.3749402205,
        "1.5":0.3486824628,
        "1.75":0.3118076632,
        "2.0":0.2871351658,
        "3.0":0.2161051149,
        "4.0":0.1730458321,
        "5.0":0.1442863563,
        "7.0":0.1082549123,
        "10.0":0.0787866416
    },
    "BertScore":{
        "0.0":1.0,
        "0.1":0.9993351936,
        "0.2":0.9990424752,
        "0.3":0.9982225657,
        "0.4":0.997623384,
        "0.5":0.9969877601,
        "0.6":0.9969835281,
        "0.7":0.9962123632,
        "0.8":0.9961264372,
        "0.9":0.9962699175,
        "1.0":0.9957781434,
        "1.25":0.9953898191,
        "1.5":0.9949405551,
        "1.75":0.9947532177,
        "2.0":0.9942622662,
        "3.0":0.9936346889,
        "4.0":0.9932163835,
        "5.0":0.9931173444,
        "7.0":0.9927320838,
        "10.0":0.9925091386
    }
}