{
    "Bert Score":{
        "0":0.9952763915,
        "1":0.995021224,
        "2":0.9942998886,
        "3":0.9948473573,
        "4":0.9952579141
    }
}