{
    "Bert Score":{
        "0":0.9929468632,
        "1":0.9927883148,
        "2":0.991914928,
        "3":0.9922761917,
        "4":0.9937341213
    }
}