{
    "Bert Score":{
        "0":0.9937286377,
        "1":0.9938569069,
        "2":0.9931354523,
        "3":0.9933108091,
        "4":0.9941416383
    }
}