{
    "Bert Score":{
        "0":0.9955173731,
        "1":0.9957587123,
        "2":0.9946049452,
        "3":0.9950793982,
        "4":0.995988667
    }
}