{
    "Actor":{
        "0":0.0850945495,
        "1":0.0905118602,
        "2":0.0889679715,
        "3":0.0957178841,
        "4":0.0872801083
    },
    "Activity":{
        "0":0.2452631579,
        "1":0.2441860465,
        "2":0.2608200456,
        "3":0.2618510158,
        "4":0.2566585956
    },
    "Activity Data":{
        "0":0.1333089847,
        "1":0.1392604249,
        "2":0.1413216561,
        "3":0.1394154818,
        "4":0.1492146597
    },
    "Further Specification":{
        "0":0.2730769231,
        "1":0.2775665399,
        "2":0.2761437908,
        "3":0.2717770035,
        "4":0.320754717
    },
    "XOR Gateway":{
        "0":0.071969697,
        "1":0.1016949153,
        "2":0.0982905983,
        "3":0.1,
        "4":0.0652173913
    },
    "Condition Specification":{
        "0":0.2517241379,
        "1":0.2748447205,
        "2":0.2545454545,
        "3":0.2505854801,
        "4":0.2520661157
    },
    "AND Gateway":{
        "0":0.4375,
        "1":0.5833333333,
        "2":0.375,
        "3":0.375,
        "4":0.46875
    },
    "All":{
        "0":0.117540435,
        "1":0.1241840224,
        "2":0.1247766528,
        "3":0.1247379455,
        "4":0.1284953395
    }
}