{
    "Actor":{
        "0":0.1069364162,
        "1":0.1033478894,
        "2":0.1117870722,
        "3":0.1191047162,
        "4":0.1039805037
    },
    "Activity":{
        "0":0.328125,
        "1":0.2900552486,
        "2":0.3309248555,
        "3":0.3392330383,
        "4":0.3099415205
    },
    "Activity Data":{
        "0":0.1703244275,
        "1":0.1605504587,
        "2":0.1824324324,
        "3":0.1750503018,
        "4":0.1762854145
    },
    "Further Specification":{
        "0":0.4085365854,
        "1":0.3295194508,
        "2":0.3300395257,
        "3":0.42,
        "4":0.4246153846
    },
    "XOR Gateway":{
        "0":0.0994764398,
        "1":0.1148325359,
        "2":0.1224489796,
        "3":0.130952381,
        "4":0.072815534
    },
    "Condition Specification":{
        "0":0.3392857143,
        "1":0.3277153558,
        "2":0.3174342105,
        "3":0.3229813665,
        "4":0.2882447665
    },
    "AND Gateway":{
        "0":0.5384615385,
        "1":0.6363636364,
        "2":0.5,
        "3":0.4761904762,
        "4":0.5
    },
    "All":{
        "0":0.1532273152,
        "1":0.1445255474,
        "2":0.1583951322,
        "3":0.1601960784,
        "4":0.1531081351
    }
}