{
    "Actor":{
        "0":0.1449046254
    },
    "Activity":{
        "0":0.4205133844
    },
    "Activity Data":{
        "0":0.2257755349
    },
    "Further Specification":{
        "0":0.4596327956
    },
    "XOR Gateway":{
        "0":0.1422939529
    },
    "Condition Specification":{
        "0":0.4106052293
    },
    "AND Gateway":{
        "0":0.6502944626
    },
    "All":{
        "0":0.2006512031
    }
}