{
    "Actor":{
        "0":0.1362781955,
        "1":0.1419689119,
        "2":0.1397637795,
        "3":0.1647727273,
        "4":0.1387347392
    },
    "Activity":{
        "0":0.4024390244,
        "1":0.4225352113,
        "2":0.4104882459,
        "3":0.4674796748,
        "4":0.3977485929
    },
    "Activity Data":{
        "0":0.207761194,
        "1":0.2274247492,
        "2":0.2231023102,
        "3":0.237630662,
        "4":0.2251201098
    },
    "Further Specification":{
        "0":0.4944237918,
        "1":0.4659863946,
        "2":0.4380165289,
        "3":0.431547619,
        "4":0.4459459459
    },
    "XOR Gateway":{
        "0":0.1117647059,
        "1":0.1678832117,
        "2":0.1575342466,
        "3":0.1803278689,
        "4":0.0939597315
    },
    "Condition Specification":{
        "0":0.3685152057,
        "1":0.4319371728,
        "2":0.4035476718,
        "3":0.4521158129,
        "4":0.3739316239
    },
    "AND Gateway":{
        "0":0.5909090909,
        "1":0.9230769231,
        "2":0.4705882353,
        "3":0.6428571429,
        "4":0.5652173913
    },
    "All":{
        "0":0.1862450958,
        "1":0.2019561195,
        "2":0.1977345481,
        "3":0.2145922747,
        "4":0.1946694539
    }
}