{
    "Actor":{
        "0":0.0895144747
    },
    "Activity":{
        "0":0.2537557723
    },
    "Activity Data":{
        "0":0.1405042414
    },
    "Further Specification":{
        "0":0.2838637949
    },
    "XOR Gateway":{
        "0":0.0874345204
    },
    "Condition Specification":{
        "0":0.2567531818
    },
    "AND Gateway":{
        "0":0.4479166667
    },
    "All":{
        "0":0.123946879
    }
}