{
    "Actor":{
        "0":0.1179832567
    },
    "Activity":{
        "0":0.3385246676
    },
    "Activity Data":{
        "0":0.1874181338
    },
    "Further Specification":{
        "0":0.3590224954
    },
    "XOR Gateway":{
        "0":0.1188520063
    },
    "Condition Specification":{
        "0":0.3438002985
    },
    "AND Gateway":{
        "0":0.5655014006
    },
    "All":{
        "0":0.1642348855
    }
}