{
    "Actor":{
        "0":0.0657340568
    },
    "Activity":{
        "0":0.184504433
    },
    "Activity Data":{
        "0":0.1020873812
    },
    "Further Specification":{
        "0":0.2098667559
    },
    "XOR Gateway":{
        "0":0.0641880141
    },
    "Condition Specification":{
        "0":0.1881791361
    },
    "AND Gateway":{
        "0":0.3284236744
    },
    "All":{
        "0":0.0905331372
    }
}