{
    "Actor":{
        "0":0.0702479339,
        "1":0.0735887097,
        "2":0.0704887218,
        "3":0.0783101494,
        "4":0.0716223549
    },
    "Activity":{
        "0":0.2054915855,
        "1":0.1962790698,
        "2":0.206865402,
        "3":0.2103354488,
        "4":0.2104743083
    },
    "Activity Data":{
        "0":0.1119311193,
        "1":0.1132376396,
        "2":0.1113201631,
        "3":0.1121317707,
        "4":0.1236927515
    },
    "Further Specification":{
        "0":0.2410865874,
        "1":0.2384,
        "2":0.2133995037,
        "3":0.2313323572,
        "4":0.2603773585
    },
    "XOR Gateway":{
        "0":0.0608974359,
        "1":0.0810810811,
        "2":0.0863309353,
        "3":0.0818505338,
        "4":0.0486111111
    },
    "Condition Specification":{
        "0":0.2169154229,
        "1":0.2150668287,
        "2":0.2146768894,
        "3":0.1978021978,
        "4":0.2171361502
    },
    "AND Gateway":{
        "0":0.3658536585,
        "1":0.4,
        "2":0.3214285714,
        "3":0.3125,
        "4":0.3947368421
    },
    "All":{
        "0":0.098988949,
        "1":0.1005271084,
        "2":0.0995384069,
        "3":0.1009771987,
        "4":0.1059160305
    }
}