{
    "Actor":{
        "0":0.0601182915
    },
    "Activity":{
        "0":0.1693466232
    },
    "Activity Data":{
        "0":0.0939923091
    },
    "Further Specification":{
        "0":0.1925532515
    },
    "XOR Gateway":{
        "0":0.0594655414
    },
    "Condition Specification":{
        "0":0.1730784072
    },
    "AND Gateway":{
        "0":0.3027777778
    },
    "All":{
        "0":0.0831659217
    }
}