{
    "Actor":{
        "0":0.0871559633,
        "1":0.092676604,
        "2":0.0917544947,
        "3":0.1019192588,
        "4":0.0913528591
    },
    "Activity":{
        "0":0.2535364527,
        "1":0.2557575758,
        "2":0.2713270142,
        "3":0.2767749699,
        "4":0.2693773825
    },
    "Activity Data":{
        "0":0.1349325337,
        "1":0.1451612903,
        "2":0.1436236071,
        "3":0.1469489415,
        "4":0.1544752385
    },
    "Further Specification":{
        "0":0.2653846154,
        "1":0.291750503,
        "2":0.287414966,
        "3":0.308,
        "4":0.3629032258
    },
    "XOR Gateway":{
        "0":0.076,
        "1":0.1025641026,
        "2":0.1043478261,
        "3":0.1100478469,
        "4":0.070754717
    },
    "Condition Specification":{
        "0":0.263546798,
        "1":0.2765625,
        "2":0.2571801567,
        "3":0.2623762376,
        "4":0.2902208202
    },
    "AND Gateway":{
        "0":0.46875,
        "1":0.6086956522,
        "2":0.375,
        "3":0.4761904762,
        "4":0.4827586207
    },
    "All":{
        "0":0.1202303816,
        "1":0.1283171521,
        "2":0.1288532676,
        "3":0.1322944824,
        "4":0.1356500265
    }
}