{
    "Actor":{
        "0":0.1194620253,
        "1":0.131359852,
        "2":0.128342246,
        "3":0.126603935,
        "4":0.1274014156
    },
    "Activity":{
        "0":0.3371924747,
        "1":0.3571428571,
        "2":0.375,
        "3":0.3516819572,
        "4":0.3712784588
    },
    "Activity Data":{
        "0":0.1831785346,
        "1":0.1994236311,
        "2":0.2009373169,
        "3":0.189336235,
        "4":0.2088607595
    },
    "Further Specification":{
        "0":0.3142201835,
        "1":0.4052478134,
        "2":0.4004914005,
        "3":0.3394077449,
        "4":0.4736842105
    },
    "XOR Gateway":{
        "0":0.0979381443,
        "1":0.1445783133,
        "2":0.1277777778,
        "3":0.1428571429,
        "4":0.0864197531
    },
    "Condition Specification":{
        "0":0.3522537563,
        "1":0.4009546539,
        "2":0.3292682927,
        "3":0.36,
        "4":0.3489278752
    },
    "AND Gateway":{
        "0":0.5185185185,
        "1":0.7222222222,
        "2":0.5,
        "3":0.4285714286,
        "4":0.6666666667
    },
    "All":{
        "0":0.1598368615,
        "1":0.1793103448,
        "2":0.1772097054,
        "3":0.1673872761,
        "4":0.1829652997
    }
}