{
    "Actor":{
        "0":0.5069084629,
        "1":0.4963031423,
        "2":0.4918181818,
        "3":0.5132743363,
        "4":0.5105708245
    },
    "Activity":{
        "0":0.5475543478,
        "1":0.5681818182,
        "2":0.5844748858,
        "3":0.6012658228,
        "4":0.5927750411
    },
    "Activity Data":{
        "0":0.5501765003,
        "1":0.5513089005,
        "2":0.5241935484,
        "3":0.5546831183,
        "4":0.5948653726
    },
    "Further Specification":{
        "0":0.5333333333,
        "1":0.5929978118,
        "2":0.7042253521,
        "3":0.7535014006,
        "4":0.613832853
    },
    "XOR Gateway":{
        "0":0.5274725275,
        "1":0.4947368421,
        "2":0.6117647059,
        "3":0.6142857143,
        "4":0.5753424658
    },
    "Condition Specification":{
        "0":0.6384615385,
        "1":0.7328605201,
        "2":0.6125211506,
        "3":0.6432,
        "4":0.6541501976
    },
    "AND Gateway":{
        "0":0.6315789474,
        "1":0.7142857143,
        "2":1.0,
        "3":0.8,
        "4":0.875
    },
    "All":{
        "0":0.5350791479,
        "1":0.5516052575,
        "2":0.540414727,
        "3":0.567423231,
        "4":0.5701025892
    }
}