{
    "Actor":{
        "0":0.3381014053
    },
    "Activity":{
        "0":0.3843360915
    },
    "Activity Data":{
        "0":0.3708744754
    },
    "Further Specification":{
        "0":0.4768026209
    },
    "XOR Gateway":{
        "0":0.3701286442
    },
    "Condition Specification":{
        "0":0.4471685064
    },
    "AND Gateway":{
        "0":0.6246603971
    },
    "All":{
        "0":0.3749402205
    }
}