{
    "Actor":{
        "0":0.6013001083,
        "1":0.6185935638,
        "2":0.5892857143,
        "3":0.6749672346,
        "4":0.5947630923
    },
    "Activity":{
        "0":0.6968641115,
        "1":0.7444668008,
        "2":0.6871609403,
        "3":0.7682926829,
        "4":0.669793621
    },
    "Activity Data":{
        "0":0.6409007912,
        "1":0.6859673025,
        "2":0.6369127517,
        "3":0.6853693182,
        "4":0.6459062281
    },
    "Further Specification":{
        "0":0.8773234201,
        "1":0.843537415,
        "2":0.7768595041,
        "3":0.7827380952,
        "4":0.6824324324
    },
    "XOR Gateway":{
        "0":0.578313253,
        "1":0.7121212121,
        "2":0.6944444444,
        "3":0.7166666667,
        "4":0.6086956522
    },
    "Condition Specification":{
        "0":0.7119856887,
        "1":0.782152231,
        "2":0.7733333333,
        "3":0.8705357143,
        "4":0.7002141328
    },
    "AND Gateway":{
        "0":0.6666666667,
        "1":1.0,
        "2":0.7,
        "3":0.8888888889,
        "4":0.6875
    },
    "All":{
        "0":0.646104694,
        "1":0.6911392405,
        "2":0.6463223787,
        "3":0.7113196815,
        "4":0.630952381
    }
}