{
    "Actor":{
        "0":0.2521258503,
        "1":0.268770923,
        "2":0.2537313433,
        "3":0.2635882636,
        "4":0.2552322614
    },
    "Activity":{
        "0":0.2849122807,
        "1":0.2930232558,
        "2":0.2946089598,
        "3":0.2927012792,
        "4":0.2937853107
    },
    "Activity Data":{
        "0":0.2817460317,
        "1":0.2931404073,
        "2":0.2761596548,
        "3":0.2793010753,
        "4":0.2934397163
    },
    "Further Specification":{
        "0":0.3461538462,
        "1":0.3599493029,
        "2":0.3562091503,
        "3":0.3612078978,
        "4":0.358490566
    },
    "XOR Gateway":{
        "0":0.2580645161,
        "1":0.2722222222,
        "2":0.3040935673,
        "3":0.2941176471,
        "4":0.2716049383
    },
    "Condition Specification":{
        "0":0.3448275862,
        "1":0.3541017653,
        "2":0.3480902778,
        "3":0.3466353678,
        "4":0.3416206262
    },
    "AND Gateway":{
        "0":0.5,
        "1":0.5333333333,
        "2":0.3333333333,
        "3":0.4583333333,
        "4":0.5151515152
    },
    "All":{
        "0":0.2809410834,
        "1":0.2953168044,
        "2":0.2832175195,
        "3":0.2876958916,
        "4":0.2885045299
    }
}