{
    "Actor":{
        "0":0.1262755102,
        "1":0.1346245815,
        "2":0.1275440977,
        "3":0.1327561328,
        "4":0.128892292
    },
    "Activity":{
        "0":0.1438596491,
        "1":0.1465116279,
        "2":0.1473044799,
        "3":0.1463506396,
        "4":0.1468926554
    },
    "Activity Data":{
        "0":0.1419890873,
        "1":0.1471061093,
        "2":0.1390237325,
        "3":0.1400537634,
        "4":0.1471631206
    },
    "Further Specification":{
        "0":0.1724358974,
        "1":0.1825095057,
        "2":0.1791938998,
        "3":0.1817653891,
        "4":0.1816037736
    },
    "XOR Gateway":{
        "0":0.1290322581,
        "1":0.1361111111,
        "2":0.1520467836,
        "3":0.1470588235,
        "4":0.1358024691
    },
    "Condition Specification":{
        "0":0.1735632184,
        "1":0.1791277259,
        "2":0.1766493056,
        "3":0.1733176839,
        "4":0.1717311234
    },
    "AND Gateway":{
        "0":0.25,
        "1":0.2666666667,
        "2":0.2380952381,
        "3":0.2291666667,
        "4":0.2575757576
    },
    "All":{
        "0":0.1412119415,
        "1":0.1483746556,
        "2":0.142503685,
        "3":0.1443244388,
        "4":0.1450170608
    }
}