{
    "Actor":{
        "0":0.5679264556,
        "1":0.5875831486,
        "2":0.5757906216,
        "3":0.6055363322,
        "4":0.5854241338
    },
    "Activity":{
        "0":0.6493506494,
        "1":0.6374570447,
        "2":0.7142857143,
        "3":0.6872727273,
        "4":0.670411985
    },
    "Activity Data":{
        "0":0.6169239565,
        "1":0.6208133971,
        "2":0.5945102932,
        "3":0.6438992042,
        "4":0.6695402299
    },
    "Further Specification":{
        "0":0.8581818182,
        "1":0.7448680352,
        "2":0.7480719794,
        "3":0.6873449132,
        "4":0.7291666667
    },
    "XOR Gateway":{
        "0":0.5925925926,
        "1":0.6351351351,
        "2":0.7027027027,
        "3":0.671641791,
        "4":0.6176470588
    },
    "Condition Specification":{
        "0":0.704467354,
        "1":0.6928251121,
        "2":0.7176470588,
        "3":0.7925636008,
        "4":0.7121848739
    },
    "AND Gateway":{
        "0":0.6,
        "1":0.6666666667,
        "2":1.0,
        "3":0.8888888889,
        "4":1.0
    },
    "All":{
        "0":0.619711762,
        "1":0.6242559524,
        "2":0.6220238095,
        "3":0.6503192848,
        "4":0.6442227764
    }
}