{
    "Actor":{
        "0":0.528561498
    },
    "Activity":{
        "0":0.6072646935
    },
    "Activity Data":{
        "0":0.5694005488
    },
    "Further Specification":{
        "0":0.6530103869
    },
    "XOR Gateway":{
        "0":0.5456245923
    },
    "Condition Specification":{
        "0":0.6610230468
    },
    "AND Gateway":{
        "0":0.6190584416
    },
    "All":{
        "0":0.5694762935
    }
}