{
    "Actor":{
        "0":0.3829884292
    },
    "Activity":{
        "0":0.4361943838
    },
    "Activity Data":{
        "0":0.4225905051
    },
    "Further Specification":{
        "0":0.5146689627
    },
    "XOR Gateway":{
        "0":0.4126005267
    },
    "Condition Specification":{
        "0":0.5083521088
    },
    "AND Gateway":{
        "0":0.6824025974
    },
    "All":{
        "0":0.4242500913
    }
}