{
    "Actor":{
        "0":0.2725598527,
        "1":0.2946808511,
        "2":0.2728613569,
        "3":0.2917771883,
        "4":0.2780244173
    },
    "Activity":{
        "0":0.3131699847,
        "1":0.3195266272,
        "2":0.3182936833,
        "3":0.3172920065,
        "4":0.3224092117
    },
    "Activity Data":{
        "0":0.3050570962,
        "1":0.3160651921,
        "2":0.2981945253,
        "3":0.3016710642,
        "4":0.3194847021
    },
    "Further Specification":{
        "0":0.3564753004,
        "1":0.4138438881,
        "2":0.38882283,
        "3":0.3789346247,
        "4":0.3992994746
    },
    "XOR Gateway":{
        "0":0.2727272727,
        "1":0.2848484848,
        "2":0.3443708609,
        "3":0.3191489362,
        "4":0.2993197279
    },
    "Condition Specification":{
        "0":0.3779461279,
        "1":0.3603793467,
        "2":0.3826923077,
        "3":0.3848167539,
        "4":0.3787103378
    },
    "AND Gateway":{
        "0":0.4285714286,
        "1":0.5333333333,
        "2":0.4375,
        "3":0.5,
        "4":0.6071428571
    },
    "All":{
        "0":0.3034178848,
        "1":0.31987503,
        "2":0.3066971952,
        "3":0.3131569828,
        "4":0.3158912231
    }
}