{
    "Actor":{
        "0":0.2819807333
    },
    "Activity":{
        "0":0.3181383027
    },
    "Activity Data":{
        "0":0.308094516
    },
    "Further Specification":{
        "0":0.3874752235
    },
    "XOR Gateway":{
        "0":0.3040830565
    },
    "Condition Specification":{
        "0":0.3769089748
    },
    "AND Gateway":{
        "0":0.5013095238
    },
    "All":{
        "0":0.3118076632
    }
}