{
    "Actor":{
        "0":0.3846153846,
        "1":0.4080118694,
        "2":0.393639576,
        "3":0.4147640791,
        "4":0.3939873418
    },
    "Activity":{
        "0":0.443960827,
        "1":0.4533333333,
        "2":0.4573459716,
        "3":0.4608904934,
        "4":0.4561626429
    },
    "Activity Data":{
        "0":0.422841864,
        "1":0.4479695431,
        "2":0.418204698,
        "3":0.4326271186,
        "4":0.4503922473
    },
    "Further Specification":{
        "0":0.4961538462,
        "1":0.5412474849,
        "2":0.5391156463,
        "3":0.578,
        "4":0.5725806452
    },
    "XOR Gateway":{
        "0":0.4033613445,
        "1":0.4152542373,
        "2":0.4642857143,
        "3":0.4639175258,
        "4":0.4356435644
    },
    "Condition Specification":{
        "0":0.5221674877,
        "1":0.5282131661,
        "2":0.5222513089,
        "3":0.5204460967,
        "4":0.5655608215
    },
    "AND Gateway":{
        "0":0.75,
        "1":0.8,
        "2":0.7142857143,
        "3":0.6875,
        "4":0.7
    },
    "All":{
        "0":0.4241542936,
        "1":0.4493975904,
        "2":0.4324456788,
        "3":0.4470886076,
        "4":0.4487275449
    }
}