{
    "Actor":{
        "0":0.2947454641
    },
    "Activity":{
        "0":0.3474441008
    },
    "Activity Data":{
        "0":0.3221074672
    },
    "Further Specification":{
        "0":0.3827106018
    },
    "XOR Gateway":{
        "0":0.330995534
    },
    "Condition Specification":{
        "0":0.3768550846
    },
    "AND Gateway":{
        "0":0.4115606061
    },
    "All":{
        "0":0.3235392116
    }
}