{
    "Actor":{
        "0":0.1557310852
    },
    "Activity":{
        "0":0.1754205724
    },
    "Activity Data":{
        "0":0.1716805945
    },
    "Further Specification":{
        "0":0.2152841518
    },
    "XOR Gateway":{
        "0":0.1680123469
    },
    "Condition Specification":{
        "0":0.2098533737
    },
    "AND Gateway":{
        "0":0.297961039
    },
    "All":{
        "0":0.1730458321
    }
}