{
    "Actor":{
        "0":0.3990036502
    },
    "Activity":{
        "0":0.4543386536
    },
    "Activity Data":{
        "0":0.4344070942
    },
    "Further Specification":{
        "0":0.5454195245
    },
    "XOR Gateway":{
        "0":0.4364924772
    },
    "Condition Specification":{
        "0":0.5317277762
    },
    "AND Gateway":{
        "0":0.7303571429
    },
    "All":{
        "0":0.4403627431
    }
}