{
    "Bert Score":{
        "0":0.7722359896,
        "1":0.7733246684,
        "2":0.7976305485,
        "3":0.7977913618,
        "4":0.7479435802
    }
}