{
    "Actor":{
        "0":0.1766190257
    },
    "Activity":{
        "0":0.5112165254
    },
    "Activity Data":{
        "0":0.2733375813
    },
    "Further Specification":{
        "0":0.5701672332
    },
    "XOR Gateway":{
        "0":0.175007437
    },
    "Condition Specification":{
        "0":0.4817094647
    },
    "AND Gateway":{
        "0":0.8083333333
    },
    "All":{
        "0":0.2423160037
    }
}