{
    "Actor":{
        "0":0.8271889401,
        "1":0.8337801609,
        "2":0.8277511962,
        "3":0.8431372549,
        "4":0.8467966574
    },
    "Activity":{
        "0":0.9094339623,
        "1":0.9163179916,
        "2":0.95,
        "3":0.9189189189,
        "4":0.9170124481
    },
    "Activity Data":{
        "0":0.9295154185,
        "1":0.9418604651,
        "2":0.9243498818,
        "3":0.9228971963,
        "4":0.9160671463
    },
    "Further Specification":{
        "0":0.9086294416,
        "1":0.9620853081,
        "2":0.928,
        "3":0.9234042553,
        "4":0.9473684211
    },
    "XOR Gateway":{
        "0":0.7297297297,
        "1":0.7105263158,
        "2":0.8484848485,
        "3":0.8571428571,
        "4":0.696969697
    },
    "Condition Specification":{
        "0":0.9337175793,
        "1":0.9465648855,
        "2":0.9381443299,
        "3":0.937694704,
        "4":0.9353612167
    },
    "AND Gateway":{
        "0":1.0,
        "1":1.0,
        "2":1.0,
        "3":1.0,
        "4":1.0
    },
    "All":{
        "0":0.88914417,
        "1":0.9030808729,
        "2":0.8983353151,
        "3":0.8969804618,
        "4":0.8973154362
    }
}