{
    "Actor":{
        "0":0.7121621622,
        "1":0.7515243902,
        "2":0.7198838897,
        "3":0.7404580153,
        "4":0.7290322581
    },
    "Activity":{
        "0":0.8321995465,
        "1":0.8503740648,
        "2":0.855,
        "3":0.8419753086,
        "4":0.8571428571
    },
    "Activity Data":{
        "0":0.7834245504,
        "1":0.807885906,
        "2":0.7632933105,
        "3":0.7776831346,
        "4":0.8201304753
    },
    "Further Specification":{
        "0":0.8791208791,
        "1":0.8787878788,
        "2":0.8791208791,
        "3":0.8777777778,
        "4":0.9811320755
    },
    "XOR Gateway":{
        "0":0.7741935484,
        "1":0.7833333333,
        "2":0.8771929825,
        "3":0.8431372549,
        "4":0.7777777778
    },
    "Condition Specification":{
        "0":0.9127358491,
        "1":0.926984127,
        "2":0.9050131926,
        "3":0.913253012,
        "4":0.9002849003
    },
    "AND Gateway":{
        "0":1.0,
        "1":1.0,
        "2":1.0,
        "3":1.0,
        "4":1.0
    },
    "All":{
        "0":0.7750081994,
        "1":0.8053421149,
        "2":0.7733954823,
        "3":0.7855611151,
        "4":0.7974087161
    }
}