{
    "F1 CRF":{
        "1":0.5841886197,
        "2":0.6064138788,
        "3":0.609779004,
        "4":0.6006015681,
        "5":0.5900778342,
        "6":0.6059328294,
        "7":0.5824019713,
        "8":0.5848787895,
        "9":0.5720379912,
        "10":0.5824618028
    },
    "F1 Neural":{
        "1":0.3222805472,
        "2":0.3362247959,
        "3":0.3444412699,
        "4":0.3462491509,
        "5":0.3435086564,
        "6":0.336369768,
        "7":0.3414936402,
        "8":0.3427220778,
        "9":0.3373471551,
        "10":0.3293977617
    },
    "F1 Relation":{
        "1":0.3032717593,
        "2":0.2924955842,
        "3":0.3104880596,
        "4":0.3189077036,
        "5":0.312034278,
        "6":0.2985027528,
        "7":0.3088132856,
        "8":0.3046359449,
        "9":0.3000519616,
        "10":0.2989606951
    },
    "TTR":{
        "1":0.0744703348,
        "2":0.0796374622,
        "3":0.0811340097,
        "4":0.0819239789,
        "5":0.0827866688,
        "6":0.0831233803,
        "7":0.0833140139,
        "8":0.083245969,
        "9":0.0833544531,
        "10":0.083300716
    },
    "UCER":{
        "1":0.2879258438,
        "2":0.3500152781,
        "3":0.3939950733,
        "4":0.4287729547,
        "5":0.4501910007,
        "6":0.464060358,
        "7":0.47492697,
        "8":0.4830022659,
        "9":0.4853045524,
        "10":0.4858855423
    },
    "BertScore":{
        "1":null,
        "2":null,
        "3":null,
        "4":null,
        "5":null,
        "6":null,
        "7":null,
        "8":null,
        "9":null,
        "10":null
    },
    "BleuScore":{
        "1":0.8226880566,
        "2":0.1966885269,
        "3":0.0146122488,
        "4":0.0008475925,
        "5":0.00007221,
        "6":0.0000716131,
        "7":0.0001753047,
        "8":0.0000469373,
        "9":0.0006317622,
        "10":0.0000324024
    }
}