{
    "Bleu Score":{
        "0":0.1535397891,
        "1":0.1351542518,
        "2":0.2364492378,
        "3":0.3956692896,
        "4":0.0626300662
    }
}