{
    "Actor":{
        "0":0.0768041237,
        "1":0.0796789911,
        "2":0.0840428454,
        "3":0.0863309353,
        "4":0.0832817337
    },
    "Activity":{
        "0":0.1623886852,
        "1":0.1678240741,
        "2":0.1690300624,
        "3":0.1741573034,
        "4":0.1757246377
    },
    "Activity Data":{
        "0":0.1046668921,
        "1":0.1130261248,
        "2":0.1130722559,
        "3":0.1133774348,
        "4":0.1209791625
    },
    "Further Specification":{
        "0":0.2043996334,
        "1":0.1921675774,
        "2":0.2073552426,
        "3":0.1991666667,
        "4":0.248600224
    },
    "XOR Gateway":{
        "0":0.0473484848,
        "1":0.0529661017,
        "2":0.0598290598,
        "3":0.0659090909,
        "4":0.0434782609
    },
    "Condition Specification":{
        "0":0.1717724289,
        "1":0.1939528024,
        "2":0.1741573034,
        "3":0.1689905187,
        "4":0.1755319149
    },
    "AND Gateway":{
        "0":0.2615384615,
        "1":0.2708333333,
        "2":0.1836734694,
        "3":0.28,
        "4":0.2388059701
    },
    "All":{
        "0":0.0782122905,
        "1":0.0826096475,
        "2":0.0838483146,
        "3":0.0846262341,
        "4":0.0872735827
    }
}