{
    "Actor":{
        "0":0.0740933994,
        "1":0.0767872904,
        "2":0.0777653004,
        "3":0.0838005311,
        "4":0.0769958978
    },
    "Activity":{
        "0":0.1508145034,
        "1":0.151884058,
        "2":0.1558589306,
        "3":0.1588732394,
        "4":0.1564009662
    },
    "Activity Data":{
        "0":0.1004495159,
        "1":0.1100167255,
        "2":0.1103176095,
        "3":0.108849888,
        "4":0.1186440678
    },
    "Further Specification":{
        "0":0.1953703704,
        "1":0.1904323827,
        "2":0.1897637795,
        "3":0.1920808762,
        "4":0.2349602724
    },
    "XOR Gateway":{
        "0":0.0473484848,
        "1":0.0550847458,
        "2":0.0641025641,
        "3":0.0636363636,
        "4":0.0413043478
    },
    "Condition Specification":{
        "0":0.1665741255,
        "1":0.1803155522,
        "2":0.165625,
        "3":0.1643376188,
        "4":0.1655495979
    },
    "AND Gateway":{
        "0":0.2307692308,
        "1":0.3125,
        "2":0.22,
        "3":0.2549019608,
        "4":0.2424242424
    },
    "All":{
        "0":0.0765639589,
        "1":0.081752585,
        "2":0.0819017749,
        "3":0.0827911632,
        "4":0.0866104124
    }
}