{
    "Actor":{
        "0":0.0826098059
    },
    "Activity":{
        "0":0.1744017073
    },
    "Activity Data":{
        "0":0.1136379407
    },
    "Further Specification":{
        "0":0.2113751465
    },
    "XOR Gateway":{
        "0":0.0526719708
    },
    "Condition Specification":{
        "0":0.1788651458
    },
    "AND Gateway":{
        "0":0.2525342752
    },
    "All":{
        "0":0.083300716
    }
}