{
    "Actor":{
        "0":0.0770211681,
        "1":0.0799773114,
        "2":0.0844370861,
        "3":0.0879748643,
        "4":0.0848559926
    },
    "Activity":{
        "0":0.1677148847,
        "1":0.1740890688,
        "2":0.1691259932,
        "3":0.1751824818,
        "4":0.1807228916
    },
    "Activity Data":{
        "0":0.1040149077,
        "1":0.1125338142,
        "2":0.1134438306,
        "3":0.1142020498,
        "4":0.1215945513
    },
    "Further Specification":{
        "0":0.2047531993,
        "1":0.2045248869,
        "2":0.199070488,
        "3":0.2018196857,
        "4":0.2480620155
    },
    "XOR Gateway":{
        "0":0.0397727273,
        "1":0.0550847458,
        "2":0.0598290598,
        "3":0.0659090909,
        "4":0.0413043478
    },
    "Condition Specification":{
        "0":0.1717116125,
        "1":0.1921944035,
        "2":0.1726078799,
        "3":0.1682557487,
        "4":0.1752645503
    },
    "AND Gateway":{
        "0":0.2352941176,
        "1":0.2916666667,
        "2":0.22,
        "3":0.24,
        "4":0.2089552239
    },
    "All":{
        "0":0.0780234924,
        "1":0.0827831386,
        "2":0.083731721,
        "3":0.0842704526,
        "4":0.0874210403
    }
}