{
    "Actor":{
        "0":0.0667473089
    },
    "Activity":{
        "0":0.1306804778
    },
    "Activity Data":{
        "0":0.09244268
    },
    "Further Specification":{
        "0":0.1614577039
    },
    "XOR Gateway":{
        "0":0.0479482184
    },
    "Condition Specification":{
        "0":0.1509452953
    },
    "AND Gateway":{
        "0":0.2052083333
    },
    "All":{
        "0":0.0744703348
    }
}