{
    "Actor":{
        "0":0.0828532845
    },
    "Activity":{
        "0":0.173367064
    },
    "Activity Data":{
        "0":0.1131578307
    },
    "Further Specification":{
        "0":0.2116460551
    },
    "XOR Gateway":{
        "0":0.0523799943
    },
    "Condition Specification":{
        "0":0.176006839
    },
    "AND Gateway":{
        "0":0.2391832016
    },
    "All":{
        "0":0.083245969
    }
}