{
    "Actor":{
        "0":0.4561625063
    },
    "Activity":{
        "0":0.3679770135
    },
    "Activity Data":{
        "0":0.5088523785
    },
    "Further Specification":{
        "0":0.5115021849
    },
    "XOR Gateway":{
        "0":0.3904120292
    },
    "Condition Specification":{
        "0":0.5154335835
    },
    "AND Gateway":{
        "0":0.4347102426
    },
    "All":{
        "0":0.464060358
    }
}