{
    "Actor":{
        "0":0.393120658
    },
    "Activity":{
        "0":0.3018279641
    },
    "Activity Data":{
        "0":0.43320938
    },
    "Further Specification":{
        "0":0.4302768776
    },
    "XOR Gateway":{
        "0":0.3369921509
    },
    "Condition Specification":{
        "0":0.4395951299
    },
    "AND Gateway":{
        "0":0.3723864601
    },
    "All":{
        "0":0.3939950733
    }
}