{
    "Actor":{
        "0":0.371566556,
        "1":0.3952542373,
        "2":0.3849614396,
        "3":0.4113644097,
        "4":0.4024566474
    },
    "Activity":{
        "0":0.2900683132,
        "1":0.3060869565,
        "2":0.3090909091,
        "3":0.3038331454,
        "4":0.3000604961
    },
    "Activity Data":{
        "0":0.4284950071,
        "1":0.4393939394,
        "2":0.4226983208,
        "3":0.4251635244,
        "4":0.4502961083
    },
    "Further Specification":{
        "0":0.4208530806,
        "1":0.4410399257,
        "2":0.4151394422,
        "3":0.4452861953,
        "4":0.4290657439
    },
    "XOR Gateway":{
        "0":0.3467741935,
        "1":0.325,
        "2":0.350877193,
        "3":0.3382352941,
        "4":0.3240740741
    },
    "Condition Specification":{
        "0":0.456013363,
        "1":0.4512743628,
        "2":0.4388853705,
        "3":0.4165242165,
        "4":0.4352783367
    },
    "AND Gateway":{
        "0":0.2916666667,
        "1":0.375,
        "2":0.3448275862,
        "3":0.3823529412,
        "4":0.4680851064
    },
    "All":{
        "0":0.3860138859,
        "1":0.4010333863,
        "2":0.3873250152,
        "3":0.3946684998,
        "4":0.4009345794
    }
}