{
    "Actor":{
        "0":0.2744302217,
        "1":0.2834978843,
        "2":0.2767797738,
        "3":0.2806645458,
        "4":0.29218107
    },
    "Activity":{
        "0":0.2378947368,
        "1":0.248111563,
        "2":0.2470119522,
        "3":0.2380146644,
        "4":0.2480338778
    },
    "Activity Data":{
        "0":0.3061000183,
        "1":0.3121044304,
        "2":0.2999402509,
        "3":0.2979526933,
        "4":0.3235999128
    },
    "Further Specification":{
        "0":0.3269780744,
        "1":0.3323917137,
        "2":0.3010577705,
        "3":0.3270060397,
        "4":0.2987164527
    },
    "XOR Gateway":{
        "0":0.2620967742,
        "1":0.2583333333,
        "2":0.2763157895,
        "3":0.2696078431,
        "4":0.2407407407
    },
    "Condition Specification":{
        "0":0.3116438356,
        "1":0.3305019305,
        "2":0.3174193548,
        "3":0.3402898551,
        "4":0.3110504775
    },
    "AND Gateway":{
        "0":0.3125,
        "1":0.25,
        "2":0.25,
        "3":0.25,
        "4":0.25
    },
    "All":{
        "0":0.283988579,
        "1":0.2939591837,
        "2":0.2816912396,
        "3":0.2870697091,
        "4":0.2929205079
    }
}