{
    "F1 CRF":{
        "0.05":0.5789912779,
        "0.1":0.5719217603,
        "0.15":0.5828680334,
        "0.2":0.5735386631,
        "0.25":0.5781871743,
        "0.3":0.5525315743,
        "0.35":0.5829291523,
        "0.4":0.5732591171,
        "0.45":0.5695574661,
        "0.5":0.5823296264,
        "0.55":0.5771977225,
        "0.6":0.5838937319,
        "0.65":0.574160131,
        "0.7":0.5767236373,
        "0.75":0.5725537064,
        "0.8":0.5755857664,
        "0.85":0.5765600021,
        "0.9":0.55212402,
        "0.95":0.5798868706,
        "1.0":0.5796301791
    },
    "F1 Neural":{
        "0.05":0.3314402674,
        "0.1":0.3298005929,
        "0.15":0.3352817524,
        "0.2":0.3254351406,
        "0.25":0.3316029243,
        "0.3":0.3306442123,
        "0.35":0.3266958045,
        "0.4":0.3305403067,
        "0.45":0.3324166979,
        "0.5":0.3260808704,
        "0.55":0.329685566,
        "0.6":0.3182347021,
        "0.65":0.3285990544,
        "0.7":0.3352704404,
        "0.75":0.3321940486,
        "0.8":0.3255236635,
        "0.85":0.3264294331,
        "0.9":0.3334502756,
        "0.95":0.3268054267,
        "1.0":0.3294603078
    },
    "F1 Relation":{
        "0.05":0.3155335053,
        "0.1":0.3188314955,
        "0.15":0.3175365869,
        "0.2":0.302513235,
        "0.25":0.3218973625,
        "0.3":0.3224991761,
        "0.35":0.3149146639,
        "0.4":0.3158624269,
        "0.45":0.32403768,
        "0.5":0.3217833617,
        "0.55":0.308877347,
        "0.6":0.3195640198,
        "0.65":0.3035995116,
        "0.7":0.3079852964,
        "0.75":0.3069257476,
        "0.8":0.3084793078,
        "0.85":0.3175947387,
        "0.9":0.3245453554,
        "0.95":0.3133146142,
        "1.0":0.316127597
    },
    "TTR":{
        "0.05":0.1191035779,
        "0.1":0.1198631152,
        "0.15":0.1203104801,
        "0.2":0.1207573649,
        "0.25":0.1210263013,
        "0.3":0.1212128842,
        "0.35":0.1215431602,
        "0.4":0.1219137721,
        "0.45":0.1220696889,
        "0.5":0.1221573038,
        "0.55":0.1223114967,
        "0.6":0.1225734144,
        "0.65":0.1230348508,
        "0.7":0.1232545815,
        "0.75":0.1236195929,
        "0.8":0.1237450007,
        "0.85":0.124103163,
        "0.9":0.1243183615,
        "0.95":0.1245001299,
        "1.0":0.1246245431
    },
    "UCER":{
        "0.05":0.3984003577,
        "0.1":0.4015748507,
        "0.15":0.4037953636,
        "0.2":0.4060382379,
        "0.25":0.4074299963,
        "0.3":0.4084872825,
        "0.35":0.4101267353,
        "0.4":0.4119587624,
        "0.45":0.4129348586,
        "0.5":0.4143906722,
        "0.55":0.4155553165,
        "0.6":0.4173847799,
        "0.65":0.4195835772,
        "0.7":0.4210161687,
        "0.75":0.4227467998,
        "0.8":0.4243493967,
        "0.85":0.4268095873,
        "0.9":0.4285231014,
        "0.95":0.4297993105,
        "1.0":0.4315760809
    },
    "BleuScore":{
        "0.05":0.9974616074,
        "0.1":0.9944858932,
        "0.15":0.9908212461,
        "0.2":0.9881481769,
        "0.25":0.9859314635,
        "0.3":0.9842209514,
        "0.35":0.9808369551,
        "0.4":0.9780046293,
        "0.45":0.9756985819,
        "0.5":0.9726191868,
        "0.55":0.9706681411,
        "0.6":0.9676005812,
        "0.65":0.964357539,
        "0.7":0.9616149251,
        "0.75":0.9583572349,
        "0.8":0.9550029733,
        "0.85":0.9516647433,
        "0.9":0.9481334362,
        "0.95":0.9450060879,
        "1.0":0.941774545
    }
}