{
    "$F_{1}$":{
        "0.05":0.5789206457,
        "0.1":0.563570983,
        "0.15":0.5786666953,
        "0.2":0.5706880661,
        "0.25":0.5714902885,
        "0.3":0.5693818502,
        "0.35":0.5782895675,
        "0.4":0.5741514234,
        "0.45":0.5792618124,
        "0.5":0.5684294997,
        "0.55":0.5697375036,
        "0.6":0.5789442773,
        "0.65":0.5751053798,
        "0.7":0.582763449,
        "0.75":0.5740434675,
        "0.8":0.5784036778,
        "0.85":0.5816292724,
        "0.9":0.5678612452,
        "0.95":0.5717485113,
        "1.0":0.5796301791
    },
    "$TTR$":{
        "0.05":0.1193845525,
        "0.1":0.1198339457,
        "0.15":0.1199271452,
        "0.2":0.120449657,
        "0.25":0.1208323231,
        "0.3":0.1213145989,
        "0.35":0.121508241,
        "0.4":0.1214376345,
        "0.45":0.122233045,
        "0.5":0.1220891349,
        "0.55":0.1225159855,
        "0.6":0.1229032917,
        "0.65":0.1228398217,
        "0.7":0.1232153954,
        "0.75":0.123598206,
        "0.8":0.1237661115,
        "0.85":0.1239840568,
        "0.9":0.1241133238,
        "0.95":0.1244794318,
        "1.0":0.1246245431
    },
    "$UCER$":{
        "0.05":0.3992900398,
        "0.1":0.4013468138,
        "0.15":0.4024758511,
        "0.2":0.4054485011,
        "0.25":0.4052344595,
        "0.3":0.4087158744,
        "0.35":0.4099919593,
        "0.4":0.4110329809,
        "0.45":0.4159945748,
        "0.5":0.4147070161,
        "0.55":0.4168615519,
        "0.6":0.4186184239,
        "0.65":0.4193035004,
        "0.7":0.4222320975,
        "0.75":0.4237033275,
        "0.8":0.4258313858,
        "0.85":0.4271121996,
        "0.9":0.4275640276,
        "0.95":0.4298525487,
        "1.0":0.4315760809
    },
    "$BleuScore$":{
        "0.05":0.9973668594,
        "0.1":0.9952530486,
        "0.15":0.9901790532,
        "0.2":0.988012334,
        "0.25":0.9854764049,
        "0.3":0.9829332687,
        "0.35":0.979070116,
        "0.4":0.9755063362,
        "0.45":0.9719129285,
        "0.5":0.9723564106,
        "0.55":0.9680469442,
        "0.6":0.9661579656,
        "0.65":0.9637731805,
        "0.7":0.9589034816,
        "0.75":0.9549331565,
        "0.8":0.9546806721,
        "0.85":0.9505238989,
        "0.9":0.9485701609,
        "0.95":0.9455736547,
        "1.0":0.941774545
    }
}