{
    "Bleu Score":{
        "0":0.9856561442,
        "1":0.9895466138,
        "2":0.9856889577,
        "3":0.9903491682,
        "4":0.9895000008
    }
}