{
    "Bleu Score":{
        "0":0.9792265282,
        "1":0.9816409459,
        "2":0.9754744962,
        "3":0.9781570776,
        "4":0.9808515323
    }
}