{
    "Bleu Score":{
        "0":0.9974148969,
        "1":0.9948465235,
        "2":0.9962234482,
        "3":0.9967810633,
        "4":0.9964058822
    }
}