{
    "Bleu Score":{
        "0":0.9609794124,
        "1":0.9679091613,
        "2":0.9591199427,
        "3":0.9659326601,
        "4":0.9678465187
    }
}