{
    "Bleu Score":{
        "0":0.9859063818,
        "1":0.988631405,
        "2":0.9930409133,
        "3":0.9829973953,
        "4":0.9894855745
    }
}