{
    "Bleu Score":{
        "0":0.9491085972,
        "1":0.9491604018,
        "2":0.9434714737,
        "3":0.9421686222,
        "4":0.9439591785
    }
}