{
    "Bleu Score":{
        "0":0.9962536934,
        "1":0.9992603231,
        "2":0.9956674743,
        "3":0.9972882921,
        "4":0.9976861116
    }
}