{
    "Bleu Score":{
        "0":0.9567772631,
        "1":0.9589295665,
        "2":0.9546087824,
        "3":0.9603816612,
        "4":0.9610889014
    }
}