{
    "Bleu Score":{
        "0":0.969349031,
        "1":0.9737300976,
        "2":0.9653772221,
        "3":0.969982332,
        "4":0.9749020228
    }
}