{
    "Bleu Score":{
        "0":0.9831178702,
        "1":0.9865113418,
        "2":0.9859570414,
        "3":0.9840903196,
        "4":0.9877054512
    }
}