{
    "Bleu Score":{
        "0":0.9884985918,
        "1":0.9908299522,
        "2":0.9898037775,
        "3":0.993166981,
        "4":0.9918069278
    }
}