{
    "Bleu Score":{
        "0":0.9586541796,
        "1":0.9631152302,
        "2":0.9574044181,
        "3":0.9641000695,
        "4":0.964800728
    }
}