{
    "Bleu Score":{
        "0":0.9516085598,
        "1":0.9524001729,
        "2":0.9464607021,
        "3":0.953318733,
        "4":0.9545355489
    }
}