{
    "Actor":{
        "0":0.0852539697
    },
    "Activity":{
        "0":0.2524276715
    },
    "Activity Data":{
        "0":0.1350346046
    },
    "Further Specification":{
        "0":0.2687257317
    },
    "XOR Gateway":{
        "0":0.0857174975
    },
    "Condition Specification":{
        "0":0.2425910794
    },
    "AND Gateway":{
        "0":0.4041666667
    },
    "All":{
        "0":0.1191035779
    }
}