{
    "Actor":{
        "0":0.0899079019
    },
    "Activity":{
        "0":0.2528659883
    },
    "Activity Data":{
        "0":0.1414253512
    },
    "Further Specification":{
        "0":0.2865696742
    },
    "XOR Gateway":{
        "0":0.0857174975
    },
    "Condition Specification":{
        "0":0.2594094735
    },
    "AND Gateway":{
        "0":0.4333333333
    },
    "All":{
        "0":0.1237661115
    }
}