{
    "Actor":{
        "0":0.0839822024,
        "1":0.0898876404,
        "2":0.0865954923,
        "3":0.0957178841,
        "4":0.0872801083
    },
    "Activity":{
        "0":0.2442105263,
        "1":0.2441860465,
        "2":0.2585421412,
        "3":0.2607223476,
        "4":0.2566585956
    },
    "Activity Data":{
        "0":0.1336742148,
        "1":0.1380802518,
        "2":0.1397292994,
        "3":0.1390205371,
        "4":0.1492146597
    },
    "Further Specification":{
        "0":0.2692307692,
        "1":0.2699619772,
        "2":0.2777777778,
        "3":0.2665505226,
        "4":0.3183962264
    },
    "XOR Gateway":{
        "0":0.071969697,
        "1":0.0974576271,
        "2":0.0982905983,
        "3":0.1,
        "4":0.0608695652
    },
    "Condition Specification":{
        "0":0.2494252874,
        "1":0.2670807453,
        "2":0.2480519481,
        "3":0.2470725995,
        "4":0.2493112948
    },
    "AND Gateway":{
        "0":0.4375,
        "1":0.5416666667,
        "2":0.375,
        "3":0.375,
        "4":0.40625
    },
    "All":{
        "0":0.1165644172,
        "1":0.1216972334,
        "2":0.1235854675,
        "3":0.1236897275,
        "4":0.1273302264
    }
}