{
    "Actor":{
        "0":0.0850945495,
        "1":0.0917602996,
        "2":0.0889679715,
        "3":0.09697733,
        "4":0.0886332882
    },
    "Activity":{
        "0":0.2442105263,
        "1":0.2453488372,
        "2":0.2585421412,
        "3":0.2607223476,
        "4":0.2566585956
    },
    "Activity Data":{
        "0":0.1355003652,
        "1":0.14122738,
        "2":0.1421178344,
        "3":0.1417851501,
        "4":0.1513961606
    },
    "Further Specification":{
        "0":0.2730769231,
        "1":0.283269962,
        "2":0.2794117647,
        "3":0.275261324,
        "4":0.3278301887
    },
    "XOR Gateway":{
        "0":0.071969697,
        "1":0.0974576271,
        "2":0.0982905983,
        "3":0.1,
        "4":0.0608695652
    },
    "Condition Specification":{
        "0":0.2551724138,
        "1":0.2748447205,
        "2":0.2558441558,
        "3":0.2599531616,
        "4":0.261707989
    },
    "AND Gateway":{
        "0":0.4375,
        "1":0.5416666667,
        "2":0.375,
        "3":0.375,
        "4":0.4375
    },
    "All":{
        "0":0.1176798661,
        "1":0.124494871,
        "2":0.1249255509,
        "3":0.1256364181,
        "4":0.1296604527
    }
}