{
    "Actor":{
        "0":0.084538376,
        "1":0.0892634207,
        "2":0.0883748517,
        "3":0.0957178841,
        "4":0.0872801083
    },
    "Activity":{
        "0":0.2442105263,
        "1":0.2453488372,
        "2":0.2596810934,
        "3":0.2595936795,
        "4":0.2566585956
    },
    "Activity Data":{
        "0":0.1322132944,
        "1":0.1380802518,
        "2":0.1393312102,
        "3":0.1386255924,
        "4":0.1492146597
    },
    "Further Specification":{
        "0":0.2673076923,
        "1":0.2756653992,
        "2":0.2712418301,
        "3":0.2648083624,
        "4":0.3231132075
    },
    "XOR Gateway":{
        "0":0.071969697,
        "1":0.0974576271,
        "2":0.0982905983,
        "3":0.1,
        "4":0.0608695652
    },
    "Condition Specification":{
        "0":0.2505747126,
        "1":0.2717391304,
        "2":0.2519480519,
        "3":0.2529274005,
        "4":0.2520661157
    },
    "AND Gateway":{
        "0":0.40625,
        "1":0.5416666667,
        "2":0.3333333333,
        "3":0.375,
        "4":0.40625
    },
    "All":{
        "0":0.1158672616,
        "1":0.1230960522,
        "2":0.1237343657,
        "3":0.1239892183,
        "4":0.1278295606
    }
}