{
    "Actor":{
        "0":0.0878709249
    },
    "Activity":{
        "0":0.2528639315
    },
    "Activity Data":{
        "0":0.1385018848
    },
    "Further Specification":{
        "0":0.2775085388
    },
    "XOR Gateway":{
        "0":0.0857174975
    },
    "Condition Specification":{
        "0":0.2504855847
    },
    "AND Gateway":{
        "0":0.4208333333
    },
    "All":{
        "0":0.1219137721
    }
}