{
    "Actor":{
        "0":0.0812013348,
        "1":0.0880149813,
        "2":0.0854092527,
        "3":0.0919395466,
        "4":0.0852503383
    },
    "Activity":{
        "0":0.2431578947,
        "1":0.2441860465,
        "2":0.2585421412,
        "3":0.2607223476,
        "4":0.2566585956
    },
    "Activity Data":{
        "0":0.1274653031,
        "1":0.1349331235,
        "2":0.1353503185,
        "3":0.1362559242,
        "4":0.1435427574
    },
    "Further Specification":{
        "0":0.2596153846,
        "1":0.2604562738,
        "2":0.2630718954,
        "3":0.256097561,
        "4":0.3136792453
    },
    "XOR Gateway":{
        "0":0.071969697,
        "1":0.0974576271,
        "2":0.0982905983,
        "3":0.1,
        "4":0.0608695652
    },
    "Condition Specification":{
        "0":0.2448275862,
        "1":0.2577639752,
        "2":0.2376623377,
        "3":0.2400468384,
        "4":0.2424242424
    },
    "AND Gateway":{
        "0":0.40625,
        "1":0.5,
        "2":0.3333333333,
        "3":0.375,
        "4":0.40625
    },
    "All":{
        "0":0.1134969325,
        "1":0.1196767174,
        "2":0.1204586063,
        "3":0.1209943097,
        "4":0.1246671105
    }
}