{
    "Actor":{
        "0":0.0828698554,
        "1":0.0880149813,
        "2":0.0860023725,
        "3":0.0944584383,
        "4":0.0872801083
    },
    "Activity":{
        "0":0.2431578947,
        "1":0.2441860465,
        "2":0.2596810934,
        "3":0.2595936795,
        "4":0.2566585956
    },
    "Activity Data":{
        "0":0.1325785245,
        "1":0.1380802518,
        "2":0.1373407643,
        "3":0.1370458136,
        "4":0.1483420593
    },
    "Further Specification":{
        "0":0.2730769231,
        "1":0.2718631179,
        "2":0.2712418301,
        "3":0.2630662021,
        "4":0.3160377358
    },
    "XOR Gateway":{
        "0":0.071969697,
        "1":0.0974576271,
        "2":0.0982905983,
        "3":0.1,
        "4":0.0608695652
    },
    "Condition Specification":{
        "0":0.2471264368,
        "1":0.2670807453,
        "2":0.2545454545,
        "3":0.2505854801,
        "4":0.2548209366
    },
    "AND Gateway":{
        "0":0.4375,
        "1":0.5,
        "2":0.3333333333,
        "3":0.375,
        "4":0.40625
    },
    "All":{
        "0":0.1153095371,
        "1":0.1220080821,
        "2":0.1229898749,
        "3":0.1226415094,
        "4":0.1274966711
    }
}