{
    "Actor":{
        "0":0.0863630907
    },
    "Activity":{
        "0":0.2526534051
    },
    "Activity Data":{
        "0":0.1355094853
    },
    "Further Specification":{
        "0":0.270584072
    },
    "XOR Gateway":{
        "0":0.0857174975
    },
    "Condition Specification":{
        "0":0.244544996
    },
    "AND Gateway":{
        "0":0.4041666667
    },
    "All":{
        "0":0.1198587353
    }
}