{
    "Actor":{
        "0":0.0883305736
    },
    "Activity":{
        "0":0.2528639315
    },
    "Activity Data":{
        "0":0.1394867406
    },
    "Further Specification":{
        "0":0.2797298599
    },
    "XOR Gateway":{
        "0":0.0857174975
    },
    "Condition Specification":{
        "0":0.2514944129
    },
    "AND Gateway":{
        "0":0.4208333333
    },
    "All":{
        "0":0.1223114967
    }
}