{
    "Actor":{
        "0":0.087120811
    },
    "Activity":{
        "0":0.252870756
    },
    "Activity Data":{
        "0":0.136918714
    },
    "Further Specification":{
        "0":0.2727131105
    },
    "XOR Gateway":{
        "0":0.0857174975
    },
    "Condition Specification":{
        "0":0.2462196244
    },
    "AND Gateway":{
        "0":0.4041666667
    },
    "All":{
        "0":0.1208323231
    }
}