{
    "Actor":{
        "0":0.0806451613,
        "1":0.0861423221,
        "2":0.0848161329,
        "3":0.0913098237,
        "4":0.0845737483
    },
    "Activity":{
        "0":0.2431578947,
        "1":0.2441860465,
        "2":0.2585421412,
        "3":0.2595936795,
        "4":0.2566585956
    },
    "Activity Data":{
        "0":0.127100073,
        "1":0.1345397325,
        "2":0.1349522293,
        "3":0.1354660348,
        "4":0.1439790576
    },
    "Further Specification":{
        "0":0.2557692308,
        "1":0.2623574144,
        "2":0.2614379085,
        "3":0.2543554007,
        "4":0.3136792453
    },
    "XOR Gateway":{
        "0":0.071969697,
        "1":0.0974576271,
        "2":0.0982905983,
        "3":0.1,
        "4":0.0608695652
    },
    "Condition Specification":{
        "0":0.2402298851,
        "1":0.2562111801,
        "2":0.2363636364,
        "3":0.243559719,
        "4":0.241046832
    },
    "AND Gateway":{
        "0":0.40625,
        "1":0.5,
        "2":0.3333333333,
        "3":0.375,
        "4":0.40625
    },
    "All":{
        "0":0.1126603458,
        "1":0.1190550202,
        "2":0.1200119119,
        "3":0.1206948188,
        "4":0.1245006658
    }
}