{
    "Actor":{
        "0":0.0887891903
    },
    "Activity":{
        "0":0.2526381978
    },
    "Activity Data":{
        "0":0.1401289481
    },
    "Further Specification":{
        "0":0.282670254
    },
    "XOR Gateway":{
        "0":0.0857174975
    },
    "Condition Specification":{
        "0":0.254987872
    },
    "AND Gateway":{
        "0":0.4208333333
    },
    "All":{
        "0":0.1228398217
    }
}