{
    "Actor":{
        "0":0.0863641914
    },
    "Activity":{
        "0":0.2524276715
    },
    "Activity Data":{
        "0":0.1355986321
    },
    "Further Specification":{
        "0":0.2708004635
    },
    "XOR Gateway":{
        "0":0.0857174975
    },
    "Condition Specification":{
        "0":0.2458671383
    },
    "AND Gateway":{
        "0":0.4125
    },
    "All":{
        "0":0.1199271452
    }
}