{
    "Actor":{
        "0":0.0890349282
    },
    "Activity":{
        "0":0.2530985464
    },
    "Activity Data":{
        "0":0.1394930017
    },
    "Further Specification":{
        "0":0.2804272983
    },
    "XOR Gateway":{
        "0":0.0857174975
    },
    "Condition Specification":{
        "0":0.2558510822
    },
    "AND Gateway":{
        "0":0.4125
    },
    "All":{
        "0":0.1229032917
    }
}