{
    "Actor":{
        "0":0.0850945495,
        "1":0.0911360799,
        "2":0.0889679715,
        "3":0.09697733,
        "4":0.0879566982
    },
    "Activity":{
        "0":0.2442105263,
        "1":0.2453488372,
        "2":0.2596810934,
        "3":0.2607223476,
        "4":0.2566585956
    },
    "Activity Data":{
        "0":0.1358655953,
        "1":0.14122738,
        "2":0.1417197452,
        "3":0.1413902054,
        "4":0.1518324607
    },
    "Further Specification":{
        "0":0.275,
        "1":0.2851711027,
        "2":0.2826797386,
        "3":0.275261324,
        "4":0.3278301887
    },
    "XOR Gateway":{
        "0":0.071969697,
        "1":0.0974576271,
        "2":0.0982905983,
        "3":0.1,
        "4":0.0608695652
    },
    "Condition Specification":{
        "0":0.2563218391,
        "1":0.2748447205,
        "2":0.2571428571,
        "3":0.2576112412,
        "4":0.2603305785
    },
    "AND Gateway":{
        "0":0.4375,
        "1":0.5416666667,
        "2":0.375,
        "3":0.375,
        "4":0.4375
    },
    "All":{
        "0":0.1178192973,
        "1":0.124494871,
        "2":0.1253722454,
        "3":0.1254866727,
        "4":0.1293275632
    }
}