{
    "Actor":{
        "0":0.084538376,
        "1":0.0911360799,
        "2":0.0883748517,
        "3":0.0963476071,
        "4":0.0879566982
    },
    "Activity":{
        "0":0.2442105263,
        "1":0.2453488372,
        "2":0.2596810934,
        "3":0.2607223476,
        "4":0.2566585956
    },
    "Activity Data":{
        "0":0.1351351351,
        "1":0.14122738,
        "2":0.1413216561,
        "3":0.1409952607,
        "4":0.1518324607
    },
    "Further Specification":{
        "0":0.2730769231,
        "1":0.283269962,
        "2":0.2794117647,
        "3":0.2717770035,
        "4":0.3254716981
    },
    "XOR Gateway":{
        "0":0.071969697,
        "1":0.0974576271,
        "2":0.0982905983,
        "3":0.1,
        "4":0.0608695652
    },
    "Condition Specification":{
        "0":0.2551724138,
        "1":0.2732919255,
        "2":0.2532467532,
        "3":0.256440281,
        "4":0.2548209366
    },
    "AND Gateway":{
        "0":0.4375,
        "1":0.5416666667,
        "2":0.375,
        "3":0.375,
        "4":0.4375
    },
    "All":{
        "0":0.1174010039,
        "1":0.1243394467,
        "2":0.1247766528,
        "3":0.1253369272,
        "4":0.1286617843
    }
}