{
    "Actor":{
        "0":0.0823136819,
        "1":0.0867665418,
        "2":0.0860023725,
        "3":0.0938287154,
        "4":0.0859269283
    },
    "Activity":{
        "0":0.2431578947,
        "1":0.2441860465,
        "2":0.2596810934,
        "3":0.2607223476,
        "4":0.2566585956
    },
    "Activity Data":{
        "0":0.1281957633,
        "1":0.1361132966,
        "2":0.1349522293,
        "3":0.137835703,
        "4":0.1448516579
    },
    "Further Specification":{
        "0":0.2673076923,
        "1":0.2661596958,
        "2":0.2679738562,
        "3":0.256097561,
        "4":0.3136792453
    },
    "XOR Gateway":{
        "0":0.071969697,
        "1":0.0974576271,
        "2":0.0982905983,
        "3":0.1,
        "4":0.0608695652
    },
    "Condition Specification":{
        "0":0.2448275862,
        "1":0.2577639752,
        "2":0.2363636364,
        "3":0.2412177986,
        "4":0.2451790634
    },
    "AND Gateway":{
        "0":0.4375,
        "1":0.5,
        "2":0.3333333333,
        "3":0.375,
        "4":0.40625
    },
    "All":{
        "0":0.1146123815,
        "1":0.1199875661,
        "2":0.1209053008,
        "3":0.1217430368,
        "4":0.125
    }
}