{
    "Actor":{
        "0":0.0855047583
    },
    "Activity":{
        "0":0.2524276715
    },
    "Activity Data":{
        "0":0.1354321957
    },
    "Further Specification":{
        "0":0.2686679137
    },
    "XOR Gateway":{
        "0":0.0857174975
    },
    "Condition Specification":{
        "0":0.2429570418
    },
    "AND Gateway":{
        "0":0.4125
    },
    "All":{
        "0":0.1194147103
    }
}