{
    "Actor":{
        "0":0.0834260289,
        "1":0.0898876404,
        "2":0.0865954923,
        "3":0.0944584383,
        "4":0.0866035183
    },
    "Activity":{
        "0":0.2442105263,
        "1":0.2441860465,
        "2":0.2585421412,
        "3":0.2607223476,
        "4":0.2566585956
    },
    "Activity Data":{
        "0":0.1296566837,
        "1":0.1369000787,
        "2":0.1377388535,
        "3":0.1370458136,
        "4":0.1465968586
    },
    "Further Specification":{
        "0":0.2615384615,
        "1":0.2642585551,
        "2":0.2696078431,
        "3":0.2613240418,
        "4":0.320754717
    },
    "XOR Gateway":{
        "0":0.071969697,
        "1":0.0974576271,
        "2":0.0982905983,
        "3":0.1,
        "4":0.0608695652
    },
    "Condition Specification":{
        "0":0.2482758621,
        "1":0.2608695652,
        "2":0.2441558442,
        "3":0.2412177986,
        "4":0.2534435262
    },
    "AND Gateway":{
        "0":0.4375,
        "1":0.5,
        "2":0.375,
        "3":0.375,
        "4":0.40625
    },
    "All":{
        "0":0.1150306748,
        "1":0.1210755362,
        "2":0.1222453842,
        "3":0.1221922731,
        "4":0.1269973369
    }
}