{
    "Actor":{
        "0":0.0812013348,
        "1":0.0873907615,
        "2":0.0854092527,
        "3":0.0925692695,
        "4":0.0852503383
    },
    "Activity":{
        "0":0.2431578947,
        "1":0.2441860465,
        "2":0.2585421412,
        "3":0.2595936795,
        "4":0.2566585956
    },
    "Activity Data":{
        "0":0.1274653031,
        "1":0.1349331235,
        "2":0.136544586,
        "3":0.13507109,
        "4":0.1439790576
    },
    "Further Specification":{
        "0":0.2557692308,
        "1":0.2642585551,
        "2":0.2630718954,
        "3":0.2595818815,
        "4":0.3113207547
    },
    "XOR Gateway":{
        "0":0.071969697,
        "1":0.0974576271,
        "2":0.0982905983,
        "3":0.1,
        "4":0.0608695652
    },
    "Condition Specification":{
        "0":0.2402298851,
        "1":0.2562111801,
        "2":0.2441558442,
        "3":0.243559719,
        "4":0.2451790634
    },
    "AND Gateway":{
        "0":0.40625,
        "1":0.5,
        "2":0.375,
        "3":0.375,
        "4":0.40625
    },
    "All":{
        "0":0.1130786392,
        "1":0.1196767174,
        "2":0.1213519952,
        "3":0.1206948188,
        "4":0.1248335553
    }
}