{
    "Actor":{
        "0":0.0806451613,
        "1":0.0855181024,
        "2":0.084223013,
        "3":0.0913098237,
        "4":0.0845737483
    },
    "Activity":{
        "0":0.2431578947,
        "1":0.2441860465,
        "2":0.2585421412,
        "3":0.2595936795,
        "4":0.2566585956
    },
    "Activity Data":{
        "0":0.1274653031,
        "1":0.1345397325,
        "2":0.1345541401,
        "3":0.13507109,
        "4":0.1435427574
    },
    "Further Specification":{
        "0":0.2576923077,
        "1":0.2604562738,
        "2":0.2598039216,
        "3":0.2543554007,
        "4":0.3113207547
    },
    "XOR Gateway":{
        "0":0.071969697,
        "1":0.0974576271,
        "2":0.0982905983,
        "3":0.1,
        "4":0.0608695652
    },
    "Condition Specification":{
        "0":0.2390804598,
        "1":0.2562111801,
        "2":0.2363636364,
        "3":0.2388758782,
        "4":0.2424242424
    },
    "AND Gateway":{
        "0":0.40625,
        "1":0.5,
        "2":0.3333333333,
        "3":0.375,
        "4":0.40625
    },
    "All":{
        "0":0.112939208,
        "1":0.1188995959,
        "2":0.1195652174,
        "3":0.1199460916,
        "4":0.1241677763
    }
}