{
    "Actor":{
        "0":0.0872162535
    },
    "Activity":{
        "0":0.2526602297
    },
    "Activity Data":{
        "0":0.1373421015
    },
    "Further Specification":{
        "0":0.275269803
    },
    "XOR Gateway":{
        "0":0.0857174975
    },
    "Condition Specification":{
        "0":0.249944863
    },
    "AND Gateway":{
        "0":0.41875
    },
    "All":{
        "0":0.1213145989
    }
}