{
    "Actor":{
        "0":0.084538376,
        "1":0.0911360799,
        "2":0.0883748517,
        "3":0.0963476071,
        "4":0.0886332882
    },
    "Activity":{
        "0":0.2442105263,
        "1":0.2453488372,
        "2":0.2596810934,
        "3":0.2595936795,
        "4":0.2566585956
    },
    "Activity Data":{
        "0":0.1351351351,
        "1":0.140440598,
        "2":0.1409235669,
        "3":0.1417851501,
        "4":0.1509598604
    },
    "Further Specification":{
        "0":0.2711538462,
        "1":0.2813688213,
        "2":0.2794117647,
        "3":0.2735191638,
        "4":0.3254716981
    },
    "XOR Gateway":{
        "0":0.071969697,
        "1":0.0974576271,
        "2":0.0982905983,
        "3":0.1,
        "4":0.0608695652
    },
    "Condition Specification":{
        "0":0.2574712644,
        "1":0.2748447205,
        "2":0.2532467532,
        "3":0.2540983607,
        "4":0.2603305785
    },
    "AND Gateway":{
        "0":0.4375,
        "1":0.5416666667,
        "2":0.375,
        "3":0.375,
        "4":0.4375
    },
    "All":{
        "0":0.117540435,
        "1":0.1241840224,
        "2":0.1247766528,
        "3":0.1247379455,
        "4":0.1293275632
    }
}