{
    "Actor":{
        "0":0.0839822024,
        "1":0.0892634207,
        "2":0.0854092527,
        "3":0.0950881612,
        "4":0.0872801083
    },
    "Activity":{
        "0":0.2442105263,
        "1":0.2441860465,
        "2":0.2585421412,
        "3":0.2607223476,
        "4":0.2566585956
    },
    "Activity Data":{
        "0":0.1325785245,
        "1":0.1372934697,
        "2":0.1385350318,
        "3":0.1390205371,
        "4":0.1479057592
    },
    "Further Specification":{
        "0":0.2692307692,
        "1":0.2699619772,
        "2":0.2745098039,
        "3":0.2665505226,
        "4":0.3183962264
    },
    "XOR Gateway":{
        "0":0.071969697,
        "1":0.0974576271,
        "2":0.0982905983,
        "3":0.1,
        "4":0.0608695652
    },
    "Condition Specification":{
        "0":0.2459770115,
        "1":0.2670807453,
        "2":0.2480519481,
        "3":0.2459016393,
        "4":0.2493112948
    },
    "AND Gateway":{
        "0":0.40625,
        "1":0.5416666667,
        "2":0.375,
        "3":0.375,
        "4":0.40625
    },
    "All":{
        "0":0.1158672616,
        "1":0.1215418091,
        "2":0.1229898749,
        "3":0.1233902366,
        "4":0.1269973369
    }
}