{
    "Actor":{
        "0":0.0839822024,
        "1":0.0911360799,
        "2":0.0877817319,
        "3":0.0963476071,
        "4":0.0879566982
    },
    "Activity":{
        "0":0.2442105263,
        "1":0.2441860465,
        "2":0.2585421412,
        "3":0.2607223476,
        "4":0.2566585956
    },
    "Activity Data":{
        "0":0.1344046749,
        "1":0.1392604249,
        "2":0.1405254777,
        "3":0.1390205371,
        "4":0.1496509599
    },
    "Further Specification":{
        "0":0.2711538462,
        "1":0.2737642586,
        "2":0.2777777778,
        "3":0.2665505226,
        "4":0.320754717
    },
    "XOR Gateway":{
        "0":0.071969697,
        "1":0.0974576271,
        "2":0.0982905983,
        "3":0.1,
        "4":0.0608695652
    },
    "Condition Specification":{
        "0":0.2494252874,
        "1":0.2686335404,
        "2":0.2493506494,
        "3":0.2470725995,
        "4":0.2520661157
    },
    "AND Gateway":{
        "0":0.4375,
        "1":0.5416666667,
        "2":0.375,
        "3":0.375,
        "4":0.40625
    },
    "All":{
        "0":0.1168432794,
        "1":0.1226297793,
        "2":0.124032162,
        "3":0.1238394729,
        "4":0.1278295606
    }
}