{
    "Actor":{
        "0":0.0839822024,
        "1":0.0911360799,
        "2":0.0877817319,
        "3":0.0963476071,
        "4":0.0879566982
    },
    "Activity":{
        "0":0.2442105263,
        "1":0.2453488372,
        "2":0.2585421412,
        "3":0.2607223476,
        "4":0.2566585956
    },
    "Activity Data":{
        "0":0.1344046749,
        "1":0.1396538159,
        "2":0.1405254777,
        "3":0.1394154818,
        "4":0.15008726
    },
    "Further Specification":{
        "0":0.2711538462,
        "1":0.2737642586,
        "2":0.2777777778,
        "3":0.2665505226,
        "4":0.320754717
    },
    "XOR Gateway":{
        "0":0.071969697,
        "1":0.0974576271,
        "2":0.0982905983,
        "3":0.1,
        "4":0.0608695652
    },
    "Condition Specification":{
        "0":0.2494252874,
        "1":0.2701863354,
        "2":0.2493506494,
        "3":0.2482435597,
        "4":0.2534435262
    },
    "AND Gateway":{
        "0":0.4375,
        "1":0.5416666667,
        "2":0.375,
        "3":0.375,
        "4":0.40625
    },
    "All":{
        "0":0.1168432794,
        "1":0.1230960522,
        "2":0.124032162,
        "3":0.1241389638,
        "4":0.1281624501
    }
}