{
    "Actor":{
        "0":0.3705357143,
        "1":0.3959827834,
        "2":0.3744911805,
        "3":0.3903318903,
        "4":0.3774885145
    },
    "Activity":{
        "0":0.4242105263,
        "1":0.4337209302,
        "2":0.4339407745,
        "3":0.4311512415,
        "4":0.4334140436
    },
    "Activity Data":{
        "0":0.4203869048,
        "1":0.4328778135,
        "2":0.4065533981,
        "3":0.4133064516,
        "4":0.4343971631
    },
    "Further Specification":{
        "0":0.5038461538,
        "1":0.5095057034,
        "2":0.522875817,
        "3":0.512195122,
        "4":0.5188679245
    },
    "XOR Gateway":{
        "0":0.3870967742,
        "1":0.3916666667,
        "2":0.4385964912,
        "3":0.4215686275,
        "4":0.3888888889
    },
    "Condition Specification":{
        "0":0.5057471264,
        "1":0.5015576324,
        "2":0.49609375,
        "3":0.4870892019,
        "4":0.4944751381
    },
    "AND Gateway":{
        "0":0.625,
        "1":0.65,
        "2":0.7142857143,
        "3":0.5,
        "4":0.5
    },
    "All":{
        "0":0.415480427,
        "1":0.4310743802,
        "2":0.4153506001,
        "3":0.4199491741,
        "4":0.4232262619
    }
}