{
    "Actor":{
        "0":0.3741604949
    },
    "Activity":{
        "0":0.4301219644
    },
    "Activity Data":{
        "0":0.4126801581
    },
    "Further Specification":{
        "0":0.502440381
    },
    "XOR Gateway":{
        "0":0.4055634897
    },
    "Condition Specification":{
        "0":0.4819058463
    },
    "AND Gateway":{
        "0":0.5728571429
    },
    "All":{
        "0":0.4129348586
    }
}