{
    "Actor":{
        "0":0.3742574484
    },
    "Activity":{
        "0":0.4288111278
    },
    "Activity Data":{
        "0":0.4100385827
    },
    "Further Specification":{
        "0":0.4953022215
    },
    "XOR Gateway":{
        "0":0.4071763929
    },
    "Condition Specification":{
        "0":0.4799185896
    },
    "AND Gateway":{
        "0":0.5572727273
    },
    "All":{
        "0":0.4110329809
    }
}