{
    "Actor":{
        "0":0.3829542994
    },
    "Activity":{
        "0":0.4319708745
    },
    "Activity Data":{
        "0":0.4228434957
    },
    "Further Specification":{
        "0":0.5195510378
    },
    "XOR Gateway":{
        "0":0.407524274
    },
    "Condition Specification":{
        "0":0.5003063549
    },
    "AND Gateway":{
        "0":0.5978571429
    },
    "All":{
        "0":0.4227467998
    }
}