{
    "Actor":{
        "0":0.3743622449,
        "1":0.3988522238,
        "2":0.3744911805,
        "3":0.3946608947,
        "4":0.3774885145
    },
    "Activity":{
        "0":0.4242105263,
        "1":0.4302325581,
        "2":0.437357631,
        "3":0.427765237,
        "4":0.4334140436
    },
    "Activity Data":{
        "0":0.4244791667,
        "1":0.4316720257,
        "2":0.4110032362,
        "3":0.4221774194,
        "4":0.4379432624
    },
    "Further Specification":{
        "0":0.5153846154,
        "1":0.5323193916,
        "2":0.5326797386,
        "3":0.5261324042,
        "4":0.5283018868
    },
    "XOR Gateway":{
        "0":0.3870967742,
        "1":0.4,
        "2":0.4473684211,
        "3":0.431372549,
        "4":0.3888888889
    },
    "Condition Specification":{
        "0":0.5137931034,
        "1":0.5093457944,
        "2":0.5078125,
        "3":0.5129107981,
        "4":0.5124309392
    },
    "AND Gateway":{
        "0":0.625,
        "1":0.65,
        "2":0.7142857143,
        "3":0.5,
        "4":0.6363636364
    },
    "All":{
        "0":0.4194839858,
        "1":0.4337190083,
        "2":0.4199305117,
        "3":0.4282083863,
        "4":0.4278150371
    }
}