{
    "Actor":{
        "0":0.3552295918,
        "1":0.3809182209,
        "2":0.3609226594,
        "3":0.3737373737,
        "4":0.3675344564
    },
    "Activity":{
        "0":0.4210526316,
        "1":0.4302325581,
        "2":0.4328018223,
        "3":0.4300225734,
        "4":0.4322033898
    },
    "Activity Data":{
        "0":0.3936011905,
        "1":0.4091639871,
        "2":0.3863268608,
        "3":0.3959677419,
        "4":0.4104609929
    },
    "Further Specification":{
        "0":0.4673076923,
        "1":0.4714828897,
        "2":0.4722222222,
        "3":0.468641115,
        "4":0.483490566
    },
    "XOR Gateway":{
        "0":0.3870967742,
        "1":0.3916666667,
        "2":0.4385964912,
        "3":0.4215686275,
        "4":0.3888888889
    },
    "Condition Specification":{
        "0":0.4793103448,
        "1":0.4672897196,
        "2":0.45703125,
        "3":0.4671361502,
        "4":0.4544198895
    },
    "AND Gateway":{
        "0":0.5,
        "1":0.5,
        "2":0.5,
        "3":0.5,
        "4":0.5
    },
    "All":{
        "0":0.3947212337,
        "1":0.4102479339,
        "2":0.3945041061,
        "3":0.4031130877,
        "4":0.4041651959
    }
}