{
    "Actor":{
        "0":0.3799428889
    },
    "Activity":{
        "0":0.430145186
    },
    "Activity Data":{
        "0":0.4186597195
    },
    "Further Specification":{
        "0":0.5148066763
    },
    "XOR Gateway":{
        "0":0.4108038439
    },
    "Condition Specification":{
        "0":0.4956059684
    },
    "AND Gateway":{
        "0":0.5728571429
    },
    "All":{
        "0":0.4193035004
    }
}