{
    "Actor":{
        "0":0.3651199513
    },
    "Activity":{
        "0":0.4285853941
    },
    "Activity Data":{
        "0":0.398450565
    },
    "Further Specification":{
        "0":0.4661690093
    },
    "XOR Gateway":{
        "0":0.4055634897
    },
    "Condition Specification":{
        "0":0.4595119073
    },
    "AND Gateway":{
        "0":0.53
    },
    "All":{
        "0":0.3992452034
    }
}