{
    "Actor":{
        "0":0.3683514859
    },
    "Activity":{
        "0":0.4294903855
    },
    "Activity Data":{
        "0":0.4031448284
    },
    "Further Specification":{
        "0":0.4771688817
    },
    "XOR Gateway":{
        "0":0.4055634897
    },
    "Condition Specification":{
        "0":0.4672283496
    },
    "AND Gateway":{
        "0":0.53
    },
    "All":{
        "0":0.4037953636
    }
}