{
    "Actor":{
        "0":0.3817660166
    },
    "Activity":{
        "0":0.4312875032
    },
    "Activity Data":{
        "0":0.4215043462
    },
    "Further Specification":{
        "0":0.5134581441
    },
    "XOR Gateway":{
        "0":0.4055634897
    },
    "Condition Specification":{
        "0":0.4969925698
    },
    "AND Gateway":{
        "0":0.5978571429
    },
    "All":{
        "0":0.4210161687
    }
}