{
    "Actor":{
        "0":0.3867276777
    },
    "Activity":{
        "0":0.4322034327
    },
    "Activity Data":{
        "0":0.429750599
    },
    "Further Specification":{
        "0":0.5342313063
    },
    "XOR Gateway":{
        "0":0.4109453266
    },
    "Condition Specification":{
        "0":0.5189458015
    },
    "AND Gateway":{
        "0":0.6251298701
    },
    "All":{
        "0":0.4297993105
    }
}