{
    "Actor":{
        "0":0.3539540816,
        "1":0.3744619799,
        "2":0.3582089552,
        "3":0.3737373737,
        "4":0.365237366
    },
    "Activity":{
        "0":0.4210526316,
        "1":0.4302325581,
        "2":0.4328018223,
        "3":0.4266365688,
        "4":0.4322033898
    },
    "Activity Data":{
        "0":0.3950892857,
        "1":0.4083601286,
        "2":0.3863268608,
        "3":0.3911290323,
        "4":0.4113475177
    },
    "Further Specification":{
        "0":0.4538461538,
        "1":0.4714828897,
        "2":0.4656862745,
        "3":0.4634146341,
        "4":0.4764150943
    },
    "XOR Gateway":{
        "0":0.3870967742,
        "1":0.3916666667,
        "2":0.4385964912,
        "3":0.4215686275,
        "4":0.3888888889
    },
    "Condition Specification":{
        "0":0.4597701149,
        "1":0.4672897196,
        "2":0.4583333333,
        "3":0.4577464789,
        "4":0.4544198895
    },
    "AND Gateway":{
        "0":0.5,
        "1":0.65,
        "2":0.5,
        "3":0.5,
        "4":0.5
    },
    "All":{
        "0":0.3914590747,
        "1":0.4089256198,
        "2":0.3933986102,
        "3":0.3989834816,
        "4":0.4034592305
    }
}