{
    "Actor":{
        "0":0.3539540816,
        "1":0.3744619799,
        "2":0.3616010855,
        "3":0.3715728716,
        "4":0.365237366
    },
    "Activity":{
        "0":0.4210526316,
        "1":0.4302325581,
        "2":0.4328018223,
        "3":0.4266365688,
        "4":0.4322033898
    },
    "Activity Data":{
        "0":0.3917410714,
        "1":0.4063504823,
        "2":0.3851132686,
        "3":0.3911290323,
        "4":0.412677305
    },
    "Further Specification":{
        "0":0.4538461538,
        "1":0.4771863118,
        "2":0.4656862745,
        "3":0.4634146341,
        "4":0.483490566
    },
    "XOR Gateway":{
        "0":0.3870967742,
        "1":0.3916666667,
        "2":0.4385964912,
        "3":0.4215686275,
        "4":0.3888888889
    },
    "Condition Specification":{
        "0":0.4666666667,
        "1":0.4657320872,
        "2":0.453125,
        "3":0.470657277,
        "4":0.4516574586
    },
    "AND Gateway":{
        "0":0.5,
        "1":0.5,
        "2":0.5,
        "3":0.5,
        "4":0.5
    },
    "All":{
        "0":0.3910142349,
        "1":0.4079338843,
        "2":0.3930827543,
        "3":0.4002541296,
        "4":0.4041651959
    }
}