{
    "Actor":{
        "0":0.3558673469,
        "1":0.3802008608,
        "2":0.3643147897,
        "3":0.3751803752,
        "4":0.3675344564
    },
    "Activity":{
        "0":0.4210526316,
        "1":0.4302325581,
        "2":0.4328018223,
        "3":0.4266365688,
        "4":0.4322033898
    },
    "Activity Data":{
        "0":0.392485119,
        "1":0.4103697749,
        "2":0.3919902913,
        "3":0.3935483871,
        "4":0.4131205674
    },
    "Further Specification":{
        "0":0.4538461538,
        "1":0.4828897338,
        "2":0.4705882353,
        "3":0.4790940767,
        "4":0.483490566
    },
    "XOR Gateway":{
        "0":0.3870967742,
        "1":0.3916666667,
        "2":0.4473684211,
        "3":0.4215686275,
        "4":0.3888888889
    },
    "Condition Specification":{
        "0":0.4666666667,
        "1":0.4657320872,
        "2":0.4700520833,
        "3":0.4741784038,
        "4":0.4627071823
    },
    "AND Gateway":{
        "0":0.5,
        "1":0.5,
        "2":0.7142857143,
        "3":0.5,
        "4":0.5
    },
    "All":{
        "0":0.3917556346,
        "1":0.4114049587,
        "2":0.3995578016,
        "3":0.4039072427,
        "4":0.4057536181
    }
}