{
    "Actor":{
        "0":0.375023736
    },
    "Activity":{
        "0":0.4303620384
    },
    "Activity Data":{
        "0":0.4072985214
    },
    "Further Specification":{
        "0":0.4903233754
    },
    "XOR Gateway":{
        "0":0.4072301564
    },
    "Condition Specification":{
        "0":0.4802076575
    },
    "AND Gateway":{
        "0":0.5678571429
    },
    "All":{
        "0":0.4099919593
    }
}