{
    "Actor":{
        "0":0.3596938776,
        "1":0.3780487805,
        "2":0.3643147897,
        "3":0.3802308802,
        "4":0.3698315467
    },
    "Activity":{
        "0":0.4210526316,
        "1":0.4313953488,
        "2":0.4362186788,
        "3":0.4311512415,
        "4":0.4322033898
    },
    "Activity Data":{
        "0":0.3969494048,
        "1":0.415192926,
        "2":0.3867313916,
        "3":0.4032258065,
        "4":0.4184397163
    },
    "Further Specification":{
        "0":0.4884615385,
        "1":0.4885931559,
        "2":0.4852941176,
        "3":0.4703832753,
        "4":0.483490566
    },
    "XOR Gateway":{
        "0":0.3870967742,
        "1":0.3916666667,
        "2":0.4385964912,
        "3":0.4215686275,
        "4":0.3888888889
    },
    "Condition Specification":{
        "0":0.4793103448,
        "1":0.4719626168,
        "2":0.4544270833,
        "3":0.470657277,
        "4":0.4640883978
    },
    "AND Gateway":{
        "0":0.625,
        "1":0.5,
        "2":0.5,
        "3":0.5,
        "4":0.5
    },
    "All":{
        "0":0.3991696323,
        "1":0.414214876,
        "2":0.3968730259,
        "3":0.4078780178,
        "4":0.4091069538
    }
}