{
    "Actor":{
        "0":0.3704239749
    },
    "Activity":{
        "0":0.4304042581
    },
    "Activity Data":{
        "0":0.404107849
    },
    "Further Specification":{
        "0":0.4832445307
    },
    "XOR Gateway":{
        "0":0.4055634897
    },
    "Condition Specification":{
        "0":0.468089144
    },
    "AND Gateway":{
        "0":0.525
    },
    "All":{
        "0":0.4054485011
    }
}