{
    "Actor":{
        "0":0.3846068219
    },
    "Activity":{
        "0":0.4315718537
    },
    "Activity Data":{
        "0":0.4275945439
    },
    "Further Specification":{
        "0":0.5255377064
    },
    "XOR Gateway":{
        "0":0.4125582299
    },
    "Condition Specification":{
        "0":0.5128121976
    },
    "AND Gateway":{
        "0":0.6251298701
    },
    "All":{
        "0":0.4271121996
    }
}