{
    "Actor":{
        "0":0.3647959184,
        "1":0.3880918221,
        "2":0.3677069199,
        "3":0.3823953824,
        "4":0.3721286371
    },
    "Activity":{
        "0":0.4242105263,
        "1":0.4302325581,
        "2":0.4328018223,
        "3":0.4311512415,
        "4":0.4334140436
    },
    "Activity Data":{
        "0":0.4021577381,
        "1":0.4180064309,
        "2":0.3960355987,
        "3":0.3991935484,
        "4":0.4210992908
    },
    "Further Specification":{
        "0":0.4769230769,
        "1":0.4847908745,
        "2":0.4869281046,
        "3":0.4982578397,
        "4":0.5047169811
    },
    "XOR Gateway":{
        "0":0.3870967742,
        "1":0.4,
        "2":0.4385964912,
        "3":0.4215686275,
        "4":0.3888888889
    },
    "Condition Specification":{
        "0":0.4908045977,
        "1":0.4735202492,
        "2":0.4778645833,
        "3":0.4671361502,
        "4":0.4917127072
    },
    "AND Gateway":{
        "0":0.625,
        "1":0.5,
        "2":0.7142857143,
        "3":0.5,
        "4":0.5
    },
    "All":{
        "0":0.4033214709,
        "1":0.4175206612,
        "2":0.4041377132,
        "3":0.4089898348,
        "4":0.4159901165
    }
}