{
    "Bleu Score":{
        "0":0.0040408558,
        "1":0.0272015925,
        "2":0.0269307638,
        "3":0.2709610308,
        "4":0.0011218877
    }
}