{
    "Bleu Score":{
        "0":0.0432116534,
        "1":0.0333979621,
        "2":0.0122954642,
        "3":0.0351975869,
        "4":0.2502748449
    }
}