{
    "Bleu Score":{
        "0":0.9903149144,
        "1":0.975332054,
        "2":0.9718811274,
        "3":0.9591192904,
        "4":0.9596221999
    }
}