{
    "Bleu Score":{
        "0":0.2575189965,
        "1":0.0636621806,
        "2":0.0721908593,
        "3":0.8539602478,
        "4":0.0396951149
    }
}