{
    "Actor":{
        "0":0.0755760727
    },
    "Activity":{
        "0":0.2254947159
    },
    "Activity Data":{
        "0":0.120431328
    },
    "Further Specification":{
        "0":0.2295134399
    },
    "XOR Gateway":{
        "0":0.0786868702
    },
    "Condition Specification":{
        "0":0.2250590804
    },
    "AND Gateway":{
        "0":0.374761776
    },
    "All":{
        "0":0.1063124499
    }
}