{
    "Actor":{
        "0":0.1140279883
    },
    "Activity":{
        "0":0.3411966464
    },
    "Activity Data":{
        "0":0.1804943508
    },
    "Further Specification":{
        "0":0.3855606119
    },
    "XOR Gateway":{
        "0":0.119285438
    },
    "Condition Specification":{
        "0":0.321178012
    },
    "AND Gateway":{
        "0":0.5792088918
    },
    "All":{
        "0":0.1604418853
    }
}