{
    "Actor":{
        "0":0.0337176051
    },
    "Activity":{
        "0":0.1009433529
    },
    "Activity Data":{
        "0":0.0537896724
    },
    "Further Specification":{
        "0":0.1074923958
    },
    "XOR Gateway":{
        "0":0.0347113371
    },
    "Condition Specification":{
        "0":0.0967945396
    },
    "AND Gateway":{
        "0":0.1616666667
    },
    "All":{
        "0":0.047441202
    }
}