{
    "Actor":{
        "0":0.1204318937,
        "1":0.1240942029,
        "2":0.1209540034,
        "3":0.1180781759,
        "4":0.1096491228
    },
    "Activity":{
        "0":0.3532110092,
        "1":0.3645833333,
        "2":0.3673139159,
        "3":0.3500761035,
        "4":0.3430420712
    },
    "Activity Data":{
        "0":0.186695279,
        "1":0.1965317919,
        "2":0.1953757225,
        "3":0.1810939989,
        "4":0.1851015801
    },
    "Further Specification":{
        "0":0.4130434783,
        "1":0.3325242718,
        "2":0.3192771084,
        "3":0.3215077605,
        "4":0.5019011407
    },
    "XOR Gateway":{
        "0":0.1021505376,
        "1":0.1513157895,
        "2":0.1419753086,
        "3":0.1447368421,
        "4":0.0736842105
    },
    "Condition Specification":{
        "0":0.3349593496,
        "1":0.4308093995,
        "2":0.3389199255,
        "3":0.3377703827,
        "4":0.3017241379
    },
    "AND Gateway":{
        "0":0.619047619,
        "1":0.9230769231,
        "2":0.5714285714,
        "3":0.5294117647,
        "4":0.4642857143
    },
    "All":{
        "0":0.1658446363,
        "1":0.1748283753,
        "2":0.1696598352,
        "3":0.1603527761,
        "4":0.1622740144
    }
}