{
    "Actor":{
        "0":0.1054259215
    },
    "Activity":{
        "0":0.3084226794
    },
    "Activity Data":{
        "0":0.166795502
    },
    "Further Specification":{
        "0":0.3035663397
    },
    "XOR Gateway":{
        "0":0.1072561325
    },
    "Condition Specification":{
        "0":0.3189510847
    },
    "AND Gateway":{
        "0":0.5038961039
    },
    "All":{
        "0":0.1467520596
    }
}