{
    "Actor":{
        "0":0.0539033457,
        "1":0.0565414775,
        "2":0.0559495666,
        "3":0.0610012621,
        "4":0.0561797753
    },
    "Activity":{
        "0":0.1615384615,
        "1":0.1634241245,
        "2":0.1724924012,
        "3":0.1726726727,
        "4":0.1733442355
    },
    "Activity Data":{
        "0":0.0837545126,
        "1":0.0891218873,
        "2":0.091698318,
        "3":0.0908848614,
        "4":0.0943341961
    },
    "Further Specification":{
        "0":0.1698595147,
        "1":0.177002584,
        "2":0.1698717949,
        "3":0.1618303571,
        "4":0.2078740157
    },
    "XOR Gateway":{
        "0":0.0482233503,
        "1":0.0657142857,
        "2":0.0647887324,
        "3":0.0672782875,
        "4":0.0405797101
    },
    "Condition Specification":{
        "0":0.1554716981,
        "1":0.1701030928,
        "2":0.1543681086,
        "3":0.1580996885,
        "4":0.1602564103
    },
    "AND Gateway":{
        "0":0.2708333333,
        "1":0.3333333333,
        "2":0.2222222222,
        "3":0.25,
        "4":0.2708333333
    },
    "All":{
        "0":0.0745496536,
        "1":0.0791463794,
        "2":0.0799323114,
        "3":0.0799680128,
        "4":0.082365948
    }
}