{
    "Actor":{
        "0":0.0977747808,
        "1":0.1024682124,
        "2":0.1034985423,
        "3":0.1157222666,
        "4":0.1076658053
    },
    "Activity":{
        "0":0.3035479632,
        "1":0.2900552486,
        "2":0.3088435374,
        "3":0.3078982597,
        "4":0.3317683881
    },
    "Activity Data":{
        "0":0.1578231293,
        "1":0.15625,
        "2":0.1653620352,
        "3":0.1688118812,
        "4":0.1857304643
    },
    "Further Specification":{
        "0":0.286637931,
        "1":0.2854166667,
        "2":0.2755632582,
        "3":0.2665441176,
        "4":0.4036697248
    },
    "XOR Gateway":{
        "0":0.0896226415,
        "1":0.1256830601,
        "2":0.1191709845,
        "3":0.1208791209,
        "4":0.0809248555
    },
    "Condition Specification":{
        "0":0.2913719943,
        "1":0.34375,
        "2":0.3074324324,
        "3":0.2950581395,
        "4":0.3571428571
    },
    "AND Gateway":{
        "0":0.5,
        "1":0.6,
        "2":0.4,
        "3":0.4285714286,
        "4":0.5909090909
    },
    "All":{
        "0":0.1377603278,
        "1":0.1414814815,
        "2":0.1451292247,
        "3":0.1466544455,
        "4":0.1627348187
    }
}