{
    "Actor":{
        "0":0.1407939145
    },
    "Activity":{
        "0":0.425372491
    },
    "Activity Data":{
        "0":0.2234267939
    },
    "Further Specification":{
        "0":0.4807602167
    },
    "XOR Gateway":{
        "0":0.1436011705
    },
    "Condition Specification":{
        "0":0.4101947493
    },
    "AND Gateway":{
        "0":0.688959276
    },
    "All":{
        "0":0.1990518035
    }
}