{
    "Actor":{
        "0":0.0635964912,
        "1":0.0666342412,
        "2":0.0677480916,
        "3":0.0753638254,
        "4":0.0667378537
    },
    "Activity":{
        "0":0.1920199501,
        "1":0.1958955224,
        "2":0.2074954296,
        "3":0.2110091743,
        "4":0.2005676443
    },
    "Activity Data":{
        "0":0.1004329004,
        "1":0.1073910297,
        "2":0.1095623987,
        "3":0.1119500985,
        "4":0.1151685393
    },
    "Further Specification":{
        "0":0.1834482759,
        "1":0.1910739191,
        "2":0.192261185,
        "3":0.2177177177,
        "4":0.2471910112
    },
    "XOR Gateway":{
        "0":0.0599369085,
        "1":0.0807017544,
        "2":0.0777027027,
        "3":0.0763888889,
        "4":0.0481099656
    },
    "Condition Specification":{
        "0":0.1975071908,
        "1":0.213454075,
        "2":0.1786064769,
        "3":0.1818996416,
        "4":0.188172043
    },
    "AND Gateway":{
        "0":0.3170731707,
        "1":0.48,
        "2":0.2666666667,
        "3":0.2727272727,
        "4":0.3333333333
    },
    "All":{
        "0":0.0889354199,
        "1":0.0943909068,
        "2":0.0950633361,
        "3":0.0980031851,
        "4":0.0983888008
    }
}