{
    "Actor":{
        "0":0.0198820787,
        "1":0.0211811998,
        "2":0.0208394482,
        "3":0.0224319307,
        "4":0.0209205021
    },
    "Activity":{
        "0":0.0609498681,
        "1":0.0607990735,
        "2":0.0643241712,
        "3":0.0651373549,
        "4":0.064203513
    },
    "Activity Data":{
        "0":0.0321092452,
        "1":0.0333889816,
        "2":0.0334157192,
        "3":0.0342129026,
        "4":0.0354173415
    },
    "Further Specification":{
        "0":0.0640655106,
        "1":0.0642287857,
        "2":0.065512979,
        "3":0.0634573304,
        "4":0.0761245675
    },
    "XOR Gateway":{
        "0":0.0181818182,
        "1":0.0241090147,
        "2":0.0246781116,
        "3":0.0255813953,
        "4":0.0152339499
    },
    "Condition Specification":{
        "0":0.0591614015,
        "1":0.0630011455,
        "2":0.0583894771,
        "3":0.0598820059,
        "4":0.0599931436
    },
    "AND Gateway":{
        "0":0.1015625,
        "1":0.125,
        "2":0.0833333333,
        "3":0.09375,
        "4":0.1015625
    },
    "All":{
        "0":0.0281655731,
        "1":0.0294900992,
        "2":0.0297077321,
        "3":0.0300831046,
        "4":0.0307393959
    }
}