{
    "Actor":{
        "0":0.0575853852,
        "1":0.0619069137,
        "2":0.0595387841,
        "3":0.0694777192,
        "4":0.0618199802
    },
    "Activity":{
        "0":0.1732933233,
        "1":0.1818181818,
        "2":0.1851549755,
        "3":0.1964133219,
        "4":0.1901345291
    },
    "Activity Data":{
        "0":0.0898992508,
        "1":0.0977573318,
        "2":0.0967372639,
        "3":0.1034273582,
        "4":0.1067708333
    },
    "Further Specification":{
        "0":0.1785234899,
        "1":0.1965566714,
        "2":0.1857476636,
        "3":0.1941097724,
        "4":0.2196339434
    },
    "XOR Gateway":{
        "0":0.0519125683,
        "1":0.0749185668,
        "2":0.0699088146,
        "3":0.0782918149,
        "4":0.0456026059
    },
    "Condition Specification":{
        "0":0.1699669967,
        "1":0.1927570093,
        "2":0.1789577188,
        "3":0.1774475524,
        "4":0.1832460733
    },
    "AND Gateway":{
        "0":0.2826086957,
        "1":0.3870967742,
        "2":0.2222222222,
        "3":0.3333333333,
        "4":0.3023255814
    },
    "All":{
        "0":0.0799722525,
        "1":0.0874442028,
        "2":0.0859466981,
        "3":0.0913867946,
        "4":0.0918052988
    }
}