{
    "Actor":{
        "0":0.130044843,
        "1":0.145281018,
        "2":0.1375968992,
        "3":0.1496388029,
        "4":0.1443418014
    },
    "Activity":{
        "0":0.4052631579,
        "1":0.4251012146,
        "2":0.4477317554,
        "3":0.4204753199,
        "4":0.4308943089
    },
    "Activity Data":{
        "0":0.2062833432,
        "1":0.2259136213,
        "2":0.223989397,
        "3":0.2152777778,
        "4":0.2424242424
    },
    "Further Specification":{
        "0":0.4418604651,
        "1":0.479020979,
        "2":0.4635568513,
        "3":0.4817275748,
        "4":0.5344129555
    },
    "XOR Gateway":{
        "0":0.1310344828,
        "1":0.1729323308,
        "2":0.1666666667,
        "3":0.1496598639,
        "4":0.0945945946
    },
    "Condition Specification":{
        "0":0.4195519348,
        "1":0.4796511628,
        "2":0.4,
        "3":0.3458262351,
        "4":0.4032258065
    },
    "AND Gateway":{
        "0":0.65,
        "1":1.0,
        "2":0.6153846154,
        "3":0.5294117647,
        "4":0.65
    },
    "All":{
        "0":0.1864171864,
        "1":0.2055421038,
        "2":0.2009006755,
        "3":0.1926782274,
        "4":0.2092696629
    }
}