{
    "Actor":{
        "0":0.1335283847
    },
    "Activity":{
        "0":0.398220195
    },
    "Activity Data":{
        "0":0.2101714172
    },
    "Further Specification":{
        "0":0.4591332783
    },
    "XOR Gateway":{
        "0":0.1373920468
    },
    "Condition Specification":{
        "0":0.3838938519
    },
    "AND Gateway":{
        "0":0.6578347578
    },
    "All":{
        "0":0.1876281483
    }
}