{
    "Actor":{
        "0":0.1179846939,
        "1":0.1241032999,
        "2":0.1194029851,
        "3":0.1238576239,
        "4":0.1217457887
    },
    "Activity":{
        "0":0.1403508772,
        "1":0.1434108527,
        "2":0.1442672741,
        "3":0.1422121896,
        "4":0.1440677966
    },
    "Activity Data":{
        "0":0.1305803571,
        "1":0.1349142551,
        "2":0.1279665588,
        "3":0.1297043011,
        "4":0.1363770686
    },
    "Further Specification":{
        "0":0.1512820513,
        "1":0.1571609632,
        "2":0.1535947712,
        "3":0.1527293844,
        "4":0.1588050314
    },
    "XOR Gateway":{
        "0":0.1290322581,
        "1":0.1305555556,
        "2":0.1461988304,
        "3":0.1405228758,
        "4":0.1296296296
    },
    "Condition Specification":{
        "0":0.1524904215,
        "1":0.1547248183,
        "2":0.1510416667,
        "3":0.1525821596,
        "4":0.1505524862
    },
    "AND Gateway":{
        "0":0.1666666667,
        "1":0.1666666667,
        "2":0.1666666667,
        "3":0.1666666667,
        "4":0.1666666667
    },
    "All":{
        "0":0.1299426651,
        "1":0.1353719008,
        "2":0.1304485155,
        "3":0.1324121135,
        "4":0.134074597
    }
}