{
    "Actor":{
        "0":0.50553033
    },
    "Activity":{
        "0":0.6043762013
    },
    "Activity Data":{
        "0":0.5561784417
    },
    "Further Specification":{
        "0":0.6504670915
    },
    "XOR Gateway":{
        "0":0.5765637223
    },
    "Condition Specification":{
        "0":0.6584513719
    },
    "AND Gateway":{
        "0":0.7715800866
    },
    "All":{
        "0":0.5567546262
    }
}