{
    "Actor":{
        "0":0.413561848,
        "1":0.4383445946,
        "2":0.4467005076,
        "3":0.4669084316,
        "4":0.416958042
    },
    "Activity":{
        "0":0.4901960784,
        "1":0.5075445816,
        "2":0.523415978,
        "3":0.5142857143,
        "4":0.487704918
    },
    "Activity Data":{
        "0":0.4592237244,
        "1":0.482510781,
        "2":0.4593417231,
        "3":0.4832248373,
        "4":0.4767561983
    },
    "Further Specification":{
        "0":0.4796747967,
        "1":0.5379609544,
        "2":0.6103896104,
        "3":0.6032110092,
        "4":0.5274151436
    },
    "XOR Gateway":{
        "0":0.4285714286,
        "1":0.4519230769,
        "2":0.5154639175,
        "3":0.5243902439,
        "4":0.4329896907
    },
    "Condition Specification":{
        "0":0.5327978581,
        "1":0.535971223,
        "2":0.5248868778,
        "3":0.525606469,
        "4":0.4837278107
    },
    "AND Gateway":{
        "0":0.5,
        "1":0.6666666667,
        "2":0.5833333333,
        "3":0.5,
        "4":0.5238095238
    },
    "All":{
        "0":0.4512530038,
        "1":0.4783878505,
        "2":0.4758064516,
        "3":0.4893367247,
        "4":0.4568049709
    }
}