{
    "Actor":{
        "0":0.4289026275,
        "1":0.4454935622,
        "2":0.4381742739,
        "3":0.4627133872,
        "4":0.4685658153
    },
    "Activity":{
        "0":0.5270092227,
        "1":0.5146036161,
        "2":0.5170068027,
        "3":0.5073825503,
        "4":0.5578125
    },
    "Activity Data":{
        "0":0.4852534562,
        "1":0.4783847981,
        "2":0.4773641851,
        "3":0.4888551165,
        "4":0.5310701956
    },
    "Further Specification":{
        "0":0.5164113786,
        "1":0.5276595745,
        "2":0.5026737968,
        "3":0.4790528233,
        "4":0.6084337349
    },
    "XOR Gateway":{
        "0":0.5,
        "1":0.5222222222,
        "2":0.5376344086,
        "3":0.5119047619,
        "4":0.4941176471
    },
    "Condition Specification":{
        "0":0.5613540197,
        "1":0.6313559322,
        "2":0.5761589404,
        "3":0.5652173913,
        "4":0.6700819672
    },
    "AND Gateway":{
        "0":0.6,
        "1":0.5882352941,
        "2":0.6363636364,
        "3":0.5714285714,
        "4":0.7333333333
    },
    "All":{
        "0":0.4775658492,
        "1":0.4876935292,
        "2":0.4768135463,
        "3":0.483846005,
        "4":0.5280352178
    }
}