{
    "Actor":{
        "0":0.3284138703
    },
    "Activity":{
        "0":0.4748306624
    },
    "Activity Data":{
        "0":0.3439552517
    },
    "Further Specification":{
        "0":0.3456635042
    },
    "XOR Gateway":{
        "0":0.3730062704
    },
    "Condition Specification":{
        "0":0.3244907681
    },
    "AND Gateway":{
        "0":0.3333333333
    },
    "All":{
        "0":0.3500922853
    }
}