{
    "Actor":{
        "0":0.6965174129,
        "1":0.710990502,
        "2":0.6528117359,
        "3":0.7088435374,
        "4":0.6581426649
    },
    "Activity":{
        "0":0.8268839104,
        "1":0.8221258134,
        "2":0.7967479675,
        "3":0.8254310345,
        "4":0.8116883117
    },
    "Activity Data":{
        "0":0.7620764239,
        "1":0.769924812,
        "2":0.7073529412,
        "3":0.7352496218,
        "4":0.7429022082
    },
    "Further Specification":{
        "0":0.8838951311,
        "1":0.9151291513,
        "2":0.8473053892,
        "3":0.9166666667,
        "4":0.8913043478
    },
    "XOR Gateway":{
        "0":0.7058823529,
        "1":0.75,
        "2":0.8064516129,
        "3":0.8301886792,
        "4":0.71875
    },
    "Condition Specification":{
        "0":0.8785871965,
        "1":0.8978978979,
        "2":0.7765486726,
        "3":0.8405172414,
        "4":0.8645833333
    },
    "AND Gateway":{
        "0":1.0,
        "1":0.9090909091,
        "2":1.0,
        "3":1.0,
        "4":0.7857142857
    },
    "All":{
        "0":0.7593337163,
        "1":0.7764265669,
        "2":0.7129078014,
        "3":0.7558488302,
        "4":0.7393364929
    }
}