{
    "Actor":{
        "0":0.1528385626
    },
    "Activity":{
        "0":0.2912443953
    },
    "Activity Data":{
        "0":0.1611231414
    },
    "Further Specification":{
        "0":0.1371923316
    },
    "XOR Gateway":{
        "0":0.1867798853
    },
    "Condition Specification":{
        "0":0.1045097413
    },
    "AND Gateway":{
        "0":0.095021645
    },
    "All":{
        "0":0.1663062551
    }
}