{
    "Actor":{
        "0":0.5967246673,
        "1":0.656019656,
        "2":0.609030837,
        "3":0.6295427902,
        "4":0.6488946684
    },
    "Activity":{
        "0":0.7684210526,
        "1":0.7878787879,
        "2":0.7869822485,
        "3":0.747714808,
        "4":0.7672064777
    },
    "Activity Data":{
        "0":0.6660606061,
        "1":0.7091906722,
        "2":0.6403450564,
        "3":0.654368932,
        "4":0.7148260212
    },
    "Further Specification":{
        "0":0.7906976744,
        "1":0.8741258741,
        "2":0.8279883382,
        "3":0.8862876254,
        "4":0.8218623482
    },
    "XOR Gateway":{
        "0":0.7101449275,
        "1":0.676056338,
        "2":0.7571428571,
        "3":0.6818181818,
        "4":0.5833333333
    },
    "Condition Specification":{
        "0":0.8150406504,
        "1":0.8688046647,
        "2":0.7709251101,
        "3":0.6793103448,
        "4":0.7575057737
    },
    "AND Gateway":{
        "0":0.8571428571,
        "1":1.0,
        "2":1.0,
        "3":0.6153846154,
        "4":0.7857142857
    },
    "All":{
        "0":0.6741959244,
        "1":0.7250503307,
        "2":0.6704425711,
        "3":0.6682039457,
        "4":0.7003879439
    }
}