{
    "Actor":{
        "0":0.2394980963
    },
    "Activity":{
        "0":0.3856392408
    },
    "Activity Data":{
        "0":0.2476115933
    },
    "Further Specification":{
        "0":0.2381320197
    },
    "XOR Gateway":{
        "0":0.2788837239
    },
    "Condition Specification":{
        "0":0.2077343706
    },
    "AND Gateway":{
        "0":0.2057142857
    },
    "All":{
        "0":0.2552247054
    }
}