{
    "Actor":{
        "0":0.490101512
    },
    "Activity":{
        "0":0.5797932536
    },
    "Activity Data":{
        "0":0.5303880072
    },
    "Further Specification":{
        "0":0.6709615396
    },
    "XOR Gateway":{
        "0":0.5711323764
    },
    "Condition Specification":{
        "0":0.6070591372
    },
    "AND Gateway":{
        "0":0.6992530345
    },
    "All":{
        "0":0.5366733668
    }
}