{
    "Actor":{
        "0":0.1488728687,
        "1":0.1554551323,
        "2":0.1522774454,
        "3":0.1562011464,
        "4":0.1513862201
    },
    "Activity":{
        "0":0.2845372677,
        "1":0.2942669769,
        "2":0.3001856819,
        "3":0.2919573246,
        "4":0.2852747253
    },
    "Activity Data":{
        "0":0.15923352,
        "1":0.1634353115,
        "2":0.159372237,
        "3":0.1597724922,
        "4":0.1638021464
    },
    "Further Specification":{
        "0":0.1304940375,
        "1":0.1481868898,
        "2":0.137581894,
        "3":0.1377454085,
        "4":0.1319534282
    },
    "XOR Gateway":{
        "0":0.1792592593,
        "1":0.1671779141,
        "2":0.214527027,
        "3":0.1851179673,
        "4":0.1878172589
    },
    "Condition Specification":{
        "0":0.1022035677,
        "1":0.1090960612,
        "2":0.1053630755,
        "3":0.102161933,
        "4":0.103724069
    },
    "AND Gateway":{
        "0":0.0984848485,
        "1":0.0909090909,
        "2":0.1038961039,
        "3":0.0909090909,
        "4":0.0909090909
    },
    "All":{
        "0":0.1622861128,
        "1":0.1710145801,
        "2":0.1666618841,
        "3":0.1654191833,
        "4":0.1661495154
    }
}