{
    "Actor":{
        "0":0.6280425238
    },
    "Activity":{
        "0":0.771640675
    },
    "Activity Data":{
        "0":0.6769582576
    },
    "Further Specification":{
        "0":0.8401923721
    },
    "XOR Gateway":{
        "0":0.6816991276
    },
    "Condition Specification":{
        "0":0.7783173088
    },
    "AND Gateway":{
        "0":0.8516483516
    },
    "All":{
        "0":0.6876561432
    }
}