{
    "Actor":{
        "0":0.5443641334
    },
    "Activity":{
        "0":0.6926067749
    },
    "Activity Data":{
        "0":0.5877846264
    },
    "Further Specification":{
        "0":0.675081206
    },
    "XOR Gateway":{
        "0":0.6359893048
    },
    "Condition Specification":{
        "0":0.673960052
    },
    "AND Gateway":{
        "0":0.7715800866
    },
    "All":{
        "0":0.5959731626
    }
}