{
    "Actor":{
        "0":0.3388127854,
        "1":0.3484139366,
        "2":0.3381157341,
        "3":0.3631868132,
        "4":0.3468368479
    },
    "Activity":{
        "0":0.4741185296,
        "1":0.5090909091,
        "2":0.5057096248,
        "3":0.4995730145,
        "4":0.5022421525
    },
    "Activity Data":{
        "0":0.356070582,
        "1":0.3689776733,
        "2":0.3465231306,
        "3":0.3766996292,
        "4":0.3801652893
    },
    "Further Specification":{
        "0":0.3583892617,
        "1":0.400286944,
        "2":0.3761682243,
        "3":0.3962516734,
        "4":0.3826955075
    },
    "XOR Gateway":{
        "0":0.3727810651,
        "1":0.3881578947,
        "2":0.4096385542,
        "3":0.4496124031,
        "4":0.3916083916
    },
    "Condition Specification":{
        "0":0.3531353135,
        "1":0.3829039813,
        "2":0.3708086785,
        "3":0.3619631902,
        "4":0.3602941176
    },
    "AND Gateway":{
        "0":0.3428571429,
        "1":0.4074074074,
        "2":0.380952381,
        "3":0.4705882353,
        "4":0.3928571429
    },
    "All":{
        "0":0.3607214429,
        "1":0.3829761325,
        "2":0.3654522756,
        "3":0.3839728846,
        "4":0.3801200104
    }
}