{
    "Actor":{
        "0":0.0480600751,
        "1":0.0506152125,
        "2":0.0510177108,
        "3":0.0556648861,
        "4":0.0496819146
    },
    "Activity":{
        "0":0.1232375979,
        "1":0.123556582,
        "2":0.1306561086,
        "3":0.1311659193,
        "4":0.1294400963
    },
    "Activity Data":{
        "0":0.0717734149,
        "1":0.0748921484,
        "2":0.0764695373,
        "3":0.0758680556,
        "4":0.0788571429
    },
    "Further Specification":{
        "0":0.1372212693,
        "1":0.141509434,
        "2":0.1405797101,
        "3":0.1365399535,
        "4":0.1626187962
    },
    "XOR Gateway":{
        "0":0.0368324125,
        "1":0.0510204082,
        "2":0.052742616,
        "3":0.0527472527,
        "4":0.0334728033
    },
    "Condition Specification":{
        "0":0.1248,
        "1":0.135971223,
        "2":0.1252279635,
        "3":0.1244565217,
        "4":0.1254826255
    },
    "AND Gateway":{
        "0":0.1818181818,
        "1":0.2028985507,
        "2":0.1449275362,
        "3":0.2037037037,
        "4":0.1818181818
    },
    "All":{
        "0":0.0605216511,
        "1":0.0635110423,
        "2":0.064351726,
        "3":0.0644548477,
        "4":0.0658935161
    }
}