{
    "Actor":{
        "0.05":0.6824050557,
        "0.1":0.6924366055,
        "0.15":0.6938272644,
        "0.2":0.6782951767,
        "0.25":0.6980808198,
        "0.3":0.6952343106,
        "0.35":0.6934521086,
        "0.4":0.6892445689,
        "0.45":0.6686561176,
        "0.5":0.6771850587,
        "0.55":0.6856653847,
        "0.6":0.689017034,
        "0.65":0.676370427,
        "0.7":0.6970084586,
        "0.75":0.6778725815,
        "0.8":0.6759547116,
        "0.85":0.6826824528,
        "0.9":0.6683542768,
        "0.95":0.6724314089,
        "1.0":0.6623441318
    },
    "Activity":{
        "0.05":0.7728261348,
        "0.1":0.7699433912,
        "0.15":0.7703060254,
        "0.2":0.7757029984,
        "0.25":0.7746124205,
        "0.3":0.7716880856,
        "0.35":0.7754316359,
        "0.4":0.7550254737,
        "0.45":0.773388365,
        "0.5":0.7663029638,
        "0.55":0.7732624319,
        "0.6":0.7611378812,
        "0.65":0.7697726786,
        "0.7":0.7651920605,
        "0.75":0.759660273,
        "0.8":0.7629193015,
        "0.85":0.7683174901,
        "0.9":0.7645403051,
        "0.95":0.7492886423,
        "1.0":0.7457638876
    },
    "Activity Data":{
        "0.05":0.6298499281,
        "0.1":0.6367354514,
        "0.15":0.618207569,
        "0.2":0.6172079515,
        "0.25":0.6204330564,
        "0.3":0.6186701215,
        "0.35":0.6384417377,
        "0.4":0.6057544554,
        "0.45":0.6247230949,
        "0.5":0.6150120979,
        "0.55":0.6105132542,
        "0.6":0.6200947681,
        "0.65":0.6188871271,
        "0.7":0.6154646322,
        "0.75":0.6159703995,
        "0.8":0.6086160692,
        "0.85":0.6020390434,
        "0.9":0.5990590885,
        "0.95":0.6095120319,
        "1.0":0.603857714
    },
    "Further Specification":{
        "0.05":0.2299719888,
        "0.1":0.2423809524,
        "0.15":0.2112210012,
        "0.2":0.2335422133,
        "0.25":0.2197888386,
        "0.3":0.2520430108,
        "0.35":0.2305901116,
        "0.4":0.2522825632,
        "0.45":0.201281141,
        "0.5":0.2110294303,
        "0.55":0.2662648168,
        "0.6":0.212014652,
        "0.65":0.292995893,
        "0.7":0.2438865732,
        "0.75":0.2178876679,
        "0.8":0.223030303,
        "0.85":0.2515384615,
        "0.9":0.2581393606,
        "0.95":0.2078571429,
        "1.0":0.1930296329
    },
    "XOR Gateway":{
        "0.05":0.7170693932,
        "0.1":0.7322559773,
        "0.15":0.7261802432,
        "0.2":0.7176671,
        "0.25":0.7186262132,
        "0.3":0.7234111454,
        "0.35":0.7360008108,
        "0.4":0.7184004648,
        "0.45":0.6949914101,
        "0.5":0.6999444595,
        "0.55":0.6915633872,
        "0.6":0.69591655,
        "0.65":0.6892603262,
        "0.7":0.6950691667,
        "0.75":0.6834921878,
        "0.8":0.6602522773,
        "0.85":0.6696900807,
        "0.9":0.6574600341,
        "0.95":0.6614517767,
        "1.0":0.6573857161
    },
    "Condition Specification":{
        "0.05":0.6086968786,
        "0.1":0.5848942386,
        "0.15":0.6089327731,
        "0.2":0.6313131313,
        "0.25":0.6226190476,
        "0.3":0.631803095,
        "0.35":0.5873157895,
        "0.4":0.6391200828,
        "0.45":0.6383333333,
        "0.5":0.6036645668,
        "0.55":0.5966958404,
        "0.6":0.6021565885,
        "0.65":0.6185464535,
        "0.7":0.5740249601,
        "0.75":0.6282531194,
        "0.8":0.6104864434,
        "0.85":0.5985725986,
        "0.9":0.6175279107,
        "0.95":0.607599681,
        "1.0":0.5994891641
    },
    "AND Gateway":{
        "0.05":0.3,
        "0.1":0.3,
        "0.15":0.3,
        "0.2":0.28,
        "0.25":0.3,
        "0.3":0.3,
        "0.35":0.3,
        "0.4":0.3,
        "0.45":0.3,
        "0.5":0.3,
        "0.55":0.2133333333,
        "0.6":0.3,
        "0.65":0.1,
        "0.7":0.3,
        "0.75":0.1,
        "0.8":0.1,
        "0.85":0.2333333333,
        "0.9":0.3,
        "0.95":0.3,
        "1.0":0.3
    }
}