{
    "Bleu Score":{
        "0":3.903322086e-72,
        "1":1.119373323e-74,
        "2":2.477682485e-64,
        "3":1.980905126e-70,
        "4":6.398891611e-68
    }
}