{
    "Bleu Score":{
        "0":0.0931739152,
        "1":0.655867846,
        "2":0.2385500977,
        "3":0.2375203896,
        "4":0.6815023322
    }
}