{
    "Bleu Score":{
        "0":1.100341175e-19,
        "1":5.496974519e-22,
        "2":2.006922999e-23,
        "3":0.0,
        "4":1.33816887e-16
    }
}