{
    "Bleu Score":{
        "0":2.719606552e-149,
        "1":1.705760204e-147,
        "2":1.593213152e-148,
        "3":8.625246251e-146,
        "4":1.004900975e-148
    }
}