{
    "Bleu Score":{
        "0":0.0000011236,
        "1":0.0000036305,
        "2":0.0000015948,
        "3":0.0000000082,
        "4":0.0012345867
    }
}