{
    "Actor":{
        "0":0.074248927,
        "1":0.0799418605,
        "2":0.0766092475,
        "3":0.0821786909,
        "4":0.0804658549
    },
    "Activity":{
        "0":0.2055555556,
        "1":0.20836966,
        "2":0.2252650177,
        "3":0.2220309811,
        "4":0.2216066482
    },
    "Activity Data":{
        "0":0.1035812672,
        "1":0.1107442977,
        "2":0.1118923876,
        "3":0.1106446777,
        "4":0.1204737733
    },
    "Further Specification":{
        "0":0.2392273403,
        "1":0.2363896848,
        "2":0.2305795314,
        "3":0.2331536388,
        "4":0.2852049911
    },
    "XOR Gateway":{
        "0":0.1311953353,
        "1":0.149068323,
        "2":0.152866242,
        "3":0.1708185053,
        "4":0.137704918
    },
    "Condition Specification":{
        "0":0.2085944494,
        "1":0.2335766423,
        "2":0.2035053554,
        "3":0.2079207921,
        "4":0.2186147186
    },
    "AND Gateway":{
        "0":0.4871794872,
        "1":0.5833333333,
        "2":0.3846153846,
        "3":0.5,
        "4":0.4634146341
    },
    "All":{
        "0":0.0884795571,
        "1":0.0936943356,
        "2":0.0940025037,
        "3":0.0939712263,
        "4":0.0989945862
    }
}