{
    "Actor":{
        "0":0.091082786
    },
    "Activity":{
        "0":0.2541950183
    },
    "Activity Data":{
        "0":0.1309966988
    },
    "Further Specification":{
        "0":0.2752536885
    },
    "XOR Gateway":{
        "0":0.13636929
    },
    "Condition Specification":{
        "0":0.2449188967
    },
    "AND Gateway":{
        "0":0.4633675692
    },
    "All":{
        "0":0.1095967797
    }
}