{
    "Actor":{
        "0":0.0792882268
    },
    "Activity":{
        "0":0.2234413921
    },
    "Activity Data":{
        "0":0.1155363291
    },
    "Further Specification":{
        "0":0.2521000079
    },
    "XOR Gateway":{
        "0":0.1513908414
    },
    "Condition Specification":{
        "0":0.2195558432
    },
    "AND Gateway":{
        "0":0.4668806115
    },
    "All":{
        "0":0.0964726239
    }
}