{
    "Actor":{
        "0":0.0683977131
    },
    "Activity":{
        "0":0.1907956335
    },
    "Activity Data":{
        "0":0.0963290164
    },
    "Further Specification":{
        "0":0.214790744
    },
    "XOR Gateway":{
        "0":0.1348538073
    },
    "Condition Specification":{
        "0":0.181227494
    },
    "AND Gateway":{
        "0":0.533494258
    },
    "All":{
        "0":0.0813345019
    }
}