{
    "Actor":{
        "0":0.0659921442
    },
    "Activity":{
        "0":0.1822370976
    },
    "Activity Data":{
        "0":0.0943114587
    },
    "Further Specification":{
        "0":0.2092960546
    },
    "XOR Gateway":{
        "0":0.1312582784
    },
    "Condition Specification":{
        "0":0.1813658418
    },
    "AND Gateway":{
        "0":0.5208228179
    },
    "All":{
        "0":0.0792743962
    }
}