{
    "Actor":{
        "0":0.0735404162
    },
    "Activity":{
        "0":0.204069142
    },
    "Activity Data":{
        "0":0.1053459611
    },
    "Further Specification":{
        "0":0.2317617547
    },
    "XOR Gateway":{
        "0":0.1369170463
    },
    "Condition Specification":{
        "0":0.1999252216
    },
    "AND Gateway":{
        "0":0.4898213275
    },
    "All":{
        "0":0.0882881676
    }
}