{
    "Actor":{
        "0":0.0833658162
    },
    "Activity":{
        "0":0.2295099639
    },
    "Activity Data":{
        "0":0.1191089578
    },
    "Further Specification":{
        "0":0.2567869645
    },
    "XOR Gateway":{
        "0":0.1424965208
    },
    "Condition Specification":{
        "0":0.2254080779
    },
    "AND Gateway":{
        "0":0.505336659
    },
    "All":{
        "0":0.099714015
    }
}