{
    "Actor":{
        "0":0.0548509829,
        "1":0.0593952484,
        "2":0.0571718539,
        "3":0.0618705036,
        "4":0.0599132834
    },
    "Activity":{
        "0":0.1561181435,
        "1":0.1586985392,
        "2":0.1652624757,
        "3":0.166023166,
        "4":0.1667824878
    },
    "Activity Data":{
        "0":0.0784150156,
        "1":0.0836924473,
        "2":0.0836762689,
        "3":0.0835976439,
        "4":0.0888667
    },
    "Further Specification":{
        "0":0.1779005525,
        "1":0.1815181518,
        "2":0.1792905081,
        "3":0.1706114398,
        "4":0.2159244265
    },
    "XOR Gateway":{
        "0":0.0997876858,
        "1":0.1253071253,
        "2":0.125,
        "3":0.1308900524,
        "4":0.1091370558
    },
    "Condition Specification":{
        "0":0.154406892,
        "1":0.1694616064,
        "2":0.1542435424,
        "3":0.1573569482,
        "4":0.15855573
    },
    "AND Gateway":{
        "0":0.4655172414,
        "1":0.5434782609,
        "2":0.4634146341,
        "3":0.4761904762,
        "4":0.5272727273
    },
    "All":{
        "0":0.0662098638,
        "1":0.0705219878,
        "2":0.0704778157,
        "3":0.0706195298,
        "4":0.073520965
    }
}