{
    "Actor":{
        "0":0.0654311649,
        "1":0.069124424,
        "2":0.0681176945,
        "3":0.0731914894,
        "4":0.0702402957
    },
    "Activity":{
        "0":0.1836879433,
        "1":0.1890822785,
        "2":0.1970633694,
        "3":0.1958997722,
        "4":0.1975308642
    },
    "Activity Data":{
        "0":0.092656481,
        "1":0.0994341148,
        "2":0.098413552,
        "3":0.099702783,
        "4":0.1048600884
    },
    "Further Specification":{
        "0":0.212681638,
        "1":0.213454075,
        "2":0.2087053571,
        "3":0.2122699387,
        "4":0.2424242424
    },
    "XOR Gateway":{
        "0":0.113022113,
        "1":0.1404011461,
        "2":0.1471471471,
        "3":0.1538461538,
        "4":0.1261261261
    },
    "Condition Specification":{
        "0":0.1856573705,
        "1":0.2040382572,
        "2":0.1849557522,
        "3":0.1836248013,
        "4":0.1873840445
    },
    "AND Gateway":{
        "0":0.5098039216,
        "1":0.5142857143,
        "2":0.3823529412,
        "3":0.5,
        "4":0.5
    },
    "All":{
        "0":0.0785295785,
        "1":0.0834038055,
        "2":0.0835440477,
        "3":0.0839624566,
        "4":0.0863600585
    }
}