{
    "Actor":{
        "0":0.0759438104,
        "1":0.0793650794,
        "2":0.0765398551,
        "3":0.0836982968,
        "4":0.0808940926
    },
    "Activity":{
        "0":0.2114285714,
        "1":0.2206832872,
        "2":0.2213541667,
        "3":0.2311827957,
        "4":0.2325581395
    },
    "Activity Data":{
        "0":0.1070919966,
        "1":0.1145251397,
        "2":0.1158227848,
        "3":0.1165876777,
        "4":0.1236540465
    },
    "Further Specification":{
        "0":0.2488335925,
        "1":0.2405247813,
        "2":0.2431729519,
        "3":0.2285336856,
        "4":0.2994350282
    },
    "XOR Gateway":{
        "0":0.1276595745,
        "1":0.1654929577,
        "2":0.1666666667,
        "3":0.1624548736,
        "4":0.1346801347
    },
    "Condition Specification":{
        "0":0.2147465438,
        "1":0.2397003745,
        "2":0.2111675127,
        "3":0.2121212121,
        "4":0.220043573
    },
    "AND Gateway":{
        "0":0.4736842105,
        "1":0.5517241379,
        "2":0.4074074074,
        "3":0.4444444444,
        "4":0.4571428571
    },
    "All":{
        "0":0.0912284554,
        "1":0.0964076246,
        "2":0.096304069,
        "3":0.0969832666,
        "4":0.1014397041
    }
}