{
    "Actor":{
        "0":0.7682841069,
        "1":0.7949539447,
        "2":0.7735426009,
        "3":0.7860814551,
        "4":0.7974358974
    },
    "Activity":{
        "0":0.8555555556,
        "1":0.8721492744,
        "2":0.8653976886,
        "3":0.8552544613,
        "4":0.8670438472
    },
    "Activity Data":{
        "0":0.7883164475,
        "1":0.814797361,
        "2":0.7888994307,
        "3":0.7923202997,
        "4":0.8124511592
    },
    "Further Specification":{
        "0":0.900780379,
        "1":0.9210233593,
        "2":0.924287119,
        "3":0.9186906019,
        "4":0.9364005413
    },
    "XOR Gateway":{
        "0":0.8052805281,
        "1":0.8233082707,
        "2":0.8345323741,
        "3":0.8266129032,
        "4":0.7867647059
    },
    "Condition Specification":{
        "0":0.9039509537,
        "1":0.8951111111,
        "2":0.8870229008,
        "3":0.9018659295,
        "4":0.9128289474
    },
    "AND Gateway":{
        "0":0.9555555556,
        "1":1.0,
        "2":1.0,
        "3":0.9655172414,
        "4":0.9772727273
    },
    "All":{
        "0":0.7681110359,
        "1":0.795188742,
        "2":0.7746158742,
        "3":0.7810451566,
        "4":0.7929845904
    }
}