{
    "Actor":{
        "0":0.7820809569
    },
    "Activity":{
        "0":0.8588549246
    },
    "Activity Data":{
        "0":0.8024406563
    },
    "Further Specification":{
        "0":0.9096778101
    },
    "XOR Gateway":{
        "0":0.8118334043
    },
    "Condition Specification":{
        "0":0.8965606793
    },
    "AND Gateway":{
        "0":0.9735706232
    },
    "All":{
        "0":0.7865096747
    }
}