{
    "Actor":{
        "0":0.6041009464,
        "1":0.6450511945,
        "2":0.6147859922,
        "3":0.6233842538,
        "4":0.6025477707
    },
    "Activity":{
        "0":0.6763925729,
        "1":0.7015503876,
        "2":0.6634241245,
        "3":0.6866666667,
        "4":0.6683621567
    },
    "Activity Data":{
        "0":0.6327879169,
        "1":0.6543126685,
        "2":0.6189989785,
        "3":0.6472945892,
        "4":0.6455838323
    },
    "Further Specification":{
        "0":0.7322580645,
        "1":0.7604327666,
        "2":0.716,
        "3":0.715942029,
        "4":0.708249497
    },
    "XOR Gateway":{
        "0":0.7102272727,
        "1":0.7257142857,
        "2":0.7530120482,
        "3":0.7028985507,
        "4":0.6896551724
    },
    "Condition Specification":{
        "0":0.722007722,
        "1":0.7165149545,
        "2":0.6900780379,
        "3":0.6750250752,
        "4":0.7064327485
    },
    "AND Gateway":{
        "0":0.8484848485,
        "1":0.75,
        "2":0.8571428571,
        "3":0.8095238095,
        "4":0.7777777778
    },
    "All":{
        "0":0.6319960376,
        "1":0.6573986166,
        "2":0.6216109503,
        "3":0.6373814542,
        "4":0.6317973033
    }
}