{
    "Actor":{
        "0":0.7510356255,
        "1":0.7709958697,
        "2":0.7549581313,
        "3":0.7686219739,
        "4":0.7630522088
    },
    "Activity":{
        "0":0.834751773,
        "1":0.8219936709,
        "2":0.8384853168,
        "3":0.8375094913,
        "4":0.8362139918
    },
    "Activity Data":{
        "0":0.7804391218,
        "1":0.7984686902,
        "2":0.7635226964,
        "3":0.7755549466,
        "4":0.7981542126
    },
    "Further Specification":{
        "0":0.8758256275,
        "1":0.8706338939,
        "2":0.8738839286,
        "3":0.863803681,
        "4":0.9136363636
    },
    "XOR Gateway":{
        "0":0.7490636704,
        "1":0.8154506438,
        "2":0.8403755869,
        "3":0.8115942029,
        "4":0.7630331754
    },
    "Condition Specification":{
        "0":0.8494023904,
        "1":0.8807241747,
        "2":0.8812056738,
        "3":0.8861464968,
        "4":0.8671003717
    },
    "AND Gateway":{
        "0":0.9302325581,
        "1":0.9677419355,
        "2":0.9583333333,
        "3":0.9642857143,
        "4":0.9736842105
    },
    "All":{
        "0":0.7603899941,
        "1":0.7818422212,
        "2":0.7627065137,
        "3":0.7739915074,
        "4":0.7771020933
    }
}