{
    "Actor":{
        "0":0.4711084906,
        "1":0.5142302717,
        "2":0.4890693317,
        "3":0.4858681023,
        "4":0.5158839779
    },
    "Activity":{
        "0":0.5579150579,
        "1":0.534351145,
        "2":0.5624344176,
        "3":0.5464135021,
        "4":0.5653631285
    },
    "Activity Data":{
        "0":0.5145429363,
        "1":0.5205223881,
        "2":0.5063527653,
        "3":0.5035700864,
        "4":0.5245766212
    },
    "Further Specification":{
        "0":0.5836298932,
        "1":0.5852782765,
        "2":0.5790273556,
        "3":0.5941558442,
        "4":0.6168831169
    },
    "XOR Gateway":{
        "0":0.5472972973,
        "1":0.5741935484,
        "2":0.5899280576,
        "3":0.5983606557,
        "4":0.5042016807
    },
    "Condition Specification":{
        "0":0.5906183369,
        "1":0.5801749271,
        "2":0.5833333333,
        "3":0.5708013172,
        "4":0.5867346939
    },
    "AND Gateway":{
        "0":0.5833333333,
        "1":0.5,
        "2":0.6,
        "3":0.6842105263,
        "4":0.8333333333
    },
    "All":{
        "0":0.5113823368,
        "1":0.5215668343,
        "2":0.5135371179,
        "3":0.5124944551,
        "4":0.5301185257
    }
}