{
    "Actor":{
        "0":0.6674804688,
        "1":0.7076429717,
        "2":0.6803607214,
        "3":0.6983270372,
        "4":0.6725248975
    },
    "Activity":{
        "0":0.7297959184,
        "1":0.7276084949,
        "2":0.7517361111,
        "3":0.7311827957,
        "4":0.730620155
    },
    "Activity Data":{
        "0":0.6937301358,
        "1":0.7146464646,
        "2":0.6766025641,
        "3":0.6932219724,
        "4":0.7105170594
    },
    "Further Specification":{
        "0":0.7636080871,
        "1":0.8134110787,
        "2":0.7841352406,
        "3":0.8163804491,
        "4":0.8003766478
    },
    "XOR Gateway":{
        "0":0.746031746,
        "1":0.7321428571,
        "2":0.7820512821,
        "3":0.8113207547,
        "4":0.72
    },
    "Condition Specification":{
        "0":0.7815668203,
        "1":0.7909887359,
        "2":0.7680569685,
        "3":0.776448942,
        "4":0.7641921397
    },
    "AND Gateway":{
        "0":0.7,
        "1":0.8,
        "2":0.7647058824,
        "3":0.7368421053,
        "4":0.68
    },
    "All":{
        "0":0.6837921898,
        "1":0.7088461538,
        "2":0.686561699,
        "3":0.6999012833,
        "4":0.6940102365
    }
}