{
    "Bert Score":{
        "0":0.9992919564,
        "1":0.9991164804,
        "2":0.9989641905,
        "3":0.9989358783,
        "4":0.9993602037
    }
}