{
    "Bert Score":{
        "0":0.9991444349,
        "1":0.9992780089,
        "2":0.9993315339,
        "3":0.9992955923,
        "4":0.9991534948
    }
}