{
    "Bert Score":{
        "0":0.9998154044,
        "1":1.0,
        "2":0.9998809695,
        "3":0.9998058677,
        "4":1.0
    }
}