{
    "Bert Score":{
        "0":0.9995797276,
        "1":0.9996256828,
        "2":0.9990853667,
        "3":0.9997441173,
        "4":0.9995597005
    }
}