{
    "Actor":{
        "0":0.0411568409,
        "1":0.0433832709,
        "2":0.0430011862,
        "3":0.0459697733,
        "4":0.0426251691
    },
    "Activity":{
        "0":0.1226315789,
        "1":0.1226744186,
        "2":0.1298405467,
        "3":0.1309255079,
        "4":0.1289346247
    },
    "Activity Data":{
        "0":0.0642804967,
        "1":0.0676632573,
        "2":0.0678742038,
        "3":0.0687203791,
        "4":0.0730802792
    },
    "Further Specification":{
        "0":0.1326923077,
        "1":0.1330798479,
        "2":0.1323529412,
        "3":0.1306620209,
        "4":0.1580188679
    },
    "XOR Gateway":{
        "0":0.0359848485,
        "1":0.0487288136,
        "2":0.0491452991,
        "3":0.05,
        "4":0.0304347826
    },
    "Condition Specification":{
        "0":0.1212643678,
        "1":0.1288819876,
        "2":0.1201298701,
        "3":0.1223653396,
        "4":0.1246556474
    },
    "AND Gateway":{
        "0":0.21875,
        "1":0.2708333333,
        "2":0.1666666667,
        "3":0.1875,
        "4":0.21875
    },
    "All":{
        "0":0.0572364752,
        "1":0.0601492073,
        "2":0.0606759976,
        "3":0.0611710093,
        "4":0.0632490013
    }
}