{
    "Actor":{
        "0":0.1291184328,
        "1":0.1389728097,
        "2":0.1352380952,
        "3":0.1299283154,
        "4":0.1267748479
    },
    "Activity":{
        "0":0.3965811966,
        "1":0.3832116788,
        "2":0.4219330855,
        "3":0.3805601318,
        "4":0.3799283154
    },
    "Activity Data":{
        "0":0.2067736185,
        "1":0.2115743622,
        "2":0.2147395172,
        "3":0.1928733032,
        "4":0.2110327133
    },
    "Further Specification":{
        "0":0.4290322581,
        "1":0.4628378378,
        "2":0.4690265487,
        "3":0.4427710843,
        "4":0.44
    },
    "XOR Gateway":{
        "0":0.1210191083,
        "1":0.1513157895,
        "2":0.1523178808,
        "3":0.1437908497,
        "4":0.0891719745
    },
    "Condition Specification":{
        "0":0.3743218807,
        "1":0.3810623557,
        "2":0.335174954,
        "3":0.3295454545,
        "4":0.3512974052
    },
    "AND Gateway":{
        "0":0.7222222222,
        "1":0.6666666667,
        "2":0.6666666667,
        "3":0.4285714286,
        "4":0.5652173913
    },
    "All":{
        "0":0.1826597426,
        "1":0.1890289103,
        "2":0.1908723556,
        "3":0.1740732712,
        "4":0.1829089128
    }
}