{
    "Actor":{
        "0":0.0158519876
    },
    "Activity":{
        "0":0.046227726
    },
    "Activity Data":{
        "0":0.0250000144
    },
    "Further Specification":{
        "0":0.0508583792
    },
    "XOR Gateway":{
        "0":0.0155849995
    },
    "Condition Specification":{
        "0":0.0453262123
    },
    "AND Gateway":{
        "0":0.0787878788
    },
    "All":{
        "0":0.0221777771
    }
}