{
    "Actor":{
        "0":0.0750284836
    },
    "Activity":{
        "0":0.2201516026
    },
    "Activity Data":{
        "0":0.1193614291
    },
    "Further Specification":{
        "0":0.2289411805
    },
    "XOR Gateway":{
        "0":0.073555731
    },
    "Condition Specification":{
        "0":0.2149238702
    },
    "AND Gateway":{
        "0":0.3330170296
    },
    "All":{
        "0":0.1046028299
    }
}