{
    "Actor":{
        "0":0.1133540373,
        "1":0.1177474403,
        "2":0.1385365854,
        "3":0.1248923342,
        "4":0.1174277726
    },
    "Activity":{
        "0":0.3338129496,
        "1":0.3286604361,
        "2":0.3996478873,
        "3":0.3691813804,
        "4":0.3447154472
    },
    "Activity Data":{
        "0":0.1775178026,
        "1":0.1812366738,
        "2":0.2168056446,
        "3":0.1897607123,
        "4":0.1980734497
    },
    "Further Specification":{
        "0":0.3308457711,
        "1":0.3293838863,
        "2":0.4177545692,
        "3":0.4154727794,
        "4":0.4276527331
    },
    "XOR Gateway":{
        "0":0.1043956044,
        "1":0.1329479769,
        "2":0.1464968153,
        "3":0.1419354839,
        "4":0.0813953488
    },
    "Condition Specification":{
        "0":0.3467336683,
        "1":0.3223938224,
        "2":0.3401486989,
        "3":0.3201892744,
        "4":0.3308270677
    },
    "AND Gateway":{
        "0":0.5909090909,
        "1":0.6666666667,
        "2":0.4705882353,
        "3":0.5625,
        "4":0.4814814815
    },
    "All":{
        "0":0.1574145963,
        "1":0.1597179009,
        "2":0.1895455616,
        "3":0.1689545935,
        "4":0.17034844
    }
}