{
    "Actor":{
        "0":0.1063049853,
        "1":0.1131921824,
        "2":0.1046852123,
        "3":0.1221757322,
        "4":0.1082474227
    },
    "Activity":{
        "0":0.3230769231,
        "1":0.3121301775,
        "2":0.3216292135,
        "3":0.3372434018,
        "4":0.32618683
    },
    "Activity Data":{
        "0":0.1665080875,
        "1":0.1734486267,
        "2":0.1679049034,
        "3":0.1760164694,
        "4":0.1767241379
    },
    "Further Specification":{
        "0":0.4478114478,
        "1":0.3240740741,
        "2":0.3208661417,
        "3":0.2989690722,
        "4":0.3848396501
    },
    "XOR Gateway":{
        "0":0.095959596,
        "1":0.1256830601,
        "2":0.118556701,
        "3":0.1222222222,
        "4":0.0721649485
    },
    "Condition Specification":{
        "0":0.3051094891,
        "1":0.3210831721,
        "2":0.2854914197,
        "3":0.3041543027,
        "4":0.2981260647
    },
    "AND Gateway":{
        "0":0.5652173913,
        "1":0.7058823529,
        "2":0.4,
        "3":0.4285714286,
        "4":0.5
    },
    "All":{
        "0":0.1506315007,
        "1":0.1534170153,
        "2":0.1485347985,
        "3":0.1552123552,
        "4":0.1548186528
    }
}