{
    "Actor":{
        "0":0.0205784205,
        "1":0.0216916355,
        "2":0.0215005931,
        "3":0.0232997481,
        "4":0.0213125846
    },
    "Activity":{
        "0":0.0613157895,
        "1":0.0613372093,
        "2":0.0652050114,
        "3":0.0651805869,
        "4":0.0644673123
    },
    "Activity Data":{
        "0":0.0322315559,
        "1":0.0341266719,
        "2":0.0342356688,
        "3":0.0344589258,
        "4":0.0367582897
    },
    "Further Specification":{
        "0":0.0673076923,
        "1":0.0674904943,
        "2":0.0678104575,
        "3":0.0662020906,
        "4":0.0801886792
    },
    "XOR Gateway":{
        "0":0.0179924242,
        "1":0.0243644068,
        "2":0.0245726496,
        "3":0.025,
        "4":0.0152173913
    },
    "Condition Specification":{
        "0":0.0606321839,
        "1":0.0652173913,
        "2":0.0616883117,
        "3":0.0614754098,
        "4":0.0623278237
    },
    "AND Gateway":{
        "0":0.109375,
        "1":0.1354166667,
        "2":0.09375,
        "3":0.09375,
        "4":0.109375
    },
    "All":{
        "0":0.0287228109,
        "1":0.0303465962,
        "2":0.0307102442,
        "3":0.0307726864,
        "4":0.0317493342
    }
}