{
    "Actor":{
        "0":0.0619269418
    },
    "Activity":{
        "0":0.1835315562
    },
    "Activity Data":{
        "0":0.0975492238
    },
    "Further Specification":{
        "0":0.1936621834
    },
    "XOR Gateway":{
        "0":0.0629561392
    },
    "Condition Specification":{
        "0":0.1760966322
    },
    "AND Gateway":{
        "0":0.2938206954
    },
    "All":{
        "0":0.0863421099
    }
}