{
    "Actor":{
        "0":0.0216765963
    },
    "Activity":{
        "0":0.0635011819
    },
    "Activity Data":{
        "0":0.0343622224
    },
    "Further Specification":{
        "0":0.0697998828
    },
    "XOR Gateway":{
        "0":0.0214293744
    },
    "Condition Specification":{
        "0":0.0622682241
    },
    "AND Gateway":{
        "0":0.1083333333
    },
    "All":{
        "0":0.0304603344
    }
}