{
    "Actor":{
        "0":0.0940188178
    },
    "Activity":{
        "0":0.2792368443
    },
    "Activity Data":{
        "0":0.148607527
    },
    "Further Specification":{
        "0":0.2944641812
    },
    "XOR Gateway":{
        "0":0.0963117165
    },
    "Condition Specification":{
        "0":0.2732366538
    },
    "AND Gateway":{
        "0":0.4506418219
    },
    "All":{
        "0":0.1318380731
    }
}