{
    "Actor":{
        "0":0.1218793127
    },
    "Activity":{
        "0":0.3546043239
    },
    "Activity Data":{
        "0":0.1924567178
    },
    "Further Specification":{
        "0":0.3821088005
    },
    "XOR Gateway":{
        "0":0.1214342459
    },
    "Condition Specification":{
        "0":0.3302036101
    },
    "AND Gateway":{
        "0":0.5544290949
    },
    "All":{
        "0":0.1685612006
    }
}