{
    "Actor":{
        "0":0.2385204082,
        "1":0.2525107604,
        "2":0.2415196744,
        "3":0.252044252,
        "4":0.2460438999
    },
    "Activity":{
        "0":0.2849122807,
        "1":0.2906976744,
        "2":0.2900531511,
        "3":0.2866817156,
        "4":0.2905569007
    },
    "Activity Data":{
        "0":0.263640873,
        "1":0.2714362272,
        "2":0.2591693635,
        "3":0.2634408602,
        "4":0.2777777778
    },
    "Further Specification":{
        "0":0.3230769231,
        "1":0.3282636248,
        "2":0.3213507625,
        "3":0.3135888502,
        "4":0.3286163522
    },
    "XOR Gateway":{
        "0":0.2580645161,
        "1":0.2611111111,
        "2":0.2923976608,
        "3":0.2810457516,
        "4":0.2592592593
    },
    "Condition Specification":{
        "0":0.3164750958,
        "1":0.3177570093,
        "2":0.3081597222,
        "3":0.3090766823,
        "4":0.3066298343
    },
    "AND Gateway":{
        "0":0.3333333333,
        "1":0.4333333333,
        "2":0.3333333333,
        "3":0.3333333333,
        "4":0.4242424242
    },
    "All":{
        "0":0.2651245552,
        "1":0.2753719008,
        "2":0.2651084439,
        "3":0.2689538331,
        "4":0.272973291
    }
}