{
    "Actor":{
        "0":0.5645204736
    },
    "Activity":{
        "0":0.6668992544
    },
    "Activity Data":{
        "0":0.6100198654
    },
    "Further Specification":{
        "0":0.7829121729
    },
    "XOR Gateway":{
        "0":0.6254061285
    },
    "Condition Specification":{
        "0":0.6698709765
    },
    "AND Gateway":{
        "0":0.7691666667
    },
    "All":{
        "0":0.6146918869
    }
}