{
    "Actor":{
        "0":0.4327235287
    },
    "Activity":{
        "0":0.5098948135
    },
    "Activity Data":{
        "0":0.4641784019
    },
    "Further Specification":{
        "0":0.5967916574
    },
    "XOR Gateway":{
        "0":0.4842708316
    },
    "Condition Specification":{
        "0":0.5239981313
    },
    "AND Gateway":{
        "0":0.5891774892
    },
    "All":{
        "0":0.4700141773
    }
}