{
    "Actor":{
        "0":0.1448979592,
        "1":0.1512195122,
        "2":0.1454545455,
        "3":0.1503607504,
        "4":0.14762634
    },
    "Activity":{
        "0":0.1717894737,
        "1":0.1758139535,
        "2":0.1767653759,
        "3":0.1738148984,
        "4":0.1743341404
    },
    "Activity Data":{
        "0":0.159375,
        "1":0.1660771704,
        "2":0.1553398058,
        "3":0.1569354839,
        "4":0.1684397163
    },
    "Further Specification":{
        "0":0.1946153846,
        "1":0.1977186312,
        "2":0.1928104575,
        "3":0.1951219512,
        "4":0.1933962264
    },
    "XOR Gateway":{
        "0":0.1548387097,
        "1":0.1566666667,
        "2":0.1754385965,
        "3":0.168627451,
        "4":0.1555555556
    },
    "Condition Specification":{
        "0":0.1885057471,
        "1":0.1862928349,
        "2":0.1901041667,
        "3":0.1877934272,
        "4":0.1878453039
    },
    "AND Gateway":{
        "0":0.25,
        "1":0.26,
        "2":0.2,
        "3":0.2,
        "4":0.2545454545
    },
    "All":{
        "0":0.1601423488,
        "1":0.1662809917,
        "2":0.1601389766,
        "3":0.1619440915,
        "4":0.1647017296
    }
}