{
    "Actor":{
        "0":0.5923159018,
        "1":0.5798882682,
        "2":0.6431181486,
        "3":0.6160287081,
        "4":0.6463414634
    },
    "Activity":{
        "0":0.7130124777,
        "1":0.6826568266,
        "2":0.7450980392,
        "3":0.7227533461,
        "4":0.75
    },
    "Activity Data":{
        "0":0.6793548387,
        "1":0.6586003924,
        "2":0.6692524683,
        "3":0.6767180926,
        "4":0.7089093702
    },
    "Further Specification":{
        "0":0.6161879896,
        "1":0.6262626263,
        "2":0.8840125392,
        "3":0.6247030879,
        "4":0.7859922179
    },
    "XOR Gateway":{
        "0":0.6857142857,
        "1":0.5949367089,
        "2":0.7692307692,
        "3":0.7288135593,
        "4":0.6774193548
    },
    "Condition Specification":{
        "0":0.7803921569,
        "1":0.8054054054,
        "2":0.7565217391,
        "3":0.8705357143,
        "4":0.8154613466
    },
    "AND Gateway":{
        "0":1.0,
        "1":0.7692307692,
        "2":0.7777777778,
        "3":1.0,
        "4":1.0
    },
    "All":{
        "0":0.6534924186,
        "1":0.6425209205,
        "2":0.6879511383,
        "3":0.6721311475,
        "4":0.7018786572
    }
}