{
    "Actor":{
        "0":0.3181434281
    },
    "Activity":{
        "0":0.3731542829
    },
    "Activity Data":{
        "0":0.3493711975
    },
    "Further Specification":{
        "0":0.3901712952
    },
    "XOR Gateway":{
        "0":0.3404875203
    },
    "Condition Specification":{
        "0":0.4046045592
    },
    "AND Gateway":{
        "0":0.4092418301
    },
    "All":{
        "0":0.3472206479
    }
}