{
    "Actor":{
        "0":0.5196885486
    },
    "Activity":{
        "0":0.6016214037
    },
    "Activity Data":{
        "0":0.5655780232
    },
    "Further Specification":{
        "0":0.6628268353
    },
    "XOR Gateway":{
        "0":0.5799601576
    },
    "Condition Specification":{
        "0":0.625036684
    },
    "AND Gateway":{
        "0":0.6692386715
    },
    "All":{
        "0":0.5626912595
    }
}