{
    "Actor":{
        "0":0.4009411256
    },
    "Activity":{
        "0":0.4758700166
    },
    "Activity Data":{
        "0":0.4377516425
    },
    "Further Specification":{
        "0":0.5146379028
    },
    "XOR Gateway":{
        "0":0.4531482147
    },
    "Condition Specification":{
        "0":0.5171188099
    },
    "AND Gateway":{
        "0":0.5477222468
    },
    "All":{
        "0":0.4407777023
    }
}