{
    "Actor":{
        "0":0.6162088891
    },
    "Activity":{
        "0":0.7227041379
    },
    "Activity Data":{
        "0":0.6791312073
    },
    "Further Specification":{
        "0":0.7116773684
    },
    "XOR Gateway":{
        "0":0.6912229356
    },
    "Condition Specification":{
        "0":0.8078371855
    },
    "AND Gateway":{
        "0":0.9094017094
    },
    "All":{
        "0":0.6726729214
    }
}