{
    "Bleu Score":{
        "0":0.6437841587,
        "1":0.0545619026,
        "2":0.6372936968,
        "3":0.6468993744,
        "4":0.0387304786
    }
}