{
    "Bleu Score":{
        "0":0.001255791,
        "1":0.165767986,
        "2":0.0350935765,
        "3":0.0120850019,
        "4":0.1467541701
    }
}