{
    "Bleu Score":{
        "0":0.0602993262,
        "1":0.0135853052,
        "2":0.1948067742,
        "3":0.0498675599,
        "4":0.6753225115
    }
}