{
    "Bleu Score":{
        "0":0.9568532486,
        "1":0.9200289653,
        "2":0.9581268518,
        "3":0.942604038,
        "4":0.9226936139
    }
}