{
    "Actor":{
        "0":0.1218678823
    },
    "Activity":{
        "0":0.3629620873
    },
    "Activity Data":{
        "0":0.1911509553
    },
    "Further Specification":{
        "0":0.39145271
    },
    "XOR Gateway":{
        "0":0.1269183384
    },
    "Condition Specification":{
        "0":0.3666244981
    },
    "AND Gateway":{
        "0":0.6287360483
    },
    "All":{
        "0":0.1710334184
    }
}