{
    "Actor":{
        "0":0.1077210461,
        "1":0.1043256997,
        "2":0.1106020942,
        "3":0.1233859397,
        "4":0.1136873598
    },
    "Activity":{
        "0":0.2943181818,
        "1":0.2988650694,
        "2":0.2984723854,
        "3":0.3173803526,
        "4":0.3165562914
    },
    "Activity Data":{
        "0":0.1550515464,
        "1":0.1487903226,
        "2":0.1591304348,
        "3":0.1637089618,
        "4":0.1723136496
    },
    "Further Specification":{
        "0":0.2888482633,
        "1":0.3762135922,
        "2":0.2703488372,
        "3":0.3551198257,
        "4":0.410326087
    },
    "XOR Gateway":{
        "0":0.140077821,
        "1":0.1725663717,
        "2":0.173553719,
        "3":0.1793721973,
        "4":0.1395348837
    },
    "Condition Specification":{
        "0":0.2603351955,
        "1":0.3103448276,
        "2":0.2837653479,
        "3":0.2777101096,
        "4":0.2865412446
    },
    "AND Gateway":{
        "0":0.6153846154,
        "1":0.6333333333,
        "2":0.4615384615,
        "3":0.4782608696,
        "4":0.5862068966
    },
    "All":{
        "0":0.1252260398,
        "1":0.1288794512,
        "2":0.1297110553,
        "3":0.1379021448,
        "4":0.1406335836
    }
}