{
    "Actor":{
        "0":0.039764482
    },
    "Activity":{
        "0":0.1100136054
    },
    "Activity Data":{
        "0":0.0562652035
    },
    "Further Specification":{
        "0":0.1248415074
    },
    "XOR Gateway":{
        "0":0.0783153271
    },
    "Condition Specification":{
        "0":0.1075027277
    },
    "AND Gateway":{
        "0":0.3219763488
    },
    "All":{
        "0":0.0474353608
    }
}