{
    "Actor":{
        "0":0.0712227254,
        "1":0.078125,
        "2":0.0711279461,
        "3":0.0773033708,
        "4":0.0744732974
    },
    "Activity":{
        "0":0.2034564022,
        "1":0.2113174182,
        "2":0.2046548957,
        "3":0.2100977199,
        "4":0.2171945701
    },
    "Activity Data":{
        "0":0.1002934116,
        "1":0.1097560976,
        "2":0.1035360679,
        "3":0.1066165848,
        "4":0.1157723577
    },
    "Further Specification":{
        "0":0.2412746586,
        "1":0.2419354839,
        "2":0.2412451362,
        "3":0.2422096317,
        "4":0.2717948718
    },
    "XOR Gateway":{
        "0":0.1217391304,
        "1":0.1375838926,
        "2":0.1295180723,
        "3":0.1396103896,
        "4":0.1132075472
    },
    "Condition Specification":{
        "0":0.1866987179,
        "1":0.2414664981,
        "2":0.183655536,
        "3":0.1882640587,
        "4":0.2082474227
    },
    "AND Gateway":{
        "0":0.45,
        "1":0.5333333333,
        "2":0.4,
        "3":0.3921568627,
        "4":0.4390243902
    },
    "All":{
        "0":0.0852920045,
        "1":0.0938615275,
        "2":0.0875185421,
        "3":0.0893982186,
        "4":0.0944068838
    }
}