{
    "Actor":{
        "0":0.0257106785
    },
    "Activity":{
        "0":0.0714871021
    },
    "Activity Data":{
        "0":0.0367870183
    },
    "Further Specification":{
        "0":0.0809436241
    },
    "XOR Gateway":{
        "0":0.0523725116
    },
    "Condition Specification":{
        "0":0.0704630246
    },
    "AND Gateway":{
        "0":0.2606905986
    },
    "All":{
        "0":0.0309040706
    }
}