{
    "Actor":{
        "0":0.1197231834,
        "1":0.1179413867,
        "2":0.1123670213,
        "3":0.1206171108,
        "4":0.1220883534
    },
    "Activity":{
        "0":0.3346354167,
        "1":0.3138297872,
        "2":0.3203517588,
        "3":0.3245283019,
        "4":0.325136612
    },
    "Activity Data":{
        "0":0.1751280857,
        "1":0.1674228675,
        "2":0.1602451839,
        "3":0.1691109074,
        "4":0.1810783316
    },
    "Further Specification":{
        "0":0.4026315789,
        "1":0.3396226415,
        "2":0.3066666667,
        "3":0.3249516441,
        "4":0.4510385757
    },
    "XOR Gateway":{
        "0":0.1506849315,
        "1":0.1891891892,
        "2":0.1990740741,
        "3":0.1878172589,
        "4":0.1441048035
    },
    "Condition Specification":{
        "0":0.3012987013,
        "1":0.3315789474,
        "2":0.3066666667,
        "3":0.3285714286,
        "4":0.304414003
    },
    "AND Gateway":{
        "0":0.5384615385,
        "1":0.7272727273,
        "2":0.4,
        "3":0.4736842105,
        "4":0.5294117647
    },
    "All":{
        "0":0.1443961772,
        "1":0.1397449522,
        "2":0.1355209188,
        "3":0.1410212474,
        "4":0.1476923077
    }
}