{
    "Actor":{
        "0":0.1685819272
    },
    "Activity":{
        "0":0.4764083533
    },
    "Activity Data":{
        "0":0.2571538464
    },
    "Further Specification":{
        "0":0.5098561657
    },
    "XOR Gateway":{
        "0":0.1782260161
    },
    "Condition Specification":{
        "0":0.4589578342
    },
    "AND Gateway":{
        "0":0.7929487179
    },
    "All":{
        "0":0.222446772
    }
}