{
    "Actor":{
        "0":0.0654901259
    },
    "Activity":{
        "0":0.1847382454
    },
    "Activity Data":{
        "0":0.0960956095
    },
    "Further Specification":{
        "0":0.207615795
    },
    "XOR Gateway":{
        "0":0.1186946709
    },
    "Condition Specification":{
        "0":0.1788752989
    },
    "AND Gateway":{
        "0":0.4208609309
    },
    "All":{
        "0":0.0796072232
    }
}