{
    "Actor":{
        "0":0.1117964534,
        "1":0.1185121107,
        "2":0.1165845649,
        "3":0.1375711575,
        "4":0.1248751249
    },
    "Activity":{
        "0":0.3432392273,
        "1":0.3511705686,
        "2":0.3626198083,
        "3":0.3972366149,
        "4":0.3605442177
    },
    "Activity Data":{
        "0":0.1775510204,
        "1":0.1848830886,
        "2":0.183197832,
        "3":0.2037037037,
        "4":0.2064191315
    },
    "Further Specification":{
        "0":0.3392857143,
        "1":0.3959537572,
        "2":0.3051823417,
        "3":0.431547619,
        "4":0.4852941176
    },
    "XOR Gateway":{
        "0":0.1055555556,
        "1":0.1419753086,
        "2":0.1493506494,
        "3":0.1496598639,
        "4":0.0880503145
    },
    "Condition Specification":{
        "0":0.3485617597,
        "1":0.4125,
        "2":0.3376623377,
        "3":0.3808630394,
        "4":0.3535353535
    },
    "AND Gateway":{
        "0":0.7647058824,
        "1":0.6666666667,
        "2":0.5,
        "3":0.6923076923,
        "4":0.52
    },
    "All":{
        "0":0.157925636,
        "1":0.1690639522,
        "2":0.1632445619,
        "3":0.184501845,
        "4":0.1804310971
    }
}