{
    "Actor":{
        "0":0.1593930105
    },
    "Activity":{
        "0":0.4721640928
    },
    "Activity Data":{
        "0":0.2498184053
    },
    "Further Specification":{
        "0":0.5051286518
    },
    "XOR Gateway":{
        "0":0.1598094808
    },
    "Condition Specification":{
        "0":0.4515795628
    },
    "AND Gateway":{
        "0":0.7929487179
    },
    "All":{
        "0":0.221623412
    }
}