{
    "Actor":{
        "0":0.0545569221,
        "1":0.0580781415,
        "2":0.0593815882,
        "3":0.0628425283,
        "4":0.061663286
    },
    "Activity":{
        "0":0.1532544379,
        "1":0.1631399317,
        "2":0.1746575342,
        "3":0.1653846154,
        "4":0.1721664275
    },
    "Activity Data":{
        "0":0.0787929589,
        "1":0.0862149533,
        "2":0.0845656192,
        "3":0.0837494326,
        "4":0.0922040922
    },
    "Further Specification":{
        "0":0.1723768737,
        "1":0.1811196487,
        "2":0.197257384,
        "3":0.1756345178,
        "4":0.2226890756
    },
    "XOR Gateway":{
        "0":0.0979955457,
        "1":0.1229946524,
        "2":0.1189873418,
        "3":0.1195928753,
        "4":0.1011560694
    },
    "Condition Specification":{
        "0":0.1494547787,
        "1":0.1821631879,
        "2":0.1479122435,
        "3":0.1642958748,
        "4":0.1575663027
    },
    "AND Gateway":{
        "0":0.3606557377,
        "1":0.4375,
        "2":0.36,
        "3":0.3720930233,
        "4":0.3921568627
    },
    "All":{
        "0":0.0657644824,
        "1":0.0720087615,
        "2":0.0722027972,
        "3":0.0713790113,
        "4":0.075941857
    }
}