{
    "Actor":{
        "0":0.0593044932
    },
    "Activity":{
        "0":0.1657205894
    },
    "Activity Data":{
        "0":0.0851054112
    },
    "Further Specification":{
        "0":0.1898155
    },
    "XOR Gateway":{
        "0":0.1121452969
    },
    "Condition Specification":{
        "0":0.1602784775
    },
    "AND Gateway":{
        "0":0.3844811247
    },
    "All":{
        "0":0.0714593819
    }
}