{
    "Actor":{
        "0":0.0948828333
    },
    "Activity":{
        "0":0.2815323772
    },
    "Activity Data":{
        "0":0.150155356
    },
    "Further Specification":{
        "0":0.2978527983
    },
    "XOR Gateway":{
        "0":0.0942455783
    },
    "Condition Specification":{
        "0":0.268685148
    },
    "AND Gateway":{
        "0":0.4524445569
    },
    "All":{
        "0":0.132348449
    }
}