{
    "Actor":{
        "0":0.0311759052
    },
    "Activity":{
        "0":0.0874853802
    },
    "Activity Data":{
        "0":0.0444920556
    },
    "Further Specification":{
        "0":0.0974931328
    },
    "XOR Gateway":{
        "0":0.0617941582
    },
    "Condition Specification":{
        "0":0.0853304525
    },
    "AND Gateway":{
        "0":0.2902125861
    },
    "All":{
        "0":0.0374170271
    }
}