{
    "Actor":{
        "0":0.103202847,
        "1":0.1041825095,
        "2":0.1044117647,
        "3":0.1185609158,
        "4":0.1068376068
    },
    "Activity":{
        "0":0.3015665796,
        "1":0.3017241379,
        "2":0.3131034483,
        "3":0.3244005642,
        "4":0.3251533742
    },
    "Activity Data":{
        "0":0.1622377622,
        "1":0.1596993894,
        "2":0.1657675331,
        "3":0.1714429361,
        "4":0.1836506159
    },
    "Further Specification":{
        "0":0.2885032538,
        "1":0.3732970027,
        "2":0.277972028,
        "3":0.3485576923,
        "4":0.417721519
    },
    "XOR Gateway":{
        "0":0.0867579909,
        "1":0.1191709845,
        "2":0.1133004926,
        "3":0.1189189189,
        "4":0.0769230769
    },
    "Condition Specification":{
        "0":0.2761394102,
        "1":0.3113207547,
        "2":0.2912,
        "3":0.2879432624,
        "4":0.2902155887
    },
    "AND Gateway":{
        "0":0.5652173913,
        "1":0.5217391304,
        "2":0.3636363636,
        "3":0.4285714286,
        "4":0.52
    },
    "All":{
        "0":0.1399826539,
        "1":0.1454407006,
        "2":0.1447890371,
        "3":0.1524390244,
        "4":0.1573722011
    }
}