{
    "Actor":{
        "0":0.0137353792
    },
    "Activity":{
        "0":0.0379817818
    },
    "Activity Data":{
        "0":0.0196740741
    },
    "Further Specification":{
        "0":0.0427737624
    },
    "XOR Gateway":{
        "0":0.0276789534
    },
    "Condition Specification":{
        "0":0.0373546311
    },
    "AND Gateway":{
        "0":0.1648645707
    },
    "All":{
        "0":0.0164735377
    }
}