{
    "Actor":{
        "0":0.0945857795,
        "1":0.1016320475,
        "2":0.0947298199,
        "3":0.1050724638,
        "4":0.106292517
    },
    "Activity":{
        "0":0.2873134328,
        "1":0.2937062937,
        "2":0.2902813299,
        "3":0.2987012987,
        "4":0.3145400593
    },
    "Activity Data":{
        "0":0.1507145951,
        "1":0.1599247413,
        "2":0.1500888099,
        "3":0.1536036036,
        "4":0.1801208127
    },
    "Further Specification":{
        "0":0.264940239,
        "1":0.2790224033,
        "2":0.287522604,
        "3":0.2971311475,
        "4":0.3577235772
    },
    "XOR Gateway":{
        "0":0.0833333333,
        "1":0.1210526316,
        "2":0.1059907834,
        "3":0.1151832461,
        "4":0.0732984293
    },
    "Condition Specification":{
        "0":0.2678803641,
        "1":0.3260869565,
        "2":0.2459459459,
        "3":0.2937771346,
        "4":0.2892561983
    },
    "AND Gateway":{
        "0":0.4814814815,
        "1":0.6315789474,
        "2":0.4210526316,
        "3":0.4090909091,
        "4":0.52
    },
    "All":{
        "0":0.1307517822,
        "1":0.1416126043,
        "2":0.1324645332,
        "3":0.1388406803,
        "4":0.153260646
    }
}