{
    "Actor":{
        "0":0.0962715637,
        "1":0.1047619048,
        "2":0.0956423316,
        "3":0.1081081081,
        "4":0.1136873598
    },
    "Activity":{
        "0":0.2752391073,
        "1":0.2902439024,
        "2":0.2783842795,
        "3":0.2863485017,
        "4":0.3092783505
    },
    "Activity Data":{
        "0":0.1382352941,
        "1":0.1507352941,
        "2":0.1383219955,
        "3":0.1419230769,
        "4":0.1688867745
    },
    "Further Specification":{
        "0":0.262295082,
        "1":0.2867132867,
        "2":0.2813918306,
        "3":0.3038869258,
        "4":0.3661971831
    },
    "XOR Gateway":{
        "0":0.1304347826,
        "1":0.1788990826,
        "2":0.1544715447,
        "3":0.1718061674,
        "4":0.1402714932
    },
    "Condition Specification":{
        "0":0.2586015538,
        "1":0.3333333333,
        "2":0.2336343115,
        "3":0.2893081761,
        "4":0.2775453278
    },
    "AND Gateway":{
        "0":0.5483870968,
        "1":0.6956521739,
        "2":0.5,
        "3":0.48,
        "4":0.5555555556
    },
    "All":{
        "0":0.11457328,
        "1":0.1266655964,
        "2":0.1155891408,
        "3":0.1227442207,
        "4":0.1369960756
    }
}