{
    "Actor":{
        "0":0.1511985028
    },
    "Activity":{
        "0":0.408580393
    },
    "Activity Data":{
        "0":0.2199039747
    },
    "Further Specification":{
        "0":0.4695542159
    },
    "XOR Gateway":{
        "0":0.1793844395
    },
    "Condition Specification":{
        "0":0.3788976989
    },
    "AND Gateway":{
        "0":0.6677058449
    },
    "All":{
        "0":0.1834583282
    }
}