{
    "Actor":{
        "0":0.0920608833
    },
    "Activity":{
        "0":0.2586650431
    },
    "Activity Data":{
        "0":0.1312772183
    },
    "Further Specification":{
        "0":0.2760277788
    },
    "XOR Gateway":{
        "0":0.151196272
    },
    "Condition Specification":{
        "0":0.2487144004
    },
    "AND Gateway":{
        "0":0.5088314806
    },
    "All":{
        "0":0.1102319276
    }
}