{
    "Actor":{
        "0":0.5606060606,
        "1":0.6260554885,
        "2":0.6125290023,
        "3":0.6405472637,
        "4":0.6463414634
    },
    "Activity":{
        "0":0.6722689076,
        "1":0.691588785,
        "2":0.7335907336,
        "3":0.7440944882,
        "4":0.7515789474
    },
    "Activity Data":{
        "0":0.6389563107,
        "1":0.6522020725,
        "2":0.6416497634,
        "3":0.6573569482,
        "4":0.723354232
    },
    "Further Specification":{
        "0":0.6113989637,
        "1":0.8,
        "2":0.7943661972,
        "3":0.8296529968,
        "4":0.7799227799
    },
    "XOR Gateway":{
        "0":0.6575342466,
        "1":0.6438356164,
        "2":0.7462686567,
        "3":0.7166666667,
        "4":0.7368421053
    },
    "Condition Specification":{
        "0":0.7580952381,
        "1":0.766066838,
        "2":0.725,
        "3":0.7632093933,
        "4":0.8650793651
    },
    "AND Gateway":{
        "0":0.8571428571,
        "1":0.6666666667,
        "2":0.875,
        "3":0.8888888889,
        "4":1.0
    },
    "All":{
        "0":0.6213661073,
        "1":0.6649526387,
        "2":0.6574688246,
        "3":0.6801740549,
        "4":0.7135253601
    }
}