{
    "Actor":{
        "0":0.556613062,
        "1":0.5763022744,
        "2":0.5580656548,
        "3":0.5889908257,
        "4":0.5842391304
    },
    "Activity":{
        "0":0.6116722783,
        "1":0.6199876619,
        "2":0.6247734139,
        "3":0.6318909306,
        "4":0.6395422759
    },
    "Activity Data":{
        "0":0.5781371785,
        "1":0.5994940978,
        "2":0.5856412441,
        "3":0.5794332331,
        "4":0.5969209237
    },
    "Further Specification":{
        "0":0.6612740142,
        "1":0.6732283465,
        "2":0.6223021583,
        "3":0.6465116279,
        "4":0.6695437731
    },
    "XOR Gateway":{
        "0":0.6487455197,
        "1":0.6290322581,
        "2":0.6165413534,
        "3":0.6498054475,
        "4":0.5833333333
    },
    "Condition Specification":{
        "0":0.6626287099,
        "1":0.6837469976,
        "2":0.63933287,
        "3":0.6272378517,
        "4":0.637841833
    },
    "AND Gateway":{
        "0":0.7291666667,
        "1":0.6363636364,
        "2":0.7096774194,
        "3":0.7666666667,
        "4":0.7708333333
    },
    "All":{
        "0":0.572865099,
        "1":0.5913036006,
        "2":0.5733998337,
        "3":0.5797765922,
        "4":0.5871601763
    }
}