{
    "Actor":{
        "0":0.6195949644,
        "1":0.6619804401,
        "2":0.6180722892,
        "3":0.6393117141,
        "4":0.6373551466
    },
    "Activity":{
        "0":0.6623970723,
        "1":0.6677148847,
        "2":0.681865285,
        "3":0.7029288703,
        "4":0.6850574713
    },
    "Activity Data":{
        "0":0.6492367652,
        "1":0.6696333215,
        "2":0.6340057637,
        "3":0.6557984439,
        "4":0.6810064935
    },
    "Further Specification":{
        "0":0.7080536913,
        "1":0.7443729904,
        "2":0.7203513909,
        "3":0.7503671072,
        "4":0.746835443
    },
    "XOR Gateway":{
        "0":0.7425149701,
        "1":0.6708860759,
        "2":0.7323943662,
        "3":0.700729927,
        "4":0.76
    },
    "Condition Specification":{
        "0":0.7453358209,
        "1":0.7222222222,
        "2":0.725864124,
        "3":0.7295864263,
        "4":0.7427385892
    },
    "AND Gateway":{
        "0":0.7586206897,
        "1":0.76,
        "2":0.9333333333,
        "3":0.7222222222,
        "4":0.9047619048
    },
    "All":{
        "0":0.6409767264,
        "1":0.6617689427,
        "2":0.6388418079,
        "3":0.6578833693,
        "4":0.6647135417
    }
}