{
    "Actor":{
        "0":0.2948990436,
        "1":0.304398827,
        "2":0.2861788618,
        "3":0.2861111111,
        "4":0.2832541568
    },
    "Activity":{
        "0":0.3484320557,
        "1":0.3561116458,
        "2":0.3345070423,
        "3":0.3267070009,
        "4":0.3513779528
    },
    "Activity Data":{
        "0":0.3247995065,
        "1":0.3412402575,
        "2":0.3047527296,
        "3":0.3026976161,
        "4":0.3274210713
    },
    "Further Specification":{
        "0":0.3926788686,
        "1":0.361516035,
        "2":0.3455882353,
        "3":0.334180432,
        "4":0.39453125
    },
    "XOR Gateway":{
        "0":0.3157894737,
        "1":0.3381294964,
        "2":0.3448275862,
        "3":0.3412698413,
        "4":0.3088235294
    },
    "Condition Specification":{
        "0":0.3761814745,
        "1":0.3757881463,
        "2":0.3320610687,
        "3":0.3703703704,
        "4":0.3613259669
    },
    "AND Gateway":{
        "0":0.3870967742,
        "1":0.5,
        "2":0.4666666667,
        "3":0.380952381,
        "4":0.4074074074
    },
    "All":{
        "0":0.3240078876,
        "1":0.3350606846,
        "2":0.3052100012,
        "3":0.3075504181,
        "4":0.3210311311
    }
}