{
    "Actor":{
        "0":0.5852783265
    },
    "Activity":{
        "0":0.6327477075
    },
    "Activity Data":{
        "0":0.600922517
    },
    "Further Specification":{
        "0":0.676802164
    },
    "XOR Gateway":{
        "0":0.6488144416
    },
    "Condition Specification":{
        "0":0.6573485218
    },
    "AND Gateway":{
        "0":0.6924133479
    },
    "All":{
        "0":0.5933898827
    }
}