{
    "Actor":{
        "0":0.6276531231,
        "1":0.6446440026,
        "2":0.6114285714,
        "3":0.6648426813,
        "4":0.6404181185
    },
    "Activity":{
        "0":0.7016985138,
        "1":0.696937698,
        "2":0.7079646018,
        "3":0.7006437768,
        "4":0.6937639198
    },
    "Activity Data":{
        "0":0.6648956357,
        "1":0.6582324899,
        "2":0.6417277285,
        "3":0.6643704554,
        "4":0.6704545455
    },
    "Further Specification":{
        "0":0.690685413,
        "1":0.75,
        "2":0.7719298246,
        "3":0.6965944272,
        "4":0.7195652174
    },
    "XOR Gateway":{
        "0":0.6811594203,
        "1":0.7048192771,
        "2":0.7352941176,
        "3":0.7580645161,
        "4":0.6691176471
    },
    "Condition Specification":{
        "0":0.7386990077,
        "1":0.7259475219,
        "2":0.7187153931,
        "3":0.7407407407,
        "4":0.7289473684
    },
    "AND Gateway":{
        "0":0.7619047619,
        "1":0.6956521739,
        "2":0.7333333333,
        "3":0.8235294118,
        "4":0.8928571429
    },
    "All":{
        "0":0.6513627751,
        "1":0.6588182364,
        "2":0.646332279,
        "3":0.6629315566,
        "4":0.65944022
    }
}