{
    "Actor":{
        "0":0.3195164076,
        "1":0.3448504983,
        "2":0.3111373011,
        "3":0.3290734824,
        "4":0.3218623482
    },
    "Activity":{
        "0":0.3802281369,
        "1":0.3957219251,
        "2":0.3766105055,
        "3":0.3720472441,
        "4":0.3888888889
    },
    "Activity Data":{
        "0":0.3505326232,
        "1":0.3700845277,
        "2":0.328714929,
        "3":0.3414720453,
        "4":0.3681691264
    },
    "Further Specification":{
        "0":0.4229390681,
        "1":0.4366197183,
        "2":0.4298780488,
        "3":0.4354304636,
        "4":0.4217118998
    },
    "XOR Gateway":{
        "0":0.3636363636,
        "1":0.3560606061,
        "2":0.3623188406,
        "3":0.3739130435,
        "4":0.336
    },
    "Condition Specification":{
        "0":0.3987975952,
        "1":0.4487951807,
        "2":0.3811610077,
        "3":0.3842364532,
        "4":0.42578125
    },
    "AND Gateway":{
        "0":0.4615384615,
        "1":0.5,
        "2":0.3888888889,
        "3":0.347826087,
        "4":0.44
    },
    "All":{
        "0":0.350206474,
        "1":0.3754010695,
        "2":0.3386171085,
        "3":0.3491066443,
        "4":0.3615164975
    }
}