{
    "Actor":{
        "0":0.4578595915
    },
    "Activity":{
        "0":0.531726325
    },
    "Activity Data":{
        "0":0.4955643224
    },
    "Further Specification":{
        "0":0.5904277885
    },
    "XOR Gateway":{
        "0":0.4858834568
    },
    "Condition Specification":{
        "0":0.5508570092
    },
    "AND Gateway":{
        "0":0.5913415893
    },
    "All":{
        "0":0.494356576
    }
}