{
    "Bleu Score":{
        "0":0.9485180546,
        "1":0.9473056842,
        "2":0.9378198758,
        "3":0.9372737918,
        "4":0.9413886579
    }
}