{
    "Bleu Score":{
        "0":0.9294483639,
        "1":0.9347238552,
        "2":0.923245458,
        "3":0.9242685472,
        "4":0.9303542495
    }
}