{
    "Bleu Score":{
        "0":0.9402117508,
        "1":0.939798354,
        "2":0.9313442864,
        "3":0.9331983565,
        "4":0.9322725519
    }
}