{
    "Bleu Score":{
        "0":0.96962649,
        "1":0.9634394383,
        "2":0.9654862161,
        "3":0.9627152724,
        "4":0.9617785953
    }
}