{
    "Bleu Score":{
        "0":0.9810190926,
        "1":0.9812718074,
        "2":0.9720429646,
        "3":0.975993865,
        "4":0.9739065129
    }
}