{
    "Actor":{
        "0":0.1451451451,
        "1":0.1503841932,
        "2":0.152688172,
        "3":0.1544195953,
        "4":0.1391982183
    },
    "Activity":{
        "0":0.4325842697,
        "1":0.431211499,
        "2":0.4576612903,
        "3":0.4315196998,
        "4":0.4132553606
    },
    "Activity Data":{
        "0":0.2252427184,
        "1":0.2407932011,
        "2":0.2459970888,
        "3":0.2249340369,
        "4":0.2241968558
    },
    "Further Specification":{
        "0":0.4478114478,
        "1":0.4491803279,
        "2":0.4542857143,
        "3":0.4833333333,
        "4":0.4888888889
    },
    "XOR Gateway":{
        "0":0.1225806452,
        "1":0.184,
        "2":0.1742424242,
        "3":0.162962963,
        "4":0.0945945946
    },
    "Condition Specification":{
        "0":0.412,
        "1":0.4852941176,
        "2":0.3864118896,
        "3":0.4011857708,
        "4":0.3837719298
    },
    "AND Gateway":{
        "0":0.8125,
        "1":1.0,
        "2":0.6153846154,
        "3":0.5294117647,
        "4":0.619047619
    },
    "All":{
        "0":0.1994562531,
        "1":0.2126948775,
        "2":0.2132235794,
        "3":0.2027369488,
        "4":0.1976651632
    }
}