{
    "Actor":{
        "0":0.1001086192
    },
    "Activity":{
        "0":0.2891179752
    },
    "Activity Data":{
        "0":0.1594388757
    },
    "Further Specification":{
        "0":0.3238540688
    },
    "XOR Gateway":{
        "0":0.0959387583
    },
    "Condition Specification":{
        "0":0.2874729368
    },
    "AND Gateway":{
        "0":0.4899043461
    },
    "All":{
        "0":0.1396162103
    }
}