{
    "Actor":{
        "0":0.0660161831
    },
    "Activity":{
        "0":0.1875219982
    },
    "Activity Data":{
        "0":0.1044020794
    },
    "Further Specification":{
        "0":0.2088598805
    },
    "XOR Gateway":{
        "0":0.0654484786
    },
    "Condition Specification":{
        "0":0.1954927584
    },
    "AND Gateway":{
        "0":0.3534208881
    },
    "All":{
        "0":0.0914569373
    }
}