{
    "Actor":{
        "0":0.0871559633,
        "1":0.0995195607,
        "2":0.0970491803,
        "3":0.1047156727,
        "4":0.0919377652
    },
    "Activity":{
        "0":0.2524483134,
        "1":0.2634880803,
        "2":0.2823383085,
        "3":0.2864259029,
        "4":0.2680151707
    },
    "Activity Data":{
        "0":0.1364317841,
        "1":0.1503378378,
        "2":0.1506672406,
        "3":0.1499786962,
        "4":0.1589648799
    },
    "Further Specification":{
        "0":0.275,
        "1":0.3349056604,
        "2":0.3306613226,
        "3":0.3254817987,
        "4":0.3523316062
    },
    "XOR Gateway":{
        "0":0.076,
        "1":0.1022222222,
        "2":0.1064814815,
        "3":0.1067961165,
        "4":0.0639269406
    },
    "Condition Specification":{
        "0":0.2684729064,
        "1":0.2701421801,
        "2":0.2633015007,
        "3":0.2685643564,
        "4":0.2698412698
    },
    "AND Gateway":{
        "0":0.4375,
        "1":0.5416666667,
        "2":0.380952381,
        "3":0.375,
        "4":0.4516129032
    },
    "All":{
        "0":0.1202303816,
        "1":0.133097166,
        "2":0.1349452704,
        "3":0.1354764638,
        "4":0.1351351351
    }
}