{
    "Actor":{
        "0":0.1339668945
    },
    "Activity":{
        "0":0.3844504938
    },
    "Activity Data":{
        "0":0.2069478222
    },
    "Further Specification":{
        "0":0.4112311497
    },
    "XOR Gateway":{
        "0":0.1328601851
    },
    "Condition Specification":{
        "0":0.3795556612
    },
    "AND Gateway":{
        "0":0.6388133796
    },
    "All":{
        "0":0.1835700783
    }
}