{
    "Actor":{
        "0":0.149673267
    },
    "Activity":{
        "0":0.4332464239
    },
    "Activity Data":{
        "0":0.2345620455
    },
    "Further Specification":{
        "0":0.4685684164
    },
    "XOR Gateway":{
        "0":0.1476761254
    },
    "Condition Specification":{
        "0":0.4197210509
    },
    "AND Gateway":{
        "0":0.7152687998
    },
    "All":{
        "0":0.2068421959
    }
}