{
    "Actor":{
        "0":0.1158631415,
        "1":0.1188455008,
        "2":0.1260794473,
        "3":0.131132917,
        "4":0.125
    },
    "Activity":{
        "0":0.3462686567,
        "1":0.3370607029,
        "2":0.3764510779,
        "3":0.3582554517,
        "4":0.3962616822
    },
    "Activity Data":{
        "0":0.1845114345,
        "1":0.1845906902,
        "2":0.1957520092,
        "3":0.197375927,
        "4":0.214331827
    },
    "Further Specification":{
        "0":0.3209302326,
        "1":0.3615384615,
        "2":0.3970588235,
        "3":0.4298245614,
        "4":0.4594594595
    },
    "XOR Gateway":{
        "0":0.0974358974,
        "1":0.1329479769,
        "2":0.1393939394,
        "3":0.1375,
        "4":0.0952380952
    },
    "Condition Specification":{
        "0":0.3281972265,
        "1":0.3626609442,
        "2":0.329787234,
        "3":0.3072378139,
        "4":0.3686354379
    },
    "AND Gateway":{
        "0":0.6086956522,
        "1":0.6666666667,
        "2":0.380952381,
        "3":0.3913043478,
        "4":0.8125
    },
    "All":{
        "0":0.1587792158,
        "1":0.1648305085,
        "2":0.1744260888,
        "3":0.1723187791,
        "4":0.1870361207
    }
}