{
    "Actor":{
        "0":0.105816398,
        "1":0.1215986395,
        "2":0.1154446178,
        "3":0.1328545781,
        "4":0.12
    },
    "Activity":{
        "0":0.3005181347,
        "1":0.3459016393,
        "2":0.3393124066,
        "3":0.3622047244,
        "4":0.3413848631
    },
    "Activity Data":{
        "0":0.1636446056,
        "1":0.1915836102,
        "2":0.1814834298,
        "3":0.1980593607,
        "4":0.1962507323
    },
    "Further Specification":{
        "0":0.3130630631,
        "1":0.3479318735,
        "2":0.3755760369,
        "3":0.3840206186,
        "4":0.4240506329
    },
    "XOR Gateway":{
        "0":0.0867579909,
        "1":0.1369047619,
        "2":0.1284916201,
        "3":0.1392405063,
        "4":0.0833333333
    },
    "Condition Specification":{
        "0":0.3209509658,
        "1":0.3442622951,
        "2":0.3362676056,
        "3":0.3317307692,
        "4":0.3198594025
    },
    "AND Gateway":{
        "0":0.5384615385,
        "1":0.9230769231,
        "2":0.375,
        "3":0.4736842105,
        "4":0.5909090909
    },
    "All":{
        "0":0.1439223166,
        "1":0.1669520548,
        "2":0.1631402017,
        "3":0.1735607676,
        "4":0.1701652523
    }
}