{
    "Actor":{
        "0":0.0451433439
    },
    "Activity":{
        "0":0.12666214
    },
    "Activity Data":{
        "0":0.0712828421
    },
    "Further Specification":{
        "0":0.1444597457
    },
    "XOR Gateway":{
        "0":0.0428587488
    },
    "Condition Specification":{
        "0":0.1313822213
    },
    "AND Gateway":{
        "0":0.2166666667
    },
    "All":{
        "0":0.0622824919
    }
}