{
    "Actor":{
        "0":0.5702103065
    },
    "Activity":{
        "0":0.6540746606
    },
    "Activity Data":{
        "0":0.6146862708
    },
    "Further Specification":{
        "0":0.7264322713
    },
    "XOR Gateway":{
        "0":0.6373345259
    },
    "Condition Specification":{
        "0":0.7264719742
    },
    "AND Gateway":{
        "0":0.7829365079
    },
    "All":{
        "0":0.6187240739
    }
}