{
    "Actor":{
        "0":0.276119403,
        "1":0.2889755011,
        "2":0.2986425339,
        "3":0.2899774775,
        "4":0.2822485207
    },
    "Activity":{
        "0":0.3289473684,
        "1":0.3345388788,
        "2":0.359168242,
        "3":0.3375,
        "4":0.3320930233
    },
    "Activity Data":{
        "0":0.3045993636,
        "1":0.3217252396,
        "2":0.3207164583,
        "3":0.307618744,
        "4":0.314373297
    },
    "Further Specification":{
        "0":0.3818770227,
        "1":0.3537803138,
        "2":0.3911234397,
        "3":0.3433420366,
        "4":0.3733826248
    },
    "XOR Gateway":{
        "0":0.2926829268,
        "1":0.2955974843,
        "2":0.3333333333,
        "3":0.3385826772,
        "4":0.2896551724
    },
    "Condition Specification":{
        "0":0.3454861111,
        "1":0.3473193473,
        "2":0.3466135458,
        "3":0.3801169591,
        "4":0.3489861259
    },
    "AND Gateway":{
        "0":0.3636363636,
        "1":0.3571428571,
        "2":0.3888888889,
        "3":0.347826087,
        "4":0.3548387097
    },
    "All":{
        "0":0.3039306358,
        "1":0.3158909745,
        "2":0.322740297,
        "3":0.3136050157,
        "4":0.30985724
    }
}