{
    "Actor":{
        "0":0.4016794962,
        "1":0.4510135135,
        "2":0.4318541997,
        "3":0.4219968799,
        "4":0.4347048301
    },
    "Activity":{
        "0":0.4707943925,
        "1":0.5159944367,
        "2":0.501305483,
        "3":0.47625,
        "4":0.5
    },
    "Activity Data":{
        "0":0.457781457,
        "1":0.5004793864,
        "2":0.4735840076,
        "3":0.4440104167,
        "4":0.4943005181
    },
    "Further Specification":{
        "0":0.5560538117,
        "1":0.7123287671,
        "2":0.5615942029,
        "3":0.526032316,
        "4":0.5626598465
    },
    "XOR Gateway":{
        "0":0.4102564103,
        "1":0.4752475248,
        "2":0.495049505,
        "3":0.4731182796,
        "4":0.4158415842
    },
    "Condition Specification":{
        "0":0.5565552699,
        "1":0.5408695652,
        "2":0.5780525502,
        "3":0.5710455764,
        "4":0.5524256651
    },
    "AND Gateway":{
        "0":0.5454545455,
        "1":0.8666666667,
        "2":0.5833333333,
        "3":0.5,
        "4":0.6666666667
    },
    "All":{
        "0":0.4531662269,
        "1":0.5030723489,
        "2":0.4773019666,
        "3":0.4577440497,
        "4":0.4808787632
    }
}