{
    "Actor":{
        "0":0.5303153197
    },
    "Activity":{
        "0":0.6176819643
    },
    "Activity Data":{
        "0":0.5771283214
    },
    "Further Specification":{
        "0":0.6969296038
    },
    "XOR Gateway":{
        "0":0.575062044
    },
    "Condition Specification":{
        "0":0.6552390287
    },
    "AND Gateway":{
        "0":0.7091628959
    },
    "All":{
        "0":0.5778697412
    }
}