{
    "Actor":{
        "0":0.2910447761,
        "1":0.3084632517,
        "2":0.3167420814,
        "3":0.3085585586,
        "4":0.2940828402
    },
    "Activity":{
        "0":0.3314144737,
        "1":0.3381555154,
        "2":0.3601134216,
        "3":0.3410714286,
        "4":0.3330232558
    },
    "Activity Data":{
        "0":0.3306334973,
        "1":0.3469648562,
        "2":0.342345387,
        "3":0.3356710233,
        "4":0.341280654
    },
    "Further Specification":{
        "0":0.4385113269,
        "1":0.4022824536,
        "2":0.4382801664,
        "3":0.4046997389,
        "4":0.4121996303
    },
    "XOR Gateway":{
        "0":0.2987804878,
        "1":0.3018867925,
        "2":0.34,
        "3":0.3464566929,
        "4":0.2896551724
    },
    "Condition Specification":{
        "0":0.3871527778,
        "1":0.3822843823,
        "2":0.3914342629,
        "3":0.432748538,
        "4":0.3906083244
    },
    "AND Gateway":{
        "0":0.4545454545,
        "1":0.4642857143,
        "2":0.5555555556,
        "3":0.347826087,
        "4":0.4516129032
    },
    "All":{
        "0":0.3277456647,
        "1":0.3395474415,
        "2":0.3457931753,
        "3":0.3410658307,
        "4":0.3314751869
    }
}