{
    "Actor":{
        "0":0.375,
        "1":0.3981348637,
        "2":0.3792401628,
        "3":0.3953823954,
        "4":0.3782542113
    },
    "Activity":{
        "0":0.4242105263,
        "1":0.4348837209,
        "2":0.437357631,
        "3":0.4311512415,
        "4":0.4334140436
    },
    "Activity Data":{
        "0":0.4215029762,
        "1":0.4348874598,
        "2":0.4065533981,
        "3":0.4157258065,
        "4":0.4370567376
    },
    "Further Specification":{
        "0":0.5057692308,
        "1":0.5266159696,
        "2":0.5294117647,
        "3":0.5296167247,
        "4":0.5330188679
    },
    "XOR Gateway":{
        "0":0.3951612903,
        "1":0.4,
        "2":0.4473684211,
        "3":0.431372549,
        "4":0.3888888889
    },
    "Condition Specification":{
        "0":0.5195402299,
        "1":0.5124610592,
        "2":0.50390625,
        "3":0.5117370892,
        "4":0.5165745856
    },
    "AND Gateway":{
        "0":0.5,
        "1":0.65,
        "2":0.5,
        "3":0.5,
        "4":0.5
    },
    "All":{
        "0":0.4181494662,
        "1":0.4353719008,
        "2":0.4177195199,
        "3":0.4272554003,
        "4":0.4279915284
    }
}