{
    "Actor":{
        "0":0.2843882237
    },
    "Activity":{
        "0":0.3194738232
    },
    "Activity Data":{
        "0":0.3139066704
    },
    "Further Specification":{
        "0":0.3859582313
    },
    "XOR Gateway":{
        "0":0.3180375862
    },
    "Condition Specification":{
        "0":0.387589147
    },
    "AND Gateway":{
        "0":0.4987550576
    },
    "All":{
        "0":0.3157055556
    }
}