{
    "Actor":{
        "0":0.4211114499
    },
    "Activity":{
        "0":0.4939038644
    },
    "Activity Data":{
        "0":0.4561767966
    },
    "Further Specification":{
        "0":0.5408215413
    },
    "XOR Gateway":{
        "0":0.4656102264
    },
    "Condition Specification":{
        "0":0.5151141431
    },
    "AND Gateway":{
        "0":0.5987301587
    },
    "All":{
        "0":0.4572103476
    }
}