{
    "Actor":{
        "0":0.4102966161
    },
    "Activity":{
        "0":0.4602426724
    },
    "Activity Data":{
        "0":0.4466396481
    },
    "Further Specification":{
        "0":0.5801420507
    },
    "XOR Gateway":{
        "0":0.4369181806
    },
    "Condition Specification":{
        "0":0.5215328724
    },
    "AND Gateway":{
        "0":0.5989393939
    },
    "All":{
        "0":0.4498542883
    }
}