{
    "Actor":{
        "0":0.4169797145,
        "1":0.4155324259,
        "2":0.4173913043,
        "3":0.4139871383,
        "4":0.4416666667
    },
    "Activity":{
        "0":0.4987531172,
        "1":0.4830287206,
        "2":0.5066666667,
        "3":0.485237484,
        "4":0.4958333333
    },
    "Activity Data":{
        "0":0.4596246181,
        "1":0.457311535,
        "2":0.4467984934,
        "3":0.4406392694,
        "4":0.4765100671
    },
    "Further Specification":{
        "0":0.5209713024,
        "1":0.5050916497,
        "2":0.6038543897,
        "3":0.5177165354,
        "4":0.5564738292
    },
    "XOR Gateway":{
        "0":0.4948453608,
        "1":0.4122807018,
        "2":0.5434782609,
        "3":0.4574468085,
        "4":0.42
    },
    "Condition Specification":{
        "0":0.5378378378,
        "1":0.505942275,
        "2":0.5264750378,
        "3":0.540166205,
        "4":0.4651493599
    },
    "AND Gateway":{
        "0":0.6666666667,
        "1":0.5555555556,
        "2":0.7,
        "3":0.5714285714,
        "4":0.5
    },
    "All":{
        "0":0.4586531752,
        "1":0.452569534,
        "2":0.4615384615,
        "3":0.4505494505,
        "4":0.4627411168
    }
}