{
    "Actor":{
        "0":0.5441176471,
        "1":0.6070175439,
        "2":0.5393258427,
        "3":0.5426765016,
        "4":0.5692124105
    },
    "Activity":{
        "0":0.6633499171,
        "1":0.7142857143,
        "2":0.6365159129,
        "3":0.6,
        "4":0.651459854
    },
    "Activity Data":{
        "0":0.5969387755,
        "1":0.6475884244,
        "2":0.574107683,
        "3":0.5646576946,
        "4":0.607636603
    },
    "Further Specification":{
        "0":0.746835443,
        "1":0.7678018576,
        "2":0.6184210526,
        "3":0.6073903002,
        "4":0.731884058
    },
    "XOR Gateway":{
        "0":0.6,
        "1":0.7014925373,
        "2":0.7142857143,
        "3":0.5890410959,
        "4":0.5675675676
    },
    "Condition Specification":{
        "0":0.6546052632,
        "1":0.8032345013,
        "2":0.703030303,
        "3":0.6878306878,
        "4":0.6462450593
    },
    "AND Gateway":{
        "0":0.8571428571,
        "1":1.0,
        "2":0.875,
        "3":0.5714285714,
        "4":0.6111111111
    },
    "All":{
        "0":0.5968217934,
        "1":0.6642335766,
        "2":0.5819633631,
        "3":0.5716571429,
        "4":0.6030695951
    }
}