{
    "Actor":{
        "0":0.388383485,
        "1":0.4383445946,
        "2":0.4183835182,
        "3":0.4017160686,
        "4":0.4266547406
    },
    "Activity":{
        "0":0.4672897196,
        "1":0.5146036161,
        "2":0.4960835509,
        "3":0.4725,
        "4":0.498603352
    },
    "Activity Data":{
        "0":0.4358443709,
        "1":0.4827420901,
        "2":0.4516896716,
        "3":0.4188368056,
        "4":0.478238342
    },
    "Further Specification":{
        "0":0.5291479821,
        "1":0.6794520548,
        "2":0.5108695652,
        "3":0.4721723519,
        "4":0.5166240409
    },
    "XOR Gateway":{
        "0":0.4102564103,
        "1":0.4653465347,
        "2":0.495049505,
        "3":0.4623655914,
        "4":0.4158415842
    },
    "Condition Specification":{
        "0":0.5115681234,
        "1":0.5182608696,
        "2":0.5378670788,
        "3":0.5227882038,
        "4":0.5117370892
    },
    "AND Gateway":{
        "0":0.5454545455,
        "1":0.6666666667,
        "2":0.5833333333,
        "3":0.5,
        "4":0.5238095238
    },
    "All":{
        "0":0.4335422164,
        "1":0.4870168484,
        "2":0.455430987,
        "3":0.4313556399,
        "4":0.4635882832
    }
}