{
    "Actor":{
        "0":0.4895891579
    },
    "Activity":{
        "0":0.5725717736
    },
    "Activity Data":{
        "0":0.5353095706
    },
    "Further Specification":{
        "0":0.6203566001
    },
    "XOR Gateway":{
        "0":0.5543036014
    },
    "Condition Specification":{
        "0":0.6046241618
    },
    "AND Gateway":{
        "0":0.6790584416
    },
    "All":{
        "0":0.533801135
    }
}