{
    "F1 CRF":{
        "uncertain&Further":0.5788647284,
        "uncertain&XOR":0.5788647284,
        "uncertain&AND":0.5788647284,
        "uncertain&Condition":0.5788647284,
        "uncertain&Data":0.5788647284,
        "speaker&Further":0.5788647284,
        "speaker&XOR":0.5788647284,
        "speaker&AND":0.5788647284,
        "speaker&Condition":0.5788647284,
        "speaker&Data":0.5788647284
    },
    "F1 Neural":{
        "uncertain&Further":0.3286362852,
        "uncertain&XOR":0.3286362852,
        "uncertain&AND":0.3286362852,
        "uncertain&Condition":0.3286362852,
        "uncertain&Data":0.3286362852,
        "speaker&Further":0.3286362852,
        "speaker&XOR":0.3286362852,
        "speaker&AND":0.3286362852,
        "speaker&Condition":0.3286362852,
        "speaker&Data":0.3286362852
    },
    "F1 Relation":{
        "uncertain&Further":0.3189439674,
        "uncertain&XOR":0.3189439674,
        "uncertain&AND":0.3189439674,
        "uncertain&Condition":0.3189439674,
        "uncertain&Data":0.3189439674,
        "speaker&Further":0.3189439674,
        "speaker&XOR":0.3189439674,
        "speaker&AND":0.3189439674,
        "speaker&Condition":0.3189439674,
        "speaker&Data":0.3189439674
    },
    "TTR":{
        "uncertain&Further":0.1189255963,
        "uncertain&XOR":0.1189255963,
        "uncertain&AND":0.1189255963,
        "uncertain&Condition":0.1189255963,
        "uncertain&Data":0.1189255963,
        "speaker&Further":0.1189255963,
        "speaker&XOR":0.1189255963,
        "speaker&AND":0.1189255963,
        "speaker&Condition":0.1189255963,
        "speaker&Data":0.1189255963
    },
    "UCER":{
        "uncertain&Further":0.3973498751,
        "uncertain&XOR":0.3973498751,
        "uncertain&AND":0.3973498751,
        "uncertain&Condition":0.3973498751,
        "uncertain&Data":0.3973498751,
        "speaker&Further":0.3973498751,
        "speaker&XOR":0.3973498751,
        "speaker&AND":0.3973498751,
        "speaker&Condition":0.3973498751,
        "speaker&Data":0.3973498751
    },
    "BleuScore":{
        "uncertain&Further":1.0,
        "uncertain&XOR":1.0,
        "uncertain&AND":1.0,
        "uncertain&Condition":1.0,
        "uncertain&Data":1.0,
        "speaker&Further":1.0,
        "speaker&XOR":1.0,
        "speaker&AND":1.0,
        "speaker&Condition":1.0,
        "speaker&Data":1.0
    }
}