{
    "F1 CRF":{
        "0.0":0.5253656897,
        "0.1":0.5175668798,
        "0.2":0.5225219383,
        "0.3":0.5469513463,
        "0.4":0.5634071244,
        "0.5":0.5518394546,
        "0.6":0.5182706649,
        "0.7":0.5352558564,
        "0.8":0.5264866098,
        "0.9":0.5302791454,
        "1.0":0.5572382292,
        "1.25":0.541899924,
        "1.5":0.5564676074,
        "1.75":0.5763948548,
        "2.0":0.5397306702,
        "3.0":0.5453054743,
        "4.0":0.5412142057,
        "5.0":0.5155517295,
        "7.0":0.5488296737,
        "10.0":0.5528742492
    },
    "F1 Neural":{
        "0.0":0.3280385747,
        "0.1":0.3215977602,
        "0.2":0.3240390271,
        "0.3":0.3250269513,
        "0.4":0.3416833932,
        "0.5":0.3193666522,
        "0.6":0.3320529542,
        "0.7":0.3287999175,
        "0.8":0.3270523208,
        "0.9":0.3283155278,
        "1.0":0.3389057148,
        "1.25":0.3334911309,
        "1.5":0.3477026051,
        "1.75":0.323061912,
        "2.0":0.3301495387,
        "3.0":0.3230865688,
        "4.0":0.3129729507,
        "5.0":0.3145391407,
        "7.0":0.3145994682,
        "10.0":0.3027400466
    },
    "F1 Relation":{
        "0.0":0.2897624151,
        "0.1":0.2842783097,
        "0.2":0.3016393156,
        "0.3":0.2814171278,
        "0.4":0.3040574082,
        "0.5":0.3159795014,
        "0.6":0.2670643599,
        "0.7":0.3000248719,
        "0.8":0.2950591249,
        "0.9":0.2871769593,
        "1.0":0.2935513323,
        "1.25":0.2814672762,
        "1.5":0.3041995982,
        "1.75":0.294030225,
        "2.0":0.2892614071,
        "3.0":0.3016188434,
        "4.0":0.2737626012,
        "5.0":0.2659919991,
        "7.0":0.2674820246,
        "10.0":0.2697126541
    },
    "TTR":{
        "0.0":0.2378511926,
        "0.1":0.2122589592,
        "0.2":0.1987529357,
        "0.3":0.1840360199,
        "0.4":0.170104624,
        "0.5":0.1615895413,
        "0.6":0.1545173846,
        "0.7":0.1435561515,
        "0.8":0.1336892807,
        "0.9":0.1234261727,
        "1.0":0.1181413584,
        "1.25":0.1054694497,
        "1.5":0.093864622,
        "1.75":0.0871431844,
        "2.0":0.0789868596,
        "3.0":0.0584765913,
        "4.0":0.0478800254,
        "5.0":0.0392264594,
        "7.0":0.029524363,
        "10.0":0.0214120094
    },
    "UCER":{
        "0.0":0.7946997503,
        "0.1":0.7346028238,
        "0.2":0.7026208624,
        "0.3":0.6675947043,
        "0.4":0.6338682741,
        "0.5":0.6171394309,
        "0.6":0.5997324559,
        "0.7":0.5717143687,
        "0.8":0.5522926978,
        "0.9":0.5256009368,
        "1.0":0.5119855475,
        "1.25":0.467099365,
        "1.5":0.4245956224,
        "1.75":0.3962488565,
        "2.0":0.3704251319,
        "3.0":0.2801793391,
        "4.0":0.2330053816,
        "5.0":0.1901630011,
        "7.0":0.1432329506,
        "10.0":0.1028369794
    },
    "BleuScore":{
        "0.0":1.0,
        "0.1":0.4025830504,
        "0.2":0.2498938419,
        "0.3":0.0059541958,
        "0.4":0.002661997,
        "0.5":0.0001769074,
        "0.6":0.0091691778,
        "0.7":0.0001875655,
        "0.8":0.0000357297,
        "0.9":0.0000289003,
        "1.0":0.0000018369,
        "1.25":0.0000005396,
        "1.5":0.0000000013,
        "1.75":0.0,
        "2.0":3.990732838e-18,
        "3.0":6.38466854e-29,
        "4.0":2.387603601e-36,
        "5.0":1.758654141e-43,
        "7.0":5.040802188e-45,
        "10.0":2.618091048e-48
    }
}