{
    "Bleu Score":{
        "0":0.0000000066,
        "1":0.0,
        "2":0.0,
        "3":0.0000000004,
        "4":0.000000014
    }
}