{
    "Bleu Score":{
        "0":0.000070633,
        "1":0.0000010911,
        "2":0.0000001479,
        "3":0.0000381582,
        "4":0.0000344713
    }
}