{
    "Bleu Score":{
        "0":4.957527158e-52,
        "1":5.344767678e-52,
        "2":4.281972255e-48,
        "3":3.157931504e-48,
        "4":3.064772363e-42
    }
}