{
    "Bleu Score":{
        "0":2.628233944e-46,
        "1":8.729361513e-53,
        "2":8.156458906e-43,
        "3":3.131594243e-48,
        "4":6.341522484e-44
    }
}