{
    "Bleu Score":{
        "0":0.000673824,
        "1":0.0073944944,
        "2":0.0000143153,
        "3":0.0000665568,
        "4":0.0051607945
    }
}