{
    "Bleu Score":{
        "0":0.0364949029,
        "1":0.8943169941,
        "2":0.1326725846,
        "3":0.0213371399,
        "4":0.9280936303
    }
}