{
    "Bleu Score":{
        "0":0.0000001377,
        "1":0.0000038153,
        "2":0.0000110656,
        "3":0.0000000468,
        "4":0.0000002214
    }
}