{
    "Bleu Score":{
        "0":0.0004704342,
        "1":0.0002488056,
        "2":0.0438510542,
        "3":0.0000591638,
        "4":0.0012164313
    }
}