{
    "Bleu Score":{
        "0":2.238108512e-58,
        "1":2.443472653e-51,
        "2":1.16819056e-53,
        "3":9.269350259e-58,
        "4":2.520400848e-44
    }
}