{
    "Bleu Score":{
        "0":0.0000436349,
        "1":0.0001051239,
        "2":0.0000291868,
        "3":0.0003772871,
        "4":0.0000071138
    }
}