{
    "Bleu Score":{
        "0":0.0087680098,
        "1":0.0085015101,
        "2":0.0000080362,
        "3":0.0019519,
        "4":0.0010210479
    }
}