{
    "Bleu Score":{
        "0":0.000000494,
        "1":0.0000022975,
        "2":0.0000000655,
        "3":0.0003927547,
        "4":0.0007525506
    }
}