{
    "Bleu Score":{
        "0":1.748666846e-29,
        "1":1.087950292e-33,
        "2":1.639671333e-36,
        "3":7.091194275e-34,
        "4":2.803367924e-27
    }
}