{
    "Bleu Score":{
        "0":0.0000011114,
        "1":0.0000000001,
        "2":0.0000002793,
        "3":0.0000000157,
        "4":0.000000088
    }
}