{
    "Actor":{
        "0":0.0335011093
    },
    "Activity":{
        "0":0.1001393653
    },
    "Activity Data":{
        "0":0.0529229054
    },
    "Further Specification":{
        "0":0.1043915688
    },
    "XOR Gateway":{
        "0":0.0362328162
    },
    "Condition Specification":{
        "0":0.0960169568
    },
    "AND Gateway":{
        "0":0.1616666667
    },
    "All":{
        "0":0.0468849271
    }
}