{
    "Actor":{
        "0":0.0659390632,
        "1":0.0672227674,
        "2":0.0654679576,
        "3":0.071888944,
        "4":0.0652400835
    },
    "Activity":{
        "0":0.2006950478,
        "1":0.1983002833,
        "2":0.2088316467,
        "3":0.203180212,
        "4":0.2038461538
    },
    "Activity Data":{
        "0":0.1051677244,
        "1":0.1099611902,
        "2":0.1038721573,
        "3":0.1080481622,
        "4":0.1152494729
    },
    "Further Specification":{
        "0":0.2148626817,
        "1":0.2337883959,
        "2":0.1958128079,
        "3":0.1810237203,
        "4":0.2417582418
    },
    "XOR Gateway":{
        "0":0.0575757576,
        "1":0.0766666667,
        "2":0.082437276,
        "3":0.0814814815,
        "4":0.0492957746
    },
    "Condition Specification":{
        "0":0.1860885276,
        "1":0.1976047904,
        "2":0.1859039837,
        "3":0.1852189781,
        "4":0.2016129032
    },
    "AND Gateway":{
        "0":0.325,
        "1":0.3870967742,
        "2":0.2962962963,
        "3":0.3461538462,
        "4":0.3170731707
    },
    "All":{
        "0":0.0921758995,
        "1":0.0962095454,
        "2":0.0932961543,
        "3":0.0941397976,
        "4":0.0987932635
    }
}