{
    "Actor":{
        "0":0.1346332405,
        "1":0.1471535983,
        "2":0.1606334842,
        "3":0.1645856981,
        "4":0.1578282828
    },
    "Activity":{
        "0":0.3935264055,
        "1":0.41015625,
        "2":0.488172043,
        "3":0.4581673307,
        "4":0.479638009
    },
    "Activity Data":{
        "0":0.2162834058,
        "1":0.2204928664,
        "2":0.2608024691,
        "3":0.2416725726,
        "4":0.2712985939
    },
    "Further Specification":{
        "0":0.3490813648,
        "1":0.4807017544,
        "2":0.5015772871,
        "3":0.4849498328,
        "4":0.5866666667
    },
    "XOR Gateway":{
        "0":0.1225806452,
        "1":0.1575342466,
        "2":0.1885245902,
        "3":0.1732283465,
        "4":0.1138211382
    },
    "Condition Specification":{
        "0":0.4095427435,
        "1":0.3985507246,
        "2":0.4584382872,
        "3":0.3941747573,
        "4":0.4498714653
    },
    "AND Gateway":{
        "0":0.5909090909,
        "1":0.7058823529,
        "2":0.6666666667,
        "3":0.75,
        "4":0.8125
    },
    "All":{
        "0":0.1862021228,
        "1":0.1985963088,
        "2":0.2298883481,
        "3":0.2135041366,
        "4":0.2331038798
    }
}