{
    "Actor":{
        "0":0.0275540869
    },
    "Activity":{
        "0":0.0846238889
    },
    "Activity Data":{
        "0":0.0444470581
    },
    "Further Specification":{
        "0":0.0844233242
    },
    "XOR Gateway":{
        "0":0.0297673313
    },
    "Condition Specification":{
        "0":0.0838481024
    },
    "AND Gateway":{
        "0":0.1347222222
    },
    "All":{
        "0":0.0392264594
    }
}