{
    "Actor":{
        "0":0.0752918795
    },
    "Activity":{
        "0":0.2229504929
    },
    "Activity Data":{
        "0":0.1194369213
    },
    "Further Specification":{
        "0":0.243016666
    },
    "XOR Gateway":{
        "0":0.0760264231
    },
    "Condition Specification":{
        "0":0.2151359512
    },
    "AND Gateway":{
        "0":0.3366489626
    },
    "All":{
        "0":0.1055408198
    }
}