{
    "Actor":{
        "0":0.1117964534,
        "1":0.1285178236,
        "2":0.1311172669,
        "3":0.130866426,
        "4":0.1318565401
    },
    "Activity":{
        "0":0.3402061856,
        "1":0.3626943005,
        "2":0.4046345811,
        "3":0.380794702,
        "4":0.4030418251
    },
    "Activity Data":{
        "0":0.1746987952,
        "1":0.1947308133,
        "2":0.2103298071,
        "3":0.1934203063,
        "4":0.2271468144
    },
    "Further Specification":{
        "0":0.3341708543,
        "1":0.4254658385,
        "2":0.4368131868,
        "3":0.4073033708,
        "4":0.5096525097
    },
    "XOR Gateway":{
        "0":0.1055555556,
        "1":0.1329479769,
        "2":0.1455696203,
        "3":0.1447368421,
        "4":0.0828402367
    },
    "Condition Specification":{
        "0":0.3371522095,
        "1":0.3642384106,
        "2":0.3669354839,
        "3":0.3279483037,
        "4":0.3378378378
    },
    "AND Gateway":{
        "0":0.5909090909,
        "1":0.5714285714,
        "2":0.4444444444,
        "3":0.5,
        "4":0.5652173913
    },
    "All":{
        "0":0.1558215872,
        "1":0.1752293578,
        "2":0.1873104735,
        "3":0.1731601732,
        "4":0.1916645228
    }
}