{
    "Actor":{
        "0":0.0558560947
    },
    "Activity":{
        "0":0.1706149098
    },
    "Activity Data":{
        "0":0.0899328971
    },
    "Further Specification":{
        "0":0.1828350802
    },
    "XOR Gateway":{
        "0":0.0563902121
    },
    "Condition Specification":{
        "0":0.1607322241
    },
    "AND Gateway":{
        "0":0.2694444444
    },
    "All":{
        "0":0.0791528497
    }
}