{
    "Actor":{
        "0":0.1090036098
    },
    "Activity":{
        "0":0.3331750233
    },
    "Activity Data":{
        "0":0.1742943674
    },
    "Further Specification":{
        "0":0.3723191036
    },
    "XOR Gateway":{
        "0":0.109614042
    },
    "Condition Specification":{
        "0":0.3127756531
    },
    "AND Gateway":{
        "0":0.5233014354
    },
    "All":{
        "0":0.1547183303
    }
}