{
    "Actor":{
        "0":0.12279719
    },
    "Activity":{
        "0":0.3626204429
    },
    "Activity Data":{
        "0":0.1931386368
    },
    "Further Specification":{
        "0":0.4030489528
    },
    "XOR Gateway":{
        "0":0.1243845363
    },
    "Condition Specification":{
        "0":0.3361936105
    },
    "AND Gateway":{
        "0":0.6197101449
    },
    "All":{
        "0":0.1708509098
    }
}