{
    "Actor":{
        "0":0.1348837209,
        "1":0.1492374728,
        "2":0.1306347746,
        "3":0.1595159516,
        "4":0.1460280374
    },
    "Activity":{
        "0":0.42,
        "1":0.4375,
        "2":0.4242990654,
        "3":0.4291044776,
        "4":0.4389233954
    },
    "Activity Data":{
        "0":0.2097649186,
        "1":0.2361111111,
        "2":0.2072348253,
        "3":0.2221498371,
        "4":0.2482967449
    },
    "Further Specification":{
        "0":0.4478114478,
        "1":0.4858156028,
        "2":0.4732142857,
        "3":0.4084507042,
        "4":0.515625
    },
    "XOR Gateway":{
        "0":0.125,
        "1":0.185483871,
        "2":0.1666666667,
        "3":0.1582733813,
        "4":0.1166666667
    },
    "Condition Specification":{
        "0":0.3807763401,
        "1":0.4896142433,
        "2":0.3783783784,
        "3":0.3903846154,
        "4":0.4666666667
    },
    "AND Gateway":{
        "0":0.6842105263,
        "1":0.9230769231,
        "2":0.5333333333,
        "3":0.5,
        "4":0.7647058824
    },
    "All":{
        "0":0.1879804333,
        "1":0.2125765164,
        "2":0.190149183,
        "3":0.1994017946,
        "4":0.217327888
    }
}