{
    "Actor":{
        "0":0.1603855241
    },
    "Activity":{
        "0":0.4743816715
    },
    "Activity Data":{
        "0":0.2541487332
    },
    "Further Specification":{
        "0":0.5105531344
    },
    "XOR Gateway":{
        "0":0.162276307
    },
    "Condition Specification":{
        "0":0.4554850122
    },
    "AND Gateway":{
        "0":0.7892156863
    },
    "All":{
        "0":0.2243907976
    }
}