{
    "Actor":{
        "0":0.0686619622
    },
    "Activity":{
        "0":0.2007588779
    },
    "Activity Data":{
        "0":0.1080896535
    },
    "Further Specification":{
        "0":0.2077424567
    },
    "XOR Gateway":{
        "0":0.0679695071
    },
    "Condition Specification":{
        "0":0.1924161113
    },
    "AND Gateway":{
        "0":0.3170946795
    },
    "All":{
        "0":0.0949447102
    }
}