{
    "Actor":{
        "0":0.1031784471
    },
    "Activity":{
        "0":0.3046939438
    },
    "Activity Data":{
        "0":0.1638293035
    },
    "Further Specification":{
        "0":0.3540821642
    },
    "XOR Gateway":{
        "0":0.0993326417
    },
    "Condition Specification":{
        "0":0.2812172314
    },
    "AND Gateway":{
        "0":0.4680500659
    },
    "All":{
        "0":0.1441763603
    }
}