{
    "Actor":{
        "0":0.0843350966
    },
    "Activity":{
        "0":0.2525175434
    },
    "Activity Data":{
        "0":0.1337968802
    },
    "Further Specification":{
        "0":0.2658770048
    },
    "XOR Gateway":{
        "0":0.0855295751
    },
    "Condition Specification":{
        "0":0.2410770263
    },
    "AND Gateway":{
        "0":0.4041666667
    },
    "All":{
        "0":0.1181413584
    }
}