{
    "Actor":{
        "0":0.0523654749,
        "1":0.0573942187,
        "2":0.0551884959,
        "3":0.0587520259,
        "4":0.0555802579
    },
    "Activity":{
        "0":0.1653543307,
        "1":0.1669316375,
        "2":0.1726235741,
        "3":0.1770592764,
        "4":0.1711057304
    },
    "Activity Data":{
        "0":0.0848159883,
        "1":0.0885186149,
        "2":0.0918478261,
        "3":0.0880681818,
        "4":0.0964138742
    },
    "Further Specification":{
        "0":0.1831955923,
        "1":0.1889655172,
        "2":0.1642561983,
        "3":0.1634723788,
        "4":0.2142857143
    },
    "XOR Gateway":{
        "0":0.0456730769,
        "1":0.0664739884,
        "2":0.0651558074,
        "3":0.0628571429,
        "4":0.0417910448
    },
    "Condition Specification":{
        "0":0.1588280648,
        "1":0.1797385621,
        "2":0.1464199517,
        "3":0.1579766537,
        "4":0.160697888
    },
    "AND Gateway":{
        "0":0.2708333333,
        "1":0.3333333333,
        "2":0.2222222222,
        "3":0.25,
        "4":0.2708333333
    },
    "All":{
        "0":0.0750278914,
        "1":0.0803280412,
        "2":0.0789732494,
        "3":0.0784544474,
        "4":0.0829806193
    }
}