{
    "Actor":{
        "0":0.0316663027,
        "1":0.0330200048,
        "2":0.0326662066,
        "3":0.0356265356,
        "4":0.0337564137
    },
    "Activity":{
        "0":0.0987601539,
        "1":0.0962419798,
        "2":0.098738582,
        "3":0.1049748973,
        "4":0.1065862242
    },
    "Activity Data":{
        "0":0.0518706216,
        "1":0.0530338481,
        "2":0.054340836,
        "3":0.0546649567,
        "4":0.057604496
    },
    "Further Specification":{
        "0":0.10390625,
        "1":0.1182053494,
        "2":0.1167400881,
        "3":0.1045421774,
        "4":0.1213235294
    },
    "XOR Gateway":{
        "0":0.0306451613,
        "1":0.0433962264,
        "2":0.0398613518,
        "3":0.0347003155,
        "4":0.0245183888
    },
    "Condition Specification":{
        "0":0.098706277,
        "1":0.109561753,
        "2":0.0941541645,
        "3":0.0959810875,
        "4":0.1039809863
    },
    "AND Gateway":{
        "0":0.1625,
        "1":0.2,
        "2":0.1333333333,
        "3":0.15,
        "4":0.1625
    },
    "All":{
        "0":0.0456086809,
        "1":0.0477589548,
        "2":0.0478033099,
        "3":0.0479185385,
        "4":0.0503106429
    }
}