{
    "Actor":{
        "0":0.1256989595
    },
    "Activity":{
        "0":0.3797496993
    },
    "Activity Data":{
        "0":0.1987231978
    },
    "Further Specification":{
        "0":0.4153034771
    },
    "XOR Gateway":{
        "0":0.1226024193
    },
    "Condition Specification":{
        "0":0.3485057899
    },
    "AND Gateway":{
        "0":0.5343998996
    },
    "All":{
        "0":0.1758043936
    }
}