{
    "Actor":{
        "0":0.084057971,
        "1":0.0897184021,
        "2":0.086797066,
        "3":0.0950819672,
        "4":0.0867453158
    },
    "Activity":{
        "0":0.2521834061,
        "1":0.256097561,
        "2":0.2695961995,
        "3":0.2734839477,
        "4":0.2683544304
    },
    "Activity Data":{
        "0":0.1325714286,
        "1":0.1418439716,
        "2":0.1396694215,
        "3":0.1407927333,
        "4":0.1486180335
    },
    "Further Specification":{
        "0":0.2572533849,
        "1":0.267578125,
        "2":0.271331058,
        "3":0.2543859649,
        "4":0.3510638298
    },
    "XOR Gateway":{
        "0":0.07421875,
        "1":0.1031390135,
        "2":0.1055045872,
        "3":0.1052631579,
        "4":0.0639269406
    },
    "Condition Specification":{
        "0":0.2490931076,
        "1":0.2678571429,
        "2":0.2570621469,
        "3":0.2457627119,
        "4":0.2581120944
    },
    "AND Gateway":{
        "0":0.40625,
        "1":0.5217391304,
        "2":0.380952381,
        "3":0.3913043478,
        "4":0.40625
    },
    "All":{
        "0":0.116990432,
        "1":0.1248774109,
        "2":0.1248639403,
        "3":0.1246882793,
        "4":0.1297231412
    }
}