{
    "Actor":{
        "0":0.0924155513,
        "1":0.0909694555,
        "2":0.0981340705,
        "3":0.103645461,
        "4":0.0931445604
    },
    "Activity":{
        "0":0.2720848057,
        "1":0.2654867257,
        "2":0.3042895442,
        "3":0.2860696517,
        "4":0.2778505898
    },
    "Activity Data":{
        "0":0.1445182724,
        "1":0.1486013986,
        "2":0.158685446,
        "3":0.1527093596,
        "4":0.157920077
    },
    "Further Specification":{
        "0":0.2794117647,
        "1":0.2649903288,
        "2":0.3075435203,
        "3":0.2843137255,
        "4":0.3165467626
    },
    "XOR Gateway":{
        "0":0.0822510823,
        "1":0.108490566,
        "2":0.1210526316,
        "3":0.1134020619,
        "4":0.0660377358
    },
    "Condition Specification":{
        "0":0.27176781,
        "1":0.2768456376,
        "2":0.2875197472,
        "3":0.2754409769,
        "4":0.2721617418
    },
    "AND Gateway":{
        "0":0.52,
        "1":0.5,
        "2":0.4,
        "3":0.3913043478,
        "4":0.40625
    },
    "All":{
        "0":0.127770741,
        "1":0.1287495787,
        "2":0.1412986099,
        "3":0.1355932203,
        "4":0.1358002187
    }
}