{
    "Actor":{
        "0":0.0790190736,
        "1":0.0844636252,
        "2":0.0838747785,
        "3":0.0898389095,
        "4":0.0836680054
    },
    "Activity":{
        "0":0.2413793103,
        "1":0.2436194896,
        "2":0.2600229095,
        "3":0.2601809955,
        "4":0.2575941677
    },
    "Activity Data":{
        "0":0.1275659824,
        "1":0.1282051282,
        "2":0.1324451411,
        "3":0.1396968456,
        "4":0.1389241847
    },
    "Further Specification":{
        "0":0.2602739726,
        "1":0.2509157509,
        "2":0.2560386473,
        "3":0.2465986395,
        "4":0.3211678832
    },
    "XOR Gateway":{
        "0":0.0727969349,
        "1":0.0978723404,
        "2":0.099137931,
        "3":0.103286385,
        "4":0.0606060606
    },
    "Condition Specification":{
        "0":0.2392566783,
        "1":0.2623211447,
        "2":0.2423435419,
        "3":0.2341407151,
        "4":0.238744884
    },
    "AND Gateway":{
        "0":0.40625,
        "1":0.5,
        "2":0.3333333333,
        "3":0.375,
        "4":0.40625
    },
    "All":{
        "0":0.1123173278,
        "1":0.1162861492,
        "2":0.1190335013,
        "3":0.1206454532,
        "4":0.1224322104
    }
}