{
    "Actor":{
        "0":0.0628246559
    },
    "Activity":{
        "0":0.1879999783
    },
    "Activity Data":{
        "0":0.0996538003
    },
    "Further Specification":{
        "0":0.2000576414
    },
    "XOR Gateway":{
        "0":0.0641622309
    },
    "Condition Specification":{
        "0":0.1790149134
    },
    "AND Gateway":{
        "0":0.3154454685
    },
    "All":{
        "0":0.0880829788
    }
}