{
    "Actor":{
        "0":0.1015406162,
        "1":0.1107518189,
        "2":0.1086457536,
        "3":0.1309846432,
        "4":0.125
    },
    "Activity":{
        "0":0.3235294118,
        "1":0.3250773994,
        "2":0.3393124066,
        "3":0.3668261563,
        "4":0.3785714286
    },
    "Activity Data":{
        "0":0.1634570221,
        "1":0.1705970898,
        "2":0.1770560503,
        "3":0.1922209696,
        "4":0.212160414
    },
    "Further Specification":{
        "0":0.3212560386,
        "1":0.3763736264,
        "2":0.318,
        "3":0.3918918919,
        "4":0.44
    },
    "XOR Gateway":{
        "0":0.0979381443,
        "1":0.1306818182,
        "2":0.1284916201,
        "3":0.141025641,
        "4":0.0897435897
    },
    "Condition Specification":{
        "0":0.3223787167,
        "1":0.3666666667,
        "2":0.2778625954,
        "3":0.3099236641,
        "4":0.3556910569
    },
    "AND Gateway":{
        "0":0.5,
        "1":0.6666666667,
        "2":0.4705882353,
        "3":0.6923076923,
        "4":0.65
    },
    "All":{
        "0":0.1455627706,
        "1":0.1564291564,
        "2":0.1533613445,
        "3":0.1701403658,
        "4":0.1828669612
    }
}