{
    "Actor":{
        "0":0.0920634921,
        "1":0.1033182504,
        "2":0.0975945017,
        "3":0.1018973999,
        "4":0.1025430681
    },
    "Activity":{
        "0":0.2806804374,
        "1":0.2995720399,
        "2":0.2979002625,
        "3":0.303030303,
        "4":0.3140740741
    },
    "Activity Data":{
        "0":0.1463414634,
        "1":0.1646489104,
        "2":0.1483106626,
        "3":0.1543684925,
        "4":0.176819407
    },
    "Further Specification":{
        "0":0.2910284464,
        "1":0.2807377049,
        "2":0.2944444444,
        "3":0.2810077519,
        "4":0.3760683761
    },
    "XOR Gateway":{
        "0":0.0852017937,
        "1":0.1284916201,
        "2":0.1050228311,
        "3":0.1062801932,
        "4":0.0804597701
    },
    "Condition Specification":{
        "0":0.26342711,
        "1":0.308411215,
        "2":0.2672540382,
        "3":0.2589285714,
        "4":0.3181818182
    },
    "AND Gateway":{
        "0":0.5652173913,
        "1":0.8571428571,
        "2":0.3636363636,
        "3":0.4736842105,
        "4":0.5416666667
    },
    "All":{
        "0":0.1288931481,
        "1":0.143933685,
        "2":0.1347767707,
        "3":0.1352036505,
        "4":0.1536716172
    }
}