{
    "Actor":{
        "0":0.0741993839
    },
    "Activity":{
        "0":0.2212181677
    },
    "Activity Data":{
        "0":0.1183865772
    },
    "Further Specification":{
        "0":0.241238056
    },
    "XOR Gateway":{
        "0":0.0770128216
    },
    "Condition Specification":{
        "0":0.2153378533
    },
    "AND Gateway":{
        "0":0.3774545455
    },
    "All":{
        "0":0.1046451073
    }
}