{
    "Actor":{
        "0":0.0711831124,
        "1":0.0739341608,
        "2":0.0753715499,
        "3":0.0759958071,
        "4":0.0752105897
    },
    "Activity":{
        "0":0.2107664234,
        "1":0.2176165803,
        "2":0.2328205128,
        "3":0.2230843841,
        "4":0.2355555556
    },
    "Activity Data":{
        "0":0.1143608281,
        "1":0.1182608696,
        "2":0.1211903908,
        "3":0.1146989573,
        "4":0.1288801572
    },
    "Further Specification":{
        "0":0.2602739726,
        "1":0.2150706436,
        "2":0.2398190045,
        "3":0.2416666667,
        "4":0.3188405797
    },
    "XOR Gateway":{
        "0":0.0673758865,
        "1":0.0827338129,
        "2":0.0809859155,
        "3":0.0876494024,
        "4":0.0534351145
    },
    "Condition Specification":{
        "0":0.2175290391,
        "1":0.234375,
        "2":0.200220022,
        "3":0.2069317023,
        "4":0.2131546894
    },
    "AND Gateway":{
        "0":0.3611111111,
        "1":0.4137931034,
        "2":0.32,
        "3":0.3103448276,
        "4":0.3714285714
    },
    "All":{
        "0":0.1014839034,
        "1":0.1040730146,
        "2":0.1066542702,
        "3":0.1029203654,
        "4":0.1122156951
    }
}