{
    "Actor":{
        "0":0.0832376579,
        "1":0.0908488064,
        "2":0.0880347179,
        "3":0.0933676755,
        "4":0.0844024308
    },
    "Activity":{
        "0":0.2502708559,
        "1":0.2567237164,
        "2":0.2670588235,
        "3":0.2734839477,
        "4":0.2653316646
    },
    "Activity Data":{
        "0":0.1320182094,
        "1":0.1462994836,
        "2":0.1390946502,
        "3":0.13722334,
        "4":0.1471511889
    },
    "Further Specification":{
        "0":0.2495309568,
        "1":0.2712871287,
        "2":0.2717948718,
        "3":0.2557319224,
        "4":0.350132626
    },
    "XOR Gateway":{
        "0":0.0748031496,
        "1":0.100877193,
        "2":0.1036036036,
        "3":0.1067961165,
        "4":0.064516129
    },
    "Condition Specification":{
        "0":0.2555831266,
        "1":0.2691680261,
        "2":0.2534818942,
        "3":0.2478632479,
        "4":0.2565982405
    },
    "AND Gateway":{
        "0":0.40625,
        "1":0.5217391304,
        "2":0.380952381,
        "3":0.3913043478,
        "4":0.40625
    },
    "All":{
        "0":0.1165174704,
        "1":0.126931384,
        "2":0.1247088057,
        "3":0.1231906375,
        "4":0.1280728898
    }
}