{
    "Actor":{
        "0":0.1358950328,
        "1":0.1479481641,
        "2":0.1611804767,
        "3":0.1645856981,
        "4":0.1578282828
    },
    "Activity":{
        "0":0.3941979522,
        "1":0.4061895551,
        "2":0.4902807775,
        "3":0.4590818363,
        "4":0.4807256236
    },
    "Activity Data":{
        "0":0.2136279926,
        "1":0.2230971129,
        "2":0.260200154,
        "3":0.2398030942,
        "4":0.2655870445
    },
    "Further Specification":{
        "0":0.3481675393,
        "1":0.4858156028,
        "2":0.5015772871,
        "3":0.4785478548,
        "4":0.5789473684
    },
    "XOR Gateway":{
        "0":0.11875,
        "1":0.156462585,
        "2":0.1885245902,
        "3":0.1732283465,
        "4":0.1138211382
    },
    "Condition Specification":{
        "0":0.4063116371,
        "1":0.4084158416,
        "2":0.4584382872,
        "3":0.395711501,
        "4":0.4510309278
    },
    "AND Gateway":{
        "0":0.5909090909,
        "1":0.7058823529,
        "2":0.6666666667,
        "3":0.75,
        "4":0.8125
    },
    "All":{
        "0":0.1853893866,
        "1":0.2001571915,
        "2":0.2300200516,
        "3":0.2128225592,
        "4":0.2311511015
    }
}