{
    "Actor":{
        "0":0.0197871179,
        "1":0.0205674824,
        "2":0.0204788001,
        "3":0.0226350297,
        "4":0.0208750835
    },
    "Activity":{
        "0":0.0611111111,
        "1":0.0614754098,
        "2":0.0649127824,
        "3":0.0648984199,
        "4":0.064339909
    },
    "Activity Data":{
        "0":0.0314846648,
        "1":0.033248582,
        "2":0.0333037738,
        "3":0.0331550802,
        "4":0.0358862144
    },
    "Further Specification":{
        "0":0.064783244,
        "1":0.0644099671,
        "2":0.0649509804,
        "3":0.0633741259,
        "4":0.0778761062
    },
    "XOR Gateway":{
        "0":0.0184108527,
        "1":0.0244161359,
        "2":0.0245726496,
        "3":0.0243632337,
        "4":0.0151515152
    },
    "Condition Specification":{
        "0":0.0599534342,
        "1":0.0660528423,
        "2":0.0588425477,
        "3":0.0603627713,
        "4":0.0599931436
    },
    "AND Gateway":{
        "0":0.1015625,
        "1":0.125,
        "2":0.0833333333,
        "3":0.09375,
        "4":0.1015625
    },
    "All":{
        "0":0.0280111073,
        "1":0.0294230917,
        "2":0.0295731595,
        "3":0.0297563697,
        "4":0.0309295471
    }
}