{
    "Actor":{
        "0":0.0333470927
    },
    "Activity":{
        "0":0.1010603675
    },
    "Activity Data":{
        "0":0.0543029517
    },
    "Further Specification":{
        "0":0.1129434789
    },
    "XOR Gateway":{
        "0":0.0346242888
    },
    "Condition Specification":{
        "0":0.1004768537
    },
    "AND Gateway":{
        "0":0.1616666667
    },
    "All":{
        "0":0.0478800254
    }
}