{
    "Actor":{
        "0":0.0712881023,
        "1":0.078375286,
        "2":0.0699162974,
        "3":0.0805555556,
        "4":0.070861678
    },
    "Activity":{
        "0":0.21,
        "1":0.2260495156,
        "2":0.2172248804,
        "3":0.2349336057,
        "4":0.2178828366
    },
    "Activity Data":{
        "0":0.1118611379,
        "1":0.1246334311,
        "2":0.1135371179,
        "3":0.1211798152,
        "4":0.1207213839
    },
    "Further Specification":{
        "0":0.2362344583,
        "1":0.2468468468,
        "2":0.20703125,
        "3":0.2346278317,
        "4":0.2814498934
    },
    "XOR Gateway":{
        "0":0.0657439446,
        "1":0.0905511811,
        "2":0.0871212121,
        "3":0.0897959184,
        "4":0.0518518519
    },
    "Condition Specification":{
        "0":0.2068273092,
        "1":0.231741573,
        "2":0.2143698469,
        "3":0.2228320527,
        "4":0.2009184845
    },
    "AND Gateway":{
        "0":0.3939393939,
        "1":0.48,
        "2":0.32,
        "3":0.36,
        "4":0.3333333333
    },
    "All":{
        "0":0.099310854,
        "1":0.1099122428,
        "2":0.1008920719,
        "3":0.1082251082,
        "4":0.1048852597
    }
}