{
    "Actor":{
        "0":0.1100151745,
        "1":0.1227598566,
        "2":0.1229437229,
        "3":0.1342592593,
        "4":0.1240079365
    },
    "Activity":{
        "0":0.3505311077,
        "1":0.347107438,
        "2":0.3758278146,
        "3":0.3833333333,
        "4":0.356302521
    },
    "Activity Data":{
        "0":0.1797520661,
        "1":0.1931818182,
        "2":0.1918274688,
        "3":0.1963154865,
        "4":0.2046163444
    },
    "Further Specification":{
        "0":0.3166666667,
        "1":0.3925501433,
        "2":0.4162303665,
        "3":0.397260274,
        "4":0.4925373134
    },
    "XOR Gateway":{
        "0":0.106741573,
        "1":0.1337209302,
        "2":0.14375,
        "3":0.1496598639,
        "4":0.0880503145
    },
    "Condition Specification":{
        "0":0.319379845,
        "1":0.3473684211,
        "2":0.3170731707,
        "3":0.3279483037,
        "4":0.3691983122
    },
    "AND Gateway":{
        "0":0.7647058824,
        "1":0.7058823529,
        "2":0.5333333333,
        "3":0.5294117647,
        "4":0.5652173913
    },
    "All":{
        "0":0.1560023197,
        "1":0.1700044504,
        "2":0.1726139295,
        "3":0.1752464403,
        "4":0.1803874092
    }
}