{
    "Actor":{
        "0":0.1205320033,
        "1":0.114071607,
        "2":0.1122529644,
        "3":0.1343836886,
        "4":0.119047619
    },
    "Activity":{
        "0":0.3743922204,
        "1":0.3482587065,
        "2":0.3661290323,
        "3":0.3691813804,
        "4":0.361774744
    },
    "Activity Data":{
        "0":0.1888225719,
        "1":0.1941747573,
        "2":0.1867403315,
        "3":0.2055455093,
        "4":0.2007343941
    },
    "Further Specification":{
        "0":0.4346405229,
        "1":0.3156682028,
        "2":0.3486842105,
        "3":0.3229398664,
        "4":0.4
    },
    "XOR Gateway":{
        "0":0.1085714286,
        "1":0.1455696203,
        "2":0.1292134831,
        "3":0.1549295775,
        "4":0.0891719745
    },
    "Condition Specification":{
        "0":0.3752276867,
        "1":0.4274611399,
        "2":0.3238434164,
        "3":0.3934108527,
        "4":0.3723404255
    },
    "AND Gateway":{
        "0":0.7222222222,
        "1":0.75,
        "2":0.4,
        "3":0.6923076923,
        "4":0.5416666667
    },
    "All":{
        "0":0.1713012099,
        "1":0.1679489998,
        "2":0.1635104867,
        "3":0.1785315778,
        "4":0.1752528817
    }
}