{
    "Actor":{
        "0":0.1059167275,
        "1":0.1161016949,
        "2":0.1053412463,
        "3":0.1156299841,
        "4":0.1129177958
    },
    "Activity":{
        "0":0.3318965517,
        "1":0.3312302839,
        "2":0.3429003021,
        "3":0.3372434018,
        "4":0.3375796178
    },
    "Activity Data":{
        "0":0.1672272946,
        "1":0.1788532351,
        "2":0.1756756757,
        "3":0.1750513347,
        "4":0.1801208127
    },
    "Further Specification":{
        "0":0.35,
        "1":0.4114114114,
        "2":0.3028571429,
        "3":0.2971311475,
        "4":0.4230769231
    },
    "XOR Gateway":{
        "0":0.0984455959,
        "1":0.1243243243,
        "2":0.134502924,
        "3":0.1294117647,
        "4":0.0790960452
    },
    "Condition Specification":{
        "0":0.3322580645,
        "1":0.3374233129,
        "2":0.3079526227,
        "3":0.3132716049,
        "4":0.2971137521
    },
    "AND Gateway":{
        "0":0.5652173913,
        "1":0.5454545455,
        "2":0.4444444444,
        "3":0.6,
        "4":0.5
    },
    "All":{
        "0":0.1505035435,
        "1":0.1610455312,
        "2":0.1532735255,
        "3":0.153698367,
        "4":0.1598712446
    }
}