{
    "Actor":{
        "0":0.0884801444
    },
    "Activity":{
        "0":0.2639431089
    },
    "Activity Data":{
        "0":0.1406991177
    },
    "Further Specification":{
        "0":0.2803224725
    },
    "XOR Gateway":{
        "0":0.0904104898
    },
    "Condition Specification":{
        "0":0.2555774407
    },
    "AND Gateway":{
        "0":0.4212991718
    },
    "All":{
        "0":0.1242286407
    }
}