{
    "Actor":{
        "0":0.0937904269,
        "1":0.1123872026,
        "2":0.1157294214,
        "3":0.1155378486,
        "4":0.1075731497
    },
    "Activity":{
        "0":0.3031496063,
        "1":0.3021582734,
        "2":0.3703099511,
        "3":0.3309352518,
        "4":0.3593220339
    },
    "Activity Data":{
        "0":0.1534391534,
        "1":0.1677355698,
        "2":0.1875693674,
        "3":0.168644906,
        "4":0.1940828402
    },
    "Further Specification":{
        "0":0.3043478261,
        "1":0.3309178744,
        "2":0.4005037783,
        "3":0.3887399464,
        "4":0.4370860927
    },
    "XOR Gateway":{
        "0":0.0863636364,
        "1":0.1191709845,
        "2":0.1402439024,
        "3":0.1164021164,
        "4":0.0858895706
    },
    "Condition Specification":{
        "0":0.2877094972,
        "1":0.2815699659,
        "2":0.3473282443,
        "3":0.3048048048,
        "4":0.3424657534
    },
    "AND Gateway":{
        "0":0.5909090909,
        "1":0.5454545455,
        "2":0.4210526316,
        "3":0.4090909091,
        "4":0.65
    },
    "All":{
        "0":0.1351532407,
        "1":0.1481768813,
        "2":0.1691951117,
        "3":0.1531980084,
        "4":0.1678684092
    }
}