{
    "Actor":{
        "0":0.0336822849
    },
    "Activity":{
        "0":0.1012581434
    },
    "Activity Data":{
        "0":0.0537413491
    },
    "Further Specification":{
        "0":0.1075234079
    },
    "XOR Gateway":{
        "0":0.0347690848
    },
    "Condition Specification":{
        "0":0.0962725243
    },
    "AND Gateway":{
        "0":0.1616666667
    },
    "All":{
        "0":0.0474124021
    }
}