{
    "Actor":{
        "0":0.0258974817,
        "1":0.0278116119,
        "2":0.0282981267,
        "3":0.0292988483,
        "4":0.0276304156
    },
    "Activity":{
        "0":0.0853974122,
        "1":0.0823529412,
        "2":0.0878482972,
        "3":0.0857249348,
        "4":0.0866013072
    },
    "Activity Data":{
        "0":0.0430213871,
        "1":0.0398313027,
        "2":0.0438050804,
        "3":0.0441366813,
        "4":0.0478413069
    },
    "Further Specification":{
        "0":0.0820987654,
        "1":0.0802107728,
        "2":0.0887772194,
        "3":0.0946475196,
        "4":0.1041831097
    },
    "XOR Gateway":{
        "0":0.0242966752,
        "1":0.0299479167,
        "2":0.0347432024,
        "3":0.034375,
        "4":0.0208955224
    },
    "Condition Specification":{
        "0":0.073967684,
        "1":0.0995775498,
        "2":0.0881355932,
        "3":0.0744407774,
        "4":0.0746905676
    },
    "AND Gateway":{
        "0":0.1354166667,
        "1":0.1666666667,
        "2":0.1111111111,
        "3":0.125,
        "4":0.1354166667
    },
    "All":{
        "0":0.0372301163,
        "1":0.0377899787,
        "2":0.0403355435,
        "3":0.0393526489,
        "4":0.0409250714
    }
}