{
    "Actor":{
        "0":0.1310868414
    },
    "Activity":{
        "0":0.3975127443
    },
    "Activity Data":{
        "0":0.207451589
    },
    "Further Specification":{
        "0":0.4402588777
    },
    "XOR Gateway":{
        "0":0.1331179152
    },
    "Condition Specification":{
        "0":0.3720658807
    },
    "AND Gateway":{
        "0":0.6365200722
    },
    "All":{
        "0":0.1846124009
    }
}