{
    "Actor":{
        "0":0.0825270347,
        "1":0.0885585003,
        "2":0.0885839052,
        "3":0.0968603874,
        "4":0.087535014
    },
    "Activity":{
        "0":0.2519083969,
        "1":0.2517985612,
        "2":0.2676886792,
        "3":0.2771084337,
        "4":0.2760416667
    },
    "Activity Data":{
        "0":0.1320182094,
        "1":0.1394585726,
        "2":0.1421362489,
        "3":0.1444303261,
        "4":0.150527765
    },
    "Further Specification":{
        "0":0.2670682731,
        "1":0.2649903288,
        "2":0.2581168831,
        "3":0.2675276753,
        "4":0.3793103448
    },
    "XOR Gateway":{
        "0":0.0733590734,
        "1":0.099137931,
        "2":0.1036036036,
        "3":0.1078431373,
        "4":0.0648148148
    },
    "Condition Specification":{
        "0":0.2509135201,
        "1":0.2661290323,
        "2":0.2541899441,
        "3":0.252173913,
        "4":0.2554744526
    },
    "AND Gateway":{
        "0":0.40625,
        "1":0.5,
        "2":0.3333333333,
        "3":0.3913043478,
        "4":0.4193548387
    },
    "All":{
        "0":0.1166184971,
        "1":0.1229877656,
        "2":0.1253316685,
        "3":0.127754711,
        "4":0.1317418214
    }
}