{
    "Actor":{
        "0":0.1143533123,
        "1":0.1331389699,
        "2":0.1356255969,
        "3":0.1416015625,
        "4":0.1345532831
    },
    "Activity":{
        "0":0.3372262774,
        "1":0.3853211009,
        "2":0.4235074627,
        "3":0.4323308271,
        "4":0.4116504854
    },
    "Activity Data":{
        "0":0.1767394617,
        "1":0.2097470697,
        "2":0.21217828,
        "3":0.2103639729,
        "4":0.2251201098
    },
    "Further Specification":{
        "0":0.4195583596,
        "1":0.4215384615,
        "2":0.4662756598,
        "3":0.4461538462,
        "4":0.4697508897
    },
    "XOR Gateway":{
        "0":0.0954773869,
        "1":0.1419753086,
        "2":0.1608391608,
        "3":0.1732283465,
        "4":0.095890411
    },
    "Condition Specification":{
        "0":0.3060921248,
        "1":0.3947368421,
        "2":0.3706720978,
        "3":0.4168377823,
        "4":0.3699788584
    },
    "AND Gateway":{
        "0":0.4482758621,
        "1":0.7058823529,
        "2":0.5714285714,
        "3":0.6923076923,
        "4":0.7647058824
    },
    "All":{
        "0":0.1570038911,
        "1":0.1855720185,
        "2":0.1927971188,
        "3":0.1937515137,
        "4":0.1951283394
    }
}