{
    "Actor":{
        "0":0.0623655914,
        "1":0.0663117135,
        "2":0.0667293233,
        "3":0.0708007812,
        "4":0.0666666667
    },
    "Activity":{
        "0":0.1981132075,
        "1":0.1865008881,
        "2":0.2059891107,
        "3":0.2137546468,
        "4":0.2013295347
    },
    "Activity Data":{
        "0":0.101992966,
        "1":0.1066164942,
        "2":0.1071994925,
        "3":0.1118032787,
        "4":0.1099564197
    },
    "Further Specification":{
        "0":0.2134831461,
        "1":0.1816976127,
        "2":0.2252124646,
        "3":0.1920529801,
        "4":0.2485875706
    },
    "XOR Gateway":{
        "0":0.0612903226,
        "1":0.0737179487,
        "2":0.0812720848,
        "3":0.0830188679,
        "4":0.0460526316
    },
    "Condition Specification":{
        "0":0.1881278539,
        "1":0.1920838184,
        "2":0.1860940695,
        "3":0.1911487759,
        "4":0.1708984375
    },
    "AND Gateway":{
        "0":0.325,
        "1":0.3870967742,
        "2":0.2424242424,
        "3":0.3214285714,
        "4":0.3095238095
    },
    "All":{
        "0":0.0899565266,
        "1":0.0916396785,
        "2":0.095789097,
        "3":0.0965717045,
        "4":0.0953661034
    }
}