{
    "Actor":{
        "0":0.068025345
    },
    "Activity":{
        "0":0.2023042779
    },
    "Activity Data":{
        "0":0.10795619
    },
    "Further Specification":{
        "0":0.2142749383
    },
    "XOR Gateway":{
        "0":0.0690875516
    },
    "Condition Specification":{
        "0":0.1913054018
    },
    "AND Gateway":{
        "0":0.3343240175
    },
    "All":{
        "0":0.0950181429
    }
}