{
    "Actor":{
        "0":0.0593532542,
        "1":0.0606731621,
        "2":0.0648698036,
        "3":0.0649059982,
        "4":0.0609756098
    },
    "Activity":{
        "0":0.1775557264,
        "1":0.173985087,
        "2":0.1972198089,
        "3":0.1832669323,
        "4":0.1858019281
    },
    "Activity Data":{
        "0":0.0919661734,
        "1":0.0952114254,
        "2":0.1031746032,
        "3":0.0955182073,
        "4":0.1028858218
    },
    "Further Specification":{
        "0":0.18395574,
        "1":0.1861413043,
        "2":0.2114361702,
        "3":0.1792336218,
        "4":0.222972973
    },
    "XOR Gateway":{
        "0":0.0521978022,
        "1":0.0682492582,
        "2":0.0732484076,
        "3":0.0705128205,
        "4":0.0450160772
    },
    "Condition Specification":{
        "0":0.1665319321,
        "1":0.1776103337,
        "2":0.1671258035,
        "3":0.1666666667,
        "4":0.1736111111
    },
    "AND Gateway":{
        "0":0.3095238095,
        "1":0.3428571429,
        "2":0.2580645161,
        "3":0.28125,
        "4":0.325
    },
    "All":{
        "0":0.0815645846,
        "1":0.0842058856,
        "2":0.0912292661,
        "3":0.084835631,
        "4":0.0894357743
    }
}