{
    "Actor":{
        "0":0.126830902
    },
    "Activity":{
        "0":0.3782743189
    },
    "Activity Data":{
        "0":0.2000653073
    },
    "Further Specification":{
        "0":0.422681152
    },
    "XOR Gateway":{
        "0":0.1223300463
    },
    "Condition Specification":{
        "0":0.3468224491
    },
    "AND Gateway":{
        "0":0.5343998996
    },
    "All":{
        "0":0.1766372229
    }
}