{
    "Actor":{
        "0":0.121818777
    },
    "Activity":{
        "0":0.357863242
    },
    "Activity Data":{
        "0":0.1933287001
    },
    "Further Specification":{
        "0":0.402630549
    },
    "XOR Gateway":{
        "0":0.1246951904
    },
    "Condition Specification":{
        "0":0.3346457379
    },
    "AND Gateway":{
        "0":0.6197101449
    },
    "All":{
        "0":0.170104624
    }
}