{
    "Actor":{
        "0":0.0615449915,
        "1":0.0621033545,
        "2":0.0606578385,
        "3":0.0671918443,
        "4":0.0626252505
    },
    "Activity":{
        "0":0.1843575419,
        "1":0.1824500434,
        "2":0.1877584781,
        "3":0.1918265221,
        "4":0.1936073059
    },
    "Activity Data":{
        "0":0.0959735245,
        "1":0.0991253644,
        "2":0.0967372639,
        "3":0.0992433062,
        "4":0.1071895425
    },
    "Further Specification":{
        "0":0.2117834395,
        "1":0.1824234354,
        "2":0.1802721088,
        "3":0.2005532503,
        "4":0.2252559727
    },
    "XOR Gateway":{
        "0":0.0536723164,
        "1":0.0734824281,
        "2":0.0712074303,
        "3":0.074829932,
        "4":0.0476190476
    },
    "Condition Specification":{
        "0":0.1712385702,
        "1":0.1948051948,
        "2":0.1723484848,
        "3":0.1718882303,
        "4":0.1847940866
    },
    "AND Gateway":{
        "0":0.325,
        "1":0.4,
        "2":0.2285714286,
        "3":0.2903225806,
        "4":0.3333333333
    },
    "All":{
        "0":0.0853065539,
        "1":0.0875343721,
        "2":0.0859743041,
        "3":0.0886721348,
        "4":0.092927529
    }
}