{
    "Actor":{
        "0":0.6833333333,
        "1":0.7135135135,
        "2":0.7002617801,
        "3":0.7152496626,
        "4":0.7074927954
    },
    "Activity":{
        "0":0.82421875,
        "1":0.8505494505,
        "2":0.8451612903,
        "3":0.8318965517,
        "4":0.8497757848
    },
    "Activity Data":{
        "0":0.761669024,
        "1":0.7892307692,
        "2":0.7398311589,
        "3":0.7397572079,
        "4":0.772875817
    },
    "Further Specification":{
        "0":0.8219178082,
        "1":0.9358490566,
        "2":0.9076433121,
        "3":0.8918918919,
        "4":0.8982300885
    },
    "XOR Gateway":{
        "0":0.7727272727,
        "1":0.7833333333,
        "2":0.8387096774,
        "3":0.8113207547,
        "4":0.7413793103
    },
    "Condition Specification":{
        "0":0.8492569002,
        "1":0.8739002933,
        "2":0.8165137615,
        "3":0.9154929577,
        "4":0.8796791444
    },
    "AND Gateway":{
        "0":1.0,
        "1":1.0,
        "2":1.0,
        "3":1.0,
        "4":0.9166666667
    },
    "All":{
        "0":0.7493762129,
        "1":0.789025544,
        "2":0.7538048344,
        "3":0.7664851785,
        "4":0.7719182597
    }
}