{
    "Actor":{
        "0":0.3780429594,
        "1":0.3697782362,
        "2":0.3696795791,
        "3":0.3669724771,
        "4":0.3680981595
    },
    "Activity":{
        "0":0.5444264943,
        "1":0.5544041451,
        "2":0.5430680886,
        "3":0.5348075348,
        "4":0.5313327449
    },
    "Activity Data":{
        "0":0.3694437051,
        "1":0.409845968,
        "2":0.3747086247,
        "3":0.3963991456,
        "4":0.4085801839
    },
    "Further Specification":{
        "0":0.4256965944,
        "1":0.3692115144,
        "2":0.3316582915,
        "3":0.4171122995,
        "4":0.3700787402
    },
    "XOR Gateway":{
        "0":0.4740740741,
        "1":0.4036144578,
        "2":0.5625,
        "3":0.4335664336,
        "4":0.4482758621
    },
    "Condition Specification":{
        "0":0.3648648649,
        "1":0.3705815279,
        "2":0.3578154426,
        "3":0.3485477178,
        "4":0.3885281385
    },
    "AND Gateway":{
        "0":0.3870967742,
        "1":0.4166666667,
        "2":0.3333333333,
        "3":0.4210526316,
        "4":0.44
    },
    "All":{
        "0":0.3912612811,
        "1":0.4060913706,
        "2":0.3833258829,
        "3":0.396851312,
        "4":0.4037144362
    }
}