{
    "Actor":{
        "0":0.5475792988,
        "1":0.5865102639,
        "2":0.5217755444,
        "3":0.5647058824,
        "4":0.5740740741
    },
    "Activity":{
        "0":0.7298850575,
        "1":0.7523659306,
        "2":0.7386706949,
        "3":0.7375366569,
        "4":0.7324840764
    },
    "Activity Data":{
        "0":0.5788959453,
        "1":0.6102150538,
        "2":0.5761904762,
        "3":0.5836392239,
        "4":0.5984383714
    },
    "Further Specification":{
        "0":0.6526315789,
        "1":0.7747747748,
        "2":0.5923809524,
        "3":0.606557377,
        "4":0.6826923077
    },
    "XOR Gateway":{
        "0":0.6129032258,
        "1":0.5757575758,
        "2":0.7625,
        "3":0.6419753086,
        "4":0.6097560976
    },
    "Condition Specification":{
        "0":0.6677419355,
        "1":0.6427104723,
        "2":0.6084745763,
        "3":0.6238390093,
        "4":0.5714285714
    },
    "AND Gateway":{
        "0":0.75,
        "1":0.5263157895,
        "2":0.7,
        "3":0.8888888889,
        "4":0.5789473684
    },
    "All":{
        "0":0.5944554455,
        "1":0.6298540965,
        "2":0.5790749344,
        "3":0.5961773078,
        "4":0.6001365498
    }
}