{
    "Actor":{
        "0":0.3728955673
    },
    "Activity":{
        "0":0.5412044276
    },
    "Activity Data":{
        "0":0.3837905522
    },
    "Further Specification":{
        "0":0.41336249
    },
    "XOR Gateway":{
        "0":0.4211521545
    },
    "Condition Specification":{
        "0":0.3446255916
    },
    "AND Gateway":{
        "0":0.4015392015
    },
    "All":{
        "0":0.3932931133
    }
}