{
    "Actor":{
        "0":0.5049745517
    },
    "Activity":{
        "0":0.7017916392
    },
    "Activity Data":{
        "0":0.5345697705
    },
    "Further Specification":{
        "0":0.544222832
    },
    "XOR Gateway":{
        "0":0.5781022034
    },
    "Condition Specification":{
        "0":0.5627589221
    },
    "AND Gateway":{
        "0":0.5997227772
    },
    "All":{
        "0":0.5443874282
    }
}