{
    "Actor":{
        "0":0.6154267027
    },
    "Activity":{
        "0":0.7756757533
    },
    "Activity Data":{
        "0":0.6555532461
    },
    "Further Specification":{
        "0":0.7940293755
    },
    "XOR Gateway":{
        "0":0.7035956781
    },
    "Condition Specification":{
        "0":0.7197791455
    },
    "AND Gateway":{
        "0":0.8075036075
    },
    "All":{
        "0":0.6672755359
    }
}