{
    "Actor":{
        "0":0.3271452145,
        "1":0.3546987952,
        "2":0.3512195122,
        "3":0.3418013857,
        "4":0.3460572577
    },
    "Activity":{
        "0":0.5032211883,
        "1":0.5317965024,
        "2":0.5011406844,
        "3":0.5180908391,
        "4":0.4979822437
    },
    "Activity Data":{
        "0":0.3627110228,
        "1":0.364893617,
        "2":0.355801105,
        "3":0.3516078018,
        "4":0.3766427718
    },
    "Further Specification":{
        "0":0.3939393939,
        "1":0.4151724138,
        "2":0.3481404959,
        "3":0.3540022548,
        "4":0.3814935065
    },
    "XOR Gateway":{
        "0":0.3640776699,
        "1":0.3895348837,
        "2":0.4277456647,
        "3":0.3757225434,
        "4":0.4407894737
    },
    "Condition Specification":{
        "0":0.3299922899,
        "1":0.3661202186,
        "2":0.3088709677,
        "3":0.3244929797,
        "4":0.3278084715
    },
    "AND Gateway":{
        "0":0.3333333333,
        "1":0.3666666667,
        "2":0.3333333333,
        "3":0.3333333333,
        "4":0.3333333333
    },
    "All":{
        "0":0.3630611034,
        "1":0.3847789591,
        "2":0.361030025,
        "3":0.3614921031,
        "4":0.3743650325
    }
}