{
    "Actor":{
        "0":0.6682352941,
        "1":0.7283950617,
        "2":0.6882129278,
        "3":0.6745932416,
        "4":0.7063142438
    },
    "Activity":{
        "0":0.8221343874,
        "1":0.8446389497,
        "2":0.8277310924,
        "3":0.8159509202,
        "4":0.8340909091
    },
    "Activity Data":{
        "0":0.7413793103,
        "1":0.7734138973,
        "2":0.73313116,
        "3":0.7039145907,
        "4":0.7891666667
    },
    "Further Specification":{
        "0":0.748427673,
        "1":0.937037037,
        "2":0.8402366864,
        "3":0.8745874587,
        "4":0.9227272727
    },
    "XOR Gateway":{
        "0":0.7058823529,
        "1":0.6756756757,
        "2":0.8474576271,
        "3":0.8333333333,
        "4":0.7543859649
    },
    "Condition Specification":{
        "0":0.8498942918,
        "1":0.8101604278,
        "2":0.8854961832,
        "3":0.8340425532,
        "4":0.8677248677
    },
    "AND Gateway":{
        "0":1.0,
        "1":1.0,
        "2":1.0,
        "3":1.0,
        "4":0.9166666667
    },
    "All":{
        "0":0.7299428882,
        "1":0.7764051884,
        "2":0.7474120083,
        "3":0.7290249433,
        "4":0.7764390897
    }
}