{
    "Actor":{
        "0":0.4785444053
    },
    "Activity":{
        "0":0.5682166057
    },
    "Activity Data":{
        "0":0.5174550438
    },
    "Further Specification":{
        "0":0.6231565169
    },
    "XOR Gateway":{
        "0":0.5297444294
    },
    "Condition Specification":{
        "0":0.6004209028
    },
    "AND Gateway":{
        "0":0.6888304094
    },
    "All":{
        "0":0.5217386855
    }
}