{
    "Actor":{
        "0":0.2841781874,
        "1":0.2884936076,
        "2":0.2917127072,
        "3":0.3029411765,
        "4":0.2953560372
    },
    "Activity":{
        "0":0.3436426117,
        "1":0.3330333033,
        "2":0.3476669716,
        "3":0.3467889908,
        "4":0.3493150685
    },
    "Activity Data":{
        "0":0.3178388168,
        "1":0.3118612574,
        "2":0.3167556742,
        "3":0.3187974893,
        "4":0.3339363242
    },
    "Further Specification":{
        "0":0.4097222222,
        "1":0.3473389356,
        "2":0.3620025674,
        "3":0.3520749665,
        "4":0.3929961089
    },
    "XOR Gateway":{
        "0":0.3287671233,
        "1":0.2831325301,
        "2":0.3759398496,
        "3":0.3524590164,
        "4":0.320610687
    },
    "Condition Specification":{
        "0":0.3737089202,
        "1":0.3815620999,
        "2":0.3754045307,
        "3":0.3865213082,
        "4":0.3754305396
    },
    "AND Gateway":{
        "0":0.4137931034,
        "1":0.3448275862,
        "2":0.4117647059,
        "3":0.4705882353,
        "4":0.4782608696
    },
    "All":{
        "0":0.3188212467,
        "1":0.3138331843,
        "2":0.3195357834,
        "3":0.3242997925,
        "4":0.3283861671
    }
}