{
    "Actor":{
        "0":0.1737523105,
        "1":0.1760468258,
        "2":0.1812527765,
        "3":0.1908914729,
        "4":0.1690741179
    },
    "Activity":{
        "0":0.2640569395,
        "1":0.27578125,
        "2":0.2713117945,
        "3":0.2674760854,
        "4":0.2637763371
    },
    "Activity Data":{
        "0":0.1855862584,
        "1":0.197806774,
        "2":0.1748493783,
        "3":0.1785900783,
        "4":0.1930338065
    },
    "Further Specification":{
        "0":0.1905405405,
        "1":0.1732644865,
        "2":0.1790733993,
        "3":0.1825987407,
        "4":0.1617842876
    },
    "XOR Gateway":{
        "0":0.2192982456,
        "1":0.1917808219,
        "2":0.2578397213,
        "3":0.2398523985,
        "4":0.2138157895
    },
    "Condition Specification":{
        "0":0.1717647059,
        "1":0.1874647092,
        "2":0.1840113529,
        "3":0.1788720539,
        "4":0.1532877882
    },
    "AND Gateway":{
        "0":0.1666666667,
        "1":0.1666666667,
        "2":0.1666666667,
        "3":0.1666666667,
        "4":0.1666666667
    },
    "All":{
        "0":0.1886193382,
        "1":0.1972995316,
        "2":0.187668954,
        "3":0.1915241714,
        "4":0.1857030105
    }
}