{
    "Actor":{
        "0":0.6193059718
    },
    "Activity":{
        "0":0.7313443419
    },
    "Activity Data":{
        "0":0.6758771341
    },
    "Further Specification":{
        "0":0.8138007724
    },
    "XOR Gateway":{
        "0":0.7008784175
    },
    "Condition Specification":{
        "0":0.7934410659
    },
    "AND Gateway":{
        "0":0.8979946524
    },
    "All":{
        "0":0.6809510379
    }
}