{
    "Actor":{
        "0":0.5393586006,
        "1":0.4985590778,
        "2":0.4756756757,
        "3":0.551391863,
        "4":0.5236004391
    },
    "Activity":{
        "0":0.6546644845,
        "1":0.615640599,
        "2":0.608,
        "3":0.6206896552,
        "4":0.6071428571
    },
    "Activity Data":{
        "0":0.5929054054,
        "1":0.5824175824,
        "2":0.5379818594,
        "3":0.5866261398,
        "4":0.578320802
    },
    "Further Specification":{
        "0":0.7687296417,
        "1":0.603406326,
        "2":0.6130434783,
        "3":0.5883668904,
        "4":0.6352201258
    },
    "XOR Gateway":{
        "0":0.6,
        "1":0.5280898876,
        "2":0.5555555556,
        "3":0.6417910448,
        "4":0.5384615385
    },
    "Condition Specification":{
        "0":0.7171171171,
        "1":0.7487437186,
        "2":0.627027027,
        "3":0.7514450867,
        "4":0.6884210526
    },
    "AND Gateway":{
        "0":0.9230769231,
        "1":0.7692307692,
        "2":0.5384615385,
        "3":1.0,
        "4":0.6875
    },
    "All":{
        "0":0.6014641958,
        "1":0.573797291,
        "2":0.5367121507,
        "3":0.5913927642,
        "4":0.5723254646
    }
}