{
    "Actor":{
        "0":0.5750783143
    },
    "Activity":{
        "0":0.7505158842
    },
    "Activity Data":{
        "0":0.6089947743
    },
    "Further Specification":{
        "0":0.683333683
    },
    "XOR Gateway":{
        "0":0.661779836
    },
    "Condition Specification":{
        "0":0.6380384071
    },
    "AND Gateway":{
        "0":0.76
    },
    "All":{
        "0":0.6171394309
    }
}