{
    "Actor":{
        "0":0.4098966027,
        "1":0.3998459168,
        "2":0.4261501211,
        "3":0.4190398698,
        "4":0.4052676296
    },
    "Activity":{
        "0":0.4733727811,
        "1":0.465408805,
        "2":0.5073431242,
        "3":0.4742785445,
        "4":0.4709762533
    },
    "Activity Data":{
        "0":0.4509635974,
        "1":0.4428320141,
        "2":0.463605276,
        "3":0.4505135387,
        "4":0.4498050682
    },
    "Further Specification":{
        "0":0.4906444906,
        "1":0.496993988,
        "2":0.5155393053,
        "3":0.513671875,
        "4":0.4975369458
    },
    "XOR Gateway":{
        "0":0.4705882353,
        "1":0.4017094017,
        "2":0.5681818182,
        "3":0.4725274725,
        "4":0.4038461538
    },
    "Condition Specification":{
        "0":0.5278514589,
        "1":0.5042301184,
        "2":0.5568,
        "3":0.5213903743,
        "4":0.5101404056
    },
    "AND Gateway":{
        "0":0.6315789474,
        "1":0.5,
        "2":0.6363636364,
        "3":0.5,
        "4":0.5
    },
    "All":{
        "0":0.4463497453,
        "1":0.4392205935,
        "2":0.4670184697,
        "3":0.4518518519,
        "4":0.4416666667
    }
}