{
    "Actor":{
        "0":0.6522399735
    },
    "Activity":{
        "0":0.7566020674
    },
    "Activity Data":{
        "0":0.706899986
    },
    "Further Specification":{
        "0":0.8281550575
    },
    "XOR Gateway":{
        "0":0.7164781075
    },
    "Condition Specification":{
        "0":0.8019863651
    },
    "AND Gateway":{
        "0":0.8745098039
    },
    "All":{
        "0":0.7066399796
    }
}