{
    "Actor":{
        "0":0.6170727659
    },
    "Activity":{
        "0":0.73054815
    },
    "Activity Data":{
        "0":0.6603315372
    },
    "Further Specification":{
        "0":0.8086477407
    },
    "XOR Gateway":{
        "0":0.7164810892
    },
    "Condition Specification":{
        "0":0.7949613484
    },
    "AND Gateway":{
        "0":0.8318792319
    },
    "All":{
        "0":0.6732675935
    }
}