{
    "Actor":{
        "0":0.3809438535
    },
    "Activity":{
        "0":0.4515638348
    },
    "Activity Data":{
        "0":0.4144533068
    },
    "Further Specification":{
        "0":0.4940482241
    },
    "XOR Gateway":{
        "0":0.4243677105
    },
    "Condition Specification":{
        "0":0.4862912301
    },
    "AND Gateway":{
        "0":0.5
    },
    "All":{
        "0":0.4173926603
    }
}