{
    "Actor":{
        "0":0.2902719665,
        "1":0.3015688553,
        "2":0.2860238353,
        "3":0.2912895928,
        "4":0.2849462366
    },
    "Activity":{
        "0":0.3475238923,
        "1":0.3483992467,
        "2":0.3454545455,
        "3":0.3324538259,
        "4":0.3442622951
    },
    "Activity Data":{
        "0":0.3271202237,
        "1":0.3235861183,
        "2":0.3034857691,
        "3":0.3057667934,
        "4":0.3268413598
    },
    "Further Specification":{
        "0":0.3959731544,
        "1":0.4366197183,
        "2":0.332155477,
        "3":0.3291614518,
        "4":0.3646209386
    },
    "XOR Gateway":{
        "0":0.3243243243,
        "1":0.3175675676,
        "2":0.3496503497,
        "3":0.3467741935,
        "4":0.3111111111
    },
    "Condition Specification":{
        "0":0.3709226468,
        "1":0.3568862275,
        "2":0.3587628866,
        "3":0.3594470046,
        "4":0.3633333333
    },
    "AND Gateway":{
        "0":0.4137931034,
        "1":0.3703703704,
        "2":0.4666666667,
        "3":0.5,
        "4":0.4074074074
    },
    "All":{
        "0":0.3234498031,
        "1":0.328783621,
        "2":0.307826087,
        "3":0.3093382808,
        "4":0.3186966858
    }
}