{
    "Actor":{
        "0":0.5040831477,
        "1":0.5515981735,
        "2":0.5867689358,
        "3":0.5573770492,
        "4":0.5439613527
    },
    "Activity":{
        "0":0.7266839378,
        "1":0.7464183381,
        "2":0.7666126418,
        "3":0.7445887446,
        "4":0.7563451777
    },
    "Activity Data":{
        "0":0.5515097691,
        "1":0.6175869121,
        "2":0.6208503203,
        "3":0.5569935291,
        "4":0.5961426067
    },
    "Further Specification":{
        "0":0.583518931,
        "1":0.643902439,
        "2":0.7323232323,
        "3":0.7414248021,
        "4":0.702970297
    },
    "XOR Gateway":{
        "0":0.5925925926,
        "1":0.6063829787,
        "2":0.6829268293,
        "3":0.5894736842,
        "4":0.6842105263
    },
    "Condition Specification":{
        "0":0.593974175,
        "1":0.5421686747,
        "2":0.678030303,
        "3":0.6081694402,
        "4":0.6435452794
    },
    "AND Gateway":{
        "0":0.75,
        "1":0.5555555556,
        "2":0.6363636364,
        "3":0.5,
        "4":0.8461538462
    },
    "All":{
        "0":0.5600070909,
        "1":0.6044929926,
        "2":0.6360946746,
        "3":0.5911936982,
        "4":0.606873823
    }
}