{
    "Actor":{
        "0":0.3212128738
    },
    "Activity":{
        "0":0.378837248
    },
    "Activity Data":{
        "0":0.3484698191
    },
    "Further Specification":{
        "0":0.4155136282
    },
    "XOR Gateway":{
        "0":0.3578766866
    },
    "Condition Specification":{
        "0":0.4064381802
    },
    "AND Gateway":{
        "0":0.4767195767
    },
    "All":{
        "0":0.3511514169
    }
}