{
    "Actor":{
        "0":0.3967119371,
        "1":0.4132165605,
        "2":0.393442623,
        "3":0.4051927616,
        "4":0.4144222415
    },
    "Activity":{
        "0":0.4683840749,
        "1":0.4900662252,
        "2":0.4804045512,
        "3":0.4689826303,
        "4":0.4837398374
    },
    "Activity Data":{
        "0":0.4418799832,
        "1":0.4566893424,
        "2":0.4124293785,
        "3":0.4228746713,
        "4":0.4608087868
    },
    "Further Specification":{
        "0":0.4937238494,
        "1":0.4930417495,
        "2":0.5155393053,
        "3":0.506743738,
        "4":0.4926829268
    },
    "XOR Gateway":{
        "0":0.4247787611,
        "1":0.4653465347,
        "2":0.4464285714,
        "3":0.4257425743,
        "4":0.4329896907
    },
    "Condition Specification":{
        "0":0.495641345,
        "1":0.5580524345,
        "2":0.490832158,
        "3":0.5084745763,
        "4":0.5570698467
    },
    "AND Gateway":{
        "0":0.5454545455,
        "1":0.7692307692,
        "2":0.5,
        "3":0.5,
        "4":0.55
    },
    "All":{
        "0":0.4344018506,
        "1":0.4577976523,
        "2":0.4260660248,
        "3":0.4340506768,
        "4":0.4552536956
    }
}