{
    "Actor":{
        "0":0.4288407907
    },
    "Activity":{
        "0":0.5072196294
    },
    "Activity Data":{
        "0":0.4685970087
    },
    "Further Specification":{
        "0":0.5279240247
    },
    "XOR Gateway":{
        "0":0.4792456932
    },
    "Condition Specification":{
        "0":0.5387365776
    },
    "AND Gateway":{
        "0":0.6848951049
    },
    "All":{
        "0":0.4680725181
    }
}