{
    "Actor":{
        "0":0.2609308886,
        "1":0.2625189681,
        "2":0.2757180157,
        "3":0.2639671963,
        "4":0.263390392
    },
    "Activity":{
        "0":0.3074558032,
        "1":0.3065451533,
        "2":0.3301476977,
        "3":0.3011952191,
        "4":0.3128834356
    },
    "Activity Data":{
        "0":0.2834454913,
        "1":0.2884560298,
        "2":0.2937171154,
        "3":0.2761877504,
        "4":0.2941363926
    },
    "Further Specification":{
        "0":0.326417704,
        "1":0.3369565217,
        "2":0.375,
        "3":0.325092707,
        "4":0.3412162162
    },
    "XOR Gateway":{
        "0":0.2857142857,
        "1":0.2685714286,
        "2":0.3448275862,
        "3":0.2986111111,
        "4":0.2896551724
    },
    "Condition Specification":{
        "0":0.3217461601,
        "1":0.3218142549,
        "2":0.320441989,
        "3":0.3209876543,
        "4":0.3253731343
    },
    "AND Gateway":{
        "0":0.3636363636,
        "1":0.3333333333,
        "2":0.3888888889,
        "3":0.380952381,
        "4":0.4074074074
    },
    "All":{
        "0":0.282566638,
        "1":0.2876375556,
        "2":0.298626175,
        "3":0.281358983,
        "4":0.2899860033
    }
}