{
    "Actor":{
        "0":0.4541877459,
        "1":0.4769129288,
        "2":0.4362416107,
        "3":0.4741873805,
        "4":0.4434504792
    },
    "Activity":{
        "0":0.6372727273,
        "1":0.6727664155,
        "2":0.6507177033,
        "3":0.6792645557,
        "4":0.6433710175
    },
    "Activity Data":{
        "0":0.4584424084,
        "1":0.502994012,
        "2":0.454017094,
        "3":0.4657484596,
        "4":0.4754773493
    },
    "Further Specification":{
        "0":0.4777975133,
        "1":0.5225225225,
        "2":0.4322916667,
        "3":0.4919093851,
        "4":0.5095948827
    },
    "XOR Gateway":{
        "0":0.503875969,
        "1":0.484375,
        "2":0.578125,
        "3":0.4918032787,
        "4":0.528
    },
    "Condition Specification":{
        "0":0.4317269076,
        "1":0.4563380282,
        "2":0.451536643,
        "3":0.4642464246,
        "4":0.4089861751
    },
    "AND Gateway":{
        "0":0.5416666667,
        "1":0.4761904762,
        "2":0.5,
        "3":0.5,
        "4":0.4074074074
    },
    "All":{
        "0":0.471295933,
        "1":0.5092635125,
        "2":0.466728773,
        "3":0.490390132,
        "4":0.4771573604
    }
}