{
    "Actor":{
        "0":0.3166001141,
        "1":0.3471571906,
        "2":0.3011979464,
        "3":0.3307642903,
        "4":0.3103448276
    },
    "Activity":{
        "0":0.3696857671,
        "1":0.3974221267,
        "2":0.3725490196,
        "3":0.3861082737,
        "4":0.3684210526
    },
    "Activity Data":{
        "0":0.3493696085,
        "1":0.3732394366,
        "2":0.3265657261,
        "3":0.3479985575,
        "4":0.3451757666
    },
    "Further Specification":{
        "0":0.4169611307,
        "1":0.4575645756,
        "2":0.3671875,
        "3":0.4269480519,
        "4":0.4089068826
    },
    "XOR Gateway":{
        "0":0.375,
        "1":0.3671875,
        "2":0.3597122302,
        "3":0.3644067797,
        "4":0.3230769231
    },
    "Condition Specification":{
        "0":0.4094650206,
        "1":0.4179523142,
        "2":0.4032444959,
        "3":0.4295154185,
        "4":0.3720136519
    },
    "AND Gateway":{
        "0":0.5,
        "1":0.4761904762,
        "2":0.5,
        "3":0.5,
        "4":0.4074074074
    },
    "All":{
        "0":0.3487199894,
        "1":0.3763786765,
        "2":0.3320380544,
        "3":0.3589780393,
        "4":0.3396423249
    }
}