{
    "Actor":{
        "0":0.5343244882
    },
    "Activity":{
        "0":0.7080485857
    },
    "Activity Data":{
        "0":0.5669538672
    },
    "Further Specification":{
        "0":0.6529355753
    },
    "XOR Gateway":{
        "0":0.594502084
    },
    "Condition Specification":{
        "0":0.562457693
    },
    "AND Gateway":{
        "0":0.5943589744
    },
    "All":{
        "0":0.5730512165
    }
}