{
    "Actor":{
        "0":0.0978230913
    },
    "Activity":{
        "0":0.1455865267
    },
    "Activity Data":{
        "0":0.0970444937
    },
    "Further Specification":{
        "0":0.1060956385
    },
    "XOR Gateway":{
        "0":0.1212932788
    },
    "Condition Specification":{
        "0":0.0977965337
    },
    "AND Gateway":{
        "0":0.0957792208
    },
    "All":{
        "0":0.1028369794
    }
}