{
    "Actor":{
        "0":0.2707317073,
        "1":0.2711598746,
        "2":0.2580645161,
        "3":0.2734997345,
        "4":0.271176805
    },
    "Activity":{
        "0":0.3192338388,
        "1":0.3214596003,
        "2":0.3143093466,
        "3":0.3152627189,
        "4":0.3260273973
    },
    "Activity Data":{
        "0":0.2952060555,
        "1":0.2996132104,
        "2":0.276193248,
        "3":0.2859259259,
        "4":0.3059330461
    },
    "Further Specification":{
        "0":0.3757961783,
        "1":0.3302263648,
        "2":0.3197278912,
        "3":0.3637621024,
        "4":0.3447098976
    },
    "XOR Gateway":{
        "0":0.298136646,
        "1":0.2993630573,
        "2":0.3164556962,
        "3":0.3257575758,
        "4":0.3088235294
    },
    "Condition Specification":{
        "0":0.3308395677,
        "1":0.3530805687,
        "2":0.3304843305,
        "3":0.3307888041,
        "4":0.3463983051
    },
    "AND Gateway":{
        "0":0.3870967742,
        "1":0.4166666667,
        "2":0.3333333333,
        "3":0.4210526316,
        "4":0.44
    },
    "All":{
        "0":0.2956257731,
        "1":0.2995610827,
        "2":0.2814310051,
        "3":0.2938895417,
        "4":0.3013752975
    }
}