{
    "Actor":{
        "0":0.2193074502,
        "1":0.2087850987,
        "2":0.215496368,
        "3":0.2173555981,
        "4":0.214349244
    },
    "Activity":{
        "0":0.3034907598,
        "1":0.3246511628,
        "2":0.3172945983,
        "3":0.3196907685,
        "4":0.3181602655
    },
    "Activity Data":{
        "0":0.2385778636,
        "1":0.2283376123,
        "2":0.1945570353,
        "3":0.2195121951,
        "4":0.2211538462
    },
    "Further Specification":{
        "0":0.2130177515,
        "1":0.2075601375,
        "2":0.2157490397,
        "3":0.2063185042,
        "4":0.2469512195
    },
    "XOR Gateway":{
        "0":0.236196319,
        "1":0.2991803279,
        "2":0.3037974684,
        "3":0.2834008097,
        "4":0.2702702703
    },
    "Condition Specification":{
        "0":0.2102736438,
        "1":0.1920607122,
        "2":0.1941598361,
        "3":0.1958525346,
        "4":0.2089467724
    },
    "AND Gateway":{
        "0":0.2,
        "1":0.22,
        "2":0.2,
        "3":0.2,
        "4":0.2
    },
    "All":{
        "0":0.2325595677,
        "1":0.2289359497,
        "2":0.2140965451,
        "3":0.2244593587,
        "4":0.2299646741
    }
}