{
    "Actor":{
        "0":0.1292880012,
        "1":0.1322923816,
        "2":0.134027326,
        "3":0.1350059737,
        "4":0.1313384698
    },
    "Activity":{
        "0":0.2070484581,
        "1":0.2013868824,
        "2":0.203995498,
        "3":0.1998361998,
        "4":0.2011356844
    },
    "Activity Data":{
        "0":0.1403010508,
        "1":0.1404116367,
        "2":0.1368399425,
        "3":0.1377088786,
        "4":0.1439452478
    },
    "Further Specification":{
        "0":0.1534363346,
        "1":0.1383824217,
        "2":0.1499133449,
        "3":0.1483516484,
        "4":0.1381466742
    },
    "XOR Gateway":{
        "0":0.15835141,
        "1":0.1416666667,
        "2":0.1560693642,
        "3":0.1559633028,
        "4":0.1615384615
    },
    "Condition Specification":{
        "0":0.1338485317,
        "1":0.1193975018,
        "2":0.1190849264,
        "3":0.1285496183,
        "4":0.1329022989
    },
    "AND Gateway":{
        "0":0.125,
        "1":0.125,
        "2":0.125,
        "3":0.125,
        "4":0.125
    },
    "All":{
        "0":0.1438141014,
        "1":0.142488717,
        "2":0.1419443356,
        "3":0.1432225064,
        "4":0.1446950928
    }
}