{
    "Actor":{
        "0":0.6552538371,
        "1":0.7119341564,
        "2":0.6734693878,
        "3":0.6469849246,
        "4":0.7004405286
    },
    "Activity":{
        "0":0.7889546351,
        "1":0.8096280088,
        "2":0.8,
        "3":0.7682926829,
        "4":0.8113636364
    },
    "Activity Data":{
        "0":0.7337979094,
        "1":0.7605740181,
        "2":0.7233231707,
        "3":0.6942446043,
        "4":0.7678868552
    },
    "Further Specification":{
        "0":0.7662337662,
        "1":0.8985507246,
        "2":0.8417910448,
        "3":0.8679867987,
        "4":0.9181818182
    },
    "XOR Gateway":{
        "0":0.7058823529,
        "1":0.6714285714,
        "2":0.8474576271,
        "3":0.7962962963,
        "4":0.7368421053
    },
    "Condition Specification":{
        "0":0.8291666667,
        "1":0.8032345013,
        "2":0.8854961832,
        "3":0.8280254777,
        "4":0.8743315508
    },
    "AND Gateway":{
        "0":1.0,
        "1":1.0,
        "2":1.0,
        "3":1.0,
        "4":0.9166666667
    },
    "All":{
        "0":0.7188952693,
        "1":0.7590361446,
        "2":0.7364041605,
        "3":0.7117245304,
        "4":0.7632283992
    }
}