{
    "Actor":{
        "0":0.4847161572,
        "1":0.5285132383,
        "2":0.5258964143,
        "3":0.5478723404,
        "4":0.5359550562
    },
    "Activity":{
        "0":0.6069802731,
        "1":0.6115702479,
        "2":0.6291390728,
        "3":0.63,
        "4":0.6
    },
    "Activity Data":{
        "0":0.5533368366,
        "1":0.5847851336,
        "2":0.5460299194,
        "3":0.5653192736,
        "4":0.586031746
    },
    "Further Specification":{
        "0":0.5619047619,
        "1":0.7106017192,
        "2":0.7382198953,
        "3":0.7205479452,
        "4":0.7537313433
    },
    "XOR Gateway":{
        "0":0.6075949367,
        "1":0.5529411765,
        "2":0.6493506494,
        "3":0.6935483871,
        "4":0.5675675676
    },
    "Condition Specification":{
        "0":0.6170542636,
        "1":0.6300211416,
        "2":0.6083916084,
        "3":0.6310679612,
        "4":0.6913319239
    },
    "AND Gateway":{
        "0":1.0,
        "1":0.7142857143,
        "2":0.7777777778,
        "3":0.7272727273,
        "4":0.6470588235
    },
    "All":{
        "0":0.5406127905,
        "1":0.5808510638,
        "2":0.5649794802,
        "3":0.581222403,
        "4":0.5855601233
    }
}