{
    "Actor":{
        "0":0.53499404
    },
    "Activity":{
        "0":0.7207839777
    },
    "Activity Data":{
        "0":0.5557288916
    },
    "Further Specification":{
        "0":0.5879962103
    },
    "XOR Gateway":{
        "0":0.6234533686
    },
    "Condition Specification":{
        "0":0.5621162455
    },
    "AND Gateway":{
        "0":0.6848951049
    },
    "All":{
        "0":0.5668533807
    }
}