{
    "Actor":{
        "0":0.5531167691,
        "1":0.6110520723,
        "2":0.6332622601,
        "3":0.6069246436,
        "4":0.6147635525
    },
    "Activity":{
        "0":0.7518684604,
        "1":0.7660311958,
        "2":0.8046594982,
        "3":0.775374376,
        "4":0.8018867925
    },
    "Activity Data":{
        "0":0.6095925735,
        "1":0.6508030934,
        "2":0.637973138,
        "3":0.6173558532,
        "4":0.6933701657
    },
    "Further Specification":{
        "0":0.6287128713,
        "1":0.7876923077,
        "2":0.7715053763,
        "3":0.7554945055,
        "4":0.7840909091
    },
    "XOR Gateway":{
        "0":0.6385542169,
        "1":0.623655914,
        "2":0.6790123457,
        "3":0.6944444444,
        "4":0.6621621622
    },
    "Condition Specification":{
        "0":0.6760797342,
        "1":0.6909492274,
        "2":0.7289527721,
        "3":0.6346153846,
        "4":0.669921875
    },
    "AND Gateway":{
        "0":0.7058823529,
        "1":0.5555555556,
        "2":0.6363636364,
        "3":0.6153846154,
        "4":0.6875
    },
    "All":{
        "0":0.6105501751,
        "1":0.6619373777,
        "2":0.6665850673,
        "3":0.6380059456,
        "4":0.6769064942
    }
}