{
    "Actor":{
        "0":0.5589290127
    },
    "Activity":{
        "0":0.7381884833
    },
    "Activity Data":{
        "0":0.5894758141
    },
    "Further Specification":{
        "0":0.6618073982
    },
    "XOR Gateway":{
        "0":0.6405784416
    },
    "Condition Specification":{
        "0":0.622838913
    },
    "AND Gateway":{
        "0":0.6888304094
    },
    "All":{
        "0":0.5999396668
    }
}