{
    "Actor":{
        "0":0.2591036415,
        "1":0.2615927419,
        "2":0.2768746723,
        "3":0.2733545648,
        "4":0.260371179
    },
    "Activity":{
        "0":0.3018867925,
        "1":0.3037766831,
        "2":0.3298611111,
        "3":0.3108552632,
        "4":0.3074935401
    },
    "Activity Data":{
        "0":0.2840571891,
        "1":0.2864864865,
        "2":0.2906584992,
        "3":0.2849129023,
        "4":0.2922735909
    },
    "Further Specification":{
        "0":0.326417704,
        "1":0.3254593176,
        "2":0.3634020619,
        "3":0.3530201342,
        "4":0.3242375602
    },
    "XOR Gateway":{
        "0":0.2696629213,
        "1":0.2764705882,
        "2":0.3496503497,
        "3":0.3115942029,
        "4":0.2745098039
    },
    "Condition Specification":{
        "0":0.3141278611,
        "1":0.3337066069,
        "2":0.3435340573,
        "3":0.325,
        "4":0.3193359375
    },
    "AND Gateway":{
        "0":0.3333333333,
        "1":0.3448275862,
        "2":0.3888888889,
        "3":0.3636363636,
        "4":0.3548387097
    },
    "All":{
        "0":0.2803369588,
        "1":0.2866643332,
        "2":0.2994923858,
        "3":0.29108473,
        "4":0.2855174142
    }
}