{
    "Actor":{
        "0":0.461682243,
        "1":0.4858557284,
        "2":0.4767049291,
        "3":0.4957507082,
        "4":0.4795763994
    },
    "Activity":{
        "0":0.6698014629,
        "1":0.6983758701,
        "2":0.6758304696,
        "3":0.6945701357,
        "4":0.6707168894
    },
    "Activity Data":{
        "0":0.498132935,
        "1":0.4884526559,
        "2":0.4792993631,
        "3":0.5219757221,
        "4":0.5010752688
    },
    "Further Specification":{
        "0":0.5225048924,
        "1":0.521978022,
        "2":0.5088566828,
        "3":0.5119047619,
        "4":0.5498783455
    },
    "XOR Gateway":{
        "0":0.5537190083,
        "1":0.5294117647,
        "2":0.5892857143,
        "3":0.6315789474,
        "4":0.504587156
    },
    "Condition Specification":{
        "0":0.4947735192,
        "1":0.5151515152,
        "2":0.4939919893,
        "3":0.4797687861,
        "4":0.487004104
    },
    "AND Gateway":{
        "0":0.5,
        "1":0.5,
        "2":0.5714285714,
        "3":0.5,
        "4":0.5
    },
    "All":{
        "0":0.5043658428,
        "1":0.5161655351,
        "2":0.5003143666,
        "3":0.5245639302,
        "4":0.5101863138
    }
}