{
    "Actor":{
        "0":0.6575829384,
        "1":0.7004048583,
        "2":0.6883963494,
        "3":0.6950067476,
        "4":0.6853448276
    },
    "Activity":{
        "0":0.78125,
        "1":0.8096280088,
        "2":0.8137044968,
        "3":0.8146551724,
        "4":0.8004484305
    },
    "Activity Data":{
        "0":0.7415492958,
        "1":0.7740199846,
        "2":0.7311248074,
        "3":0.7283018868,
        "4":0.7497969131
    },
    "Further Specification":{
        "0":0.8054607509,
        "1":0.9358490566,
        "2":0.8840125392,
        "3":0.8855218855,
        "4":0.8938053097
    },
    "XOR Gateway":{
        "0":0.7272727273,
        "1":0.7833333333,
        "2":0.7575757576,
        "3":0.8113207547,
        "4":0.724137931
    },
    "Condition Specification":{
        "0":0.843220339,
        "1":0.8662790698,
        "2":0.7873303167,
        "3":0.9154929577,
        "4":0.8743315508
    },
    "AND Gateway":{
        "0":1.0,
        "1":1.0,
        "2":1.0,
        "3":1.0,
        "4":0.9166666667
    },
    "All":{
        "0":0.726443769,
        "1":0.7731277533,
        "2":0.7361853832,
        "3":0.7546771273,
        "4":0.748931975
    }
}