{
    "Actor":{
        "0":0.4486661277,
        "1":0.4823420074,
        "2":0.4623467601,
        "3":0.5392670157,
        "4":0.541430193
    },
    "Activity":{
        "0":0.5602240896,
        "1":0.572755418,
        "2":0.5680119581,
        "3":0.6028708134,
        "4":0.6375
    },
    "Activity Data":{
        "0":0.5040689325,
        "1":0.5140377744,
        "2":0.5058635394,
        "3":0.5539609644,
        "4":0.6040575916
    },
    "Further Specification":{
        "0":0.5700483092,
        "1":0.6813186813,
        "2":0.564,
        "3":0.7108108108,
        "4":0.6733333333
    },
    "XOR Gateway":{
        "0":0.5161290323,
        "1":0.5108695652,
        "2":0.5813953488,
        "3":0.6142857143,
        "4":0.6086956522
    },
    "Condition Specification":{
        "0":0.6228482003,
        "1":0.6636971047,
        "2":0.5329249617,
        "3":0.5972434916,
        "4":0.66598778
    },
    "AND Gateway":{
        "0":0.6,
        "1":0.7142857143,
        "2":0.7,
        "3":1.0,
        "4":0.7857142857
    },
    "All":{
        "0":0.5049942374,
        "1":0.5341304348,
        "2":0.5020259319,
        "3":0.5651977401,
        "4":0.5930262816
    }
}