{
    "Actor":{
        "0":0.5823757017
    },
    "Activity":{
        "0":0.7619714366
    },
    "Activity Data":{
        "0":0.6350796541
    },
    "Further Specification":{
        "0":0.6726657196
    },
    "XOR Gateway":{
        "0":0.6471256678
    },
    "Condition Specification":{
        "0":0.728618282
    },
    "AND Gateway":{
        "0":0.7836538462
    },
    "All":{
        "0":0.6395878352
    }
}