{
    "Actor":{
        "0":0.4624605678,
        "1":0.4859943978,
        "2":0.4952054795,
        "3":0.4953998585,
        "4":0.484939759
    },
    "Activity":{
        "0":0.6684045881,
        "1":0.6964078795,
        "2":0.6727272727,
        "3":0.6903669725,
        "4":0.6731234867
    },
    "Activity Data":{
        "0":0.5003739716,
        "1":0.4978673905,
        "2":0.4858642973,
        "3":0.5055214724,
        "4":0.5080891998
    },
    "Further Specification":{
        "0":0.5287128713,
        "1":0.5306122449,
        "2":0.5023696682,
        "3":0.5025641026,
        "4":0.5355450237
    },
    "XOR Gateway":{
        "0":0.5803571429,
        "1":0.5333333333,
        "2":0.5462184874,
        "3":0.5566037736,
        "4":0.5181818182
    },
    "Condition Specification":{
        "0":0.4908045977,
        "1":0.5225080386,
        "2":0.4793814433,
        "3":0.4804597701,
        "4":0.4829931973
    },
    "AND Gateway":{
        "0":0.5,
        "1":0.5,
        "2":0.5,
        "3":0.5,
        "4":0.5
    },
    "All":{
        "0":0.5055728934,
        "1":0.5211473019,
        "2":0.5042466184,
        "3":0.5148247978,
        "4":0.5141361257
    }
}