{
    "Actor":{
        "0.0":0.721530121,
        "0.1":0.7380376894,
        "0.2":0.7151219128,
        "0.3":0.7297625855,
        "0.4":0.7331943306,
        "0.5":0.7455380875,
        "0.6":0.7206593766,
        "0.7":0.7146958411,
        "0.8":0.7113265574,
        "0.9":0.737161386,
        "1.0":0.7218593998,
        "1.25":0.725351357,
        "1.5":0.7258697373,
        "1.75":0.7263066761,
        "2.0":0.7526743901,
        "3.0":0.7399884518,
        "4.0":0.7286778043,
        "5.0":0.7315504273,
        "7.0":0.7228560851,
        "10.0":0.7277152809
    },
    "Activity":{
        "0.0":0.7649218209,
        "0.1":0.7723854697,
        "0.2":0.7709638706,
        "0.3":0.7586209361,
        "0.4":0.7755148435,
        "0.5":0.7857600679,
        "0.6":0.777754707,
        "0.7":0.7864518161,
        "0.8":0.7848965334,
        "0.9":0.7876785685,
        "1.0":0.787082481,
        "1.25":0.7997685962,
        "1.5":0.7959871934,
        "1.75":0.784789182,
        "2.0":0.7916871647,
        "3.0":0.7955381392,
        "4.0":0.7995278303,
        "5.0":0.7938803078,
        "7.0":0.7901197013,
        "10.0":0.7804693735
    },
    "Activity Data":{
        "0.0":0.6158860061,
        "0.1":0.6279060338,
        "0.2":0.6117755309,
        "0.3":0.6096787703,
        "0.4":0.6286352816,
        "0.5":0.6243031217,
        "0.6":0.6086744497,
        "0.7":0.6128693962,
        "0.8":0.6299983168,
        "0.9":0.6143041807,
        "1.0":0.6206021266,
        "1.25":0.6257210888,
        "1.5":0.6050897585,
        "1.75":0.6030589742,
        "2.0":0.6190759322,
        "3.0":0.6108844796,
        "4.0":0.6075717139,
        "5.0":0.610117855,
        "7.0":0.602997273,
        "10.0":0.5982089636
    },
    "Further Specification":{
        "0.0":0.2552923105,
        "0.1":0.2175714636,
        "0.2":0.2218803419,
        "0.3":0.2052639517,
        "0.4":0.2457142857,
        "0.5":0.2151515152,
        "0.6":0.2053968254,
        "0.7":0.2017853457,
        "0.8":0.2835345047,
        "0.9":0.1883678894,
        "1.0":0.2375818579,
        "1.25":0.2523809524,
        "1.5":0.2233539732,
        "1.75":0.1796969697,
        "2.0":0.2619373219,
        "3.0":0.2637646225,
        "4.0":0.239047619,
        "5.0":0.2153501401,
        "7.0":0.237289916,
        "10.0":0.2475990676
    },
    "XOR Gateway":{
        "0.0":0.7246239374,
        "0.1":0.7515237557,
        "0.2":0.7352394089,
        "0.3":0.7313760319,
        "0.4":0.7278379483,
        "0.5":0.7328695114,
        "0.6":0.7307761829,
        "0.7":0.6965006016,
        "0.8":0.7394285516,
        "0.9":0.7241688247,
        "1.0":0.7451958479,
        "1.25":0.7314395079,
        "1.5":0.7488604441,
        "1.75":0.7313088092,
        "2.0":0.7424812326,
        "3.0":0.752058593,
        "4.0":0.7385417625,
        "5.0":0.7469577231,
        "7.0":0.7322284434,
        "10.0":0.7402308857
    },
    "Condition Specification":{
        "0.0":0.5953056321,
        "0.1":0.626826546,
        "0.2":0.5910144928,
        "0.3":0.6218115942,
        "0.4":0.5686231884,
        "0.5":0.633952381,
        "0.6":0.6108292683,
        "0.7":0.5572718243,
        "0.8":0.591021978,
        "0.9":0.5834068851,
        "1.0":0.564543554,
        "1.25":0.5946666667,
        "1.5":0.5858768873,
        "1.75":0.5798612368,
        "2.0":0.6007622826,
        "3.0":0.5971939799,
        "4.0":0.5605757576,
        "5.0":0.5760684909,
        "7.0":0.5794209968,
        "10.0":0.5202178649
    },
    "AND Gateway":{
        "0.0":0.0,
        "0.1":0.0,
        "0.2":0.3,
        "0.3":0.1,
        "0.4":0.2,
        "0.5":0.2,
        "0.6":0.2,
        "0.7":0.4333333333,
        "0.8":0.3,
        "0.9":0.2333333333,
        "1.0":0.36,
        "1.25":0.3,
        "1.5":0.36,
        "1.75":0.2666666667,
        "2.0":0.4266666667,
        "3.0":0.2666666667,
        "4.0":0.4,
        "5.0":0.2476190476,
        "7.0":0.4,
        "10.0":0.2476190476
    }
}