{
    "Bleu Score":{
        "0":4.535007046e-75,
        "1":1.840713524e-76,
        "2":2.352434412e-79,
        "3":5.568863392e-74,
        "4":2.27595577e-69
    }
}