{
    "Bleu Score":{
        "0":1.617870049e-35,
        "1":9.871350394e-40,
        "2":7.643149719e-41,
        "3":3.382873998e-36,
        "4":7.083076016e-34
    }
}