{
    "Bleu Score":{
        "0":2.786451635e-28,
        "1":2.970288893e-36,
        "2":3.493994163e-28,
        "3":1.79241248e-31,
        "4":3.460316464e-35
    }
}