{
    "Actor":{
        "0":0.1021126761,
        "1":0.1071149335,
        "2":0.1106780982,
        "3":0.1242502142,
        "4":0.1083188908
    },
    "Activity":{
        "0":0.30078125,
        "1":0.3092783505,
        "2":0.3393124066,
        "3":0.3820598007,
        "4":0.3392
    },
    "Activity Data":{
        "0":0.1611111111,
        "1":0.1668302257,
        "2":0.1799787007,
        "3":0.1856287425,
        "4":0.1852060982
    },
    "Further Specification":{
        "0":0.31002331,
        "1":0.3071748879,
        "2":0.3123772102,
        "3":0.3929539295,
        "4":0.3687150838
    },
    "XOR Gateway":{
        "0":0.0875576037,
        "1":0.1256830601,
        "2":0.1270718232,
        "3":0.1560283688,
        "4":0.0828402367
    },
    "Condition Specification":{
        "0":0.306547619,
        "1":0.34375,
        "2":0.3279279279,
        "3":0.3481989708,
        "4":0.3438113949
    },
    "AND Gateway":{
        "0":0.4482758621,
        "1":0.6315789474,
        "2":0.347826087,
        "3":0.5294117647,
        "4":0.5416666667
    },
    "All":{
        "0":0.1417032485,
        "1":0.1491022639,
        "2":0.1575127501,
        "3":0.1696352841,
        "4":0.1616052061
    }
}