{
    "Actor":{
        "0":0.1104949626
    },
    "Activity":{
        "0":0.3341263616
    },
    "Activity Data":{
        "0":0.1757509757
    },
    "Further Specification":{
        "0":0.3382488843
    },
    "XOR Gateway":{
        "0":0.1158362185
    },
    "Condition Specification":{
        "0":0.3340471825
    },
    "AND Gateway":{
        "0":0.4997518656
    },
    "All":{
        "0":0.1559117505
    }
}