{
    "Actor":{
        "0":0.1128404669,
        "1":0.1299810247,
        "2":0.1276978417,
        "3":0.1315789474,
        "4":0.1191611058
    },
    "Activity":{
        "0":0.3442622951,
        "1":0.3839122486,
        "2":0.3886986301,
        "3":0.368,
        "4":0.3933209647
    },
    "Activity Data":{
        "0":0.1762025316,
        "1":0.1990632319,
        "2":0.2052216151,
        "3":0.1988338192,
        "4":0.2075949367
    },
    "Further Specification":{
        "0":0.4067278287,
        "1":0.4005847953,
        "2":0.4206349206,
        "3":0.2971311475,
        "4":0.5196850394
    },
    "XOR Gateway":{
        "0":0.0954773869,
        "1":0.1631205674,
        "2":0.1446540881,
        "3":0.1605839416,
        "4":0.0897435897
    },
    "Condition Specification":{
        "0":0.3462184874,
        "1":0.4727793696,
        "2":0.3533980583,
        "3":0.3881453155,
        "4":0.3398058252
    },
    "AND Gateway":{
        "0":0.5,
        "1":0.9230769231,
        "2":0.5714285714,
        "3":0.6,
        "4":0.6842105263
    },
    "All":{
        "0":0.158920835,
        "1":0.1839191141,
        "2":0.1821274665,
        "3":0.1737242128,
        "4":0.1811770428
    }
}