{
    "Actor":{
        "0":0.1242518773
    },
    "Activity":{
        "0":0.3756388277
    },
    "Activity Data":{
        "0":0.1973832269
    },
    "Further Specification":{
        "0":0.4089527463
    },
    "XOR Gateway":{
        "0":0.1307159147
    },
    "Condition Specification":{
        "0":0.3800694112
    },
    "AND Gateway":{
        "0":0.6557432042
    },
    "All":{
        "0":0.1759737342
    }
}