{
    "Actor":{
        "0":0.1129283489,
        "1":0.1405128205,
        "2":0.1368015414,
        "3":0.1461693548,
        "4":0.1352813853
    },
    "Activity":{
        "0":0.3553846154,
        "1":0.3874538745,
        "2":0.4068100358,
        "3":0.3938356164,
        "4":0.4282828283
    },
    "Activity Data":{
        "0":0.1803108808,
        "1":0.2199223803,
        "2":0.2163892446,
        "3":0.2078001219,
        "4":0.2381989833
    },
    "Further Specification":{
        "0":0.3236009732,
        "1":0.4335443038,
        "2":0.3382978723,
        "3":0.4107648725,
        "4":0.476534296
    },
    "XOR Gateway":{
        "0":0.1055555556,
        "1":0.1411042945,
        "2":0.1474358974,
        "3":0.1428571429,
        "4":0.1076923077
    },
    "Condition Specification":{
        "0":0.3725135624,
        "1":0.3518123667,
        "2":0.3339449541,
        "3":0.3458262351,
        "4":0.4581151832
    },
    "AND Gateway":{
        "0":0.65,
        "1":0.6666666667,
        "2":0.6153846154,
        "3":0.5,
        "4":0.7647058824
    },
    "All":{
        "0":0.1605011933,
        "1":0.1896252172,
        "2":0.1849378167,
        "3":0.1848001848,
        "4":0.2068295391
    }
}