{
    "Actor":{
        "0":0.5974917111
    },
    "Activity":{
        "0":0.7003609609
    },
    "Activity Data":{
        "0":0.6466361746
    },
    "Further Specification":{
        "0":0.8054388064
    },
    "XOR Gateway":{
        "0":0.6460659251
    },
    "Condition Specification":{
        "0":0.741412556
    },
    "AND Gateway":{
        "0":0.8628571429
    },
    "All":{
        "0":0.6520878066
    }
}