{
    "Actor":{
        "0":0.6954436451,
        "1":0.6935483871,
        "2":0.6987522282,
        "3":0.6906906907,
        "4":0.6879293425
    },
    "Activity":{
        "0":0.74609375,
        "1":0.7555228277,
        "2":0.7772795217,
        "3":0.7873754153,
        "4":0.7808
    },
    "Activity Data":{
        "0":0.7965941343,
        "1":0.8043151029,
        "2":0.7753113156,
        "3":0.7853982301,
        "4":0.796222095
    },
    "Further Specification":{
        "0":0.9207459207,
        "1":0.9282511211,
        "2":0.931237721,
        "3":0.9159891599,
        "4":0.9525139665
    },
    "XOR Gateway":{
        "0":0.8076923077,
        "1":0.7608695652,
        "2":0.8791208791,
        "3":0.828125,
        "4":0.8170731707
    },
    "Condition Specification":{
        "0":0.9345238095,
        "1":0.9144050104,
        "2":0.916967509,
        "3":0.9295532646,
        "4":0.9251968504
    },
    "AND Gateway":{
        "0":0.9545454545,
        "1":1.0,
        "2":0.9285714286,
        "3":0.9090909091,
        "4":1.0
    },
    "All":{
        "0":0.7787313433,
        "1":0.7846919726,
        "2":0.7756970454,
        "3":0.7792559188,
        "4":0.7808911346
    }
}