{
    "Actor":{
        "0":0.681393373
    },
    "Activity":{
        "0":0.7331051669
    },
    "Activity Data":{
        "0":0.7868073495
    },
    "Further Specification":{
        "0":0.9223515317
    },
    "XOR Gateway":{
        "0":0.7808511944
    },
    "Condition Specification":{
        "0":0.924912401
    },
    "AND Gateway":{
        "0":0.8849865047
    },
    "All":{
        "0":0.770427397
    }
}