{
    "Actor":{
        "0":0.572427444
    },
    "Activity":{
        "0":0.6695034843
    },
    "Activity Data":{
        "0":0.6247509198
    },
    "Further Specification":{
        "0":0.6866607485
    },
    "XOR Gateway":{
        "0":0.6240689513
    },
    "Condition Specification":{
        "0":0.7047289324
    },
    "AND Gateway":{
        "0":0.7914102564
    },
    "All":{
        "0":0.6188691771
    }
}