{
    "Actor":{
        "0":0.6862222222,
        "1":0.6993318486,
        "2":0.6879505664,
        "3":0.7430051813,
        "4":0.6796536797
    },
    "Activity":{
        "0":0.7630402385,
        "1":0.8080438757,
        "2":0.801369863,
        "3":0.7792,
        "4":0.7959183673
    },
    "Activity Data":{
        "0":0.7868937049,
        "1":0.8166666667,
        "2":0.7835178352,
        "3":0.7892537313,
        "4":0.8076923077
    },
    "Further Specification":{
        "0":0.9113149847,
        "1":0.9210526316,
        "2":0.9232804233,
        "3":0.9344262295,
        "4":0.9291338583
    },
    "XOR Gateway":{
        "0":0.7894736842,
        "1":0.7808219178,
        "2":0.8648648649,
        "3":0.828125,
        "4":0.7605633803
    },
    "Condition Specification":{
        "0":0.9277310924,
        "1":0.9224137931,
        "2":0.9163424125,
        "3":0.9097888676,
        "4":0.9259259259
    },
    "AND Gateway":{
        "0":0.95,
        "1":1.0,
        "2":1.0,
        "3":1.0,
        "4":1.0
    },
    "All":{
        "0":0.7696499686,
        "1":0.7950230888,
        "2":0.7780986763,
        "3":0.7942936033,
        "4":0.7790397522
    }
}