{
    "Actor":{
        "0":0.6777455975
    },
    "Activity":{
        "0":0.732890114
    },
    "Activity Data":{
        "0":0.7891286496
    },
    "Further Specification":{
        "0":0.9308574342
    },
    "XOR Gateway":{
        "0":0.7871803137
    },
    "Condition Specification":{
        "0":0.9310414854
    },
    "AND Gateway":{
        "0":0.9297186147
    },
    "All":{
        "0":0.7721729622
    }
}