{
    "Actor":{
        "0":0.5544455544,
        "1":0.5965517241,
        "2":0.584717608,
        "3":0.6257594168,
        "4":0.625984252
    },
    "Activity":{
        "0":0.6441223833,
        "1":0.6839186691,
        "2":0.7307692308,
        "3":0.6961325967,
        "4":0.7468619247
    },
    "Activity Data":{
        "0":0.6201413428,
        "1":0.6426292278,
        "2":0.6194516971,
        "3":0.6420492349,
        "4":0.7089093702
    },
    "Further Specification":{
        "0":0.7306501548,
        "1":0.8078175896,
        "2":0.8443113772,
        "3":0.7623188406,
        "4":0.8820960699
    },
    "XOR Gateway":{
        "0":0.5581395349,
        "1":0.5595238095,
        "2":0.7142857143,
        "3":0.6615384615,
        "4":0.7368421053
    },
    "Condition Specification":{
        "0":0.7158273381,
        "1":0.688221709,
        "2":0.7116564417,
        "3":0.7528957529,
        "4":0.8384615385
    },
    "AND Gateway":{
        "0":0.6,
        "1":0.7142857143,
        "2":1.0,
        "3":1.0,
        "4":1.0
    },
    "All":{
        "0":0.6106852497,
        "1":0.6438679245,
        "2":0.6428015564,
        "3":0.6572930355,
        "4":0.7057912666
    }
}