{
    "Actor":{
        "0":0.6233769678
    },
    "Activity":{
        "0":0.6749057715
    },
    "Activity Data":{
        "0":0.7598826963
    },
    "Further Specification":{
        "0":0.9056827536
    },
    "XOR Gateway":{
        "0":0.7498306947
    },
    "Condition Specification":{
        "0":0.9246239323
    },
    "AND Gateway":{
        "0":0.9245320197
    },
    "All":{
        "0":0.7368059701
    }
}