{
    "Actor":{
        "0":0.6780523256,
        "1":0.6909090909,
        "2":0.6802368616,
        "3":0.7099533437,
        "4":0.6827004219
    },
    "Activity":{
        "0":0.7437425507,
        "1":0.7631578947,
        "2":0.7422934649,
        "3":0.7196149218,
        "4":0.730820996
    },
    "Activity Data":{
        "0":0.7855652899,
        "1":0.8114678899,
        "2":0.7596968346,
        "3":0.7802730075,
        "4":0.8109696376
    },
    "Further Specification":{
        "0":0.912,
        "1":0.9153846154,
        "2":0.9005524862,
        "3":0.9074410163,
        "4":0.9343832021
    },
    "XOR Gateway":{
        "0":0.7247706422,
        "1":0.7604166667,
        "2":0.8425925926,
        "3":0.7659574468,
        "4":0.7623762376
    },
    "Condition Specification":{
        "0":0.9252217997,
        "1":0.9415448852,
        "2":0.9281914894,
        "3":0.9292565947,
        "4":0.928057554
    },
    "AND Gateway":{
        "0":1.0,
        "1":0.9333333333,
        "2":0.9230769231,
        "3":0.8125,
        "4":1.0
    },
    "All":{
        "0":0.7662887121,
        "1":0.7857423409,
        "2":0.7586325374,
        "3":0.7756246813,
        "4":0.7799922601
    }
}