{
    "Actor":{
        "0":0.6379310345,
        "1":0.673151751,
        "2":0.638452237,
        "3":0.6885026738,
        "4":0.6570247934
    },
    "Activity":{
        "0":0.7518796992,
        "1":0.7805907173,
        "2":0.7676767677,
        "3":0.7826086957,
        "4":0.7611940299
    },
    "Activity Data":{
        "0":0.7071860309,
        "1":0.7415316642,
        "2":0.6977941176,
        "3":0.726109857,
        "4":0.7443548387
    },
    "Further Specification":{
        "0":0.8027210884,
        "1":0.8920863309,
        "2":0.8493975904,
        "3":0.9163763066,
        "4":0.8706896552
    },
    "XOR Gateway":{
        "0":0.7384615385,
        "1":0.6184210526,
        "2":0.7142857143,
        "3":0.8431372549,
        "4":0.75
    },
    "Condition Specification":{
        "0":0.8540772532,
        "1":0.8514285714,
        "2":0.7927107062,
        "3":0.8666666667,
        "4":0.8363171355
    },
    "AND Gateway":{
        "0":1.0,
        "1":0.7692307692,
        "2":0.5833333333,
        "3":1.0,
        "4":1.0
    },
    "All":{
        "0":0.7052038627,
        "1":0.740060241,
        "2":0.700990099,
        "3":0.7452324195,
        "4":0.72928
    }
}