{
    "Actor":{
        "0":0.6652452026,
        "1":0.7212020033,
        "2":0.7044534413,
        "3":0.6912863071,
        "4":0.6840148699
    },
    "Activity":{
        "0":0.7325301205,
        "1":0.7602179837,
        "2":0.7700534759,
        "3":0.743083004,
        "4":0.7639296188
    },
    "Activity Data":{
        "0":0.7745713091,
        "1":0.8037249284,
        "2":0.7787821123,
        "3":0.7825091575,
        "4":0.8170930866
    },
    "Further Specification":{
        "0":0.8928571429,
        "1":0.9159836066,
        "2":0.9118165785,
        "3":0.9156327543,
        "4":0.953125
    },
    "XOR Gateway":{
        "0":0.7572815534,
        "1":0.7549019608,
        "2":0.8557692308,
        "3":0.829787234,
        "4":0.8023255814
    },
    "Condition Specification":{
        "0":0.9295392954,
        "1":0.9437148218,
        "2":0.9206842924,
        "3":0.9170918367,
        "4":0.9255150555
    },
    "AND Gateway":{
        "0":1.0,
        "1":0.9333333333,
        "2":1.0,
        "3":1.0,
        "4":1.0
    },
    "All":{
        "0":0.7538746631,
        "1":0.7931835786,
        "2":0.7795231935,
        "3":0.7741046832,
        "4":0.791003607
    }
}