{
    "Actor":{
        "0":0.4538687827
    },
    "Activity":{
        "0":0.4746907047
    },
    "Activity Data":{
        "0":0.6248748264
    },
    "Further Specification":{
        "0":0.8437617355
    },
    "XOR Gateway":{
        "0":0.5813280636
    },
    "Condition Specification":{
        "0":0.8645824656
    },
    "AND Gateway":{
        "0":0.769512987
    },
    "All":{
        "0":0.6013108496
    }
}