{
    "Actor":{
        "0":0.7149425287,
        "1":0.7341115435,
        "2":0.7097944377,
        "3":0.743315508,
        "4":0.7272727273
    },
    "Activity":{
        "0":0.8157894737,
        "1":0.8375527426,
        "2":0.8262626263,
        "3":0.8405797101,
        "4":0.842217484
    },
    "Activity Data":{
        "0":0.7777031565,
        "1":0.8114874816,
        "2":0.775,
        "3":0.7802859293,
        "4":0.8209677419
    },
    "Further Specification":{
        "0":0.9183673469,
        "1":0.9460431655,
        "2":0.921686747,
        "3":0.9163763066,
        "4":0.9568965517
    },
    "XOR Gateway":{
        "0":0.7538461538,
        "1":0.8157894737,
        "2":0.8571428571,
        "3":0.8431372549,
        "4":0.7678571429
    },
    "Condition Specification":{
        "0":0.9163090129,
        "1":0.9314285714,
        "2":0.9134396355,
        "3":0.9133333333,
        "4":0.905370844
    },
    "AND Gateway":{
        "0":1.0,
        "1":1.0,
        "2":1.0,
        "3":1.0,
        "4":1.0
    },
    "All":{
        "0":0.7768240343,
        "1":0.8093373494,
        "2":0.7813295615,
        "3":0.7935041716,
        "4":0.80352
    }
}