{
    "Actor":{
        "0":0.6883704087
    },
    "Activity":{
        "0":0.7399259656
    },
    "Activity Data":{
        "0":0.7895945319
    },
    "Further Specification":{
        "0":0.913952264
    },
    "XOR Gateway":{
        "0":0.7712227172
    },
    "Condition Specification":{
        "0":0.9304544646
    },
    "AND Gateway":{
        "0":0.9337820513
    },
    "All":{
        "0":0.7732561064
    }
}