{
    "0.0":{
        "0.25":0.2378511926,
        "0.5":0.2378511926,
        "0.75":0.2378511926,
        "1.0":0.2378511926
    },
    "0.1":{
        "0.25":0.2259760366,
        "0.5":0.223571288,
        "0.75":0.2264424142,
        "1.0":0.229070319
    },
    "0.2":{
        "0.25":0.20508225,
        "0.5":0.2130806548,
        "0.75":0.2135714112,
        "1.0":0.2141208321
    },
    "0.3":{
        "0.25":0.1981296737,
        "0.5":0.2028656113,
        "0.75":0.2126653798,
        "1.0":0.2103222357
    },
    "0.4":{
        "0.25":0.1872513197,
        "0.5":0.1891766489,
        "0.75":0.1974772134,
        "1.0":0.196608354
    },
    "0.5":{
        "0.25":0.172063292,
        "0.5":0.1826899797,
        "0.75":0.1823916591,
        "1.0":0.1889072054
    },
    "0.6":{
        "0.25":0.1615219124,
        "0.5":0.1739552688,
        "0.75":0.1767351638,
        "1.0":0.1807787943
    },
    "0.7":{
        "0.25":0.1540269838,
        "0.5":0.1653240038,
        "0.75":0.1707586259,
        "1.0":0.1728378599
    },
    "0.8":{
        "0.25":0.149654222,
        "0.5":0.1601457949,
        "0.75":0.1657051353,
        "1.0":0.1671373475
    },
    "0.9":{
        "0.25":0.1428068151,
        "0.5":0.1517906811,
        "0.75":0.1569130757,
        "1.0":0.162922443
    },
    "1.0":{
        "0.25":0.1363296046,
        "0.5":0.1468482209,
        "0.75":0.1515441307,
        "1.0":0.1559866174
    },
    "1.25":{
        "0.25":0.1232037244,
        "0.5":0.1336349645,
        "0.75":0.1385041651,
        "1.0":0.1393265383
    },
    "1.5":{
        "0.25":0.1127085629,
        "0.5":0.122964088,
        "0.75":0.1237923435,
        "1.0":0.127283491
    },
    "1.75":{
        "0.25":0.1057539341,
        "0.5":0.1126926366,
        "0.75":0.1171901017,
        "1.0":0.1162854843
    },
    "2.0":{
        "0.25":0.0976223353,
        "0.5":0.1034797485,
        "0.75":0.107346007,
        "1.0":0.1090042944
    },
    "3.0":{
        "0.25":0.0762347051,
        "0.5":0.081107215,
        "0.75":0.0826438336,
        "1.0":0.0831446842
    },
    "4.0":{
        "0.25":0.0630070509,
        "0.5":0.0661434523,
        "0.75":0.0669526714,
        "1.0":0.0675476819
    },
    "5.0":{
        "0.25":0.0537050268,
        "0.5":0.0558496701,
        "0.75":0.0566254727,
        "1.0":0.0562961612
    },
    "7.0":{
        "0.25":0.0413615582,
        "0.5":0.0427771165,
        "0.75":0.0428058984,
        "1.0":0.0424247567
    },
    "10.0":{
        "0.25":0.030884594,
        "0.5":0.0315457266,
        "0.75":0.0312899515,
        "1.0":0.0308481532
    }
}