{
    "0.0":{
        "0.25":0.0,
        "0.5":0.0,
        "0.75":0.0,
        "1.0":0.0
    },
    "0.1":{
        "0.25":0.0026347319,
        "0.5":0.0067279604,
        "0.75":0.0089943754,
        "1.0":0.0094036893
    },
    "0.2":{
        "0.25":0.0062901973,
        "0.5":0.0094335892,
        "0.75":0.0155126277,
        "1.0":0.0178898599
    },
    "0.3":{
        "0.25":0.0092418227,
        "0.5":0.014608794,
        "0.75":0.0194200883,
        "1.0":0.0211531654
    },
    "0.4":{
        "0.25":0.0122413624,
        "0.5":0.0184834762,
        "0.75":0.0220687645,
        "1.0":0.02741178
    },
    "0.5":{
        "0.25":0.0137389432,
        "0.5":0.0214089725,
        "0.75":0.027065161,
        "1.0":0.0301066471
    },
    "0.6":{
        "0.25":0.014619262,
        "0.5":0.0238102378,
        "0.75":0.0270366139,
        "1.0":0.0297219584
    },
    "0.7":{
        "0.25":0.0160886872,
        "0.5":0.0237875791,
        "0.75":0.0304473753,
        "1.0":0.0338107888
    },
    "0.8":{
        "0.25":0.0174061988,
        "0.5":0.0248077764,
        "0.75":0.0306704016,
        "1.0":0.0348857464
    },
    "0.9":{
        "0.25":0.0178919848,
        "0.5":0.0257947356,
        "0.75":0.0312000551,
        "1.0":0.0365238479
    },
    "1.0":{
        "0.25":0.0174040083,
        "0.5":0.0279226246,
        "0.75":0.0326185344,
        "1.0":0.0370610211
    },
    "1.25":{
        "0.25":0.0183761969,
        "0.5":0.0267451956,
        "0.75":0.0312586105,
        "1.0":0.0343821975
    },
    "1.5":{
        "0.25":0.0185011317,
        "0.5":0.0265709355,
        "0.75":0.0296303684,
        "1.0":0.0320334515
    },
    "1.75":{
        "0.25":0.0190761629,
        "0.5":0.0258250541,
        "0.75":0.0294866359,
        "1.0":0.0307395054
    },
    "2.0":{
        "0.25":0.0183386044,
        "0.5":0.0241960176,
        "0.75":0.0280622761,
        "1.0":0.0297205635
    },
    "3.0":{
        "0.25":0.016771907,
        "0.5":0.0216444169,
        "0.75":0.0231810355,
        "1.0":0.0236818861
    },
    "4.0":{
        "0.25":0.0154368124,
        "0.5":0.0185732138,
        "0.75":0.0193824329,
        "1.0":0.0199774434
    },
    "5.0":{
        "0.25":0.0140631614,
        "0.5":0.0162078047,
        "0.75":0.0169836073,
        "1.0":0.0166542958
    },
    "7.0":{
        "0.25":0.0116301591,
        "0.5":0.0130457174,
        "0.75":0.0130744993,
        "1.0":0.0126933576
    },
    "10.0":{
        "0.25":0.0092617583,
        "0.5":0.0099228909,
        "0.75":0.0096671158,
        "1.0":0.0092253175
    }
}