{
    "0.0":{
        "0.25":0.2378511926,
        "0.5":0.2378511926,
        "0.75":0.2378511926,
        "1.0":0.2378511926
    },
    "0.1":{
        "0.25":0.2233413047,
        "0.5":0.2233413047,
        "0.75":0.2233413047,
        "1.0":0.2196666297
    },
    "0.2":{
        "0.25":0.1987920527,
        "0.5":0.1987920527,
        "0.75":0.1987920527,
        "1.0":0.1962309722
    },
    "0.3":{
        "0.25":0.188887851,
        "0.5":0.188887851,
        "0.75":0.188887851,
        "1.0":0.1891690703
    },
    "0.4":{
        "0.25":0.1750099573,
        "0.5":0.1750099573,
        "0.75":0.1750099573,
        "1.0":0.169196574
    },
    "0.5":{
        "0.25":0.1583243488,
        "0.5":0.1583243488,
        "0.75":0.1583243488,
        "1.0":0.1588005583
    },
    "0.6":{
        "0.25":0.1469026504,
        "0.5":0.1469026504,
        "0.75":0.1469026504,
        "1.0":0.1510568359
    },
    "0.7":{
        "0.25":0.1379382966,
        "0.5":0.1379382966,
        "0.75":0.1379382966,
        "1.0":0.1390270711
    },
    "0.8":{
        "0.25":0.1322480232,
        "0.5":0.1322480232,
        "0.75":0.1322480232,
        "1.0":0.1322516011
    },
    "0.9":{
        "0.25":0.1249148303,
        "0.5":0.1249148303,
        "0.75":0.1249148303,
        "1.0":0.1263985951
    },
    "1.0":{
        "0.25":0.1189255963,
        "0.5":0.1189255963,
        "0.75":0.1189255963,
        "1.0":0.1189255963
    },
    "1.25":{
        "0.25":0.1048275275,
        "0.5":0.1048275275,
        "0.75":0.1048275275,
        "1.0":0.1049443408
    },
    "1.5":{
        "0.25":0.0942074312,
        "0.5":0.0942074312,
        "0.75":0.0942074312,
        "1.0":0.0952500395
    },
    "1.75":{
        "0.25":0.0866777712,
        "0.5":0.0866777712,
        "0.75":0.0866777712,
        "1.0":0.0855459789
    },
    "2.0":{
        "0.25":0.0792837309,
        "0.5":0.0792837309,
        "0.75":0.0792837309,
        "1.0":0.0792837309
    },
    "3.0":{
        "0.25":0.0594627981,
        "0.5":0.0594627981,
        "0.75":0.0594627981,
        "1.0":0.0594627981
    },
    "4.0":{
        "0.25":0.0475702385,
        "0.5":0.0475702385,
        "0.75":0.0475702385,
        "1.0":0.0475702385
    },
    "5.0":{
        "0.25":0.0396418654,
        "0.5":0.0396418654,
        "0.75":0.0396418654,
        "1.0":0.0396418654
    },
    "7.0":{
        "0.25":0.0297313991,
        "0.5":0.0297313991,
        "0.75":0.0297313991,
        "1.0":0.0297313991
    },
    "10.0":{
        "0.25":0.0216228357,
        "0.5":0.0216228357,
        "0.75":0.0216228357,
        "1.0":0.0216228357
    }
}