{
    "Bleu Score":{
        "0":0.0588602192,
        "1":0.2639225643,
        "2":0.2708065905,
        "3":0.117308832,
        "4":0.1503476009
    }
}