{
    "Bleu Score":{
        "0":0.140946942,
        "1":0.1793962484,
        "2":0.0884246301,
        "3":0.1854381123,
        "4":0.1288772922
    }
}