{
    "Bleu Score":{
        "0":0.8648397434,
        "1":0.847483863,
        "2":0.8544184571,
        "3":0.8496790208,
        "4":0.1713312183
    }
}