{
    "Actor":{
        "0":0.0423626754
    },
    "Activity":{
        "0":0.0818723077
    },
    "Activity Data":{
        "0":0.0586807868
    },
    "Further Specification":{
        "0":0.1076605855
    },
    "XOR Gateway":{
        "0":0.0263874617
    },
    "Condition Specification":{
        "0":0.0912757104
    },
    "AND Gateway":{
        "0":0.1287739085
    },
    "All":{
        "0":0.0427771165
    }
}