{
    "Actor":{
        "0":0.1097653293,
        "1":0.1201754386,
        "2":0.110162917,
        "3":0.1267482517,
        "4":0.1086956522
    },
    "Activity":{
        "0":0.3367346939,
        "1":0.340356564,
        "2":0.3449848024,
        "3":0.3588143526,
        "4":0.3338582677
    },
    "Activity Data":{
        "0":0.1700048852,
        "1":0.1942857143,
        "2":0.177148847,
        "3":0.1897607123,
        "4":0.1819190238
    },
    "Further Specification":{
        "0":0.386627907,
        "1":0.3127853881,
        "2":0.3063583815,
        "3":0.3805774278,
        "4":0.4551724138
    },
    "XOR Gateway":{
        "0":0.1,
        "1":0.1352941176,
        "2":0.1419753086,
        "3":0.1358024691,
        "4":0.0736842105
    },
    "Condition Specification":{
        "0":0.3228840125,
        "1":0.3563714903,
        "2":0.3433962264,
        "3":0.3481989708,
        "4":0.3022452504
    },
    "AND Gateway":{
        "0":0.4814814815,
        "1":0.8571428571,
        "2":0.4444444444,
        "3":0.3913043478,
        "4":0.4642857143
    },
    "All":{
        "0":0.1536264991,
        "1":0.1663763066,
        "2":0.1579464988,
        "3":0.1690974424,
        "4":0.1593582888
    }
}