{
    "Actor":{
        "0":0.1062992126,
        "1":0.1125628141,
        "2":0.1103074141,
        "3":0.1173076923,
        "4":0.1160714286
    },
    "Activity":{
        "0":0.2165122157,
        "1":0.2315270936,
        "2":0.2211280215,
        "3":0.2233009709,
        "4":0.2209414025
    },
    "Activity Data":{
        "0":0.1449108683,
        "1":0.155848329,
        "2":0.1520342612,
        "3":0.1542666262,
        "4":0.1619502216
    },
    "Further Specification":{
        "0":0.2861896839,
        "1":0.2902155887,
        "2":0.2590206186,
        "3":0.2405063291,
        "4":0.3153846154
    },
    "XOR Gateway":{
        "0":0.0648148148,
        "1":0.0905797101,
        "2":0.0847457627,
        "3":0.088028169,
        "4":0.0559440559
    },
    "Condition Specification":{
        "0":0.2388475836,
        "1":0.2665816327,
        "2":0.2397191575,
        "3":0.2354031511,
        "4":0.254587156
    },
    "AND Gateway":{
        "0":0.3409090909,
        "1":0.5,
        "2":0.3214285714,
        "3":0.3636363636,
        "4":0.3658536585
    },
    "All":{
        "0":0.1176078257,
        "1":0.1269536254,
        "2":0.120657925,
        "3":0.1212609296,
        "4":0.1283401343
    }
}