{
    "Actor":{
        "0":0.0937297996,
        "1":0.1083003953,
        "2":0.0994397759,
        "3":0.1027639972,
        "4":0.09765625
    },
    "Activity":{
        "0":0.2883895131,
        "1":0.3065693431,
        "2":0.3113854595,
        "3":0.3006535948,
        "4":0.3164179104
    },
    "Activity Data":{
        "0":0.1493562232,
        "1":0.1660967269,
        "2":0.1600378788,
        "3":0.1520285332,
        "4":0.170744404
    },
    "Further Specification":{
        "0":0.2686868687,
        "1":0.3925501433,
        "2":0.2960893855,
        "3":0.2767175573,
        "4":0.3707865169
    },
    "XOR Gateway":{
        "0":0.0931372549,
        "1":0.118556701,
        "2":0.1133004926,
        "3":0.1145833333,
        "4":0.0833333333
    },
    "Condition Specification":{
        "0":0.286908078,
        "1":0.2972972973,
        "2":0.2668621701,
        "3":0.2713903743,
        "4":0.3228782288
    },
    "AND Gateway":{
        "0":0.6842105263,
        "1":0.6666666667,
        "2":0.3636363636,
        "3":0.4090909091,
        "4":0.5909090909
    },
    "All":{
        "0":0.1319921492,
        "1":0.1494230393,
        "2":0.1405566252,
        "3":0.1354784081,
        "4":0.1502319016
    }
}