{
    "Actor":{
        "0":0.0580464371,
        "1":0.0625570776,
        "2":0.0620900743,
        "3":0.0693448111,
        "4":0.0613346418
    },
    "Activity":{
        "0":0.1751326763,
        "1":0.1811906816,
        "2":0.1879139073,
        "3":0.1929530201,
        "4":0.1835497835
    },
    "Activity Data":{
        "0":0.0908853487,
        "1":0.0975609756,
        "2":0.0979426253,
        "3":0.100088054,
        "4":0.1025320413
    },
    "Further Specification":{
        "0":0.202435312,
        "1":0.1869031378,
        "2":0.2048969072,
        "3":0.1972789116,
        "4":0.2291666667
    },
    "XOR Gateway":{
        "0":0.051212938,
        "1":0.0721003135,
        "2":0.0714285714,
        "3":0.073089701,
        "4":0.0433436533
    },
    "Condition Specification":{
        "0":0.1715237302,
        "1":0.1892201835,
        "2":0.1683626272,
        "3":0.1720338983,
        "4":0.168756027
    },
    "AND Gateway":{
        "0":0.2708333333,
        "1":0.3870967742,
        "2":0.2222222222,
        "3":0.2571428571,
        "4":0.2765957447
    },
    "All":{
        "0":0.0813262118,
        "1":0.0869268404,
        "2":0.0876541862,
        "3":0.0894754502,
        "4":0.0889552239
    }
}