{
    "Actor":{
        "0":0.1474297086
    },
    "Activity":{
        "0":0.3548668224
    },
    "Activity Data":{
        "0":0.2172301704
    },
    "Further Specification":{
        "0":0.403331321
    },
    "XOR Gateway":{
        "0":0.1252654512
    },
    "Condition Specification":{
        "0":0.3655234145
    },
    "AND Gateway":{
        "0":0.5494708995
    },
    "All":{
        "0":0.1826899797
    }
}