{
    "Actor":{
        "0":0.1583563327
    },
    "Activity":{
        "0":0.4397443452
    },
    "Activity Data":{
        "0":0.2451497794
    },
    "Further Specification":{
        "0":0.482795191
    },
    "XOR Gateway":{
        "0":0.1481141521
    },
    "Condition Specification":{
        "0":0.4264567111
    },
    "AND Gateway":{
        "0":0.7330949168
    },
    "All":{
        "0":0.2130806548
    }
}