{
    "Actor":{
        "0":0.1516007533,
        "1":0.1748013621,
        "2":0.1655844156,
        "3":0.1810841984,
        "4":0.1559405941
    },
    "Activity":{
        "0":0.414159292,
        "1":0.4393305439,
        "2":0.4852320675,
        "3":0.4946466809,
        "4":0.4953703704
    },
    "Activity Data":{
        "0":0.2307225258,
        "1":0.2507062147,
        "2":0.2600574713,
        "3":0.262295082,
        "4":0.2688870837
    },
    "Further Specification":{
        "0":0.4858156028,
        "1":0.4896551724,
        "2":0.4578651685,
        "3":0.4949152542,
        "4":0.6226415094
    },
    "XOR Gateway":{
        "0":0.1220930233,
        "1":0.1755725191,
        "2":0.2,
        "3":0.188034188,
        "4":0.1157024793
    },
    "Condition Specification":{
        "0":0.4095238095,
        "1":0.472826087,
        "2":0.459057072,
        "3":0.4543429844,
        "4":0.4820936639
    },
    "AND Gateway":{
        "0":0.56,
        "1":1.0,
        "2":0.5714285714,
        "3":0.6,
        "4":0.8125
    },
    "All":{
        "0":0.1996259935,
        "1":0.2234340045,
        "2":0.2283464567,
        "3":0.2311373874,
        "4":0.2353125982
    }
}