{
    "Actor":{
        "0":0.1522309711,
        "1":0.1523904382,
        "2":0.1516908213,
        "3":0.1553672316,
        "4":0.1494370522
    },
    "Activity":{
        "0":0.406462585,
        "1":0.4086629002,
        "2":0.4186471664,
        "3":0.4054982818,
        "4":0.4285714286
    },
    "Activity Data":{
        "0":0.2276657061,
        "1":0.2325721154,
        "2":0.23514377,
        "3":0.2195945946,
        "4":0.257883672
    },
    "Further Specification":{
        "0":0.4410876133,
        "1":0.4423676012,
        "2":0.4941520468,
        "3":0.4531722054,
        "4":0.53515625
    },
    "XOR Gateway":{
        "0":0.1204819277,
        "1":0.1691176471,
        "2":0.16,
        "3":0.1509433962,
        "4":0.1095890411
    },
    "Condition Specification":{
        "0":0.4122137405,
        "1":0.4707520891,
        "2":0.3675373134,
        "3":0.3522012579,
        "4":0.4136363636
    },
    "AND Gateway":{
        "0":0.5909090909,
        "1":0.8571428571,
        "2":0.5294117647,
        "3":0.5294117647,
        "4":0.6666666667
    },
    "All":{
        "0":0.1976047904,
        "1":0.205013651,
        "2":0.2051526718,
        "3":0.1917598071,
        "4":0.214797136
    }
}