{
    "Actor":{
        "0":0.1492309923
    },
    "Activity":{
        "0":0.3716093205
    },
    "Activity Data":{
        "0":0.2206241822
    },
    "Further Specification":{
        "0":0.4418095065
    },
    "XOR Gateway":{
        "0":0.1294601242
    },
    "Condition Specification":{
        "0":0.376434029
    },
    "AND Gateway":{
        "0":0.5299727669
    },
    "All":{
        "0":0.1891766489
    }
}