{
    "Actor":{
        "0":0.1658022647
    },
    "Activity":{
        "0":0.465747791
    },
    "Activity Data":{
        "0":0.2545336755
    },
    "Further Specification":{
        "0":0.5101785415
    },
    "XOR Gateway":{
        "0":0.1602804419
    },
    "Condition Specification":{
        "0":0.4555687234
    },
    "AND Gateway":{
        "0":0.7087857143
    },
    "All":{
        "0":0.223571288
    }
}