{
    "Actor":{
        "0":0.1344476854
    },
    "Activity":{
        "0":0.4039642829
    },
    "Activity Data":{
        "0":0.2111467915
    },
    "Further Specification":{
        "0":0.4520677685
    },
    "XOR Gateway":{
        "0":0.1342328005
    },
    "Condition Specification":{
        "0":0.3836965335
    },
    "AND Gateway":{
        "0":0.6254927426
    },
    "All":{
        "0":0.1882568173
    }
}