{
    "Actor":{
        "0":0.5254658385,
        "1":0.5444444444,
        "2":0.5190288714,
        "3":0.5523215523,
        "4":0.5397178916
    },
    "Activity":{
        "0":0.4957894737,
        "1":0.5052264808,
        "2":0.5028441411,
        "3":0.5,
        "4":0.5042321644
    },
    "Activity Data":{
        "0":0.5730824891,
        "1":0.5956862745,
        "2":0.5563880126,
        "3":0.5803921569,
        "4":0.6262365591
    },
    "Further Specification":{
        "0":0.6313799622,
        "1":0.6479400749,
        "2":0.6176,
        "3":0.6260720412,
        "4":0.6782407407
    },
    "XOR Gateway":{
        "0":0.4919354839,
        "1":0.4583333333,
        "2":0.5964912281,
        "3":0.568627451,
        "4":0.5185185185
    },
    "Condition Specification":{
        "0":0.6228765572,
        "1":0.6144393241,
        "2":0.6128205128,
        "3":0.6316397229,
        "4":0.5983606557
    },
    "AND Gateway":{
        "0":0.5833333333,
        "1":0.65,
        "2":0.6428571429,
        "3":0.5,
        "4":0.7391304348
    },
    "All":{
        "0":0.5470656595,
        "1":0.5662240933,
        "2":0.5414091471,
        "3":0.5615885821,
        "4":0.5742147049
    }
}