{
    "Actor":{
        "0":0.4134224763
    },
    "Activity":{
        "0":0.4872648415
    },
    "Activity Data":{
        "0":0.4507651713
    },
    "Further Specification":{
        "0":0.5115419282
    },
    "XOR Gateway":{
        "0":0.489870492
    },
    "Condition Specification":{
        "0":0.5313826737
    },
    "AND Gateway":{
        "0":0.7099033816
    },
    "All":{
        "0":0.4520911046
    }
}