{
    "Actor":{
        "0":0.6423484654
    },
    "Activity":{
        "0":0.7165027379
    },
    "Activity Data":{
        "0":0.7036477965
    },
    "Further Specification":{
        "0":0.8372166762
    },
    "XOR Gateway":{
        "0":0.7060338209
    },
    "Condition Specification":{
        "0":0.7875262122
    },
    "AND Gateway":{
        "0":0.8185314685
    },
    "All":{
        "0":0.6963828993
    }
}