{
    "Actor":{
        "0":0.4355692851,
        "1":0.4725163893,
        "2":0.4642175573,
        "3":0.4948347107,
        "4":0.4763925729
    },
    "Activity":{
        "0":0.388342165,
        "1":0.4082687339,
        "2":0.3966942149,
        "3":0.4108786611,
        "4":0.3915298185
    },
    "Activity Data":{
        "0":0.4968022512,
        "1":0.5287485908,
        "2":0.486332574,
        "3":0.514459225,
        "4":0.5238386308
    },
    "Further Specification":{
        "0":0.5750371471,
        "1":0.5387700535,
        "2":0.5638432364,
        "3":0.5346666667,
        "4":0.5277310924
    },
    "XOR Gateway":{
        "0":0.3863636364,
        "1":0.4012345679,
        "2":0.4683544304,
        "3":0.437037037,
        "4":0.4358974359
    },
    "Condition Specification":{
        "0":0.5118949959,
        "1":0.5140291807,
        "2":0.4781818182,
        "3":0.5203996669,
        "4":0.4981060606
    },
    "AND Gateway":{
        "0":0.5675675676,
        "1":0.5,
        "2":0.3333333333,
        "3":0.4230769231,
        "4":0.3714285714
    },
    "All":{
        "0":0.4609936465,
        "1":0.4876159174,
        "2":0.4628712871,
        "3":0.4861510171,
        "4":0.4760912212
    }
}