{
    "Actor":{
        "0":0.4751491054,
        "1":0.4922190202,
        "2":0.4705882353,
        "3":0.5019115238,
        "4":0.5017709563
    },
    "Activity":{
        "0":0.4161752317,
        "1":0.4502463054,
        "2":0.42435094,
        "3":0.4263018535,
        "4":0.4207492795
    },
    "Activity Data":{
        "0":0.5267622112,
        "1":0.538587312,
        "2":0.5026422132,
        "3":0.5384854128,
        "4":0.5306334372
    },
    "Further Specification":{
        "0":0.6023294509,
        "1":0.5887230514,
        "2":0.5463917526,
        "3":0.5227848101,
        "4":0.5634615385
    },
    "XOR Gateway":{
        "0":0.4563758389,
        "1":0.4117647059,
        "2":0.4782608696,
        "3":0.4264705882,
        "4":0.4558823529
    },
    "Condition Specification":{
        "0":0.5464684015,
        "1":0.5588235294,
        "2":0.5366834171,
        "3":0.5455390335,
        "4":0.5454545455
    },
    "AND Gateway":{
        "0":0.4545454545,
        "1":0.619047619,
        "2":0.4705882353,
        "3":0.5652173913,
        "4":0.5714285714
    },
    "All":{
        "0":0.4934528725,
        "1":0.511292517,
        "2":0.4802191114,
        "3":0.5021312873,
        "4":0.500348335
    }
}