{
    "Actor":{
        "0":0.5267326733,
        "1":0.559094126,
        "2":0.5433070866,
        "3":0.5573649149,
        "4":0.5427018634
    },
    "Activity":{
        "0":0.5140291807,
        "1":0.5335775336,
        "2":0.5329192547,
        "3":0.51558753,
        "4":0.5176767677
    },
    "Activity Data":{
        "0":0.6022290546,
        "1":0.6120306823,
        "2":0.5790589233,
        "3":0.6010748243,
        "4":0.612522686
    },
    "Further Specification":{
        "0":0.6225680934,
        "1":0.655511811,
        "2":0.6935817805,
        "3":0.5982905983,
        "4":0.6821515892
    },
    "XOR Gateway":{
        "0":0.4833333333,
        "1":0.4915254237,
        "2":0.537037037,
        "3":0.623655914,
        "4":0.5294117647
    },
    "Condition Specification":{
        "0":0.641509434,
        "1":0.6610455312,
        "2":0.6136662286,
        "3":0.6405472637,
        "4":0.6049204052
    },
    "AND Gateway":{
        "0":0.5454545455,
        "1":0.5263157895,
        "2":0.6666666667,
        "3":0.8,
        "4":0.6956521739
    },
    "All":{
        "0":0.5624709707,
        "1":0.5861779048,
        "2":0.5639338731,
        "3":0.5713817407,
        "4":0.572154656
    }
}