{
    "Actor":{
        "0":0.4319779728
    },
    "Activity":{
        "0":0.5175474473
    },
    "Activity Data":{
        "0":0.4687502801
    },
    "Further Specification":{
        "0":0.5563666376
    },
    "XOR Gateway":{
        "0":0.50265736
    },
    "Condition Specification":{
        "0":0.5464371061
    },
    "AND Gateway":{
        "0":0.6788461538
    },
    "All":{
        "0":0.4732536521
    }
}