{
    "Actor":{
        "0":0.6218292338
    },
    "Activity":{
        "0":0.7372015482
    },
    "Activity Data":{
        "0":0.677361789
    },
    "Further Specification":{
        "0":0.8106862513
    },
    "XOR Gateway":{
        "0":0.7025038778
    },
    "Condition Specification":{
        "0":0.7784038935
    },
    "AND Gateway":{
        "0":0.878033078
    },
    "All":{
        "0":0.6804086541
    }
}