{
    "Actor":{
        "0":0.4120267261,
        "1":0.4796672828,
        "2":0.4247787611,
        "3":0.4190398698,
        "4":0.4243772242
    },
    "Activity":{
        "0":0.4993757803,
        "1":0.5401459854,
        "2":0.5212620027,
        "3":0.4941176471,
        "4":0.5328358209
    },
    "Activity Data":{
        "0":0.4596246181,
        "1":0.5012444002,
        "2":0.4566891242,
        "3":0.4396355353,
        "4":0.4865577227
    },
    "Further Specification":{
        "0":0.4767676768,
        "1":0.7106017192,
        "2":0.5251396648,
        "3":0.5019083969,
        "4":0.5674157303
    },
    "XOR Gateway":{
        "0":0.5393258427,
        "1":0.4795918367,
        "2":0.4901960784,
        "3":0.4725274725,
        "4":0.5316455696
    },
    "Condition Specification":{
        "0":0.5543175487,
        "1":0.5388788427,
        "2":0.5117647059,
        "3":0.5227882038,
        "4":0.6044362292
    },
    "AND Gateway":{
        "0":0.9230769231,
        "1":0.625,
        "2":0.5,
        "3":0.5,
        "4":0.8461538462
    },
    "All":{
        "0":0.4568995481,
        "1":0.5127295492,
        "2":0.4603381014,
        "3":0.4493352497,
        "4":0.486965812
    }
}