{
    "Actor":{
        "0":0.3788395904,
        "1":0.3802197802,
        "2":0.3888070692,
        "3":0.3940321347,
        "4":0.3828250401
    },
    "Activity":{
        "0":0.4489337823,
        "1":0.452876377,
        "2":0.4726368159,
        "3":0.4537815126,
        "4":0.4507575758
    },
    "Activity Data":{
        "0":0.414893617,
        "1":0.4178423237,
        "2":0.4127881688,
        "3":0.409245123,
        "4":0.4293023256
    },
    "Further Specification":{
        "0":0.4654832347,
        "1":0.496993988,
        "2":0.5887265136,
        "3":0.4581881533,
        "4":0.5075376884
    },
    "XOR Gateway":{
        "0":0.4,
        "1":0.3983050847,
        "2":0.462962963,
        "3":0.4623655914,
        "4":0.4117647059
    },
    "Condition Specification":{
        "0":0.5070063694,
        "1":0.5102739726,
        "2":0.4621513944,
        "3":0.4949238579,
        "4":0.4759825328
    },
    "AND Gateway":{
        "0":0.5454545455,
        "1":0.5263157895,
        "2":0.5,
        "3":0.5714285714,
        "4":0.5
    },
    "All":{
        "0":0.4154551201,
        "1":0.4227460427,
        "2":0.4261392949,
        "3":0.4191385956,
        "4":0.4222716324
    }
}