{
    "Actor":{
        "0":0.5124239363
    },
    "Activity":{
        "0":0.4647858646
    },
    "Activity Data":{
        "0":0.5608816182
    },
    "Further Specification":{
        "0":0.5951548172
    },
    "XOR Gateway":{
        "0":0.4917260195
    },
    "Condition Specification":{
        "0":0.5742207218
    },
    "AND Gateway":{
        "0":0.5662271233
    },
    "All":{
        "0":0.5276715881
    }
}