{
    "Actor":{
        "0":0.4911797353
    },
    "Activity":{
        "0":0.5824364282
    },
    "Activity Data":{
        "0":0.5375139772
    },
    "Further Specification":{
        "0":0.6364899193
    },
    "XOR Gateway":{
        "0":0.5519159865
    },
    "Condition Specification":{
        "0":0.6329835592
    },
    "AND Gateway":{
        "0":0.6257142857
    },
    "All":{
        "0":0.5392562636
    }
}