{
    "Actor":{
        "0":0.4834494774,
        "1":0.519,
        "2":0.4680851064,
        "3":0.5144855145,
        "4":0.4708785785
    },
    "Activity":{
        "0":0.583090379,
        "1":0.5996758509,
        "2":0.5775075988,
        "3":0.5897035881,
        "4":0.5622047244
    },
    "Activity Data":{
        "0":0.5228401192,
        "1":0.5885447107,
        "2":0.5064034152,
        "3":0.5486071632,
        "4":0.5211744777
    },
    "Further Specification":{
        "0":0.6860465116,
        "1":0.5662100457,
        "2":0.5433526012,
        "3":0.6902887139,
        "4":0.6965517241
    },
    "XOR Gateway":{
        "0":0.5454545455,
        "1":0.5529411765,
        "2":0.6578947368,
        "3":0.5657894737,
        "4":0.4375
    },
    "Condition Specification":{
        "0":0.6238244514,
        "1":0.6464208243,
        "2":0.6578449905,
        "3":0.6701030928,
        "4":0.5667244367
    },
    "AND Gateway":{
        "0":0.5714285714,
        "1":0.8333333333,
        "2":0.7,
        "3":0.5,
        "4":0.5238095238
    },
    "All":{
        "0":0.5322939866,
        "1":0.5682238668,
        "2":0.5168961202,
        "3":0.5612657092,
        "4":0.5176016352
    }
}