{
    "Actor":{
        "0":0.3469005151
    },
    "Activity":{
        "0":0.2605697326
    },
    "Activity Data":{
        "0":0.3821310775
    },
    "Further Specification":{
        "0":0.3882666044
    },
    "XOR Gateway":{
        "0":0.2856716639
    },
    "Condition Specification":{
        "0":0.3854733277
    },
    "AND Gateway":{
        "0":0.3386365122
    },
    "All":{
        "0":0.3467776049
    }
}