{
    "Actor":{
        "0":0.2739063899
    },
    "Activity":{
        "0":0.1911384166
    },
    "Activity Data":{
        "0":0.2933132461
    },
    "Further Specification":{
        "0":0.2826744319
    },
    "XOR Gateway":{
        "0":0.2140382457
    },
    "Condition Specification":{
        "0":0.2826945065
    },
    "AND Gateway":{
        "0":0.2575620016
    },
    "All":{
        "0":0.2636874196
    }
}