{
    "Best Aug Rate":{
        "p = 0.25":3.0,
        "p = 0.5":3.0,
        "p = 0.75":3.0,
        "p = 1":3.0
    },
    "F1 Score":{
        "p = 0.25":0.3025656897,
        "p = 0.5":0.3084556121,
        "p = 0.75":0.3056953838,
        "p = 1":0.3069676553
    }
}