{
    "Bert Score":{
        "0":0.9848939776,
        "1":0.9844885468,
        "2":0.9845549464,
        "3":0.9833782911,
        "4":0.9842051268
    }
}