{
    "Bert Score":{
        "0":0.9629262686,
        "1":0.9596958756,
        "2":0.9648914337,
        "3":0.960947454,
        "4":0.9633520246
    }
}