{
    "Bert Score":{
        "0":0.9692941308,
        "1":0.9705488086,
        "2":0.9703540802,
        "3":0.9690053463,
        "4":0.9711098075
    }
}