{
    "Bert Score":{
        "0":0.9768438935,
        "1":0.9750379324,
        "2":0.9760596156,
        "3":0.9774079919,
        "4":0.9733241796
    }
}