{
    "Bert Score":{
        "0":0.9964751601,
        "1":0.9971899986,
        "2":0.9957630038,
        "3":0.9970369935,
        "4":0.9972757697
    }
}