{
    "Bert Score":{
        "0":0.9801459312,
        "1":0.982547164,
        "2":0.9845775366,
        "3":0.983536303,
        "4":0.9836868048
    }
}