{
    "Bert Score":{
        "0":0.9579073787,
        "1":0.9577512145,
        "2":0.9611565471,
        "3":0.9580439329,
        "4":0.9573193192
    }
}