{
    "Actor":{
        "0":0.0988350905
    },
    "Activity":{
        "0":0.3055962616
    },
    "Activity Data":{
        "0":0.1508405661
    },
    "Further Specification":{
        "0":0.2797105436
    },
    "XOR Gateway":{
        "0":0.1055112003
    },
    "Condition Specification":{
        "0":0.2565619471
    },
    "AND Gateway":{
        "0":0.4511029412
    },
    "All":{
        "0":0.1348091465
    }
}