{
    "Actor":{
        "0":0.1079568946
    },
    "Activity":{
        "0":0.3461035132
    },
    "Activity Data":{
        "0":0.1626613017
    },
    "Further Specification":{
        "0":0.2800711911
    },
    "XOR Gateway":{
        "0":0.1060361956
    },
    "Condition Specification":{
        "0":0.2772322277
    },
    "AND Gateway":{
        "0":0.5414508184
    },
    "All":{
        "0":0.1450806335
    }
}