{
    "Actor":{
        "0":0.0871483729,
        "1":0.0921544209,
        "2":0.0872641509,
        "3":0.0955373979,
        "4":0.0947580645
    },
    "Activity":{
        "0":0.2608236536,
        "1":0.261627907,
        "2":0.2782212087,
        "3":0.277027027,
        "4":0.2687651332
    },
    "Activity Data":{
        "0":0.1325301205,
        "1":0.1390311146,
        "2":0.1409849087,
        "3":0.138648861,
        "4":0.1477618427
    },
    "Further Specification":{
        "0":0.2615384615,
        "1":0.2660377358,
        "2":0.2594936709,
        "3":0.2596964587,
        "4":0.3160377358
    },
    "XOR Gateway":{
        "0":0.0823970037,
        "1":0.1059322034,
        "2":0.1054852321,
        "3":0.1090909091,
        "4":0.0739130435
    },
    "Condition Specification":{
        "0":0.245412844,
        "1":0.2600619195,
        "2":0.2415584416,
        "3":0.2423887588,
        "4":0.25
    },
    "AND Gateway":{
        "0":0.40625,
        "1":0.5,
        "2":0.3076923077,
        "3":0.375,
        "4":0.40625
    },
    "All":{
        "0":0.1194714882,
        "1":0.1243595715,
        "2":0.1250740083,
        "3":0.1244788565,
        "4":0.1302109284
    }
}