{
    "Actor":{
        "0":0.1094100495
    },
    "Activity":{
        "0":0.3495892962
    },
    "Activity Data":{
        "0":0.160551496
    },
    "Further Specification":{
        "0":0.281274151
    },
    "XOR Gateway":{
        "0":0.1052778418
    },
    "Condition Specification":{
        "0":0.2798789785
    },
    "AND Gateway":{
        "0":0.500542804
    },
    "All":{
        "0":0.1453419609
    }
}