{
    "Actor":{
        "0":0.1108688652
    },
    "Activity":{
        "0":0.3657175386
    },
    "Activity Data":{
        "0":0.1654347317
    },
    "Further Specification":{
        "0":0.2765966862
    },
    "XOR Gateway":{
        "0":0.1057590581
    },
    "Condition Specification":{
        "0":0.2857773993
    },
    "AND Gateway":{
        "0":0.5385716571
    },
    "All":{
        "0":0.1481191291
    }
}