{
    "Actor":{
        "0":0.0931593281
    },
    "Activity":{
        "0":0.2787038548
    },
    "Activity Data":{
        "0":0.1422106457
    },
    "Further Specification":{
        "0":0.2738490552
    },
    "XOR Gateway":{
        "0":0.0965714282
    },
    "Condition Specification":{
        "0":0.2529574693
    },
    "AND Gateway":{
        "0":0.4294642857
    },
    "All":{
        "0":0.1276007848
    }
}