{
    "Actor":{
        "0":0.0947747395
    },
    "Activity":{
        "0":0.2857779589
    },
    "Activity Data":{
        "0":0.1453454817
    },
    "Further Specification":{
        "0":0.2752356297
    },
    "XOR Gateway":{
        "0":0.100657833
    },
    "Condition Specification":{
        "0":0.2505193306
    },
    "AND Gateway":{
        "0":0.4408514493
    },
    "All":{
        "0":0.1293387319
    }
}