{
    "Actor":{
        "0":0.1066235864,
        "1":0.1088939567,
        "2":0.1109833237,
        "3":0.11737362,
        "4":0.1110397946
    },
    "Activity":{
        "0":0.3427672956,
        "1":0.3497142857,
        "2":0.3684807256,
        "3":0.3745781777,
        "4":0.3682310469
    },
    "Activity Data":{
        "0":0.154782021,
        "1":0.1602448686,
        "2":0.1702619414,
        "3":0.1626637555,
        "4":0.1644787645
    },
    "Further Specification":{
        "0":0.2906137184,
        "1":0.2640625,
        "2":0.2708333333,
        "3":0.2651851852,
        "4":0.3
    },
    "XOR Gateway":{
        "0":0.0877192982,
        "1":0.1181102362,
        "2":0.1193415638,
        "3":0.125,
        "4":0.0787401575
    },
    "Condition Specification":{
        "0":0.2867965368,
        "1":0.3023255814,
        "2":0.2730538922,
        "3":0.2750275028,
        "4":0.2829457364
    },
    "AND Gateway":{
        "0":0.5806451613,
        "1":0.7391304348,
        "2":0.3548387097,
        "3":0.4615384615,
        "4":0.6206896552
    },
    "All":{
        "0":0.1426493919,
        "1":0.1456282984,
        "2":0.1488787965,
        "3":0.1493055556,
        "4":0.1501675297
    }
}