{
    "Actor":{
        "0":0.0963656388,
        "1":0.1050394657,
        "2":0.1004016064,
        "3":0.1047619048,
        "4":0.0990691489
    },
    "Activity":{
        "0":0.3119747899,
        "1":0.3140877598,
        "2":0.3333333333,
        "3":0.3310886644,
        "4":0.3232445521
    },
    "Activity Data":{
        "0":0.1455064194,
        "1":0.1565519907,
        "2":0.1569086651,
        "3":0.151014275,
        "4":0.1613172155
    },
    "Further Specification":{
        "0":0.2870722433,
        "1":0.2836095764,
        "2":0.2750397456,
        "3":0.2649122807,
        "4":0.338902148
    },
    "XOR Gateway":{
        "0":0.0823970037,
        "1":0.1169354839,
        "2":0.1166666667,
        "3":0.1210762332,
        "4":0.0836820084
    },
    "Condition Specification":{
        "0":0.2582417582,
        "1":0.2912912913,
        "2":0.2679738562,
        "3":0.2593010147,
        "4":0.261707989
    },
    "AND Gateway":{
        "0":0.4375,
        "1":0.5416666667,
        "2":0.375,
        "3":0.4583333333,
        "4":0.4375
    },
    "All":{
        "0":0.1323388532,
        "1":0.1417717672,
        "2":0.1395790704,
        "3":0.1368026524,
        "4":0.1436940602
    }
}