{
    "Actor":{
        "0":0.1077005924,
        "1":0.1075014767,
        "2":0.1116225547,
        "3":0.1171224732,
        "4":0.1092651757
    },
    "Activity":{
        "0":0.3385579937,
        "1":0.3466819222,
        "2":0.3552780931,
        "3":0.3689538808,
        "4":0.359375
    },
    "Activity Data":{
        "0":0.1582278481,
        "1":0.163524293,
        "2":0.1676278354,
        "3":0.1617919289,
        "4":0.1636798088
    },
    "Further Specification":{
        "0":0.2872727273,
        "1":0.2886029412,
        "2":0.2988871224,
        "3":0.2878535774,
        "4":0.3223819302
    },
    "XOR Gateway":{
        "0":0.0842105263,
        "1":0.1167315175,
        "2":0.1219512195,
        "3":0.1206896552,
        "4":0.0806451613
    },
    "Condition Specification":{
        "0":0.276371308,
        "1":0.2980910426,
        "2":0.2745341615,
        "3":0.2769396552,
        "4":0.2812903226
    },
    "AND Gateway":{
        "0":0.5,
        "1":0.7391304348,
        "2":0.4782608696,
        "3":0.4583333333,
        "4":0.5
    },
    "All":{
        "0":0.1416722408,
        "1":0.1472913616,
        "2":0.1482016467,
        "3":0.1489301403,
        "4":0.1488372093
    }
}