{
    "Actor":{
        "0":0.0947658402,
        "1":0.0996332518,
        "2":0.1007025761,
        "3":0.1086691087,
        "4":0.0972501677
    },
    "Activity":{
        "0":0.2912723449,
        "1":0.2931633835,
        "2":0.3064699205,
        "3":0.3175675676,
        "4":0.2975903614
    },
    "Activity Data":{
        "0":0.141424991,
        "1":0.1481194261,
        "2":0.1495290424,
        "3":0.1467242056,
        "4":0.1553852703
    },
    "Further Specification":{
        "0":0.2776699029,
        "1":0.2725527831,
        "2":0.2727272727,
        "3":0.2678571429,
        "4":0.286
    },
    "XOR Gateway":{
        "0":0.0861423221,
        "1":0.1046025105,
        "2":0.1097046414,
        "3":0.1194690265,
        "4":0.0772532189
    },
    "Condition Specification":{
        "0":0.2544642857,
        "1":0.2745398773,
        "2":0.2529182879,
        "3":0.2460136674,
        "4":0.2513513514
    },
    "AND Gateway":{
        "0":0.46875,
        "1":0.6086956522,
        "2":0.4761904762,
        "3":0.375,
        "4":0.46875
    },
    "All":{
        "0":0.1287659926,
        "1":0.1325042223,
        "2":0.1352108523,
        "3":0.1355037396,
        "4":0.1370040486
    }
}