{
    "Actor":{
        "0":0.1049141512
    },
    "Activity":{
        "0":0.3368117514
    },
    "Activity Data":{
        "0":0.1590508684
    },
    "Further Specification":{
        "0":0.2899313549
    },
    "XOR Gateway":{
        "0":0.1079658698
    },
    "Condition Specification":{
        "0":0.2672023576
    },
    "AND Gateway":{
        "0":0.4962288511
    },
    "All":{
        "0":0.1426940286
    }
}