{
    "Actor":{
        "0":0.5678774021
    },
    "Activity":{
        "0":0.7382881158
    },
    "Activity Data":{
        "0":0.5984721107
    },
    "Further Specification":{
        "0":0.6147276217
    },
    "XOR Gateway":{
        "0":0.5562111263
    },
    "Condition Specification":{
        "0":0.6299803905
    },
    "AND Gateway":{
        "0":0.6259350641
    },
    "All":{
        "0":0.6045876221
    }
}