{
    "Actor":{
        "0":0.5925602104
    },
    "Activity":{
        "0":0.7655850452
    },
    "Activity Data":{
        "0":0.6080207463
    },
    "Further Specification":{
        "0":0.6416496495
    },
    "XOR Gateway":{
        "0":0.5601254297
    },
    "Condition Specification":{
        "0":0.6647056902
    },
    "AND Gateway":{
        "0":0.6956431726
    },
    "All":{
        "0":0.6243842935
    }
}