{
    "Actor":{
        "0":0.421686747,
        "1":0.4295874822,
        "2":0.4268374916,
        "3":0.42591267,
        "4":0.4196018377
    },
    "Activity":{
        "0":0.510031679,
        "1":0.5227537923,
        "2":0.5261363636,
        "3":0.5180995475,
        "4":0.5271411339
    },
    "Activity Data":{
        "0":0.4301035503,
        "1":0.4564612326,
        "2":0.4513916902,
        "3":0.443190975,
        "4":0.4582233949
    },
    "Further Specification":{
        "0":0.4961389961,
        "1":0.5,
        "2":0.4975767367,
        "3":0.4835355286,
        "4":0.4976415094
    },
    "XOR Gateway":{
        "0":0.4330708661,
        "1":0.4603174603,
        "2":0.5,
        "3":0.4705882353,
        "4":0.4414414414
    },
    "Condition Specification":{
        "0":0.4908883827,
        "1":0.5474006116,
        "2":0.5044929397,
        "3":0.4882629108,
        "4":0.4923928077
    },
    "AND Gateway":{
        "0":0.5,
        "1":0.5,
        "2":0.6363636364,
        "3":0.5,
        "4":0.5
    },
    "All":{
        "0":0.4417712177,
        "1":0.466514211,
        "2":0.4576590731,
        "3":0.4505546751,
        "4":0.4557918791
    }
}