{
    "Actor":{
        "0":0.4911727617,
        "1":0.5274496178,
        "2":0.5107772698,
        "3":0.5250338295,
        "4":0.4947447447
    },
    "Activity":{
        "0":0.6418067227,
        "1":0.6581986143,
        "2":0.6734926052,
        "3":0.6621773288,
        "4":0.6598062954
    },
    "Activity Data":{
        "0":0.5217864924,
        "1":0.5305961311,
        "2":0.5210150674,
        "3":0.5210727969,
        "4":0.5509944985
    },
    "Further Specification":{
        "0":0.5950570342,
        "1":0.5672191529,
        "2":0.5627980922,
        "3":0.5210526316,
        "4":0.5727923628
    },
    "XOR Gateway":{
        "0":0.5118110236,
        "1":0.5151515152,
        "2":0.5416666667,
        "3":0.5619047619,
        "4":0.4957264957
    },
    "Condition Specification":{
        "0":0.5714285714,
        "1":0.6024096386,
        "2":0.5661861075,
        "3":0.5683615819,
        "4":0.5773480663
    },
    "AND Gateway":{
        "0":0.5,
        "1":0.5,
        "2":0.5,
        "3":0.5,
        "4":0.5
    },
    "All":{
        "0":0.5317633377,
        "1":0.5504276263,
        "2":0.5379374419,
        "3":0.5380625477,
        "4":0.5460968465
    }
}