{
    "Actor":{
        "0":0.4677615572,
        "1":0.5049019608,
        "2":0.4725935829,
        "3":0.4758865248,
        "4":0.4806259314
    },
    "Activity":{
        "0":0.6163522013,
        "1":0.6148491879,
        "2":0.6106696935,
        "3":0.6141732283,
        "4":0.5922330097
    },
    "Activity Data":{
        "0":0.521402214,
        "1":0.5099337748,
        "2":0.4879303522,
        "3":0.5001969279,
        "4":0.5159319075
    },
    "Further Specification":{
        "0":0.5567375887,
        "1":0.5849056604,
        "2":0.529318542,
        "3":0.5514834206,
        "4":0.5809935205
    },
    "XOR Gateway":{
        "0":0.5187969925,
        "1":0.4740740741,
        "2":0.5526315789,
        "3":0.5428571429,
        "4":0.4615384615
    },
    "Condition Specification":{
        "0":0.5482758621,
        "1":0.5483383686,
        "2":0.5520702635,
        "3":0.5222857143,
        "4":0.519781719
    },
    "AND Gateway":{
        "0":0.6538461538,
        "1":0.7647058824,
        "2":0.5,
        "3":0.5625,
        "4":0.6818181818
    },
    "All":{
        "0":0.517316331,
        "1":0.5265279794,
        "2":0.5037151703,
        "3":0.5089745591,
        "4":0.512948895
    }
}