{
    "Actor":{
        "0":0.5814382299,
        "1":0.6013468013,
        "2":0.5878112713,
        "3":0.6006756757,
        "4":0.5915290739
    },
    "Activity":{
        "0":0.7471264368,
        "1":0.7723112128,
        "2":0.7570942111,
        "3":0.7761529809,
        "4":0.7752403846
    },
    "Activity Data":{
        "0":0.6109520401,
        "1":0.6246301775,
        "2":0.6024990238,
        "3":0.5919214798,
        "4":0.6101010101
    },
    "Further Specification":{
        "0":0.6436363636,
        "1":0.6378676471,
        "2":0.653418124,
        "3":0.6306156406,
        "4":0.6427104723
    },
    "XOR Gateway":{
        "0":0.5172413793,
        "1":0.524822695,
        "2":0.5952380952,
        "3":0.6315789474,
        "4":0.5317460317
    },
    "Condition Specification":{
        "0":0.664556962,
        "1":0.6745213549,
        "2":0.6413449564,
        "3":0.6652267819,
        "4":0.6778783959
    },
    "AND Gateway":{
        "0":0.6923076923,
        "1":0.8947368421,
        "2":0.6923076923,
        "3":0.5625,
        "4":0.6363636364
    },
    "All":{
        "0":0.6188448985,
        "1":0.6362085014,
        "2":0.6182902584,
        "3":0.6220224719,
        "4":0.6265553373
    }
}