{
    "Actor":{
        "0":0.5579078456,
        "1":0.5868830291,
        "2":0.5622542595,
        "3":0.5616348055,
        "4":0.5707070707
    },
    "Activity":{
        "0":0.7358490566,
        "1":0.7323290846,
        "2":0.7578828829,
        "3":0.7264573991,
        "4":0.7389221557
    },
    "Activity Data":{
        "0":0.5873735612,
        "1":0.6014234875,
        "2":0.5955100433,
        "3":0.5941634241,
        "4":0.6138900372
    },
    "Further Specification":{
        "0":0.6042402827,
        "1":0.6181818182,
        "2":0.6154910097,
        "3":0.6260162602,
        "4":0.6097087379
    },
    "XOR Gateway":{
        "0":0.5070422535,
        "1":0.5426356589,
        "2":0.6097560976,
        "3":0.6216216216,
        "4":0.5
    },
    "Condition Specification":{
        "0":0.6300326442,
        "1":0.6343283582,
        "2":0.606097561,
        "3":0.651598677,
        "4":0.6278447122
    },
    "AND Gateway":{
        "0":0.652173913,
        "1":0.6470588235,
        "2":0.6363636364,
        "3":0.5625,
        "4":0.6315789474
    },
    "All":{
        "0":0.5941783241,
        "1":0.6121532788,
        "2":0.6025641026,
        "3":0.6053108027,
        "4":0.6087316024
    }
}