{
    "Actor":{
        "0":0.4722670366
    },
    "Activity":{
        "0":0.5855482512
    },
    "Activity Data":{
        "0":0.4939085409
    },
    "Further Specification":{
        "0":0.5312857688
    },
    "XOR Gateway":{
        "0":0.4974971293
    },
    "Condition Specification":{
        "0":0.5326235063
    },
    "AND Gateway":{
        "0":0.6122208931
    },
    "All":{
        "0":0.5001976133
    }
}