{
    "Actor":{
        "0":0.425111536,
        "1":0.4375,
        "2":0.4403485255,
        "3":0.4413646055,
        "4":0.447467876
    },
    "Activity":{
        "0":0.5315789474,
        "1":0.5422943221,
        "2":0.5535307517,
        "3":0.528280543,
        "4":0.5472154964
    },
    "Activity Data":{
        "0":0.4570269273,
        "1":0.4682539683,
        "2":0.4577436312,
        "3":0.4482343499,
        "4":0.4895833333
    },
    "Further Specification":{
        "0":0.5153256705,
        "1":0.5076335878,
        "2":0.4860883797,
        "3":0.4896193772,
        "4":0.5136986301
    },
    "XOR Gateway":{
        "0":0.4724409449,
        "1":0.4318181818,
        "2":0.45,
        "3":0.5,
        "4":0.5087719298
    },
    "Condition Specification":{
        "0":0.5066079295,
        "1":0.5132192846,
        "2":0.5051546392,
        "3":0.4970828471,
        "4":0.5151933702
    },
    "AND Gateway":{
        "0":0.5416666667,
        "1":0.6842105263,
        "2":0.5,
        "3":0.5625,
        "4":0.5
    },
    "All":{
        "0":0.4608721186,
        "1":0.4720903585,
        "2":0.4646448774,
        "3":0.4597918638,
        "4":0.4828725439
    }
}