{
    "Actor":{
        "0":0.5654131581
    },
    "Activity":{
        "0":0.725249173
    },
    "Activity Data":{
        "0":0.5837561558
    },
    "Further Specification":{
        "0":0.6023929971
    },
    "XOR Gateway":{
        "0":0.5645735844
    },
    "Condition Specification":{
        "0":0.6239630576
    },
    "AND Gateway":{
        "0":0.6809992508
    },
    "All":{
        "0":0.5948426131
    }
}