{
    "Actor":{
        "0":0.3929248263,
        "1":0.4084406295,
        "2":0.391509434,
        "3":0.4125269978,
        "4":0.4110942249
    },
    "Activity":{
        "0":0.4804646251,
        "1":0.4802325581,
        "2":0.4971493729,
        "3":0.4864864865,
        "4":0.4757869249
    },
    "Activity Data":{
        "0":0.4254369654,
        "1":0.4301810865,
        "2":0.4209039548,
        "3":0.4230152366,
        "4":0.446799117
    },
    "Further Specification":{
        "0":0.4730769231,
        "1":0.4924528302,
        "2":0.4841772152,
        "3":0.4907251265,
        "4":0.5
    },
    "XOR Gateway":{
        "0":0.4251968504,
        "1":0.4416666667,
        "2":0.4615384615,
        "3":0.4607843137,
        "4":0.4259259259
    },
    "Condition Specification":{
        "0":0.4908256881,
        "1":0.4767080745,
        "2":0.4765625,
        "3":0.4812206573,
        "4":0.5027855153
    },
    "AND Gateway":{
        "0":0.5,
        "1":0.5,
        "2":0.5625,
        "3":0.5,
        "4":0.5
    },
    "All":{
        "0":0.4266489204,
        "1":0.4361895328,
        "2":0.4281230383,
        "3":0.4349542153,
        "4":0.4430357457
    }
}