{
    "Actor":{
        "0":0.5411682637
    },
    "Activity":{
        "0":0.6877868621
    },
    "Activity Data":{
        "0":0.5554756134
    },
    "Further Specification":{
        "0":0.5878604424
    },
    "XOR Gateway":{
        "0":0.5395913086
    },
    "Condition Specification":{
        "0":0.600351711
    },
    "AND Gateway":{
        "0":0.6337187666
    },
    "All":{
        "0":0.5686540682
    }
}