{
    "Actor":{
        "0":0.4872433105,
        "1":0.5147679325,
        "2":0.5069215557,
        "3":0.5189263593,
        "4":0.4933530281
    },
    "Activity":{
        "0":0.6162790698,
        "1":0.6559263521,
        "2":0.6309794989,
        "3":0.6402714932,
        "4":0.6043425814
    },
    "Activity Data":{
        "0":0.5181274199,
        "1":0.5076982294,
        "2":0.5192307692,
        "3":0.5183721849,
        "4":0.5306388527
    },
    "Further Specification":{
        "0":0.5866666667,
        "1":0.575815739,
        "2":0.5758064516,
        "3":0.5612582781,
        "4":0.578125
    },
    "XOR Gateway":{
        "0":0.5147058824,
        "1":0.4772727273,
        "2":0.575,
        "3":0.5675675676,
        "4":0.4954954955
    },
    "Condition Specification":{
        "0":0.5865921788,
        "1":0.5856929955,
        "2":0.5426065163,
        "3":0.5566893424,
        "4":0.5882352941
    },
    "AND Gateway":{
        "0":0.5416666667,
        "1":0.6818181818,
        "2":0.5625,
        "3":0.7222222222,
        "4":0.6315789474
    },
    "All":{
        "0":0.5275308288,
        "1":0.53680834,
        "2":0.5297129558,
        "3":0.536017276,
        "4":0.5316761609
    }
}