{
    "Actor":{
        "0":0.5553505535,
        "1":0.5699517574,
        "2":0.5534105534,
        "3":0.5802047782,
        "4":0.5681481481
    },
    "Activity":{
        "0":0.703043022,
        "1":0.7193995381,
        "2":0.7336343115,
        "3":0.7267637178,
        "4":0.7434052758
    },
    "Activity Data":{
        "0":0.5793277918,
        "1":0.593797856,
        "2":0.5680125441,
        "3":0.5809968847,
        "4":0.5966457023
    },
    "Further Specification":{
        "0":0.6526717557,
        "1":0.6092362345,
        "2":0.5791556728,
        "3":0.5918367347,
        "4":0.579064588
    },
    "XOR Gateway":{
        "0":0.5294117647,
        "1":0.5348837209,
        "2":0.6016260163,
        "3":0.6306306306,
        "4":0.5263157895
    },
    "Condition Specification":{
        "0":0.6151279199,
        "1":0.6323751891,
        "2":0.5885167464,
        "3":0.6414027149,
        "4":0.6423927178
    },
    "AND Gateway":{
        "0":0.652173913,
        "1":0.8235294118,
        "2":0.6363636364,
        "3":0.6111111111,
        "4":0.6818181818
    },
    "All":{
        "0":0.5886258661,
        "1":0.6024765836,
        "2":0.580145855,
        "3":0.6000608273,
        "4":0.6029039338
    }
}