{
    "Actor":{
        "0":0.4383585086
    },
    "Activity":{
        "0":0.5405800121
    },
    "Activity Data":{
        "0":0.464168442
    },
    "Further Specification":{
        "0":0.5024731291
    },
    "XOR Gateway":{
        "0":0.4726062113
    },
    "Condition Specification":{
        "0":0.5074516141
    },
    "AND Gateway":{
        "0":0.5576754386
    },
    "All":{
        "0":0.4680543524
    }
}