{
    "Actor":{
        "0":0.3869809859
    },
    "Activity":{
        "0":0.4657816826
    },
    "Activity Data":{
        "0":0.4175511337
    },
    "Further Specification":{
        "0":0.4813576793
    },
    "XOR Gateway":{
        "0":0.4275284707
    },
    "Condition Specification":{
        "0":0.470582309
    },
    "AND Gateway":{
        "0":0.534965035
    },
    "All":{
        "0":0.4203181716
    }
}