{
    "Actor":{
        "0":0.5149481391,
        "1":0.5490605428,
        "2":0.528,
        "3":0.5218902015,
        "4":0.5185465556
    },
    "Activity":{
        "0":0.6516264428,
        "1":0.6935483871,
        "2":0.6825396825,
        "3":0.6790540541,
        "4":0.6642599278
    },
    "Activity Data":{
        "0":0.5446947674,
        "1":0.5807826424,
        "2":0.5435717077,
        "3":0.5358280255,
        "4":0.5566155122
    },
    "Further Specification":{
        "0":0.5675675676,
        "1":0.5927272727,
        "2":0.5551894563,
        "3":0.5640138408,
        "4":0.6095890411
    },
    "XOR Gateway":{
        "0":0.5112781955,
        "1":0.5075757576,
        "2":0.5365853659,
        "3":0.5619047619,
        "4":0.4959349593
    },
    "Condition Specification":{
        "0":0.595814978,
        "1":0.6058394161,
        "2":0.5757196496,
        "3":0.5817575083,
        "4":0.6027210884
    },
    "AND Gateway":{
        "0":0.5384615385,
        "1":0.7,
        "2":0.6923076923,
        "3":0.5555555556,
        "4":0.7368421053
    },
    "All":{
        "0":0.5481310434,
        "1":0.5840905468,
        "2":0.553447478,
        "3":0.5514831496,
        "4":0.5609050698
    }
}