{
    "Bleu Score":{
        "0":6.104238749e-232,
        "1":1.037266028e-231,
        "2":6.115278311e-232,
        "3":1.031147745e-231,
        "4":6.081181505e-232
    }
}