{
    "Bleu Score":{
        "0":3.350386401e-198,
        "1":5.66962187e-197,
        "2":1.164873885e-195,
        "3":2.303400487e-193,
        "4":8.838791247e-199
    }
}