{
    "Bleu Score":{
        "0":0.0,
        "1":0.0,
        "2":1.163682779e-39,
        "3":6.652679777e-29,
        "4":3.542513452e-18
    }
}