{
    "Bleu Score":{
        "0":1.513010423e-50,
        "1":1.008662479e-51,
        "2":3.676312196e-74,
        "3":1.631501646e-42,
        "4":1.084310845e-63
    }
}