{
    "Bleu Score":{
        "0":4.774197656e-143,
        "1":1.063437341e-143,
        "2":6.077247402e-127,
        "3":4.59351469e-137,
        "4":1.636143054e-134
    }
}