{
    "Bleu Score":{
        "0":2.22494695e-100,
        "1":7.509148959e-130,
        "2":1.188210232e-101,
        "3":3.19990858e-97,
        "4":4.457773176e-107
    }
}