{
    "Actor":{
        "0":0.110832775
    },
    "Activity":{
        "0":0.3254634509
    },
    "Activity Data":{
        "0":0.1745271882
    },
    "Further Specification":{
        "0":0.3640933333
    },
    "XOR Gateway":{
        "0":0.1140785313
    },
    "Condition Specification":{
        "0":0.3121610237
    },
    "AND Gateway":{
        "0":0.5378903743
    },
    "All":{
        "0":0.154563286
    }
}