{
    "Actor":{
        "0":0.0995411753
    },
    "Activity":{
        "0":0.296792444
    },
    "Activity Data":{
        "0":0.1580498169
    },
    "Further Specification":{
        "0":0.3079221565
    },
    "XOR Gateway":{
        "0":0.1021070766
    },
    "Condition Specification":{
        "0":0.2941006173
    },
    "AND Gateway":{
        "0":0.4672290478
    },
    "All":{
        "0":0.1397594595
    }
}