{
    "Actor":{
        "0":0.1142668428,
        "1":0.1166077739,
        "2":0.1417785235,
        "3":0.1195274496,
        "4":0.1623655914
    },
    "Activity":{
        "0":0.3528610354,
        "1":0.3091849935,
        "2":0.4070512821,
        "3":0.3421750663,
        "4":0.4159445407
    },
    "Activity Data":{
        "0":0.1781990521,
        "1":0.1676510677,
        "2":0.2038997214,
        "3":0.1668173599,
        "4":0.2394082044
    },
    "Further Specification":{
        "0":0.28,
        "1":0.2899824253,
        "2":0.5043731778,
        "3":0.2790322581,
        "4":0.4633431085
    },
    "XOR Gateway":{
        "0":0.1882352941,
        "1":0.2163461538,
        "2":0.225,
        "3":0.2628205128,
        "4":0.2058823529
    },
    "Condition Specification":{
        "0":0.3541984733,
        "1":0.3411131059,
        "2":0.3622183709,
        "3":0.4229323308,
        "4":0.3322368421
    },
    "AND Gateway":{
        "0":0.7777777778,
        "1":0.8,
        "2":0.6666666667,
        "3":0.75,
        "4":0.7777777778
    },
    "All":{
        "0":0.1438711911,
        "1":0.1372651357,
        "2":0.175632575,
        "3":0.1436550881,
        "4":0.1859114016
    }
}