{
    "Actor":{
        "0":0.0674884131
    },
    "Activity":{
        "0":0.2008124842
    },
    "Activity Data":{
        "0":0.106498195
    },
    "Further Specification":{
        "0":0.219179991
    },
    "XOR Gateway":{
        "0":0.0683465771
    },
    "Condition Specification":{
        "0":0.1949586981
    },
    "AND Gateway":{
        "0":0.3246177744
    },
    "All":{
        "0":0.0946190674
    }
}