{
    "Actor":{
        "0":0.1258680556,
        "1":0.1236462094,
        "2":0.1126090404,
        "3":0.1337638376,
        "4":0.1136363636
    },
    "Activity":{
        "0":0.3824503311,
        "1":0.351758794,
        "2":0.3552425665,
        "3":0.380794702,
        "4":0.3397435897
    },
    "Activity Data":{
        "0":0.2009237875,
        "1":0.1934015927,
        "2":0.1878821568,
        "3":0.195303551,
        "4":0.1860465116
    },
    "Further Specification":{
        "0":0.4346405229,
        "1":0.3149425287,
        "2":0.3502202643,
        "3":0.405027933,
        "4":0.3538873995
    },
    "XOR Gateway":{
        "0":0.1165644172,
        "1":0.1493506494,
        "2":0.1314285714,
        "3":0.1401273885,
        "4":0.0756756757
    },
    "Condition Specification":{
        "0":0.3814814815,
        "1":0.3975903614,
        "2":0.3561643836,
        "3":0.3518197574,
        "4":0.3027681661
    },
    "AND Gateway":{
        "0":0.619047619,
        "1":0.8,
        "2":0.5,
        "3":0.5,
        "4":0.4642857143
    },
    "All":{
        "0":0.1786188579,
        "1":0.1704596162,
        "2":0.1653964985,
        "3":0.176056338,
        "4":0.1601806063
    }
}