{
    "Actor":{
        "0":0.0486364914,
        "1":0.0483021077,
        "2":0.0483133219,
        "3":0.0532672654,
        "4":0.0511956888
    },
    "Activity":{
        "0":0.1320081549,
        "1":0.1339686099,
        "2":0.1363636364,
        "3":0.1458451102,
        "4":0.1395348837
    },
    "Activity Data":{
        "0":0.0691939639,
        "1":0.0672743847,
        "2":0.0686421605,
        "3":0.072112566,
        "4":0.0767241379
    },
    "Further Specification":{
        "0":0.160199005,
        "1":0.1612903226,
        "2":0.1496,
        "3":0.1501736111,
        "4":0.1678908709
    },
    "XOR Gateway":{
        "0":0.0815972222,
        "1":0.10625,
        "2":0.1036585366,
        "3":0.1162790698,
        "4":0.0918803419
    },
    "Condition Specification":{
        "0":0.1170854271,
        "1":0.1431767338,
        "2":0.1311166876,
        "3":0.1345369831,
        "4":0.1335095836
    },
    "AND Gateway":{
        "0":0.4769230769,
        "1":0.5111111111,
        "2":0.511627907,
        "3":0.4666666667,
        "4":0.4117647059
    },
    "All":{
        "0":0.0569607238,
        "1":0.0581258288,
        "2":0.0586689396,
        "3":0.0611486737,
        "4":0.0622820534
    }
}