{
    "Actor":{
        "0":0.0140501909,
        "1":0.0149972732,
        "2":0.0144766147,
        "3":0.0156648452,
        "4":0.0149960537
    },
    "Activity":{
        "0":0.0395359487,
        "1":0.0402086137,
        "2":0.0423166279,
        "3":0.0420469361,
        "4":0.0422758499
    },
    "Activity Data":{
        "0":0.019968136,
        "1":0.0209742511,
        "2":0.0212001854,
        "3":0.021177686,
        "4":0.0223871211
    },
    "Further Specification":{
        "0":0.044834308,
        "1":0.0453296703,
        "2":0.0445026178,
        "3":0.0432283858,
        "4":0.0551533954
    },
    "XOR Gateway":{
        "0":0.0254466703,
        "1":0.0311926606,
        "2":0.0317164179,
        "3":0.0327653997,
        "4":0.0272324256
    },
    "Condition Specification":{
        "0":0.0386978907,
        "1":0.0435275448,
        "2":0.0395533687,
        "3":0.0388235294,
        "4":0.0402791625
    },
    "AND Gateway":{
        "0":0.1900452489,
        "1":0.2261904762,
        "2":0.2168674699,
        "3":0.2331288344,
        "4":0.185840708
    },
    "All":{
        "0":0.0168307206,
        "1":0.0177730723,
        "2":0.017869505,
        "3":0.0178211819,
        "4":0.0185346076
    }
}