{
    "Actor":{
        "0":0.0334369537
    },
    "Activity":{
        "0":0.0925192839
    },
    "Activity Data":{
        "0":0.047549408
    },
    "Further Specification":{
        "0":0.1049343429
    },
    "XOR Gateway":{
        "0":0.0662213412
    },
    "Condition Specification":{
        "0":0.0903019724
    },
    "AND Gateway":{
        "0":0.3772372344
    },
    "All":{
        "0":0.039950549
    }
}