{
    "Actor":{
        "0":0.1586070878
    },
    "Activity":{
        "0":0.4759818333
    },
    "Activity Data":{
        "0":0.2507153895
    },
    "Further Specification":{
        "0":0.5110217786
    },
    "XOR Gateway":{
        "0":0.1638783253
    },
    "Condition Specification":{
        "0":0.4678444044
    },
    "AND Gateway":{
        "0":0.8083333333
    },
    "All":{
        "0":0.223408033
    }
}