{
    "Actor":{
        "0":0.0101944608,
        "1":0.010845987,
        "2":0.0105757196,
        "3":0.0114179501,
        "4":0.0108742309
    },
    "Activity":{
        "0":0.0289094765,
        "1":0.0291321307,
        "2":0.0305096913,
        "3":0.0307692308,
        "4":0.0306044376
    },
    "Activity Data":{
        "0":0.0145022563,
        "1":0.0154077415,
        "2":0.0153852621,
        "3":0.0154116026,
        "4":0.0164571006
    },
    "Further Specification":{
        "0":0.0326770854,
        "1":0.0329209896,
        "2":0.0324652778,
        "3":0.0314545455,
        "4":0.0400701227
    },
    "XOR Gateway":{
        "0":0.0188,
        "1":0.0230769231,
        "2":0.0227678571,
        "3":0.0240847784,
        "4":0.0194746377
    },
    "Condition Specification":{
        "0":0.0282732678,
        "1":0.0315167433,
        "2":0.0286969655,
        "3":0.028617443,
        "4":0.0292965917
    },
    "AND Gateway":{
        "0":0.1390728477,
        "1":0.1953488372,
        "2":0.1555555556,
        "3":0.1666666667,
        "4":0.1453287197
    },
    "All":{
        "0":0.0122519388,
        "1":0.0129567288,
        "2":0.0129802781,
        "3":0.0130081558,
        "4":0.0135123247
    }
}