{
    "Actor":{
        "0":0.0352557571,
        "1":0.0372544592,
        "2":0.0376727597,
        "3":0.0414357986,
        "4":0.037091264
    },
    "Activity":{
        "0":0.0971128609,
        "1":0.1001676446,
        "2":0.1075949367,
        "3":0.1110632802,
        "4":0.1064773736
    },
    "Activity Data":{
        "0":0.0495911369,
        "1":0.0513141427,
        "2":0.0548396764,
        "3":0.0553555356,
        "4":0.055895745
    },
    "Further Specification":{
        "0":0.1048177083,
        "1":0.1274131274,
        "2":0.11117717,
        "3":0.1272994849,
        "4":0.1368691189
    },
    "XOR Gateway":{
        "0":0.0642954856,
        "1":0.0778625954,
        "2":0.0799373041,
        "3":0.0851788756,
        "4":0.0659509202
    },
    "Condition Specification":{
        "0":0.0976939203,
        "1":0.1128084606,
        "2":0.1055555556,
        "3":0.1061580882,
        "4":0.1032192131
    },
    "AND Gateway":{
        "0":0.4204545455,
        "1":0.4285714286,
        "2":0.3731343284,
        "3":0.3382352941,
        "4":0.4318181818
    },
    "All":{
        "0":0.0417671894,
        "1":0.0445058664,
        "2":0.0461529865,
        "3":0.0474899019,
        "4":0.0463013203
    }
}