{
    "Actor":{
        "0":0.0915320396
    },
    "Activity":{
        "0":0.2488441381
    },
    "Activity Data":{
        "0":0.1314695713
    },
    "Further Specification":{
        "0":0.3182431334
    },
    "XOR Gateway":{
        "0":0.1626798261
    },
    "Condition Specification":{
        "0":0.2479191302
    },
    "AND Gateway":{
        "0":0.6168408827
    },
    "All":{
        "0":0.1098224401
    }
}