{
    "Actor":{
        "0":0.0667264685
    },
    "Activity":{
        "0":0.1898030755
    },
    "Activity Data":{
        "0":0.0966263958
    },
    "Further Specification":{
        "0":0.1985863501
    },
    "XOR Gateway":{
        "0":0.138817363
    },
    "Condition Specification":{
        "0":0.1816803767
    },
    "AND Gateway":{
        "0":0.5549072435
    },
    "All":{
        "0":0.0804248293
    }
}