{
    "Actor":{
        "0":0.0628633721,
        "1":0.0649095201,
        "2":0.068699187,
        "3":0.0703764321,
        "4":0.0667838313
    },
    "Activity":{
        "0":0.1723220226,
        "1":0.177827381,
        "2":0.2114427861,
        "3":0.1975497703,
        "4":0.1898734177
    },
    "Activity Data":{
        "0":0.0890151515,
        "1":0.0937261875,
        "2":0.1024922991,
        "3":0.0954228084,
        "4":0.1024755325
    },
    "Further Specification":{
        "0":0.1784922395,
        "1":0.1907514451,
        "2":0.1879396985,
        "3":0.188453159,
        "4":0.2472952087
    },
    "XOR Gateway":{
        "0":0.1175,
        "1":0.1349206349,
        "2":0.1583850932,
        "3":0.1484848485,
        "4":0.1347962382
    },
    "Condition Specification":{
        "0":0.1666666667,
        "1":0.1819905213,
        "2":0.1906934307,
        "3":0.1896551724,
        "4":0.1793960924
    },
    "AND Gateway":{
        "0":0.5172413793,
        "1":0.6341463415,
        "2":0.5483870968,
        "3":0.487804878,
        "4":0.5869565217
    },
    "All":{
        "0":0.0739521225,
        "1":0.0776421964,
        "2":0.0853217643,
        "3":0.0812919795,
        "4":0.0839160839
    }
}