{
    "Actor":{
        "0":0.1391512917
    },
    "Activity":{
        "0":0.4138638588
    },
    "Activity Data":{
        "0":0.2229284202
    },
    "Further Specification":{
        "0":0.4103618358
    },
    "XOR Gateway":{
        "0":0.1446280654
    },
    "Condition Specification":{
        "0":0.3997422212
    },
    "AND Gateway":{
        "0":0.7188536953
    },
    "All":{
        "0":0.1946809318
    }
}