{
    "Actor":{
        "0":0.1166805709
    },
    "Activity":{
        "0":0.335293278
    },
    "Activity Data":{
        "0":0.1848637559
    },
    "Further Specification":{
        "0":0.342348583
    },
    "XOR Gateway":{
        "0":0.1147094765
    },
    "Condition Specification":{
        "0":0.3259235368
    },
    "AND Gateway":{
        "0":0.5808893892
    },
    "All":{
        "0":0.1610947492
    }
}