{
    "Actor":{
        "0":0.0313405797,
        "1":0.0339645945,
        "2":0.0326696308,
        "3":0.0352965319,
        "4":0.0339134315
    },
    "Activity":{
        "0":0.0881552076,
        "1":0.0904960242,
        "2":0.0953271028,
        "3":0.0954142012,
        "4":0.0932038835
    },
    "Activity Data":{
        "0":0.0446874257,
        "1":0.047301628,
        "2":0.0474154683,
        "3":0.0476374903,
        "4":0.0507050278
    },
    "Further Specification":{
        "0":0.1029411765,
        "1":0.1023573201,
        "2":0.0990990991,
        "3":0.0975747321,
        "4":0.1226993865
    },
    "XOR Gateway":{
        "0":0.056763285,
        "1":0.0697674419,
        "2":0.0697674419,
        "3":0.0740740741,
        "4":0.0607344633
    },
    "Condition Specification":{
        "0":0.0872005988,
        "1":0.0965309201,
        "2":0.088185654,
        "3":0.0878995434,
        "4":0.0916931457
    },
    "AND Gateway":{
        "0":0.3510638298,
        "1":0.4583333333,
        "2":0.3783783784,
        "3":0.3815789474,
        "4":0.3168316832
    },
    "All":{
        "0":0.0377212892,
        "1":0.0400426309,
        "2":0.0400407194,
        "3":0.0401953602,
        "4":0.0417527455
    }
}