{
    "Actor":{
        "0":0.0859292408
    },
    "Activity":{
        "0":0.2373628856
    },
    "Activity Data":{
        "0":0.1226359703
    },
    "Further Specification":{
        "0":0.2966429913
    },
    "XOR Gateway":{
        "0":0.1709174589
    },
    "Condition Specification":{
        "0":0.2316835579
    },
    "AND Gateway":{
        "0":0.6220610939
    },
    "All":{
        "0":0.1033029099
    }
}