{
    "Actor":{
        "0":0.0989761092,
        "1":0.1015567087,
        "2":0.0934210526,
        "3":0.1044668588,
        "4":0.0992851469
    },
    "Activity":{
        "0":0.2972972973,
        "1":0.2896551724,
        "2":0.2971204188,
        "3":0.3054448871,
        "4":0.2944444444
    },
    "Activity Data":{
        "0":0.1553571429,
        "1":0.1603773585,
        "2":0.155545329,
        "3":0.1533963113,
        "4":0.165572943
    },
    "Further Specification":{
        "0":0.2878787879,
        "1":0.2921108742,
        "2":0.2834224599,
        "3":0.3085106383,
        "4":0.3676880223
    },
    "XOR Gateway":{
        "0":0.0818965517,
        "1":0.1144278607,
        "2":0.1223404255,
        "3":0.1229050279,
        "4":0.0689655172
    },
    "Condition Specification":{
        "0":0.2881118881,
        "1":0.2894736842,
        "2":0.3043478261,
        "3":0.3007407407,
        "4":0.2878289474
    },
    "AND Gateway":{
        "0":0.4482758621,
        "1":0.6666666667,
        "2":0.347826087,
        "3":0.4090909091,
        "4":0.4642857143
    },
    "All":{
        "0":0.1363175676,
        "1":0.1401320616,
        "2":0.1378067616,
        "3":0.1401050788,
        "4":0.1444358278
    }
}