{
    "Actor":{
        "0":0.0745884774,
        "1":0.0755237045,
        "2":0.0752916225,
        "3":0.0834772596,
        "4":0.0771604938
    },
    "Activity":{
        "0":0.2204198473,
        "1":0.2178423237,
        "2":0.2279116466,
        "3":0.2383419689,
        "4":0.2311886587
    },
    "Activity Data":{
        "0":0.1178063643,
        "1":0.1170798898,
        "2":0.1193502825,
        "3":0.1224856322,
        "4":0.1301587302
    },
    "Further Specification":{
        "0":0.2418181818,
        "1":0.243339254,
        "2":0.2366071429,
        "3":0.2312599681,
        "4":0.2619047619
    },
    "XOR Gateway":{
        "0":0.0635451505,
        "1":0.0874524715,
        "2":0.0881226054,
        "3":0.0928270042,
        "4":0.0555555556
    },
    "Condition Specification":{
        "0":0.1990338164,
        "1":0.2298050139,
        "2":0.2148760331,
        "3":0.2182795699,
        "4":0.2160493827
    },
    "AND Gateway":{
        "0":0.3611111111,
        "1":0.48,
        "2":0.32,
        "3":0.36,
        "4":0.3714285714
    },
    "All":{
        "0":0.1025934401,
        "1":0.1053647773,
        "2":0.1067961165,
        "3":0.1095140315,
        "4":0.1118954641
    }
}