{
    "Actor":{
        "0":0.0626344915
    },
    "Activity":{
        "0":0.171498662
    },
    "Activity Data":{
        "0":0.088516277
    },
    "Further Specification":{
        "0":0.1903963215
    },
    "XOR Gateway":{
        "0":0.1256864655
    },
    "Condition Specification":{
        "0":0.1685663655
    },
    "AND Gateway":{
        "0":0.518025185
    },
    "All":{
        "0":0.0743745833
    }
}