{
    "Actor":{
        "0":0.1148976916
    },
    "Activity":{
        "0":0.3347091459
    },
    "Activity Data":{
        "0":0.1822562878
    },
    "Further Specification":{
        "0":0.3789615917
    },
    "XOR Gateway":{
        "0":0.1100537426
    },
    "Condition Specification":{
        "0":0.3208160756
    },
    "AND Gateway":{
        "0":0.5183574879
    },
    "All":{
        "0":0.160152126
    }
}