{
    "Actor":{
        "0":0.0905578935
    },
    "Activity":{
        "0":0.2651785919
    },
    "Activity Data":{
        "0":0.1425373782
    },
    "Further Specification":{
        "0":0.2766880495
    },
    "XOR Gateway":{
        "0":0.091151525
    },
    "Condition Specification":{
        "0":0.2547554342
    },
    "AND Gateway":{
        "0":0.4308359213
    },
    "All":{
        "0":0.125630011
    }
}