{
    "Actor":{
        "0":0.5203555225
    },
    "Activity":{
        "0":0.614927907
    },
    "Activity Data":{
        "0":0.5677368843
    },
    "Further Specification":{
        "0":0.6477387957
    },
    "XOR Gateway":{
        "0":0.5767514596
    },
    "Condition Specification":{
        "0":0.6770331889
    },
    "AND Gateway":{
        "0":0.7055330634
    },
    "All":{
        "0":0.5694132975
    }
}