{
    "Actor":{
        "0":0.7706888581,
        "1":0.7966845441,
        "2":0.770326907,
        "3":0.7838983051,
        "4":0.8061650993
    },
    "Activity":{
        "0":0.8729773463,
        "1":0.8783783784,
        "2":0.8715305313,
        "3":0.8739770867,
        "4":0.8700657895
    },
    "Activity Data":{
        "0":0.8051801802,
        "1":0.8081788761,
        "2":0.7857745291,
        "3":0.7892741062,
        "4":0.8149053146
    },
    "Further Specification":{
        "0":0.9054916986,
        "1":0.9323979592,
        "2":0.918134715,
        "3":0.9187418087,
        "4":0.943877551
    },
    "XOR Gateway":{
        "0":0.8538461538,
        "1":0.8408163265,
        "2":0.8243902439,
        "3":0.8434343434,
        "4":0.8068669528
    },
    "Condition Specification":{
        "0":0.9157986111,
        "1":0.9305263158,
        "2":0.921978022,
        "3":0.917370892,
        "4":0.9153225806
    },
    "AND Gateway":{
        "0":0.9787234043,
        "1":1.0,
        "2":1.0,
        "3":1.0,
        "4":1.0
    },
    "All":{
        "0":0.7845099532,
        "1":0.7985644825,
        "2":0.7716831258,
        "3":0.7754204683,
        "4":0.7925396633
    }
}