{
    "Actor":{
        "0":0.7766642806,
        "1":0.7977915804,
        "2":0.7874720358,
        "3":0.8049822064,
        "4":0.7892670157
    },
    "Activity":{
        "0":0.8743718593,
        "1":0.8919239905,
        "2":0.891350211,
        "3":0.8811188811,
        "4":0.8864583333
    },
    "Activity Data":{
        "0":0.8130759105,
        "1":0.8417004049,
        "2":0.8148715983,
        "3":0.8174089069,
        "4":0.8253145818
    },
    "Further Specification":{
        "0":0.9312169312,
        "1":0.9389204545,
        "2":0.9244444444,
        "3":0.9438444924,
        "4":0.9473684211
    },
    "XOR Gateway":{
        "0":0.864,
        "1":0.8015873016,
        "2":0.8547486034,
        "3":0.9034482759,
        "4":0.8507462687
    },
    "Condition Specification":{
        "0":0.9269340974,
        "1":0.9325044405,
        "2":0.9230769231,
        "3":0.9413233458,
        "4":0.9190064795
    },
    "AND Gateway":{
        "0":1.0,
        "1":0.9444444444,
        "2":1.0,
        "3":1.0,
        "4":1.0
    },
    "All":{
        "0":0.8035463483,
        "1":0.8169151005,
        "2":0.800867052,
        "3":0.8157339822,
        "4":0.8056709151
    }
}