{
    "Actor":{
        "0":0.7830354679
    },
    "Activity":{
        "0":0.859463126
    },
    "Activity Data":{
        "0":0.7900440524
    },
    "Further Specification":{
        "0":0.9216434898
    },
    "XOR Gateway":{
        "0":0.8087346725
    },
    "Condition Specification":{
        "0":0.9060313316
    },
    "AND Gateway":{
        "0":0.9754245754
    },
    "All":{
        "0":0.7749582369
    }
}