{
    "Actor":{
        "0":0.3783231084,
        "1":0.382179676,
        "2":0.3804034582,
        "3":0.3901515152,
        "4":0.4049235993
    },
    "Activity":{
        "0":0.4385964912,
        "1":0.4474002418,
        "2":0.4507710558,
        "3":0.4462809917,
        "4":0.4678899083
    },
    "Activity Data":{
        "0":0.420023933,
        "1":0.4194085798,
        "2":0.4026304625,
        "3":0.4061447811,
        "4":0.4471899225
    },
    "Further Specification":{
        "0":0.4600389864,
        "1":0.4910891089,
        "2":0.46921797,
        "3":0.4730215827,
        "4":0.5012406948
    },
    "XOR Gateway":{
        "0":0.4,
        "1":0.4017094017,
        "2":0.4587155963,
        "3":0.4479166667,
        "4":0.4468085106
    },
    "Condition Specification":{
        "0":0.4638694639,
        "1":0.473015873,
        "2":0.487394958,
        "3":0.4887218045,
        "4":0.4954545455
    },
    "AND Gateway":{
        "0":0.5,
        "1":0.5263157895,
        "2":0.5,
        "3":0.5714285714,
        "4":0.5789473684
    },
    "All":{
        "0":0.4107170755,
        "1":0.4194980365,
        "2":0.4112180551,
        "3":0.4163475945,
        "4":0.4398764717
    }
}