{
    "Actor":{
        "0":0.7103579047,
        "1":0.7408949011,
        "2":0.7265760198,
        "3":0.7573270809,
        "4":0.7564564565
    },
    "Activity":{
        "0":0.8203389831,
        "1":0.8293468261,
        "2":0.8334081724,
        "3":0.8393983503,
        "4":0.8444902163
    },
    "Activity Data":{
        "0":0.7372918815,
        "1":0.7505033297,
        "2":0.741528133,
        "3":0.7489623111,
        "4":0.7781550651
    },
    "Further Specification":{
        "0":0.901793339,
        "1":0.9228070175,
        "2":0.880625,
        "3":0.9023646072,
        "4":0.9249249249
    },
    "XOR Gateway":{
        "0":0.6980392157,
        "1":0.7253668763,
        "2":0.7562642369,
        "3":0.7679083095,
        "4":0.7150537634
    },
    "Condition Specification":{
        "0":0.8766461809,
        "1":0.9013071895,
        "2":0.8871794872,
        "3":0.8939720129,
        "4":0.8818461538
    },
    "AND Gateway":{
        "0":0.9743589744,
        "1":0.9558823529,
        "2":0.94,
        "3":1.0,
        "4":1.0
    },
    "All":{
        "0":0.7101649141,
        "1":0.7354365838,
        "2":0.7230639223,
        "3":0.7395494118,
        "4":0.7541501396
    }
}