{
    "Actor":{
        "0":0.7320665736
    },
    "Activity":{
        "0":0.8232057588
    },
    "Activity Data":{
        "0":0.741256419
    },
    "Further Specification":{
        "0":0.8849475495
    },
    "XOR Gateway":{
        "0":0.7364387649
    },
    "Condition Specification":{
        "0":0.8761153289
    },
    "AND Gateway":{
        "0":0.9646540065
    },
    "All":{
        "0":0.7195177511
    }
}