{
    "Actor":{
        "0":0.7752902156,
        "1":0.7839444995,
        "2":0.7817764165,
        "3":0.7989795918,
        "4":0.8005617978
    },
    "Activity":{
        "0":0.8776371308,
        "1":0.8854489164,
        "2":0.9047619048,
        "3":0.8800648298,
        "4":0.8919308357
    },
    "Activity Data":{
        "0":0.8171487603,
        "1":0.8350742166,
        "2":0.8174171202,
        "3":0.8157746479,
        "4":0.8473413379
    },
    "Further Specification":{
        "0":0.9365853659,
        "1":0.9512893983,
        "2":0.9230769231,
        "3":0.9262899263,
        "4":0.9616858238
    },
    "XOR Gateway":{
        "0":0.85,
        "1":0.8529411765,
        "2":0.9215686275,
        "3":0.8928571429,
        "4":0.8428571429
    },
    "Condition Specification":{
        "0":0.9299363057,
        "1":0.940552017,
        "2":0.9317147193,
        "3":0.928802589,
        "4":0.9197324415
    },
    "AND Gateway":{
        "0":1.0,
        "1":1.0,
        "2":1.0,
        "3":1.0,
        "4":1.0
    },
    "All":{
        "0":0.8094954311,
        "1":0.8262626263,
        "2":0.8120287253,
        "3":0.8220886217,
        "4":0.828810942
    }
}