{
    "Actor":{
        "0":0.6052793929
    },
    "Activity":{
        "0":0.7032658869
    },
    "Activity Data":{
        "0":0.6639120193
    },
    "Further Specification":{
        "0":0.7755023547
    },
    "XOR Gateway":{
        "0":0.6244160638
    },
    "Condition Specification":{
        "0":0.7546231449
    },
    "AND Gateway":{
        "0":0.7254700855
    },
    "All":{
        "0":0.6592758366
    }
}