{
    "Actor":{
        "0":0.4053591568
    },
    "Activity":{
        "0":0.4788844821
    },
    "Activity Data":{
        "0":0.4421404703
    },
    "Further Specification":{
        "0":0.4970688446
    },
    "XOR Gateway":{
        "0":0.4664049103
    },
    "Condition Specification":{
        "0":0.5096578605
    },
    "AND Gateway":{
        "0":0.543062201
    },
    "All":{
        "0":0.441922934
    }
}