{
    "Actor":{
        "0":0.7759911554
    },
    "Activity":{
        "0":0.8764830629
    },
    "Activity Data":{
        "0":0.8199274906
    },
    "Further Specification":{
        "0":0.9398134817
    },
    "XOR Gateway":{
        "0":0.8437272502
    },
    "Condition Specification":{
        "0":0.9268255474
    },
    "AND Gateway":{
        "0":1.0
    },
    "All":{
        "0":0.8071554797
    }
}