{
    "Actor":{
        "0":0.4259170167
    },
    "Activity":{
        "0":0.5040705813
    },
    "Activity Data":{
        "0":0.4653327758
    },
    "Further Specification":{
        "0":0.5329059037
    },
    "XOR Gateway":{
        "0":0.4692375085
    },
    "Condition Specification":{
        "0":0.5564889584
    },
    "AND Gateway":{
        "0":0.5553734671
    },
    "All":{
        "0":0.4672242007
    }
}