{
    "Actor":{
        "0":0.7809534713
    },
    "Activity":{
        "0":0.8670290117
    },
    "Activity Data":{
        "0":0.8194594643
    },
    "Further Specification":{
        "0":0.940793543
    },
    "XOR Gateway":{
        "0":0.8714539335
    },
    "Condition Specification":{
        "0":0.9263940113
    },
    "AND Gateway":{
        "0":1.0
    },
    "All":{
        "0":0.8110157869
    }
}