{
    "Actor":{
        "0":0.7629736804
    },
    "Activity":{
        "0":0.8450160469
    },
    "Activity Data":{
        "0":0.7698563556
    },
    "Further Specification":{
        "0":0.9118588423
    },
    "XOR Gateway":{
        "0":0.7532417772
    },
    "Condition Specification":{
        "0":0.8889058091
    },
    "AND Gateway":{
        "0":0.9964285714
    },
    "All":{
        "0":0.7514029662
    }
}