{
    "Actor":{
        "0":0.2678355512
    },
    "Activity":{
        "0":0.3136503593
    },
    "Activity Data":{
        "0":0.2886233256
    },
    "Further Specification":{
        "0":0.3473916945
    },
    "XOR Gateway":{
        "0":0.2899381287
    },
    "Condition Specification":{
        "0":0.3434794557
    },
    "AND Gateway":{
        "0":0.343315508
    },
    "All":{
        "0":0.2919677377
    }
}