{
    "Actor":{
        "0":0.4991688967
    },
    "Activity":{
        "0":0.5696855039
    },
    "Activity Data":{
        "0":0.5437166217
    },
    "Further Specification":{
        "0":0.5924275326
    },
    "XOR Gateway":{
        "0":0.557481156
    },
    "Condition Specification":{
        "0":0.6162015458
    },
    "AND Gateway":{
        "0":0.7451282051
    },
    "All":{
        "0":0.5382365137
    }
}