{
    "Actor":{
        "0":0.7855527427
    },
    "Activity":{
        "0":0.8733858264
    },
    "Activity Data":{
        "0":0.8006626012
    },
    "Further Specification":{
        "0":0.9237287465
    },
    "XOR Gateway":{
        "0":0.8338708041
    },
    "Condition Specification":{
        "0":0.9201992843
    },
    "AND Gateway":{
        "0":0.9957446809
    },
    "All":{
        "0":0.7845435386
    }
}