{
    "Actor":{
        "0":0.4834907367
    },
    "Activity":{
        "0":0.6426017971
    },
    "Activity Data":{
        "0":0.5158210936
    },
    "Further Specification":{
        "0":0.7059862014
    },
    "XOR Gateway":{
        "0":0.4666357815
    },
    "Condition Specification":{
        "0":0.680926048
    },
    "AND Gateway":{
        "0":0.80112005
    },
    "All":{
        "0":0.4960313743
    }
}