{
    "Actor":{
        "0":0.5897980871,
        "1":0.6077283372,
        "2":0.5802197802,
        "3":0.5974477958,
        "4":0.5781818182
    },
    "Activity":{
        "0":0.6993006993,
        "1":0.719844358,
        "2":0.7142857143,
        "3":0.7255278311,
        "4":0.7226720648
    },
    "Activity Data":{
        "0":0.6573033708,
        "1":0.6682149967,
        "2":0.6002530044,
        "3":0.620978121,
        "4":0.6541459957
    },
    "Further Specification":{
        "0":0.8,
        "1":0.7607361963,
        "2":0.8269794721,
        "3":0.8067484663,
        "4":0.8782608696
    },
    "XOR Gateway":{
        "0":0.6857142857,
        "1":0.7121212121,
        "2":0.7246376812,
        "3":0.6825396825,
        "4":0.6176470588
    },
    "Condition Specification":{
        "0":0.6815068493,
        "1":0.8764705882,
        "2":0.7341772152,
        "3":0.8369098712,
        "4":0.7465753425
    },
    "AND Gateway":{
        "0":0.8571428571,
        "1":0.9090909091,
        "2":0.7,
        "3":1.0,
        "4":1.0
    },
    "All":{
        "0":0.6446787641,
        "1":0.6791044776,
        "2":0.6326270105,
        "3":0.6581578947,
        "4":0.6554501007
    }
}