{
    "Bleu Score":{
        "0":0.0113043223,
        "1":0.0396940521,
        "2":0.0248040161,
        "3":0.0414468896,
        "4":0.050678835
    }
}