{
    "Actor":{
        "0":0.0406006674,
        "1":0.0427590512,
        "2":0.0424080664,
        "3":0.0456549118,
        "4":0.0429634641
    },
    "Activity":{
        "0":0.1215789474,
        "1":0.1220930233,
        "2":0.1292710706,
        "3":0.1297968397,
        "4":0.1283292978
    },
    "Activity Data":{
        "0":0.0635500365,
        "1":0.0670731707,
        "2":0.0672770701,
        "3":0.0673380727,
        "4":0.0715532286
    },
    "Further Specification":{
        "0":0.1278846154,
        "1":0.1302281369,
        "2":0.1299019608,
        "3":0.1263066202,
        "4":0.1556603774
    },
    "XOR Gateway":{
        "0":0.0359848485,
        "1":0.0487288136,
        "2":0.0491452991,
        "3":0.05,
        "4":0.0326086957
    },
    "Condition Specification":{
        "0":0.1183908046,
        "1":0.1281055901,
        "2":0.1181818182,
        "3":0.118852459,
        "4":0.1219008264
    },
    "AND Gateway":{
        "0":0.203125,
        "1":0.25,
        "2":0.1666666667,
        "3":0.1875,
        "4":0.203125
    },
    "All":{
        "0":0.0562604573,
        "1":0.0594497979,
        "2":0.0597826087,
        "3":0.0598981731,
        "4":0.0620838881
    }
}