{
    "Actor":{
        "0":0.0467185762,
        "1":0.0471285893,
        "2":0.0492289442,
        "3":0.0519521411,
        "4":0.049391069
    },
    "Activity":{
        "0":0.1278947368,
        "1":0.126744186,
        "2":0.1355353075,
        "3":0.1348758465,
        "4":0.1313559322
    },
    "Activity Data":{
        "0":0.0670197224,
        "1":0.071007081,
        "2":0.0722531847,
        "3":0.070892575,
        "4":0.07504363
    },
    "Further Specification":{
        "0":0.1365384615,
        "1":0.1397338403,
        "2":0.1348039216,
        "3":0.1358885017,
        "4":0.1603773585
    },
    "XOR Gateway":{
        "0":0.0454545455,
        "1":0.061440678,
        "2":0.0576923077,
        "3":0.0568181818,
        "4":0.0369565217
    },
    "Condition Specification":{
        "0":0.1235632184,
        "1":0.1366459627,
        "2":0.124025974,
        "3":0.1223653396,
        "4":0.1274104683
    },
    "AND Gateway":{
        "0":0.203125,
        "1":0.2708333333,
        "2":0.1875,
        "3":0.2083333333,
        "4":0.203125
    },
    "All":{
        "0":0.0575153374,
        "1":0.0603046316,
        "2":0.0612715902,
        "3":0.0608715184,
        "4":0.0628328895
    }
}