{
    "Actor":{
        "0":0.0428253615,
        "1":0.0465043695,
        "2":0.0447805457,
        "3":0.0475440806,
        "4":0.0446549391
    },
    "Activity":{
        "0":0.1236842105,
        "1":0.1255813953,
        "2":0.1332574032,
        "3":0.1320541761,
        "4":0.1307506053
    },
    "Activity Data":{
        "0":0.0659240321,
        "1":0.0680566483,
        "2":0.0688694268,
        "3":0.0683254344,
        "4":0.0741710297
    },
    "Further Specification":{
        "0":0.1317307692,
        "1":0.1311787072,
        "2":0.1331699346,
        "3":0.1289198606,
        "4":0.1603773585
    },
    "XOR Gateway":{
        "0":0.0454545455,
        "1":0.0550847458,
        "2":0.0491452991,
        "3":0.0522727273,
        "4":0.0369565217
    },
    "Condition Specification":{
        "0":0.1235632184,
        "1":0.1312111801,
        "2":0.124025974,
        "3":0.1229508197,
        "4":0.1232782369
    },
    "AND Gateway":{
        "0":0.203125,
        "1":0.25,
        "2":0.1666666667,
        "3":0.1875,
        "4":0.203125
    },
    "All":{
        "0":0.0569576129,
        "1":0.0594497979,
        "2":0.0601548541,
        "3":0.0600479185,
        "4":0.0626664447
    }
}