{
    "Actor":{
        "0":0.04810901,
        "1":0.0486891386,
        "2":0.050118624,
        "3":0.0516372796,
        "4":0.0453315291
    },
    "Activity":{
        "0":0.1289473684,
        "1":0.1313953488,
        "2":0.1338268793,
        "3":0.1399548533,
        "4":0.1386198547
    },
    "Activity Data":{
        "0":0.0681154127,
        "1":0.0715971676,
        "2":0.0704617834,
        "3":0.0706951027,
        "4":0.0765706806
    },
    "Further Specification":{
        "0":0.1326923077,
        "1":0.13878327,
        "2":0.1364379085,
        "3":0.1341463415,
        "4":0.1627358491
    },
    "XOR Gateway":{
        "0":0.0454545455,
        "1":0.0572033898,
        "2":0.061965812,
        "3":0.0522727273,
        "4":0.0391304348
    },
    "Condition Specification":{
        "0":0.125862069,
        "1":0.1350931677,
        "2":0.125974026,
        "3":0.1264637002,
        "4":0.1267217631
    },
    "AND Gateway":{
        "0":0.21875,
        "1":0.3333333333,
        "2":0.2083333333,
        "3":0.1875,
        "4":0.21875
    },
    "All":{
        "0":0.0575153374,
        "1":0.0603823438,
        "2":0.061048243,
        "3":0.0609463911,
        "4":0.0641644474
    }
}