{
    "Actor":{
        "0":0.0419911012,
        "1":0.0452559301,
        "2":0.0447805457,
        "3":0.0481738035,
        "4":0.0436400541
    },
    "Activity":{
        "0":0.1226315789,
        "1":0.1238372093,
        "2":0.1326879271,
        "3":0.131489842,
        "4":0.1301452785
    },
    "Activity Data":{
        "0":0.0637326516,
        "1":0.0672698662,
        "2":0.0676751592,
        "3":0.067535545,
        "4":0.0717713787
    },
    "Further Specification":{
        "0":0.1298076923,
        "1":0.1359315589,
        "2":0.1323529412,
        "3":0.131533101,
        "4":0.1556603774
    },
    "XOR Gateway":{
        "0":0.0435606061,
        "1":0.0550847458,
        "2":0.0534188034,
        "3":0.0545454545,
        "4":0.0347826087
    },
    "Condition Specification":{
        "0":0.1212643678,
        "1":0.1335403727,
        "2":0.1181818182,
        "3":0.1206088993,
        "4":0.1260330579
    },
    "AND Gateway":{
        "0":0.203125,
        "1":0.25,
        "2":0.1666666667,
        "3":0.1875,
        "4":0.203125
    },
    "All":{
        "0":0.0567484663,
        "1":0.0599160709,
        "2":0.060080405,
        "3":0.0603474094,
        "4":0.0624167776
    }
}