{
    "Actor":{
        "0":0.1776147959,
        "1":0.1868723099,
        "2":0.1808005427,
        "3":0.1861471861,
        "4":0.1856814701
    },
    "Activity":{
        "0":0.2105263158,
        "1":0.2168604651,
        "2":0.2169703872,
        "3":0.2133182844,
        "4":0.2173123487
    },
    "Activity Data":{
        "0":0.1977306548,
        "1":0.2041800643,
        "2":0.1921521036,
        "3":0.195766129,
        "4":0.2061170213
    },
    "Further Specification":{
        "0":0.2269230769,
        "1":0.2357414449,
        "2":0.2328431373,
        "3":0.2290940767,
        "4":0.2382075472
    },
    "XOR Gateway":{
        "0":0.1935483871,
        "1":0.1958333333,
        "2":0.2192982456,
        "3":0.2107843137,
        "4":0.1944444444
    },
    "Condition Specification":{
        "0":0.2293103448,
        "1":0.2320872274,
        "2":0.2265625,
        "3":0.2294600939,
        "4":0.2306629834
    },
    "AND Gateway":{
        "0":0.25,
        "1":0.25,
        "2":0.25,
        "3":0.25,
        "4":0.25
    },
    "All":{
        "0":0.1955071174,
        "1":0.2040495868,
        "2":0.1962255212,
        "3":0.1992534943,
        "4":0.2024355807
    }
}