{
    "Actor":{
        "0":0.2064286043
    },
    "Activity":{
        "0":0.2368091161
    },
    "Activity Data":{
        "0":0.2292800898
    },
    "Further Specification":{
        "0":0.255268805
    },
    "XOR Gateway":{
        "0":0.2096732858
    },
    "Condition Specification":{
        "0":0.251893525
    },
    "AND Gateway":{
        "0":0.2813311688
    },
    "All":{
        "0":0.2205216821
    }
}