{
    "Actor":{
        "0":0.2165178571,
        "1":0.2331420373,
        "2":0.2211668928,
        "3":0.2312409812,
        "4":0.2243491577
    },
    "Activity":{
        "0":0.2568421053,
        "1":0.2645348837,
        "2":0.270501139,
        "3":0.2612866817,
        "4":0.2542372881
    },
    "Activity Data":{
        "0":0.2505580357,
        "1":0.2546221865,
        "2":0.241302589,
        "3":0.2471774194,
        "4":0.257535461
    },
    "Further Specification":{
        "0":0.2557692308,
        "1":0.2842205323,
        "2":0.2818627451,
        "3":0.2700348432,
        "4":0.2924528302
    },
    "XOR Gateway":{
        "0":0.2298387097,
        "1":0.2416666667,
        "2":0.2412280702,
        "3":0.2401960784,
        "4":0.2222222222
    },
    "Condition Specification":{
        "0":0.2632183908,
        "1":0.2663551402,
        "2":0.2565104167,
        "3":0.2546948357,
        "4":0.2741712707
    },
    "AND Gateway":{
        "0":0.25,
        "1":0.35,
        "2":0.25,
        "3":0.25,
        "4":0.2727272727
    },
    "All":{
        "0":0.2373220641,
        "1":0.249338843,
        "2":0.239418825,
        "3":0.2422966963,
        "4":0.2454994705
    }
}