{
    "Actor":{
        "0":0.2143277657
    },
    "Activity":{
        "0":0.2498627107
    },
    "Activity Data":{
        "0":0.2403296187
    },
    "Further Specification":{
        "0":0.2645177667
    },
    "XOR Gateway":{
        "0":0.228640693
    },
    "Condition Specification":{
        "0":0.2605161223
    },
    "AND Gateway":{
        "0":0.2892857143
    },
    "All":{
        "0":0.2303665521
    }
}