{
    "Actor":{
        "0":0.2088647959,
        "1":0.218794835,
        "2":0.2204884668,
        "3":0.2196969697,
        "4":0.2201378254
    },
    "Activity":{
        "0":0.2494736842,
        "1":0.2552325581,
        "2":0.2596810934,
        "3":0.2511286682,
        "4":0.2518159806
    },
    "Activity Data":{
        "0":0.240327381,
        "1":0.2475884244,
        "2":0.2352346278,
        "3":0.2415322581,
        "4":0.2464539007
    },
    "Further Specification":{
        "0":0.2653846154,
        "1":0.2775665399,
        "2":0.2696078431,
        "3":0.2700348432,
        "4":0.2700471698
    },
    "XOR Gateway":{
        "0":0.2258064516,
        "1":0.2333333333,
        "2":0.2456140351,
        "3":0.2401960784,
        "4":0.2314814815
    },
    "Condition Specification":{
        "0":0.2655172414,
        "1":0.2647975078,
        "2":0.26171875,
        "3":0.2599765258,
        "4":0.2617403315
    },
    "AND Gateway":{
        "0":0.25,
        "1":0.325,
        "2":0.3214285714,
        "3":0.28125,
        "4":0.25
    },
    "All":{
        "0":0.2331702254,
        "1":0.2421487603,
        "2":0.2361023373,
        "3":0.2376111817,
        "4":0.2387927992
    }
}