{
    "Bleu Score":{
        "0":0.9939754108,
        "1":0.9959526617,
        "2":0.9960774569,
        "3":0.9961828847,
        "4":0.99325933
    }
}