{
    "Actor":{
        "0":0.0834260289,
        "1":0.0855181024,
        "2":0.0877817319,
        "3":0.0938287154,
        "4":0.0879566982
    },
    "Activity":{
        "0":0.2463157895,
        "1":0.2465116279,
        "2":0.2596810934,
        "3":0.2618510158,
        "4":0.2578692494
    },
    "Activity Data":{
        "0":0.1274653031,
        "1":0.1345397325,
        "2":0.1349522293,
        "3":0.1370458136,
        "4":0.1439790576
    },
    "Further Specification":{
        "0":0.2557692308,
        "1":0.2604562738,
        "2":0.2614379085,
        "3":0.2595818815,
        "4":0.3113207547
    },
    "XOR Gateway":{
        "0":0.071969697,
        "1":0.0974576271,
        "2":0.1111111111,
        "3":0.1,
        "4":0.0608695652
    },
    "Condition Specification":{
        "0":0.2367816092,
        "1":0.2624223602,
        "2":0.238961039,
        "3":0.2400468384,
        "4":0.241046832
    },
    "AND Gateway":{
        "0":0.40625,
        "1":0.5,
        "2":0.3333333333,
        "3":0.375,
        "4":0.40625
    },
    "All":{
        "0":0.1127997769,
        "1":0.1187441716,
        "2":0.12016081,
        "3":0.1202455825,
        "4":0.1241677763
    }
}