{
    "Actor":{
        "0":0.0850945495,
        "1":0.088639201,
        "2":0.0865954923,
        "3":0.0957178841,
        "4":0.0866035183
    },
    "Activity":{
        "0":0.2505263158,
        "1":0.2465116279,
        "2":0.2630979499,
        "3":0.2674943567,
        "4":0.2615012107
    },
    "Activity Data":{
        "0":0.1292914536,
        "1":0.1357199056,
        "2":0.1361464968,
        "3":0.1366508689,
        "4":0.1444153578
    },
    "Further Specification":{
        "0":0.2557692308,
        "1":0.2642585551,
        "2":0.2663398693,
        "3":0.2543554007,
        "4":0.3160377358
    },
    "XOR Gateway":{
        "0":0.0757575758,
        "1":0.1016949153,
        "2":0.1068376068,
        "3":0.1045454545,
        "4":0.0695652174
    },
    "Condition Specification":{
        "0":0.2413793103,
        "1":0.2593167702,
        "2":0.2454545455,
        "3":0.2423887588,
        "4":0.2465564738
    },
    "AND Gateway":{
        "0":0.40625,
        "1":0.5,
        "2":0.3333333333,
        "3":0.375,
        "4":0.40625
    },
    "All":{
        "0":0.1134969325,
        "1":0.1193658688,
        "2":0.1204586063,
        "3":0.1208445642,
        "4":0.1248335553
    }
}