{
    "Actor":{
        "0":0.0897914792
    },
    "Activity":{
        "0":0.2567509003
    },
    "Activity Data":{
        "0":0.1380528861
    },
    "Further Specification":{
        "0":0.2731132545
    },
    "XOR Gateway":{
        "0":0.0892527022
    },
    "Condition Specification":{
        "0":0.2447801676
    },
    "AND Gateway":{
        "0":0.4166666667
    },
    "All":{
        "0":0.1196700812
    }
}