{
    "Actor":{
        "0":0.3868650645
    },
    "Activity":{
        "0":0.4521361808
    },
    "Activity Data":{
        "0":0.4255235397
    },
    "Further Specification":{
        "0":0.4911753767
    },
    "XOR Gateway":{
        "0":0.4072301564
    },
    "Condition Specification":{
        "0":0.4754456625
    },
    "AND Gateway":{
        "0":0.5415584416
    },
    "All":{
        "0":0.4185418169
    }
}