{
    "Actor":{
        "0":0.3590561224,
        "1":0.3758967001,
        "2":0.3636363636,
        "3":0.3737373737,
        "4":0.3690658499
    },
    "Activity":{
        "0":0.4231578947,
        "1":0.4325581395,
        "2":0.4350797267,
        "3":0.4266365688,
        "4":0.4334140436
    },
    "Activity Data":{
        "0":0.3984375,
        "1":0.411977492,
        "2":0.3903721683,
        "3":0.3963709677,
        "4":0.4131205674
    },
    "Further Specification":{
        "0":0.4576923077,
        "1":0.4714828897,
        "2":0.4607843137,
        "3":0.4634146341,
        "4":0.4764150943
    },
    "XOR Gateway":{
        "0":0.3870967742,
        "1":0.3916666667,
        "2":0.4473684211,
        "3":0.431372549,
        "4":0.3888888889
    },
    "Condition Specification":{
        "0":0.4574712644,
        "1":0.4641744548,
        "2":0.453125,
        "3":0.4600938967,
        "4":0.4516574586
    },
    "AND Gateway":{
        "0":0.5,
        "1":0.5,
        "2":0.5,
        "3":0.5,
        "4":0.5
    },
    "All":{
        "0":0.3922004745,
        "1":0.4089256198,
        "2":0.3938723942,
        "3":0.4002541296,
        "4":0.4039887046
    }
}