{
    "Actor":{
        "0":0.3539540816,
        "1":0.3758967001,
        "2":0.3582089552,
        "3":0.3766233766,
        "4":0.3667687596
    },
    "Activity":{
        "0":0.4210526316,
        "1":0.4302325581,
        "2":0.4328018223,
        "3":0.4266365688,
        "4":0.4334140436
    },
    "Activity Data":{
        "0":0.3943452381,
        "1":0.4075562701,
        "2":0.3895631068,
        "3":0.3915322581,
        "4":0.4113475177
    },
    "Further Specification":{
        "0":0.4538461538,
        "1":0.4790874525,
        "2":0.4607843137,
        "3":0.4668989547,
        "4":0.4764150943
    },
    "XOR Gateway":{
        "0":0.3870967742,
        "1":0.4,
        "2":0.4385964912,
        "3":0.431372549,
        "4":0.3888888889
    },
    "Condition Specification":{
        "0":0.4574712644,
        "1":0.4641744548,
        "2":0.453125,
        "3":0.4577464789,
        "4":0.4516574586
    },
    "AND Gateway":{
        "0":0.5,
        "1":0.5,
        "2":0.5,
        "3":0.5,
        "4":0.5
    },
    "All":{
        "0":0.3904211151,
        "1":0.4072727273,
        "2":0.3927668983,
        "3":0.3993011436,
        "4":0.4029297564
    }
}