{
    "Actor":{
        "0":0.368622449,
        "1":0.3880918221,
        "2":0.3717774763,
        "3":0.3924963925,
        "4":0.3767228178
    },
    "Activity":{
        "0":0.4431578947,
        "1":0.4453488372,
        "2":0.4521640091,
        "3":0.4435665914,
        "4":0.4418886199
    },
    "Activity Data":{
        "0":0.4129464286,
        "1":0.4240353698,
        "2":0.4029126214,
        "3":0.4108870968,
        "4":0.4312943262
    },
    "Further Specification":{
        "0":0.4615384615,
        "1":0.4904942966,
        "2":0.4869281046,
        "3":0.4756097561,
        "4":0.5
    },
    "XOR Gateway":{
        "0":0.3870967742,
        "1":0.3916666667,
        "2":0.4473684211,
        "3":0.4411764706,
        "4":0.3888888889
    },
    "Condition Specification":{
        "0":0.4735632184,
        "1":0.4735202492,
        "2":0.4778645833,
        "3":0.4776995305,
        "4":0.4751381215
    },
    "AND Gateway":{
        "0":0.5,
        "1":0.5,
        "2":0.5,
        "3":0.5,
        "4":0.5
    },
    "All":{
        "0":0.4043594306,
        "1":0.4195041322,
        "2":0.406506633,
        "3":0.4137547649,
        "4":0.4174020473
    }
}