{
    "Actor":{
        "0.0":0.721530121,
        "0.1":0.6968356581,
        "0.2":0.6841107459,
        "0.3":0.688409796,
        "0.4":0.6779042382,
        "0.5":0.6821653302,
        "0.6":0.6737323178,
        "0.7":0.6844044323,
        "0.8":0.6649630511,
        "0.9":0.6627436977,
        "1.0":0.6854560421,
        "1.25":0.6771611662,
        "1.5":0.6750400717,
        "1.75":0.6652718937,
        "2.0":0.6784215068,
        "3.0":0.692992735,
        "4.0":0.6795571655,
        "5.0":0.682150823,
        "7.0":0.6546395317,
        "10.0":0.6344242879
    },
    "Activity":{
        "0.0":0.7649218209,
        "0.1":0.7734411405,
        "0.2":0.764556523,
        "0.3":0.7568420917,
        "0.4":0.7681100641,
        "0.5":0.7471246521,
        "0.6":0.7632010494,
        "0.7":0.769671278,
        "0.8":0.7588457545,
        "0.9":0.7571078008,
        "1.0":0.7546485503,
        "1.25":0.7555246201,
        "1.5":0.7632811939,
        "1.75":0.7603857307,
        "2.0":0.7477821331,
        "3.0":0.7631984045,
        "4.0":0.7518033605,
        "5.0":0.7446748648,
        "7.0":0.7211088279,
        "10.0":0.7186901422
    },
    "Activity Data":{
        "0.0":0.6158860061,
        "0.1":0.6170651012,
        "0.2":0.6162240677,
        "0.3":0.6336741206,
        "0.4":0.602501155,
        "0.5":0.6132325731,
        "0.6":0.6016881176,
        "0.7":0.6060800273,
        "0.8":0.6099160969,
        "0.9":0.601304079,
        "1.0":0.6061407463,
        "1.25":0.6189411196,
        "1.5":0.6040898874,
        "1.75":0.5931600232,
        "2.0":0.6003257891,
        "3.0":0.5928777494,
        "4.0":0.5861373715,
        "5.0":0.5846447201,
        "7.0":0.5806040789,
        "10.0":0.5806763562
    },
    "Further Specification":{
        "0.0":0.2552923105,
        "0.1":0.2439635854,
        "0.2":0.2762254902,
        "0.3":0.1692016807,
        "0.4":0.2346016557,
        "0.5":0.2036652237,
        "0.6":0.2241036415,
        "0.7":0.2098717949,
        "0.8":0.2152639517,
        "0.9":0.2490200688,
        "1.0":0.2098076923,
        "1.25":0.1483778966,
        "1.5":0.2041025641,
        "1.75":0.2563949939,
        "2.0":0.2639100684,
        "3.0":0.2521568627,
        "4.0":0.2729761905,
        "5.0":0.2349635876,
        "7.0":0.2177827798,
        "10.0":0.2116129032
    },
    "XOR Gateway":{
        "0.0":0.7246239374,
        "0.1":0.7231461988,
        "0.2":0.6826348592,
        "0.3":0.6951518288,
        "0.4":0.724808728,
        "0.5":0.6573565324,
        "0.6":0.7068691492,
        "0.7":0.7007902886,
        "0.8":0.6717191268,
        "0.9":0.6710952251,
        "1.0":0.677434392,
        "1.25":0.696969697,
        "1.5":0.651781584,
        "1.75":0.670034595,
        "2.0":0.6658903415,
        "3.0":0.6466441844,
        "4.0":0.6586647916,
        "5.0":0.6407296407,
        "7.0":0.5909017453,
        "10.0":0.6156968448
    },
    "Condition Specification":{
        "0.0":0.5953056321,
        "0.1":0.6364089432,
        "0.2":0.5617039965,
        "0.3":0.6399671381,
        "0.4":0.5799424946,
        "0.5":0.595959596,
        "0.6":0.653,
        "0.7":0.585071808,
        "0.8":0.6586075689,
        "0.9":0.5888777889,
        "1.0":0.6177195226,
        "1.25":0.6353634085,
        "1.5":0.6014718615,
        "1.75":0.547528398,
        "2.0":0.6165804003,
        "3.0":0.5196172249,
        "4.0":0.518021978,
        "5.0":0.5458786709,
        "7.0":0.4928859926,
        "10.0":0.4693127993
    },
    "AND Gateway":{
        "0.0":0.0,
        "0.1":0.0,
        "0.2":0.0,
        "0.3":0.2,
        "0.4":0.08,
        "0.5":0.0,
        "0.6":0.1333333333,
        "0.7":0.08,
        "0.8":0.28,
        "0.9":0.1333333333,
        "1.0":0.1,
        "1.25":0.3,
        "1.5":0.2133333333,
        "1.75":0.3,
        "2.0":0.2333333333,
        "3.0":0.08,
        "4.0":0.2333333333,
        "5.0":0.2666666667,
        "7.0":0.08,
        "10.0":0.2666666667
    }
}