{
    "Bleu Score":{
        "0":6.525010216e-58,
        "1":1.915789348e-59,
        "2":1.061580936e-59,
        "3":1.755787148e-52,
        "4":3.405553707e-56
    }
}