{
    "Bleu Score":{
        "0":2.005572583e-67,
        "1":1.084492224e-68,
        "2":5.148865001e-72,
        "3":1.997754819e-65,
        "4":1.562120643e-73
    }
}