{
    "Actor":{
        "0":0.1003460208,
        "1":0.1037093111,
        "2":0.1033478894,
        "3":0.1067746686,
        "4":0.1036484245
    },
    "Activity":{
        "0":0.3047493404,
        "1":0.3008595989,
        "2":0.3261494253,
        "3":0.3042328042,
        "4":0.3063583815
    },
    "Activity Data":{
        "0":0.1632270169,
        "1":0.1659346022,
        "2":0.1706208985,
        "3":0.1570704744,
        "4":0.1750266809
    },
    "Further Specification":{
        "0":0.281779661,
        "1":0.3037694013,
        "2":0.3057692308,
        "3":0.2923387097,
        "4":0.4
    },
    "XOR Gateway":{
        "0":0.095959596,
        "1":0.1223404255,
        "2":0.1402439024,
        "3":0.1195652174,
        "4":0.07
    },
    "Condition Specification":{
        "0":0.3317230274,
        "1":0.3248031496,
        "2":0.3376623377,
        "3":0.2912482066,
        "4":0.2786624204
    },
    "AND Gateway":{
        "0":0.5,
        "1":0.6666666667,
        "2":0.4444444444,
        "3":0.45,
        "4":0.4333333333
    },
    "All":{
        "0":0.1427813163,
        "1":0.1459965603,
        "2":0.1517384732,
        "3":0.1407954945,
        "4":0.1502016129
    }
}