{
    "Actor":{
        "0":0.044993498,
        "1":0.0501672241,
        "2":0.0460365023,
        "3":0.0506776665,
        "4":0.0510238335
    },
    "Activity":{
        "0":0.1235687023,
        "1":0.134723788,
        "2":0.1357827476,
        "3":0.1374533831,
        "4":0.1389693109
    },
    "Activity Data":{
        "0":0.0625103907,
        "1":0.0696226415,
        "2":0.0661127168,
        "3":0.0706490523,
        "4":0.0745237597
    },
    "Further Specification":{
        "0":0.166322314,
        "1":0.1687116564,
        "2":0.1516626115,
        "3":0.1321619557,
        "4":0.1836969001
    },
    "XOR Gateway":{
        "0":0.0815972222,
        "1":0.1028225806,
        "2":0.0988372093,
        "3":0.1168224299,
        "4":0.0803738318
    },
    "Condition Specification":{
        "0":0.1197943445,
        "1":0.132780083,
        "2":0.1249252839,
        "3":0.1363636364,
        "4":0.12640801
    },
    "AND Gateway":{
        "0":0.4155844156,
        "1":0.525,
        "2":0.3846153846,
        "3":0.4186046512,
        "4":0.4
    },
    "All":{
        "0":0.0535369153,
        "1":0.0592208962,
        "2":0.0567346658,
        "3":0.0589203895,
        "4":0.0611367617
    }
}