{
    "Actor":{
        "0":0.0686103113
    },
    "Activity":{
        "0":0.2035266783
    },
    "Activity Data":{
        "0":0.1082565306
    },
    "Further Specification":{
        "0":0.225464696
    },
    "XOR Gateway":{
        "0":0.0688140319
    },
    "Condition Specification":{
        "0":0.1920502963
    },
    "AND Gateway":{
        "0":0.3354719818
    },
    "All":{
        "0":0.0958330993
    }
}