{
    "Actor":{
        "0":0.0197985809,
        "1":0.0210566616,
        "2":0.0207948813,
        "3":0.0225959012,
        "4":0.0214598334
    },
    "Activity":{
        "0":0.0564516129,
        "1":0.0571496891,
        "2":0.0589322856,
        "3":0.0601819454,
        "4":0.060030015
    },
    "Activity Data":{
        "0":0.0283409965,
        "1":0.0299756296,
        "2":0.0300098393,
        "3":0.0302905927,
        "4":0.0317177477
    },
    "Further Specification":{
        "0":0.0645032051,
        "1":0.0640279395,
        "2":0.0640630353,
        "3":0.0612389381,
        "4":0.0783162017
    },
    "XOR Gateway":{
        "0":0.0367762128,
        "1":0.0452930728,
        "2":0.0450132392,
        "3":0.0473484848,
        "4":0.0385304659
    },
    "Condition Specification":{
        "0":0.0551218358,
        "1":0.0605487228,
        "2":0.0556294916,
        "3":0.0561497326,
        "4":0.0575498575
    },
    "AND Gateway":{
        "0":0.2649006623,
        "1":0.3214285714,
        "2":0.2916666667,
        "3":0.275862069,
        "4":0.253164557
    },
    "All":{
        "0":0.0239171104,
        "1":0.0251963978,
        "2":0.0253537555,
        "3":0.0255653579,
        "4":0.0263627626
    }
}