{
    "Actor":{
        "0":0.0976849238,
        "1":0.0905598244,
        "2":0.1088917526,
        "3":0.1210415201,
        "4":0.0950594121
    },
    "Activity":{
        "0":0.2923250564,
        "1":0.2443762781,
        "2":0.3021327014,
        "3":0.3350649351,
        "4":0.2558635394
    },
    "Activity Data":{
        "0":0.1344297462,
        "1":0.1246200608,
        "2":0.157148991,
        "3":0.1659172662,
        "4":0.1376643465
    },
    "Further Specification":{
        "0":0.3632183908,
        "1":0.2657004831,
        "2":0.3788819876,
        "3":0.4023529412,
        "4":0.3589164786
    },
    "XOR Gateway":{
        "0":0.1803921569,
        "1":0.1908713693,
        "2":0.1960784314,
        "3":0.2336956522,
        "4":0.1496062992
    },
    "Condition Specification":{
        "0":0.2725146199,
        "1":0.3076923077,
        "2":0.2824324324,
        "3":0.3262711864,
        "4":0.2379269729
    },
    "AND Gateway":{
        "0":0.6333333333,
        "1":0.6,
        "2":0.5428571429,
        "3":0.7058823529,
        "4":0.6
    },
    "All":{
        "0":0.1182244985,
        "1":0.1084983498,
        "2":0.1324142353,
        "3":0.1431553314,
        "4":0.1145584726
    }
}