{
    "Actor":{
        "0":0.142248354
    },
    "Activity":{
        "0":0.4244890636
    },
    "Activity Data":{
        "0":0.2235538578
    },
    "Further Specification":{
        "0":0.4726549075
    },
    "XOR Gateway":{
        "0":0.1423560535
    },
    "Condition Specification":{
        "0":0.3926869696
    },
    "AND Gateway":{
        "0":0.7060746606
    },
    "All":{
        "0":0.1984721979
    }
}