{
    "Actor":{
        "0":0.1035652629
    },
    "Activity":{
        "0":0.30846991
    },
    "Activity Data":{
        "0":0.1663759346
    },
    "Further Specification":{
        "0":0.3167314006
    },
    "XOR Gateway":{
        "0":0.1096218283
    },
    "Condition Specification":{
        "0":0.3128198283
    },
    "AND Gateway":{
        "0":0.4988888889
    },
    "All":{
        "0":0.1463026915
    }
}