{
    "Actor":{
        "0":0.1169771617
    },
    "Activity":{
        "0":0.345176934
    },
    "Activity Data":{
        "0":0.1829577762
    },
    "Further Specification":{
        "0":0.3879978254
    },
    "XOR Gateway":{
        "0":0.1194269093
    },
    "Condition Specification":{
        "0":0.3365899599
    },
    "AND Gateway":{
        "0":0.5426342536
    },
    "All":{
        "0":0.1633209981
    }
}