{
    "Actor":{
        "0":0.063876652,
        "1":0.0698623151,
        "2":0.0663861618,
        "3":0.0729376258,
        "4":0.0699888018
    },
    "Activity":{
        "0":0.1907514451,
        "1":0.2027027027,
        "2":0.2032229185,
        "3":0.2104300091,
        "4":0.2105263158
    },
    "Activity Data":{
        "0":0.0990888383,
        "1":0.1102106969,
        "2":0.1049363552,
        "3":0.1100710136,
        "4":0.1169757489
    },
    "Further Specification":{
        "0":0.2239057239,
        "1":0.2329931973,
        "2":0.2205270458,
        "3":0.1895424837,
        "4":0.2603550296
    },
    "XOR Gateway":{
        "0":0.0547550432,
        "1":0.0804195804,
        "2":0.0751633987,
        "3":0.0862745098,
        "4":0.0474576271
    },
    "Condition Specification":{
        "0":0.182300885,
        "1":0.2002427184,
        "2":0.1857142857,
        "3":0.2042253521,
        "4":0.1877682403
    },
    "AND Gateway":{
        "0":0.2888888889,
        "1":0.48,
        "2":0.2580645161,
        "3":0.3333333333,
        "4":0.3170731707
    },
    "All":{
        "0":0.0885936985,
        "1":0.0978859705,
        "2":0.0943041691,
        "3":0.097323601,
        "4":0.1010580575
    }
}