{
    "Actor":{
        "0":0.0211411717
    },
    "Activity":{
        "0":0.0585491096
    },
    "Activity Data":{
        "0":0.0300669611
    },
    "Further Specification":{
        "0":0.0664298639
    },
    "XOR Gateway":{
        "0":0.0425922951
    },
    "Condition Specification":{
        "0":0.0569999281
    },
    "AND Gateway":{
        "0":0.2814045053
    },
    "All":{
        "0":0.0252790768
    }
}