{
    "Actor":{
        "0":0.0125761676
    },
    "Activity":{
        "0":0.035173867
    },
    "Activity Data":{
        "0":0.0180142531
    },
    "Further Specification":{
        "0":0.0399929376
    },
    "XOR Gateway":{
        "0":0.0253932127
    },
    "Condition Specification":{
        "0":0.0341173193
    },
    "AND Gateway":{
        "0":0.178704794
    },
    "All":{
        "0":0.0151243293
    }
}