{
    "Actor":{
        "0":0.0089848645
    },
    "Activity":{
        "0":0.024995611
    },
    "Activity Data":{
        "0":0.0128311061
    },
    "Further Specification":{
        "0":0.0280828926
    },
    "XOR Gateway":{
        "0":0.0180486713
    },
    "Condition Specification":{
        "0":0.0243914143
    },
    "AND Gateway":{
        "0":0.1320530773
    },
    "All":{
        "0":0.0107700472
    }
}