{
    "Actor":{
        "0":0.0725362681,
        "1":0.0776203966,
        "2":0.0746975276,
        "3":0.0809603573,
        "4":0.0748951468
    },
    "Activity":{
        "0":0.2156862745,
        "1":0.2215189873,
        "2":0.2316326531,
        "3":0.2306920762,
        "4":0.2250530786
    },
    "Activity Data":{
        "0":0.1137626675,
        "1":0.1229211858,
        "2":0.1179755672,
        "3":0.1213955144,
        "4":0.1242424242
    },
    "Further Specification":{
        "0":0.2413793103,
        "1":0.2450805009,
        "2":0.2453703704,
        "3":0.2089337176,
        "4":0.288209607
    },
    "XOR Gateway":{
        "0":0.0618892508,
        "1":0.0861423221,
        "2":0.0901960784,
        "3":0.0890688259,
        "4":0.0514705882
    },
    "Condition Specification":{
        "0":0.2064128257,
        "1":0.2333804809,
        "2":0.2151300236,
        "3":0.2159574468,
        "4":0.2030162413
    },
    "AND Gateway":{
        "0":0.3513513514,
        "1":0.4285714286,
        "2":0.32,
        "3":0.3333333333,
        "4":0.3421052632
    },
    "All":{
        "0":0.1005983545,
        "1":0.1085227273,
        "2":0.1067819149,
        "3":0.1065956029,
        "4":0.1082691469
    }
}