{
    "Actor":{
        "0":0.1553637852
    },
    "Activity":{
        "0":0.4606458476
    },
    "Activity Data":{
        "0":0.2457176071
    },
    "Further Specification":{
        "0":0.499727767
    },
    "XOR Gateway":{
        "0":0.152748355
    },
    "Condition Specification":{
        "0":0.4510013376
    },
    "AND Gateway":{
        "0":0.6688887093
    },
    "All":{
        "0":0.2175616195
    }
}