{
    "Actor":{
        "0":0.0255463674,
        "1":0.0274725275,
        "2":0.0266099827,
        "3":0.0288542191,
        "4":0.0271477049
    },
    "Activity":{
        "0":0.0727732509,
        "1":0.073719926,
        "2":0.0766917293,
        "3":0.0766716196,
        "4":0.07799805
    },
    "Activity Data":{
        "0":0.0365829928,
        "1":0.038537859,
        "2":0.0386157417,
        "3":0.0382938979,
        "4":0.041588785
    },
    "Further Specification":{
        "0":0.0815189873,
        "1":0.0817641229,
        "2":0.080812446,
        "3":0.0816037736,
        "4":0.1020408163
    },
    "XOR Gateway":{
        "0":0.0464426877,
        "1":0.0587557604,
        "2":0.0583524027,
        "3":0.0606060606,
        "4":0.0503512881
    },
    "Condition Specification":{
        "0":0.0707132018,
        "1":0.0795031056,
        "2":0.0709918478,
        "3":0.0712742981,
        "4":0.0745112505
    },
    "AND Gateway":{
        "0":0.3157894737,
        "1":0.3666666667,
        "2":0.303030303,
        "3":0.3370786517,
        "4":0.2727272727
    },
    "All":{
        "0":0.0307720792,
        "1":0.0325844553,
        "2":0.0325389009,
        "3":0.0326108492,
        "4":0.0341485104
    }
}