{
    "Actor":{
        "0":0.0085762443,
        "1":0.0090520079,
        "2":0.0088181581,
        "3":0.0094880847,
        "4":0.0089898273
    },
    "Activity":{
        "0":0.0239903668,
        "1":0.0240394287,
        "2":0.0256332931,
        "3":0.0256410256,
        "4":0.0256739409
    },
    "Activity Data":{
        "0":0.0120904209,
        "1":0.0127478754,
        "2":0.0127909415,
        "3":0.0128759858,
        "4":0.0136503067
    },
    "Further Specification":{
        "0":0.0272557982,
        "1":0.0272142504,
        "2":0.0267219205,
        "3":0.0265093472,
        "4":0.0327131466
    },
    "XOR Gateway":{
        "0":0.0157612341,
        "1":0.0191011236,
        "2":0.0191729323,
        "3":0.02,
        "4":0.0162080663
    },
    "Condition Specification":{
        "0":0.023729504,
        "1":0.0261473512,
        "2":0.0239871456,
        "3":0.0237850082,
        "4":0.0243080626
    },
    "AND Gateway":{
        "0":0.1153846154,
        "1":0.1590909091,
        "2":0.134057971,
        "3":0.1360294118,
        "4":0.1157024793
    },
    "All":{
        "0":0.010241684,
        "1":0.0107411239,
        "2":0.0108151989,
        "3":0.0108492183,
        "4":0.0112030108
    }
}