{
    "Actor":{
        "0":0.0940337224,
        "1":0.1009579956,
        "2":0.1032727273,
        "3":0.1156299841,
        "4":0.1002405774
    },
    "Activity":{
        "0":0.296534018,
        "1":0.2872777018,
        "2":0.3051075269,
        "3":0.3262411348,
        "4":0.3090379009
    },
    "Activity Data":{
        "0":0.1513043478,
        "1":0.1556776557,
        "2":0.1605700713,
        "3":0.1679802956,
        "4":0.1712793734
    },
    "Further Specification":{
        "0":0.2962138085,
        "1":0.2813141684,
        "2":0.2849462366,
        "3":0.3280542986,
        "4":0.3760683761
    },
    "XOR Gateway":{
        "0":0.0855855856,
        "1":0.1229946524,
        "2":0.1197916667,
        "3":0.1286549708,
        "4":0.0769230769
    },
    "Condition Specification":{
        "0":0.2833562586,
        "1":0.3248031496,
        "2":0.2704309064,
        "3":0.2851123596,
        "4":0.2946127946
    },
    "AND Gateway":{
        "0":0.5909090909,
        "1":0.6315789474,
        "2":0.5,
        "3":0.5,
        "4":0.4814814815
    },
    "All":{
        "0":0.1335871544,
        "1":0.1395943724,
        "2":0.1417976338,
        "3":0.1500375094,
        "4":0.1489404238
    }
}