{
    "Actor":{
        "0":0.0553306112
    },
    "Activity":{
        "0":0.1535006679
    },
    "Activity Data":{
        "0":0.0791273907
    },
    "Further Specification":{
        "0":0.1813509956
    },
    "XOR Gateway":{
        "0":0.1078342522
    },
    "Condition Specification":{
        "0":0.1494787326
    },
    "AND Gateway":{
        "0":0.4358093631
    },
    "All":{
        "0":0.0663838647
    }
}