{
    "Actor":{
        "0":0.0747315088
    },
    "Activity":{
        "0":0.2122906585
    },
    "Activity Data":{
        "0":0.1080898952
    },
    "Further Specification":{
        "0":0.2430028082
    },
    "XOR Gateway":{
        "0":0.157790148
    },
    "Condition Specification":{
        "0":0.2113893048
    },
    "AND Gateway":{
        "0":0.5879983908
    },
    "All":{
        "0":0.0911955493
    }
}