{
    "Actor":{
        "0":0.0722941914,
        "1":0.0783475783,
        "2":0.0727507533,
        "3":0.0784313725,
        "4":0.0718336484
    },
    "Activity":{
        "0":0.2102272727,
        "1":0.2071057192,
        "2":0.2142857143,
        "3":0.2293333333,
        "4":0.2005012531
    },
    "Activity Data":{
        "0":0.1022850925,
        "1":0.1093333333,
        "2":0.1097451274,
        "3":0.1100507009,
        "4":0.1090352221
    },
    "Further Specification":{
        "0":0.2916666667,
        "1":0.2235772358,
        "2":0.2137142857,
        "3":0.2267365662,
        "4":0.2593192869
    },
    "XOR Gateway":{
        "0":0.1358381503,
        "1":0.1758241758,
        "2":0.1660899654,
        "3":0.1814516129,
        "4":0.1297468354
    },
    "Condition Specification":{
        "0":0.2045654083,
        "1":0.2280285036,
        "2":0.2085828343,
        "3":0.2179245283,
        "4":0.1978452498
    },
    "AND Gateway":{
        "0":0.5625,
        "1":0.6785714286,
        "2":0.5625,
        "3":0.6470588235,
        "4":0.4893617021
    },
    "All":{
        "0":0.0885361176,
        "1":0.092649131,
        "2":0.0913110767,
        "3":0.0939604978,
        "4":0.0895209232
    }
}