{
    "Actor":{
        "0":0.0895545422
    },
    "Activity":{
        "0":0.2652015676
    },
    "Activity Data":{
        "0":0.1419768513
    },
    "Further Specification":{
        "0":0.2861092867
    },
    "XOR Gateway":{
        "0":0.0890227401
    },
    "Condition Specification":{
        "0":0.2541967571
    },
    "AND Gateway":{
        "0":0.4187770942
    },
    "All":{
        "0":0.1252205418
    }
}