{
    "Actor":{
        "0":0.1311442114
    },
    "Activity":{
        "0":0.3944439567
    },
    "Activity Data":{
        "0":0.2109152418
    },
    "Further Specification":{
        "0":0.3791361901
    },
    "XOR Gateway":{
        "0":0.136571276
    },
    "Condition Specification":{
        "0":0.393831079
    },
    "AND Gateway":{
        "0":0.7048931624
    },
    "All":{
        "0":0.1844964584
    }
}