{
    "Actor":{
        "0":0.7540753232,
        "1":0.7722185648,
        "2":0.7403930771,
        "3":0.7865562281,
        "4":0.7724486116
    },
    "Activity":{
        "0":0.8153625954,
        "1":0.8376550169,
        "2":0.8482428115,
        "3":0.8449653703,
        "4":0.84134337
    },
    "Activity Data":{
        "0":0.7578558226,
        "1":0.7783928231,
        "2":0.7592491343,
        "3":0.7742873764,
        "4":0.7920101458
    },
    "Further Specification":{
        "0":0.895661157,
        "1":0.9008179959,
        "2":0.9051094891,
        "3":0.8892284186,
        "4":0.9207807118
    },
    "XOR Gateway":{
        "0":0.7721518987,
        "1":0.74,
        "2":0.825,
        "3":0.7986348123,
        "4":0.7407407407
    },
    "Condition Specification":{
        "0":0.887403599,
        "1":0.8835758836,
        "2":0.8718562874,
        "3":0.8841607565,
        "4":0.9015673981
    },
    "AND Gateway":{
        "0":0.9104477612,
        "1":0.9444444444,
        "2":0.9487179487,
        "3":0.9393939394,
        "4":0.9375
    },
    "All":{
        "0":0.7463951936,
        "1":0.7643490434,
        "2":0.7487922705,
        "3":0.7688148148,
        "4":0.7727984183
    }
}