{
    "Actor":{
        "0":0.540800177
    },
    "Activity":{
        "0":0.6740060749
    },
    "Activity Data":{
        "0":0.5789284696
    },
    "Further Specification":{
        "0":0.7396254033
    },
    "XOR Gateway":{
        "0":0.5185996061
    },
    "Condition Specification":{
        "0":0.7241876249
    },
    "AND Gateway":{
        "0":0.8249515157
    },
    "All":{
        "0":0.555205283
    }
}