{
    "Actor":{
        "0":0.4054054054,
        "1":0.4236734694,
        "2":0.4015209125,
        "3":0.4133226324,
        "4":0.3935643564
    },
    "Activity":{
        "0":0.4830917874,
        "1":0.4805194805,
        "2":0.4871794872,
        "3":0.489003881,
        "4":0.4654498044
    },
    "Activity Data":{
        "0":0.4398496241,
        "1":0.4598173516,
        "2":0.4359209922,
        "3":0.4426605505,
        "4":0.4382716049
    },
    "Further Specification":{
        "0":0.6020408163,
        "1":0.5102880658,
        "2":0.5071942446,
        "3":0.5156862745,
        "4":0.5012406948
    },
    "XOR Gateway":{
        "0":0.4403669725,
        "1":0.5053763441,
        "2":0.5434782609,
        "3":0.5180722892,
        "4":0.42
    },
    "Condition Specification":{
        "0":0.5250659631,
        "1":0.5379061372,
        "2":0.5201793722,
        "3":0.547752809,
        "4":0.4954545455
    },
    "AND Gateway":{
        "0":0.5454545455,
        "1":0.5882352941,
        "2":0.6363636364,
        "3":0.8888888889,
        "4":0.55
    },
    "All":{
        "0":0.4477179837,
        "1":0.4605435801,
        "2":0.4425,
        "3":0.4536549973,
        "4":0.432611997
    }
}