{
    "Actor":{
        "0":0.7657038056,
        "1":0.8165711308,
        "2":0.7752229,
        "3":0.7863205192,
        "4":0.792221085
    },
    "Activity":{
        "0":0.8530844156,
        "1":0.8778162912,
        "2":0.8613445378,
        "3":0.8666666667,
        "4":0.8604845447
    },
    "Activity Data":{
        "0":0.8041265475,
        "1":0.8132330827,
        "2":0.8003030303,
        "3":0.8029020556,
        "4":0.8256965944
    },
    "Further Specification":{
        "0":0.9094202899,
        "1":0.9092140921,
        "2":0.9108571429,
        "3":0.9043250328,
        "4":0.9481361426
    },
    "XOR Gateway":{
        "0":0.8311111111,
        "1":0.8057142857,
        "2":0.7934782609,
        "3":0.8476821192,
        "4":0.8349514563
    },
    "Condition Specification":{
        "0":0.9069359087,
        "1":0.9167657551,
        "2":0.8871128871,
        "3":0.9120982987,
        "4":0.9057899902
    },
    "AND Gateway":{
        "0":0.9756097561,
        "1":0.96,
        "2":1.0,
        "3":1.0,
        "4":1.0
    },
    "All":{
        "0":0.7843420322,
        "1":0.811422282,
        "2":0.7845818015,
        "3":0.7936809597,
        "4":0.8046241375
    }
}