{
    "Actor":{
        "0":0.4074973552
    },
    "Activity":{
        "0":0.4810488881
    },
    "Activity Data":{
        "0":0.4433040246
    },
    "Further Specification":{
        "0":0.5272900192
    },
    "XOR Gateway":{
        "0":0.4854587733
    },
    "Condition Specification":{
        "0":0.5252717654
    },
    "AND Gateway":{
        "0":0.641788473
    },
    "All":{
        "0":0.4474057116
    }
}