{
    "Actor":{
        "0":0.7399655364
    },
    "Activity":{
        "0":0.8245293543
    },
    "Activity Data":{
        "0":0.7542688054
    },
    "Further Specification":{
        "0":0.8802492874
    },
    "XOR Gateway":{
        "0":0.737213896
    },
    "Condition Specification":{
        "0":0.8673659621
    },
    "AND Gateway":{
        "0":0.9515882242
    },
    "All":{
        "0":0.7361613497
    }
}