{
    "Actor":{
        "0":0.3180515759,
        "1":0.3372319688,
        "2":0.3196125908,
        "3":0.3290734824,
        "4":0.3236092266
    },
    "Activity":{
        "0":0.3734827264,
        "1":0.3902953586,
        "2":0.387755102,
        "3":0.3791374122,
        "4":0.3789808917
    },
    "Activity Data":{
        "0":0.3507661559,
        "1":0.3718611521,
        "2":0.3365248227,
        "3":0.3512923189,
        "4":0.3555469954
    },
    "Further Specification":{
        "0":0.4283121597,
        "1":0.4436493739,
        "2":0.4351851852,
        "3":0.378962536,
        "4":0.4410480349
    },
    "XOR Gateway":{
        "0":0.347826087,
        "1":0.3455882353,
        "2":0.4098360656,
        "3":0.3675213675,
        "4":0.3307086614
    },
    "Condition Specification":{
        "0":0.3987975952,
        "1":0.4226950355,
        "2":0.4123222749,
        "3":0.4157782516,
        "4":0.3806752037
    },
    "AND Gateway":{
        "0":0.4137931034,
        "1":0.4347826087,
        "2":0.4666666667,
        "3":0.4444444444,
        "4":0.3928571429
    },
    "All":{
        "0":0.3489514202,
        "1":0.3712601995,
        "2":0.349950572,
        "3":0.3534482759,
        "4":0.3514805676
    }
}