{
    "Actor":{
        "0":0.7896851452
    },
    "Activity":{
        "0":0.8682271238
    },
    "Activity Data":{
        "0":0.8136629049
    },
    "Further Specification":{
        "0":0.9266788296
    },
    "XOR Gateway":{
        "0":0.8650921159
    },
    "Condition Specification":{
        "0":0.9172798237
    },
    "AND Gateway":{
        "0":0.9708791209
    },
    "All":{
        "0":0.804082099
    }
}