{
    "Actor":{
        "0":0.4169797145,
        "1":0.4417021277,
        "2":0.4392678869,
        "3":0.4742173112,
        "4":0.4368131868
    },
    "Activity":{
        "0":0.513478819,
        "1":0.5061559508,
        "2":0.5107526882,
        "3":0.5361702128,
        "4":0.5204081633
    },
    "Activity Data":{
        "0":0.4655172414,
        "1":0.4716627635,
        "2":0.4588974855,
        "3":0.4839518556,
        "4":0.4899150743
    },
    "Further Specification":{
        "0":0.5256124722,
        "1":0.5092402464,
        "2":0.5053763441,
        "3":0.5950226244,
        "4":0.5754985755
    },
    "XOR Gateway":{
        "0":0.4485981308,
        "1":0.4947368421,
        "2":0.5263157895,
        "3":0.5657894737,
        "4":0.4827586207
    },
    "Condition Specification":{
        "0":0.5474552957,
        "1":0.5877712032,
        "2":0.5186289121,
        "3":0.5492957746,
        "4":0.5514333895
    },
    "AND Gateway":{
        "0":0.75,
        "1":0.625,
        "2":0.7777777778,
        "3":0.8,
        "4":0.5789473684
    },
    "All":{
        "0":0.463586669,
        "1":0.47745822,
        "2":0.4634374416,
        "3":0.4979096158,
        "4":0.4836587436
    }
}