{
    "Actor":{
        "0":0.771838693
    },
    "Activity":{
        "0":0.8445202744
    },
    "Activity Data":{
        "0":0.7934782373
    },
    "Further Specification":{
        "0":0.9045338384
    },
    "XOR Gateway":{
        "0":0.7785053286
    },
    "Condition Specification":{
        "0":0.889941669
    },
    "AND Gateway":{
        "0":0.9623824803
    },
    "All":{
        "0":0.7734883718
    }
}