{
    "Actor":{
        "0":0.4366640441,
        "1":0.4462596733,
        "2":0.4396336386,
        "3":0.4313232831,
        "4":0.4420759963
    },
    "Activity":{
        "0":0.5277044855,
        "1":0.5300859599,
        "2":0.5459770115,
        "3":0.5,
        "4":0.5158959538
    },
    "Activity Data":{
        "0":0.5040689325,
        "1":0.502244389,
        "2":0.4876670092,
        "3":0.4547596607,
        "4":0.5010857763
    },
    "Further Specification":{
        "0":0.5,
        "1":0.5498891353,
        "2":0.5423076923,
        "3":0.5302419355,
        "4":0.6121212121
    },
    "XOR Gateway":{
        "0":0.5217391304,
        "1":0.4845360825,
        "2":0.6666666667,
        "3":0.5,
        "4":0.4615384615
    },
    "Condition Specification":{
        "0":0.6409017713,
        "1":0.5877712032,
        "2":0.6468401487,
        "3":0.5611510791,
        "4":0.5223642173
    },
    "AND Gateway":{
        "0":0.6666666667,
        "1":0.7142857143,
        "2":0.7777777778,
        "3":0.5714285714,
        "4":0.5238095238
    },
    "All":{
        "0":0.4940800601,
        "1":0.4978723404,
        "2":0.4970912738,
        "3":0.4663434645,
        "4":0.4868617817
    }
}