{
    "Actor":{
        "0":0.7872078881
    },
    "Activity":{
        "0":0.8638792912
    },
    "Activity Data":{
        "0":0.8092522621
    },
    "Further Specification":{
        "0":0.91639054
    },
    "XOR Gateway":{
        "0":0.8225874466
    },
    "Condition Specification":{
        "0":0.9057405679
    },
    "AND Gateway":{
        "0":0.9871219512
    },
    "All":{
        "0":0.7957302426
    }
}