{
    "Actor":{
        "0":0.7523564696,
        "1":0.7826530612,
        "2":0.7692307692,
        "3":0.7774621212,
        "4":0.7776595745
    },
    "Activity":{
        "0":0.8652931854,
        "1":0.8786885246,
        "2":0.8803278689,
        "3":0.8696296296,
        "4":0.8681898067
    },
    "Activity Data":{
        "0":0.8014515293,
        "1":0.8359511344,
        "2":0.801578354,
        "3":0.8153846154,
        "4":0.8366431775
    },
    "Further Specification":{
        "0":0.9197324415,
        "1":0.9391304348,
        "2":0.9269662921,
        "3":0.9264305177,
        "4":0.95
    },
    "XOR Gateway":{
        "0":0.8144329897,
        "1":0.7931034483,
        "2":0.9156626506,
        "3":0.8484848485,
        "4":0.8210526316
    },
    "Condition Specification":{
        "0":0.9231927711,
        "1":0.9186295503,
        "2":0.9211009174,
        "3":0.921302578,
        "4":0.9143426295
    },
    "AND Gateway":{
        "0":1.0,
        "1":1.0,
        "2":1.0,
        "3":1.0,
        "4":1.0
    },
    "All":{
        "0":0.7914148781,
        "1":0.8293434463,
        "2":0.8060306031,
        "3":0.8115883306,
        "4":0.8194237457
    }
}