{
    "Actor":{
        "0":0.2798789713,
        "1":0.3035087719,
        "2":0.2812999467,
        "3":0.2971725332,
        "4":0.3018987342
    },
    "Activity":{
        "0":0.3303055326,
        "1":0.3571428571,
        "2":0.3401969561,
        "3":0.3458371455,
        "4":0.3545183714
    },
    "Activity Data":{
        "0":0.3053944316,
        "1":0.3330026455,
        "2":0.2991803279,
        "3":0.3182717678,
        "4":0.3346627991
    },
    "Further Specification":{
        "0":0.3973063973,
        "1":0.4217687075,
        "2":0.3911234397,
        "3":0.3437908497,
        "4":0.3984220907
    },
    "XOR Gateway":{
        "0":0.2891566265,
        "1":0.3357142857,
        "2":0.3333333333,
        "3":0.3583333333,
        "4":0.3043478261
    },
    "Condition Specification":{
        "0":0.3522123894,
        "1":0.3629719854,
        "2":0.3561924258,
        "3":0.3931451613,
        "4":0.3519913886
    },
    "AND Gateway":{
        "0":0.3428571429,
        "1":0.4761904762,
        "2":0.3888888889,
        "3":0.4705882353,
        "4":0.3666666667
    },
    "All":{
        "0":0.3068752189,
        "1":0.3347411444,
        "2":0.3085159363,
        "3":0.322626419,
        "4":0.3279608577
    }
}