{
    "Actor":{
        "0":0.5592035108
    },
    "Activity":{
        "0":0.6697384255
    },
    "Activity Data":{
        "0":0.6196764641
    },
    "Further Specification":{
        "0":0.6554044037
    },
    "XOR Gateway":{
        "0":0.6592939937
    },
    "Condition Specification":{
        "0":0.7446027875
    },
    "AND Gateway":{
        "0":0.9138461538
    },
    "All":{
        "0":0.6158559232
    }
}