{
    "Actor":{
        "0":0.1547619048,
        "1":0.1606886657,
        "2":0.1619176843,
        "3":0.1681096681,
        "4":0.1618172537
    },
    "Activity":{
        "0":0.1564912281,
        "1":0.157751938,
        "2":0.162110858,
        "3":0.1613995485,
        "4":0.1618240517
    },
    "Activity Data":{
        "0":0.2067212302,
        "1":0.2178456592,
        "2":0.2081984898,
        "3":0.209811828,
        "4":0.2250295508
    },
    "Further Specification":{
        "0":0.2224358974,
        "1":0.237008872,
        "2":0.2347494553,
        "3":0.2259001161,
        "4":0.25
    },
    "XOR Gateway":{
        "0":0.1559139785,
        "1":0.1722222222,
        "2":0.1812865497,
        "3":0.1797385621,
        "4":0.1635802469
    },
    "Condition Specification":{
        "0":0.1942528736,
        "1":0.1978193146,
        "2":0.1961805556,
        "3":0.1936619718,
        "4":0.1942909761
    },
    "AND Gateway":{
        "0":0.2638888889,
        "1":0.25,
        "2":0.2619047619,
        "3":0.2708333333,
        "4":0.2727272727
    },
    "All":{
        "0":0.1820877817,
        "1":0.1922865014,
        "2":0.1873552327,
        "3":0.1887441762,
        "4":0.1939051653
    }
}