{
    "Actor":{
        "0":0.0748175182,
        "1":0.0779768177,
        "2":0.0795454545,
        "3":0.0841121495,
        "4":0.0781938326
    },
    "Activity":{
        "0":0.1981371719,
        "1":0.2017208413,
        "2":0.2143522833,
        "3":0.2136910268,
        "4":0.2095984329
    },
    "Activity Data":{
        "0":0.1182763744,
        "1":0.1253663302,
        "2":0.1262392597,
        "3":0.1273801707,
        "4":0.1322166785
    },
    "Further Specification":{
        "0":0.2341463415,
        "1":0.2323717949,
        "2":0.2337317397,
        "3":0.220979021,
        "4":0.2566371681
    },
    "XOR Gateway":{
        "0":0.0615384615,
        "1":0.0848056537,
        "2":0.0892857143,
        "3":0.0902255639,
        "4":0.0579710145
    },
    "Condition Specification":{
        "0":0.186891054,
        "1":0.2202531646,
        "2":0.191011236,
        "3":0.1966133584,
        "4":0.1967914439
    },
    "AND Gateway":{
        "0":0.3095238095,
        "1":0.4,
        "2":0.3,
        "3":0.3,
        "4":0.3421052632
    },
    "All":{
        "0":0.0996722794,
        "1":0.1070782743,
        "2":0.1082669933,
        "3":0.1075427587,
        "4":0.1100978946
    }
}