{
    "Actor":{
        "0":0.0789291545
    },
    "Activity":{
        "0":0.2074999512
    },
    "Activity Data":{
        "0":0.1258957627
    },
    "Further Specification":{
        "0":0.235573213
    },
    "XOR Gateway":{
        "0":0.0767652816
    },
    "Condition Specification":{
        "0":0.1983120514
    },
    "AND Gateway":{
        "0":0.3303258145
    },
    "All":{
        "0":0.1065316401
    }
}