{
    "Actor":{
        "1":0.7009984891,
        "2":0.7276959202,
        "3":0.7228891695,
        "4":0.7249265167,
        "5":0.7249265167,
        "6":0.7249265167,
        "7":0.7249265167,
        "8":0.7249265167,
        "9":0.7249265167,
        "10":0.7249265167
    },
    "Activity":{
        "1":0.789383194,
        "2":0.7690616382,
        "3":0.7770417337,
        "4":0.7756839977,
        "5":0.7756839977,
        "6":0.7756839977,
        "7":0.7756839977,
        "8":0.7756839977,
        "9":0.7756839977,
        "10":0.7756839977
    },
    "Activity Data":{
        "1":0.6258182638,
        "2":0.6305664176,
        "3":0.6344411679,
        "4":0.6328752335,
        "5":0.6328752335,
        "6":0.6328752335,
        "7":0.6328752335,
        "8":0.6328752335,
        "9":0.6328752335,
        "10":0.6328752335
    },
    "Further Specification":{
        "1":0.2378765095,
        "2":0.2825556538,
        "3":0.2566322566,
        "4":0.3051182688,
        "5":0.3051182688,
        "6":0.3051182688,
        "7":0.3051182688,
        "8":0.3051182688,
        "9":0.3051182688,
        "10":0.3051182688
    },
    "XOR Gateway":{
        "1":0.7269565217,
        "2":0.7156452104,
        "3":0.7259275124,
        "4":0.7318798017,
        "5":0.7318798017,
        "6":0.7318798017,
        "7":0.7318798017,
        "8":0.7318798017,
        "9":0.7318798017,
        "10":0.7318798017
    },
    "Condition Specification":{
        "1":0.6083127848,
        "2":0.6485460192,
        "3":0.6429487179,
        "4":0.6058235667,
        "5":0.6058235667,
        "6":0.6058235667,
        "7":0.6058235667,
        "8":0.6058235667,
        "9":0.6058235667,
        "10":0.6058235667
    },
    "AND Gateway":{
        "1":0.3,
        "2":0.3,
        "3":0.3,
        "4":0.3,
        "5":0.3,
        "6":0.3,
        "7":0.3,
        "8":0.3,
        "9":0.3,
        "10":0.3
    }
}