{
    "Bleu Score":{
        "0":0.968826703,
        "1":0.9724949763,
        "2":0.967883376,
        "3":0.9655488527,
        "4":0.9767929628
    }
}