{
    "Bleu Score":{
        "0":0.9706434531,
        "1":0.9774540667,
        "2":0.9690927018,
        "3":0.9687196446,
        "4":0.9783403534
    }
}