{
    "Actor":{
        "0":0.0885500269
    },
    "Activity":{
        "0":0.2528639315
    },
    "Activity Data":{
        "0":0.1387966133
    },
    "Further Specification":{
        "0":0.2798747606
    },
    "XOR Gateway":{
        "0":0.0857174975
    },
    "Condition Specification":{
        "0":0.2533882757
    },
    "AND Gateway":{
        "0":0.4125
    },
    "All":{
        "0":0.1222922826
    }
}