{
    "Actor":{
        "0":0.0828698554,
        "1":0.0898876404,
        "2":0.0865954923,
        "3":0.0950881612,
        "4":0.0852503383
    },
    "Activity":{
        "0":0.2431578947,
        "1":0.2453488372,
        "2":0.2596810934,
        "3":0.2607223476,
        "4":0.2566585956
    },
    "Activity Data":{
        "0":0.1325785245,
        "1":0.1372934697,
        "2":0.1377388535,
        "3":0.1382306477,
        "4":0.1470331588
    },
    "Further Specification":{
        "0":0.2692307692,
        "1":0.2699619772,
        "2":0.2696078431,
        "3":0.2665505226,
        "4":0.3160377358
    },
    "XOR Gateway":{
        "0":0.071969697,
        "1":0.0974576271,
        "2":0.0982905983,
        "3":0.1,
        "4":0.0608695652
    },
    "Condition Specification":{
        "0":0.2471264368,
        "1":0.2670807453,
        "2":0.2506493506,
        "3":0.2470725995,
        "4":0.2561983471
    },
    "AND Gateway":{
        "0":0.4375,
        "1":0.5416666667,
        "2":0.375,
        "3":0.375,
        "4":0.4375
    },
    "All":{
        "0":0.1157278305,
        "1":0.1221635064,
        "2":0.1229898749,
        "3":0.1233902366,
        "4":0.1268308921
    }
}