{
    "Actor":{
        "0":0.0879382975
    },
    "Activity":{
        "0":0.2531137537
    },
    "Activity Data":{
        "0":0.1385749308
    },
    "Further Specification":{
        "0":0.2782777696
    },
    "XOR Gateway":{
        "0":0.0857174975
    },
    "Condition Specification":{
        "0":0.2536254959
    },
    "AND Gateway":{
        "0":0.4333333333
    },
    "All":{
        "0":0.1222204681
    }
}