{
    "Actor":{
        "0":0.3667091837,
        "1":0.3909612626,
        "2":0.3717774763,
        "3":0.386002886,
        "4":0.3767228178
    },
    "Activity":{
        "0":0.4242105263,
        "1":0.4348837209,
        "2":0.4328018223,
        "3":0.427765237,
        "4":0.4334140436
    },
    "Activity Data":{
        "0":0.4125744048,
        "1":0.4252411576,
        "2":0.4000809061,
        "3":0.4092741935,
        "4":0.4250886525
    },
    "Further Specification":{
        "0":0.4942307692,
        "1":0.5114068441,
        "2":0.4967320261,
        "3":0.5052264808,
        "4":0.5117924528
    },
    "XOR Gateway":{
        "0":0.3951612903,
        "1":0.3916666667,
        "2":0.4385964912,
        "3":0.4215686275,
        "4":0.3888888889
    },
    "Condition Specification":{
        "0":0.4954022989,
        "1":0.4859813084,
        "2":0.48046875,
        "3":0.4929577465,
        "4":0.4682320442
    },
    "AND Gateway":{
        "0":0.5,
        "1":0.5,
        "2":0.5,
        "3":0.5,
        "4":0.6363636364
    },
    "All":{
        "0":0.409252669,
        "1":0.4251239669,
        "2":0.4068224889,
        "3":0.417249047,
        "4":0.4161666078
    }
}