{
    "Actor":{
        "0.05":0.7115712095,
        "0.1":0.7265181892,
        "0.15":0.7194892402,
        "0.2":0.7259953173,
        "0.25":0.7067077603,
        "0.3":0.7140006739,
        "0.35":0.7302832197,
        "0.4":0.713833637,
        "0.45":0.7215233815,
        "0.5":0.7161083463,
        "0.55":0.7193369961,
        "0.6":0.7171704959,
        "0.65":0.7179183173,
        "0.7":0.7167052795,
        "0.75":0.6987689858,
        "0.8":0.7292593273,
        "0.85":0.7306560501,
        "0.9":0.7187610929,
        "0.95":0.7127861865,
        "1.0":0.7056463377
    },
    "Activity":{
        "0.05":0.7780451234,
        "0.1":0.7699206506,
        "0.15":0.7859677789,
        "0.2":0.7724246082,
        "0.25":0.774235643,
        "0.3":0.7690036592,
        "0.35":0.7685220163,
        "0.4":0.7646624414,
        "0.45":0.7695121671,
        "0.5":0.7764729156,
        "0.55":0.7745521657,
        "0.6":0.7758072548,
        "0.65":0.7676426581,
        "0.7":0.7705530744,
        "0.75":0.7599529328,
        "0.8":0.7757303231,
        "0.85":0.7755673666,
        "0.9":0.7595001703,
        "0.95":0.7613928249,
        "1.0":0.7512268424
    },
    "Activity Data":{
        "0.05":0.6160780638,
        "0.1":0.6215309607,
        "0.15":0.6367999891,
        "0.2":0.6235206044,
        "0.25":0.6209793716,
        "0.3":0.6259863031,
        "0.35":0.6445680993,
        "0.4":0.6126431858,
        "0.45":0.6238786179,
        "0.5":0.6296222989,
        "0.55":0.6330887197,
        "0.6":0.6265546433,
        "0.65":0.6375490367,
        "0.7":0.6178561256,
        "0.75":0.6349449145,
        "0.8":0.6350174725,
        "0.85":0.6370458246,
        "0.9":0.6265682132,
        "0.95":0.6186070116,
        "1.0":0.628042587
    },
    "Further Specification":{
        "0.05":0.2828479853,
        "0.1":0.2575037707,
        "0.15":0.2232051282,
        "0.2":0.2863957307,
        "0.25":0.2424369748,
        "0.3":0.2126635816,
        "0.35":0.2464002102,
        "0.4":0.2580296896,
        "0.45":0.2236870027,
        "0.5":0.2072094572,
        "0.55":0.2099550987,
        "0.6":0.2362570763,
        "0.65":0.2701357466,
        "0.7":0.2329493088,
        "0.75":0.2412773243,
        "0.8":0.243982684,
        "0.85":0.2683406944,
        "0.9":0.2547219937,
        "0.95":0.2242577031,
        "1.0":0.2117212386
    },
    "XOR Gateway":{
        "0.05":0.7215856919,
        "0.1":0.7219575025,
        "0.15":0.7241817688,
        "0.2":0.7250519212,
        "0.25":0.7206265262,
        "0.3":0.7387311125,
        "0.35":0.7326095682,
        "0.4":0.6959833568,
        "0.45":0.7501519724,
        "0.5":0.7334827139,
        "0.55":0.7113292816,
        "0.6":0.7480676329,
        "0.65":0.7073364363,
        "0.7":0.7156216677,
        "0.75":0.7361018209,
        "0.8":0.7372007062,
        "0.85":0.718577904,
        "0.9":0.7229818358,
        "0.95":0.7474784244,
        "1.0":0.7371298152
    },
    "Condition Specification":{
        "0.05":0.6107142857,
        "0.1":0.6073165738,
        "0.15":0.5979004329,
        "0.2":0.6379839831,
        "0.25":0.6144202899,
        "0.3":0.6396922184,
        "0.35":0.6299956223,
        "0.4":0.6004257004,
        "0.45":0.6223106893,
        "0.5":0.6723992674,
        "0.55":0.6254057971,
        "0.6":0.6337435897,
        "0.65":0.6471250971,
        "0.7":0.6589393939,
        "0.75":0.6392857143,
        "0.8":0.6374539471,
        "0.85":0.604789916,
        "0.9":0.6333978963,
        "0.95":0.6574009324,
        "1.0":0.6346666667
    },
    "AND Gateway":{
        "0.05":0.3,
        "0.1":0.2,
        "0.15":0.3,
        "0.2":0.3,
        "0.25":0.1,
        "0.3":0.2,
        "0.35":0.3,
        "0.4":0.1,
        "0.45":0.1,
        "0.5":0.0,
        "0.55":0.1,
        "0.6":0.2,
        "0.65":0.1,
        "0.7":0.3,
        "0.75":0.3,
        "0.8":0.1,
        "0.85":0.1,
        "0.9":0.1,
        "0.95":0.1,
        "1.0":0.1
    }
}