{
    "Bleu Score":{
        "0":0.9281468059,
        "1":0.9286160007,
        "2":0.3225070784,
        "3":0.9242685654,
        "4":0.2819548857
    }
}