{
    "Bleu Score":{
        "0":0.3571333949,
        "1":0.9675679106,
        "2":0.9699421142,
        "3":0.9596323123,
        "4":0.9662364781
    }
}