{
    "Bleu Score":{
        "0":0.0000000044,
        "1":0.0000000001,
        "2":0.0000022628,
        "3":0.000000267,
        "4":0.0000000001
    }
}