{
    "Bleu Score":{
        "0":4.259241025e-34,
        "1":1.648289202e-31,
        "2":2.529772167e-32,
        "3":1.643234662e-31,
        "4":9.914979233e-30
    }
}