{
    "Bleu Score":{
        "0":0.3568936334,
        "1":0.9628648807,
        "2":0.9627533662,
        "3":0.9611525085,
        "4":0.2962870726
    }
}