{
    "Bleu Score":{
        "0":2.66672514e-17,
        "1":4.680730609e-18,
        "2":0.0,
        "3":1.055899211e-18,
        "4":0.0
    }
}