{
    "Bleu Score":{
        "0":0.8912901141,
        "1":0.3136245104,
        "2":0.307736492,
        "3":0.3089789376,
        "4":0.2783482264
    }
}