{
    "Bleu Score":{
        "0":1.256059083e-24,
        "1":3.664112265e-29,
        "2":4.945983293e-25,
        "3":6.183990378e-22,
        "4":4.260594429e-25
    }
}