{
    "Bleu Score":{
        "0":0.0151779662,
        "1":0.0013204903,
        "2":0.0014983428,
        "3":0.0118983237,
        "4":0.0021008034
    }
}