{
    "Bleu Score":{
        "0":0.0056498118,
        "1":0.0320657607,
        "2":0.0349331332,
        "3":0.0120499923,
        "4":0.0021031537
    }
}