{
    "Bleu Score":{
        "0":2.657405561e-17,
        "1":0.0,
        "2":1.551636133e-19,
        "3":5.51105409e-16,
        "4":6.370718045e-20
    }
}