{
    "Bleu Score":{
        "0":0.0000989066,
        "1":0.0000058917,
        "2":0.0000195659,
        "3":0.003645078,
        "4":0.000005217
    }
}