{
    "Bleu Score":{
        "0":4.427118544e-28,
        "1":5.769632419e-26,
        "2":3.298817169e-33,
        "3":1.119203234e-24,
        "4":1.458602244e-23
    }
}