{
    "Bleu Score":{
        "0":1.190039414e-30,
        "1":8.247856349e-28,
        "2":8.997803468e-28,
        "3":3.892847039e-25,
        "4":1.348621552e-24
    }
}