{
    "Bleu Score":{
        "0":0.0000002495,
        "1":0.0000000033,
        "2":0.0000008416,
        "3":0.0000000124,
        "4":0.0000163235
    }
}