{
    "Bleu Score":{
        "0":0.0002684744,
        "1":0.0036578491,
        "2":0.0001684412,
        "3":0.00388764,
        "4":0.0020020777
    }
}