{
    "Bleu Score":{
        "0":0.8531021862,
        "1":0.2941898295,
        "2":0.3075911995,
        "3":0.299930097,
        "4":0.2645836109
    }
}