{
    "Bleu Score":{
        "0":0.0000047637,
        "1":0.0000000033,
        "2":0.0001546483,
        "3":0.0000000128,
        "4":0.0000015537
    }
}