{
    "Actor":{
        "0":0.0843841263
    },
    "Activity":{
        "0":0.2541043898
    },
    "Activity Data":{
        "0":0.1337672289
    },
    "Further Specification":{
        "0":0.2729751064
    },
    "XOR Gateway":{
        "0":0.0863999743
    },
    "Condition Specification":{
        "0":0.2417838107
    },
    "AND Gateway":{
        "0":0.4041666667
    },
    "All":{
        "0":0.1185771271
    }
}