{
    "Actor":{
        "0":0.0783360346,
        "1":0.0851460534,
        "2":0.0827505828,
        "3":0.090625,
        "4":0.083001328
    },
    "Activity":{
        "0":0.2371663244,
        "1":0.2441860465,
        "2":0.2553430821,
        "3":0.2613636364,
        "4":0.2572815534
    },
    "Activity Data":{
        "0":0.1282712864,
        "1":0.128641695,
        "2":0.1317738791,
        "3":0.130351682,
        "4":0.1419299005
    },
    "Further Specification":{
        "0":0.2538167939,
        "1":0.266536965,
        "2":0.2572815534,
        "3":0.2680221811,
        "4":0.2986425339
    },
    "XOR Gateway":{
        "0":0.072243346,
        "1":0.1,
        "2":0.099137931,
        "3":0.1042654028,
        "4":0.0616740088
    },
    "Condition Specification":{
        "0":0.2370540852,
        "1":0.2590266876,
        "2":0.2456140351,
        "3":0.2422434368,
        "4":0.2423822715
    },
    "AND Gateway":{
        "0":0.40625,
        "1":0.5,
        "2":0.3333333333,
        "3":0.375,
        "4":0.40625
    },
    "All":{
        "0":0.1116800443,
        "1":0.1172318551,
        "2":0.1183492999,
        "3":0.1192250373,
        "4":0.1228562005
    }
}