{
    "Actor":{
        "0":0.0810055866,
        "1":0.0860012555,
        "2":0.0837758112,
        "3":0.0913098237,
        "4":0.0842886042
    },
    "Activity":{
        "0":0.2398753894,
        "1":0.2441860465,
        "2":0.2582480091,
        "3":0.2595936795,
        "4":0.256969697
    },
    "Activity Data":{
        "0":0.127988231,
        "1":0.1343873518,
        "2":0.133967499,
        "3":0.1315079059,
        "4":0.1433566434
    },
    "Further Specification":{
        "0":0.2557692308,
        "1":0.2614503817,
        "2":0.2576985413,
        "3":0.2517361111,
        "4":0.3105882353
    },
    "XOR Gateway":{
        "0":0.0727969349,
        "1":0.0974576271,
        "2":0.0974576271,
        "3":0.100456621,
        "4":0.0603448276
    },
    "Condition Specification":{
        "0":0.2354285714,
        "1":0.2554179567,
        "2":0.2351421189,
        "3":0.235225956,
        "4":0.2447552448
    },
    "AND Gateway":{
        "0":0.40625,
        "1":0.5,
        "2":0.3333333333,
        "3":0.375,
        "4":0.40625
    },
    "All":{
        "0":0.1127094972,
        "1":0.1191330111,
        "2":0.1189982217,
        "3":0.1185360794,
        "4":0.1241666667
    }
}