{
    "Actor":{
        "0":0.0787615426,
        "1":0.0837920489,
        "2":0.0822711472,
        "3":0.0891758918,
        "4":0.0826719577
    },
    "Activity":{
        "0":0.2449628844,
        "1":0.2456140351,
        "2":0.261822376,
        "3":0.2510917031,
        "4":0.2554216867
    },
    "Activity Data":{
        "0":0.1267759563,
        "1":0.1299197554,
        "2":0.1330184967,
        "3":0.1300038124,
        "4":0.1399317406
    },
    "Further Specification":{
        "0":0.2514177694,
        "1":0.2513761468,
        "2":0.2535885167,
        "3":0.2552816901,
        "4":0.3069767442
    },
    "XOR Gateway":{
        "0":0.0716981132,
        "1":0.1004366812,
        "2":0.0974576271,
        "3":0.1057692308,
        "4":0.0622222222
    },
    "Condition Specification":{
        "0":0.2340909091,
        "1":0.2661290323,
        "2":0.2446236559,
        "3":0.2379835873,
        "4":0.2437325905
    },
    "AND Gateway":{
        "0":0.40625,
        "1":0.5,
        "2":0.3333333333,
        "3":0.375,
        "4":0.40625
    },
    "All":{
        "0":0.1115411196,
        "1":0.1170881226,
        "2":0.118699187,
        "3":0.1173364623,
        "4":0.1223116073
    }
}