{
    "Actor":{
        "0":0.0845476327
    },
    "Activity":{
        "0":0.2530692884
    },
    "Activity Data":{
        "0":0.1345727491
    },
    "Further Specification":{
        "0":0.2647818989
    },
    "XOR Gateway":{
        "0":0.0870181826
    },
    "Condition Specification":{
        "0":0.2412387255
    },
    "AND Gateway":{
        "0":0.4041666667
    },
    "All":{
        "0":0.1186054329
    }
}