{
    "Actor":{
        "0":0.0851358297
    },
    "Activity":{
        "0":0.2519888042
    },
    "Activity Data":{
        "0":0.1345394702
    },
    "Further Specification":{
        "0":0.2691442434
    },
    "XOR Gateway":{
        "0":0.086083851
    },
    "Condition Specification":{
        "0":0.2417065361
    },
    "AND Gateway":{
        "0":0.4041666667
    },
    "All":{
        "0":0.1188813594
    }
}