{
    "Actor":{
        "0":0.0842094867
    },
    "Activity":{
        "0":0.2534439579
    },
    "Activity Data":{
        "0":0.1319357773
    },
    "Further Specification":{
        "0":0.2684723436
    },
    "XOR Gateway":{
        "0":0.0871835194
    },
    "Condition Specification":{
        "0":0.2414322379
    },
    "AND Gateway":{
        "0":0.4041666667
    },
    "All":{
        "0":0.1177442199
    }
}