{
    "Actor":{
        "0":0.0841748947
    },
    "Activity":{
        "0":0.2534295583
    },
    "Activity Data":{
        "0":0.134467049
    },
    "Further Specification":{
        "0":0.2662415792
    },
    "XOR Gateway":{
        "0":0.0866063579
    },
    "Condition Specification":{
        "0":0.2411088146
    },
    "AND Gateway":{
        "0":0.4041666667
    },
    "All":{
        "0":0.118494277
    }
}