{
    "Actor":{
        "0":0.0804215197,
        "1":0.0853051059,
        "2":0.084272997,
        "3":0.0913098237,
        "4":0.0840053763
    },
    "Activity":{
        "0":0.2434141201,
        "1":0.2433371958,
        "2":0.2585421412,
        "3":0.2575587906,
        "4":0.2560386473
    },
    "Activity Data":{
        "0":0.1261326568,
        "1":0.1339109886,
        "2":0.1335440537,
        "3":0.1332551778,
        "4":0.1422993492
    },
    "Further Specification":{
        "0":0.2557692308,
        "1":0.2532347505,
        "2":0.2548076923,
        "3":0.2508650519,
        "4":0.3076923077
    },
    "XOR Gateway":{
        "0":0.0733590734,
        "1":0.0978723404,
        "2":0.1004366812,
        "3":0.100456621,
        "4":0.0606060606
    },
    "Condition Specification":{
        "0":0.2432113341,
        "1":0.2546296296,
        "2":0.2382198953,
        "3":0.2396694215,
        "4":0.2400548697
    },
    "AND Gateway":{
        "0":0.40625,
        "1":0.5,
        "2":0.3333333333,
        "3":0.375,
        "4":0.40625
    },
    "All":{
        "0":0.1125680011,
        "1":0.1183395291,
        "2":0.1192279139,
        "3":0.1192605844,
        "4":0.1233035419
    }
}