{
    "Actor":{
        "0":0.0850603949
    },
    "Activity":{
        "0":0.2531997611
    },
    "Activity Data":{
        "0":0.1348338069
    },
    "Further Specification":{
        "0":0.2624934106
    },
    "XOR Gateway":{
        "0":0.086102242
    },
    "Condition Specification":{
        "0":0.2431069915
    },
    "AND Gateway":{
        "0":0.4041666667
    },
    "All":{
        "0":0.1188315828
    }
}