{
    "Actor":{
        "0":0.0844606082
    },
    "Activity":{
        "0":0.252457352
    },
    "Activity Data":{
        "0":0.1346265725
    },
    "Further Specification":{
        "0":0.2654158424
    },
    "XOR Gateway":{
        "0":0.0859323169
    },
    "Condition Specification":{
        "0":0.2407473935
    },
    "AND Gateway":{
        "0":0.4041666667
    },
    "All":{
        "0":0.1185204978
    }
}