{
    "Actor":{
        "0":0.0805555556,
        "1":0.0845679012,
        "2":0.0830409357,
        "3":0.0905683948,
        "4":0.0840053763
    },
    "Activity":{
        "0":0.2421383648,
        "1":0.2450408401,
        "2":0.2582480091,
        "3":0.2610669694,
        "4":0.2588522589
    },
    "Activity Data":{
        "0":0.127988231,
        "1":0.1350277998,
        "2":0.1342335187,
        "3":0.1329434698,
        "4":0.1426707264
    },
    "Further Specification":{
        "0":0.2567567568,
        "1":0.2504570384,
        "2":0.2593800979,
        "3":0.2445193929,
        "4":0.3127962085
    },
    "XOR Gateway":{
        "0":0.0739299611,
        "1":0.0978723404,
        "2":0.100877193,
        "3":0.1023255814,
        "4":0.0600858369
    },
    "Condition Specification":{
        "0":0.2330316742,
        "1":0.2534562212,
        "2":0.2375979112,
        "3":0.2363213038,
        "4":0.2457865169
    },
    "AND Gateway":{
        "0":0.40625,
        "1":0.5,
        "2":0.3333333333,
        "3":0.375,
        "4":0.40625
    },
    "All":{
        "0":0.1126465662,
        "1":0.1184128952,
        "2":0.1191748293,
        "3":0.1187295934,
        "4":0.1240632806
    }
}