{
    "Actor":{
        "0":0.0804661487,
        "1":0.0843076923,
        "2":0.0850808868,
        "3":0.090625,
        "4":0.0832223702
    },
    "Activity":{
        "0":0.2486544672,
        "1":0.2430555556,
        "2":0.2585421412,
        "3":0.2566964286,
        "4":0.2566585956
    },
    "Activity Data":{
        "0":0.1282240236,
        "1":0.1343873518,
        "2":0.1331232769,
        "3":0.1365092074,
        "4":0.1443661972
    },
    "Further Specification":{
        "0":0.2654690619,
        "1":0.258490566,
        "2":0.2515822785,
        "3":0.2297939778,
        "4":0.288209607
    },
    "XOR Gateway":{
        "0":0.0736434109,
        "1":0.0978723404,
        "2":0.0982905983,
        "3":0.1013824885,
        "4":0.0606060606
    },
    "Condition Specification":{
        "0":0.2420681551,
        "1":0.2519083969,
        "2":0.2357512953,
        "3":0.2354988399,
        "4":0.2489331437
    },
    "AND Gateway":{
        "0":0.40625,
        "1":0.5,
        "2":0.3333333333,
        "3":0.375,
        "4":0.40625
    },
    "All":{
        "0":0.1138704671,
        "1":0.118211357,
        "2":0.1189982217,
        "3":0.1189060642,
        "4":0.1236719788
    }
}