{
    "Actor":{
        "0":0.0846863772
    },
    "Activity":{
        "0":0.2533516714
    },
    "Activity Data":{
        "0":0.1350283796
    },
    "Further Specification":{
        "0":0.2657250592
    },
    "XOR Gateway":{
        "0":0.0858536913
    },
    "Condition Specification":{
        "0":0.241646674
    },
    "AND Gateway":{
        "0":0.4041666667
    },
    "All":{
        "0":0.1188180075
    }
}