{
    "Actor":{
        "0":0.0852762162
    },
    "Activity":{
        "0":0.2517745643
    },
    "Activity Data":{
        "0":0.1342415262
    },
    "Further Specification":{
        "0":0.2674485
    },
    "XOR Gateway":{
        "0":0.0857027275
    },
    "Condition Specification":{
        "0":0.2411939695
    },
    "AND Gateway":{
        "0":0.4041666667
    },
    "All":{
        "0":0.1187086952
    }
}