{
    "Actor":{
        "0":0.0846085442
    },
    "Activity":{
        "0":0.2529076006
    },
    "Activity Data":{
        "0":0.135661421
    },
    "Further Specification":{
        "0":0.2703387827
    },
    "XOR Gateway":{
        "0":0.0858528656
    },
    "Condition Specification":{
        "0":0.2400759569
    },
    "AND Gateway":{
        "0":0.4041666667
    },
    "All":{
        "0":0.119065667
    }
}