{
    "Actor":{
        "0":0.0787615426,
        "1":0.0844636252,
        "2":0.0827023879,
        "3":0.0886308068,
        "4":0.0840618695
    },
    "Activity":{
        "0":0.2393782383,
        "1":0.2470588235,
        "2":0.2594285714,
        "3":0.2610669694,
        "4":0.2594859241
    },
    "Activity Data":{
        "0":0.1291280148,
        "1":0.1340694006,
        "2":0.1355252606,
        "3":0.1341991342,
        "4":0.1450044209
    },
    "Further Specification":{
        "0":0.2602739726,
        "1":0.2523020258,
        "2":0.2619439868,
        "3":0.2478632479,
        "4":0.3142857143
    },
    "XOR Gateway":{
        "0":0.0748031496,
        "1":0.093877551,
        "2":0.0970464135,
        "3":0.1037735849,
        "4":0.0630630631
    },
    "Condition Specification":{
        "0":0.2314606742,
        "1":0.2631578947,
        "2":0.2476190476,
        "3":0.2391048292,
        "4":0.2397260274
    },
    "AND Gateway":{
        "0":0.40625,
        "1":0.5,
        "2":0.3333333333,
        "3":0.375,
        "4":0.40625
    },
    "All":{
        "0":0.1122704508,
        "1":0.1185047309,
        "2":0.1200478397,
        "3":0.1189060642,
        "4":0.1247906198
    }
}