{
    "Actor":{
        "0":0.0777896996,
        "1":0.0842040565,
        "2":0.0829439252,
        "3":0.0911949686,
        "4":0.083948959
    },
    "Activity":{
        "0":0.2411273486,
        "1":0.2430555556,
        "2":0.2516629712,
        "3":0.2566964286,
        "4":0.256969697
    },
    "Activity Data":{
        "0":0.1265914878,
        "1":0.1307189542,
        "2":0.1332807571,
        "3":0.1319659443,
        "4":0.1431689219
    },
    "Further Specification":{
        "0":0.2543021033,
        "1":0.2619502868,
        "2":0.2568659128,
        "3":0.2504317789,
        "4":0.3165467626
    },
    "XOR Gateway":{
        "0":0.0733590734,
        "1":0.0974576271,
        "2":0.0966386555,
        "3":0.0995475113,
        "4":0.0608695652
    },
    "Condition Specification":{
        "0":0.230941704,
        "1":0.2534562212,
        "2":0.2357512953,
        "3":0.2503082614,
        "4":0.2447552448
    },
    "AND Gateway":{
        "0":0.40625,
        "1":0.5,
        "2":0.3333333333,
        "3":0.375,
        "4":0.40625
    },
    "All":{
        "0":0.1108973478,
        "1":0.1170701808,
        "2":0.1180361605,
        "3":0.1193139448,
        "4":0.1241873646
    }
}