{
    "Actor":{
        "0":0.0787187839,
        "1":0.0838946724,
        "2":0.0831868776,
        "3":0.0917721519,
        "4":0.0841750842
    },
    "Activity":{
        "0":0.2378990731,
        "1":0.2444703143,
        "2":0.2550561798,
        "3":0.2561247216,
        "4":0.2572815534
    },
    "Activity Data":{
        "0":0.1272860278,
        "1":0.1353503185,
        "2":0.1347150259,
        "3":0.1345167653,
        "4":0.1431689219
    },
    "Further Specification":{
        "0":0.2582524272,
        "1":0.2560747664,
        "2":0.2623762376,
        "3":0.2361563518,
        "4":0.3127962085
    },
    "XOR Gateway":{
        "0":0.0727969349,
        "1":0.1013215859,
        "2":0.1004366812,
        "3":0.1013824885,
        "4":0.0603448276
    },
    "Condition Specification":{
        "0":0.2370540852,
        "1":0.2558139535,
        "2":0.2375979112,
        "3":0.240521327,
        "4":0.2368064953
    },
    "AND Gateway":{
        "0":0.40625,
        "1":0.5,
        "2":0.3333333333,
        "3":0.375,
        "4":0.40625
    },
    "All":{
        "0":0.1117109635,
        "1":0.1187257187,
        "2":0.1192987669,
        "3":0.1191895113,
        "4":0.1236514523
    }
}