{
    "Actor":{
        "0":0.0803769401,
        "1":0.0818399044,
        "2":0.0816561242,
        "3":0.0898389095,
        "4":0.0815926893
    },
    "Activity":{
        "0":0.2381443299,
        "1":0.2430555556,
        "2":0.2553430821,
        "3":0.2530253025,
        "4":0.256969697
    },
    "Activity Data":{
        "0":0.1262699565,
        "1":0.1328125,
        "2":0.1293532338,
        "3":0.1320681642,
        "4":0.1461675579
    },
    "Further Specification":{
        "0":0.2623274162,
        "1":0.2555970149,
        "2":0.2598039216,
        "3":0.2470187394,
        "4":0.3150357995
    },
    "XOR Gateway":{
        "0":0.0727969349,
        "1":0.0970464135,
        "2":0.099137931,
        "3":0.0995475113,
        "4":0.0611353712
    },
    "Condition Specification":{
        "0":0.2378752887,
        "1":0.2665589661,
        "2":0.2318471338,
        "3":0.2382629108,
        "4":0.2345844504
    },
    "AND Gateway":{
        "0":0.40625,
        "1":0.5,
        "2":0.3333333333,
        "3":0.375,
        "4":0.40625
    },
    "All":{
        "0":0.1121456365,
        "1":0.1172858459,
        "2":0.1164780969,
        "3":0.1178376786,
        "4":0.1236104198
    }
}