{
    "Actor":{
        "0":0.0845290465
    },
    "Activity":{
        "0":0.2538623787
    },
    "Activity Data":{
        "0":0.1351062847
    },
    "Further Specification":{
        "0":0.2724397598
    },
    "XOR Gateway":{
        "0":0.0859954667
    },
    "Condition Specification":{
        "0":0.2433022783
    },
    "AND Gateway":{
        "0":0.4041666667
    },
    "All":{
        "0":0.119151094
    }
}