{
    "Actor":{
        "0":0.0831532835
    },
    "Activity":{
        "0":0.2531386328
    },
    "Activity Data":{
        "0":0.1337068292
    },
    "Further Specification":{
        "0":0.2681302527
    },
    "XOR Gateway":{
        "0":0.0864604795
    },
    "Condition Specification":{
        "0":0.2396984093
    },
    "AND Gateway":{
        "0":0.4041666667
    },
    "All":{
        "0":0.1178416439
    }
}