{
    "Actor":{
        "0":0.0840267289
    },
    "Activity":{
        "0":0.2520828304
    },
    "Activity Data":{
        "0":0.1342156677
    },
    "Further Specification":{
        "0":0.2735725144
    },
    "XOR Gateway":{
        "0":0.0858016354
    },
    "Condition Specification":{
        "0":0.2395832258
    },
    "AND Gateway":{
        "0":0.4041666667
    },
    "All":{
        "0":0.1184084662
    }
}