{
    "Actor":{
        "0":0.079582876,
        "1":0.0844636252,
        "2":0.0835785756,
        "3":0.0894509562,
        "4":0.0819672131
    },
    "Activity":{
        "0":0.2467948718,
        "1":0.2450408401,
        "2":0.261822376,
        "3":0.2584269663,
        "4":0.2617283951
    },
    "Activity Data":{
        "0":0.1308762693,
        "1":0.1384928717,
        "2":0.133967499,
        "3":0.1328916602,
        "4":0.1452612932
    },
    "Further Specification":{
        "0":0.254789272,
        "1":0.2490909091,
        "2":0.2615131579,
        "3":0.2622061483,
        "4":0.3165467626
    },
    "XOR Gateway":{
        "0":0.0727969349,
        "1":0.0982905983,
        "2":0.1040723982,
        "3":0.1013824885,
        "4":0.0630630631
    },
    "Condition Specification":{
        "0":0.2400932401,
        "1":0.2623211447,
        "2":0.2318471338,
        "3":0.2469586375,
        "4":0.2345844504
    },
    "AND Gateway":{
        "0":0.40625,
        "1":0.5,
        "2":0.3333333333,
        "3":0.375,
        "4":0.40625
    },
    "All":{
        "0":0.1138222849,
        "1":0.1199183802,
        "2":0.1193697042,
        "3":0.1195278649,
        "4":0.1239600666
    }
}