{
    "Actor":{
        "0":0.0839717998
    },
    "Activity":{
        "0":0.2510681286
    },
    "Activity Data":{
        "0":0.1321936886
    },
    "Further Specification":{
        "0":0.2688600055
    },
    "XOR Gateway":{
        "0":0.0874641377
    },
    "Condition Specification":{
        "0":0.2452641032
    },
    "AND Gateway":{
        "0":0.4041666667
    },
    "All":{
        "0":0.1178684874
    }
}