{
    "Actor":{
        "0":0.0799338479,
        "1":0.084515731,
        "2":0.0831381733,
        "3":0.0902302427,
        "4":0.0830564784
    },
    "Activity":{
        "0":0.2441860465,
        "1":0.2444703143,
        "2":0.257661748,
        "3":0.2616609784,
        "4":0.2591687042
    },
    "Activity Data":{
        "0":0.1274258513,
        "1":0.134175217,
        "2":0.1354166667,
        "3":0.133203125,
        "4":0.1421143847
    },
    "Further Specification":{
        "0":0.2495309568,
        "1":0.2670565302,
        "2":0.2564516129,
        "3":0.2526132404,
        "4":0.3055555556
    },
    "XOR Gateway":{
        "0":0.072243346,
        "1":0.0982905983,
        "2":0.0982905983,
        "3":0.1028037383,
        "4":0.0614035088
    },
    "Condition Specification":{
        "0":0.2314606742,
        "1":0.2619047619,
        "2":0.2342342342,
        "3":0.235225956,
        "4":0.2427184466
    },
    "AND Gateway":{
        "0":0.40625,
        "1":0.5,
        "2":0.3333333333,
        "3":0.375,
        "4":0.40625
    },
    "All":{
        "0":0.1119434041,
        "1":0.1190958691,
        "2":0.1191394659,
        "3":0.1190299063,
        "4":0.1232627399
    }
}