{
    "Actor":{
        "0":0.0840163218
    },
    "Activity":{
        "0":0.2499024002
    },
    "Activity Data":{
        "0":0.1331452131
    },
    "Further Specification":{
        "0":0.2680193689
    },
    "XOR Gateway":{
        "0":0.0855744865
    },
    "Condition Specification":{
        "0":0.2430425453
    },
    "AND Gateway":{
        "0":0.4041666667
    },
    "All":{
        "0":0.1179009997
    }
}