{
    "Actor":{
        "0":0.0844611104
    },
    "Activity":{
        "0":0.2531970363
    },
    "Activity Data":{
        "0":0.134695364
    },
    "Further Specification":{
        "0":0.2652706841
    },
    "XOR Gateway":{
        "0":0.0854507118
    },
    "Condition Specification":{
        "0":0.2426877859
    },
    "AND Gateway":{
        "0":0.4041666667
    },
    "All":{
        "0":0.1186511893
    }
}