{
    "Actor":{
        "0":0.0783360346,
        "1":0.0828295042,
        "2":0.0837264151,
        "3":0.0900621118,
        "4":0.0821827745
    },
    "Activity":{
        "0":0.2473233405,
        "1":0.2461899179,
        "2":0.2594285714,
        "3":0.2578475336,
        "4":0.2554216867
    },
    "Activity Data":{
        "0":0.1238875044,
        "1":0.1350277998,
        "2":0.1335968379,
        "3":0.1297564688,
        "4":0.1422993492
    },
    "Further Specification":{
        "0":0.2587548638,
        "1":0.2509157509,
        "2":0.2672268908,
        "3":0.2530541012,
        "4":0.3135391924
    },
    "XOR Gateway":{
        "0":0.071969697,
        "1":0.0970464135,
        "2":0.0982905983,
        "3":0.0986547085,
        "4":0.0616740088
    },
    "Condition Specification":{
        "0":0.2400932401,
        "1":0.2534562212,
        "2":0.2401055409,
        "3":0.2371495327,
        "4":0.2440725244
    },
    "AND Gateway":{
        "0":0.40625,
        "1":0.5,
        "2":0.3333333333,
        "3":0.375,
        "4":0.40625
    },
    "All":{
        "0":0.1111264115,
        "1":0.1178466759,
        "2":0.119636472,
        "3":0.1175433441,
        "4":0.1230794647
    }
}