{
    "Actor":{
        "0":0.0838086492
    },
    "Activity":{
        "0":0.2547626899
    },
    "Activity Data":{
        "0":0.1362979187
    },
    "Further Specification":{
        "0":0.26882925
    },
    "XOR Gateway":{
        "0":0.0879210966
    },
    "Condition Specification":{
        "0":0.2431609213
    },
    "AND Gateway":{
        "0":0.4041666667
    },
    "All":{
        "0":0.1193196601
    }
}