{
    "Actor":{
        "0":0.0848211125
    },
    "Activity":{
        "0":0.252990405
    },
    "Activity Data":{
        "0":0.1345228764
    },
    "Further Specification":{
        "0":0.2635785951
    },
    "XOR Gateway":{
        "0":0.0846659721
    },
    "Condition Specification":{
        "0":0.242663744
    },
    "AND Gateway":{
        "0":0.4041666667
    },
    "All":{
        "0":0.1185844495
    }
}