{
    "Actor":{
        "0":0.0841983625
    },
    "Activity":{
        "0":0.2533395323
    },
    "Activity Data":{
        "0":0.1351329146
    },
    "Further Specification":{
        "0":0.2588723004
    },
    "XOR Gateway":{
        "0":0.0858118717
    },
    "Condition Specification":{
        "0":0.2402314042
    },
    "AND Gateway":{
        "0":0.4041666667
    },
    "All":{
        "0":0.1184107304
    }
}