{
    "Actor":{
        "0":0.0837240464
    },
    "Activity":{
        "0":0.2532837054
    },
    "Activity Data":{
        "0":0.1355852462
    },
    "Further Specification":{
        "0":0.2673337895
    },
    "XOR Gateway":{
        "0":0.0865127524
    },
    "Condition Specification":{
        "0":0.2442136946
    },
    "AND Gateway":{
        "0":0.4041666667
    },
    "All":{
        "0":0.1189039411
    }
}