{
    "Actor":{
        "0":0.0811870101,
        "1":0.0855715178,
        "2":0.0834312573,
        "3":0.091540404,
        "4":0.083948959
    },
    "Activity":{
        "0":0.2436708861,
        "1":0.2436194896,
        "2":0.2588369441,
        "3":0.259009009,
        "4":0.2548076923
    },
    "Activity Data":{
        "0":0.1271929825,
        "1":0.1329683223,
        "2":0.1342868494,
        "3":0.1338829996,
        "4":0.1443661972
    },
    "Further Specification":{
        "0":0.2562620424,
        "1":0.2639691715,
        "2":0.2628099174,
        "3":0.2491408935,
        "4":0.3135391924
    },
    "XOR Gateway":{
        "0":0.072519084,
        "1":0.0970464135,
        "2":0.1004366812,
        "3":0.0995475113,
        "4":0.0608695652
    },
    "Condition Specification":{
        "0":0.2362385321,
        "1":0.2526799387,
        "2":0.2351421189,
        "3":0.2365967366,
        "4":0.2478753541
    },
    "AND Gateway":{
        "0":0.40625,
        "1":0.5,
        "2":0.3333333333,
        "3":0.375,
        "4":0.40625
    },
    "All":{
        "0":0.11278826,
        "1":0.1183945452,
        "2":0.119351962,
        "3":0.1193317422,
        "4":0.1245402875
    }
}