{
    "Actor":{
        "0":0.0838693956
    },
    "Activity":{
        "0":0.2520069043
    },
    "Activity Data":{
        "0":0.1344491231
    },
    "Further Specification":{
        "0":0.2695496937
    },
    "XOR Gateway":{
        "0":0.0868313542
    },
    "Condition Specification":{
        "0":0.2398123757
    },
    "AND Gateway":{
        "0":0.4041666667
    },
    "All":{
        "0":0.1182945576
    }
}