{
    "Actor":{
        "0":0.0808700502,
        "1":0.0847772277,
        "2":0.0834312573,
        "3":0.090738423,
        "4":0.0842886042
    },
    "Activity":{
        "0":0.2441860465,
        "1":0.243902439,
        "2":0.2585421412,
        "3":0.2575587906,
        "4":0.2607626076
    },
    "Activity Data":{
        "0":0.1286031042,
        "1":0.1311222522,
        "2":0.1370085124,
        "3":0.1346229767,
        "4":0.1412575366
    },
    "Further Specification":{
        "0":0.2495309568,
        "1":0.267578125,
        "2":0.2519809826,
        "3":0.2396694215,
        "4":0.3091334895
    },
    "XOR Gateway":{
        "0":0.072519084,
        "1":0.0982905983,
        "2":0.0982905983,
        "3":0.0956521739,
        "4":0.0585774059
    },
    "Condition Specification":{
        "0":0.2359679267,
        "1":0.2566096423,
        "2":0.2397891963,
        "3":0.2402366864,
        "4":0.2407152682
    },
    "AND Gateway":{
        "0":0.40625,
        "1":0.5,
        "2":0.3333333333,
        "3":0.375,
        "4":0.40625
    },
    "All":{
        "0":0.1129461162,
        "1":0.1178466759,
        "2":0.1199402539,
        "3":0.1189060642,
        "4":0.1232831375
    }
}