{
    "Actor":{
        "0":0.0790190736,
        "1":0.0836896762,
        "2":0.0846750149,
        "3":0.0896722325,
        "4":0.0822909809
    },
    "Activity":{
        "0":0.2359550562,
        "1":0.2450408401,
        "2":0.2573696145,
        "3":0.2637614679,
        "4":0.2579075426
    },
    "Activity Data":{
        "0":0.1286982249,
        "1":0.134175217,
        "2":0.1302003082,
        "3":0.1349960412,
        "4":0.1441758242
    },
    "Further Specification":{
        "0":0.2612966601,
        "1":0.274,
        "2":0.2531847134,
        "3":0.2373158756,
        "4":0.3219512195
    },
    "XOR Gateway":{
        "0":0.0716981132,
        "1":0.1013215859,
        "2":0.0958333333,
        "3":0.1028037383,
        "4":0.0625
    },
    "Condition Specification":{
        "0":0.2283813747,
        "1":0.2558139535,
        "2":0.2363636364,
        "3":0.2391048292,
        "4":0.2393980848
    },
    "AND Gateway":{
        "0":0.40625,
        "1":0.5,
        "2":0.3333333333,
        "3":0.375,
        "4":0.40625
    },
    "All":{
        "0":0.1116800443,
        "1":0.1189290162,
        "2":0.1177937509,
        "3":0.1191717563,
        "4":0.1238982205
    }
}