{
    "Actor":{
        "0":0.5267337137
    },
    "Activity":{
        "0":0.7733117997
    },
    "Activity Data":{
        "0":0.551274934
    },
    "Further Specification":{
        "0":0.5462391799
    },
    "XOR Gateway":{
        "0":0.6202816602
    },
    "Condition Specification":{
        "0":0.5015064632
    },
    "AND Gateway":{
        "0":0.5125
    },
    "All":{
        "0":0.5601143088
    }
}