{
    "Actor":{
        "0":0.4465449804,
        "1":0.4553191489,
        "2":0.4341755319,
        "3":0.4599277978,
        "4":0.4384384384
    },
    "Activity":{
        "0":0.5796645702,
        "1":0.5985997666,
        "2":0.6101694915,
        "3":0.622298066,
        "4":0.6014669927
    },
    "Activity Data":{
        "0":0.463387574,
        "1":0.4733656174,
        "2":0.4614427861,
        "3":0.4636803874,
        "4":0.4896860987
    },
    "Further Specification":{
        "0":0.5038167939,
        "1":0.4963099631,
        "2":0.4975609756,
        "3":0.4973913043,
        "4":0.5341463415
    },
    "XOR Gateway":{
        "0":0.472,
        "1":0.4913793103,
        "2":0.6111111111,
        "3":0.53125,
        "4":0.4859813084
    },
    "Condition Specification":{
        "0":0.4668949772,
        "1":0.4944178628,
        "2":0.4854497354,
        "3":0.4749124854,
        "4":0.4888268156
    },
    "AND Gateway":{
        "0":0.5,
        "1":0.5,
        "2":0.5,
        "3":0.5,
        "4":0.5
    },
    "All":{
        "0":0.4686248331,
        "1":0.4841322314,
        "2":0.4736256752,
        "3":0.4805917913,
        "4":0.4860692103
    }
}