{
    "Actor":{
        "0":0.5018519772
    },
    "Activity":{
        "0":0.7239398712
    },
    "Activity Data":{
        "0":0.5239781171
    },
    "Further Specification":{
        "0":0.5387999146
    },
    "XOR Gateway":{
        "0":0.5577289665
    },
    "Condition Specification":{
        "0":0.4995587881
    },
    "AND Gateway":{
        "0":0.5226190476
    },
    "All":{
        "0":0.5348891733
    }
}