{
    "Actor":{
        "0":0.4377708978,
        "1":0.4755145493,
        "2":0.4532183145,
        "3":0.4741007194,
        "4":0.4653846154
    },
    "Activity":{
        "0":0.6434689507,
        "1":0.6543352601,
        "2":0.6823394495,
        "3":0.653272101,
        "4":0.634057971
    },
    "Activity Data":{
        "0":0.4891467066,
        "1":0.481409002,
        "2":0.4948068135,
        "3":0.4714903657,
        "4":0.5021853147
    },
    "Further Specification":{
        "0":0.5262135922,
        "1":0.5484496124,
        "2":0.5129032258,
        "3":0.5060869565,
        "4":0.564231738
    },
    "XOR Gateway":{
        "0":0.5158730159,
        "1":0.4915254237,
        "2":0.6388888889,
        "3":0.5784313725,
        "4":0.5849056604
    },
    "Condition Specification":{
        "0":0.4964539007,
        "1":0.4854961832,
        "2":0.4785435631,
        "3":0.491745283,
        "4":0.4814814815
    },
    "AND Gateway":{
        "0":0.5,
        "1":0.5,
        "2":0.5,
        "3":0.5,
        "4":0.5
    },
    "All":{
        "0":0.4907902555,
        "1":0.5030954708,
        "2":0.5016674607,
        "3":0.4942474389,
        "4":0.5049382716
    }
}