{
    "Actor":{
        "0":0.4722572509,
        "1":0.4879603399,
        "2":0.4757738896,
        "3":0.4868238558,
        "4":0.4840667678
    },
    "Activity":{
        "0":0.6712184874,
        "1":0.6906141367,
        "2":0.696,
        "3":0.6734463277,
        "4":0.6931407942
    },
    "Activity Data":{
        "0":0.4943656852,
        "1":0.5157936825,
        "2":0.5018152481,
        "3":0.5030278563,
        "4":0.5295964126
    },
    "Further Specification":{
        "0":0.5086042065,
        "1":0.5680933852,
        "2":0.538590604,
        "3":0.5448028674,
        "4":0.5558252427
    },
    "XOR Gateway":{
        "0":0.511627907,
        "1":0.4833333333,
        "2":0.5689655172,
        "3":0.5773195876,
        "4":0.5140186916
    },
    "Condition Specification":{
        "0":0.4842342342,
        "1":0.4960629921,
        "2":0.4632627646,
        "3":0.4876905041,
        "4":0.4937238494
    },
    "AND Gateway":{
        "0":0.5,
        "1":0.55,
        "2":0.5,
        "3":0.5,
        "4":0.5
    },
    "All":{
        "0":0.5021158617,
        "1":0.5282769992,
        "2":0.5110692416,
        "3":0.5158027813,
        "4":0.5288273905
    }
}