{
    "Actor":{
        "0":0.4978001257,
        "1":0.519741565,
        "2":0.5102990033,
        "3":0.5315638451,
        "4":0.497723824
    },
    "Activity":{
        "0":0.7494623656,
        "1":0.7341040462,
        "2":0.7356321839,
        "3":0.7297297297,
        "4":0.7356881851
    },
    "Activity Data":{
        "0":0.5280982508,
        "1":0.5401459854,
        "2":0.5126964933,
        "3":0.5336637753,
        "4":0.5442594216
    },
    "Further Specification":{
        "0":0.557956778,
        "1":0.5418994413,
        "2":0.5232744783,
        "3":0.5653775322,
        "4":0.5637254902
    },
    "XOR Gateway":{
        "0":0.6293103448,
        "1":0.5877192982,
        "2":0.6134453782,
        "3":0.5904761905,
        "4":0.5648148148
    },
    "Condition Specification":{
        "0":0.5190023753,
        "1":0.5181102362,
        "2":0.4974226804,
        "3":0.4786127168,
        "4":0.507713885
    },
    "AND Gateway":{
        "0":0.5416666667,
        "1":0.55,
        "2":0.5,
        "3":0.5,
        "4":0.5
    },
    "All":{
        "0":0.5421704732,
        "1":0.5540630182,
        "2":0.5316217909,
        "3":0.5460526316,
        "4":0.5468970381
    }
}