{
    "Actor":{
        "0":0.5083431552
    },
    "Activity":{
        "0":0.7276609881
    },
    "Activity Data":{
        "0":0.5226157286
    },
    "Further Specification":{
        "0":0.5255079521
    },
    "XOR Gateway":{
        "0":0.5626270758
    },
    "Condition Specification":{
        "0":0.4986422079
    },
    "AND Gateway":{
        "0":0.5142857143
    },
    "All":{
        "0":0.5348982193
    }
}