{
    "Actor":{
        "0":0.4084431527
    },
    "Activity":{
        "0":0.5204910823
    },
    "Activity Data":{
        "0":0.4311944235
    },
    "Further Specification":{
        "0":0.4853461339
    },
    "XOR Gateway":{
        "0":0.4651165527
    },
    "Condition Specification":{
        "0":0.4719982592
    },
    "AND Gateway":{
        "0":0.51
    },
    "All":{
        "0":0.4390626621
    }
}