{
    "Actor":{
        "0":0.4684343434,
        "1":0.4791224345,
        "2":0.486631016,
        "3":0.4953736655,
        "4":0.4703675919
    },
    "Activity":{
        "0":0.6638477801,
        "1":0.6891734575,
        "2":0.6992054484,
        "3":0.6769055745,
        "4":0.7004889976
    },
    "Activity Data":{
        "0":0.5020514733,
        "1":0.5173387097,
        "2":0.5048859935,
        "3":0.490430622,
        "4":0.5149647887
    },
    "Further Specification":{
        "0":0.4990619137,
        "1":0.5555555556,
        "2":0.5241935484,
        "3":0.5331010453,
        "4":0.5416666667
    },
    "XOR Gateway":{
        "0":0.4796747967,
        "1":0.5254237288,
        "2":0.5789473684,
        "3":0.5833333333,
        "4":0.5660377358
    },
    "Condition Specification":{
        "0":0.4797752809,
        "1":0.5,
        "2":0.4812903226,
        "3":0.4854819977,
        "4":0.4923504868
    },
    "AND Gateway":{
        "0":0.5,
        "1":0.5,
        "2":0.5,
        "3":0.5,
        "4":0.5
    },
    "All":{
        "0":0.5015484442,
        "1":0.5267783121,
        "2":0.5162051605,
        "3":0.5115948888,
        "4":0.5196422308
    }
}