{
    "Actor":{
        "0":0.43052884
    },
    "Activity":{
        "0":0.5723668205
    },
    "Activity Data":{
        "0":0.4536563922
    },
    "Further Specification":{
        "0":0.5054695169
    },
    "XOR Gateway":{
        "0":0.4708283809
    },
    "Condition Specification":{
        "0":0.4799936004
    },
    "AND Gateway":{
        "0":0.5083333333
    },
    "All":{
        "0":0.4630401955
    }
}