{
    "Actor":{
        "0":0.4990791897,
        "1":0.5138888889,
        "2":0.5049374589,
        "3":0.5190510424,
        "4":0.5003690037
    },
    "Activity":{
        "0":0.7384937238,
        "1":0.7523584906,
        "2":0.7557077626,
        "3":0.740022805,
        "4":0.7335766423
    },
    "Activity Data":{
        "0":0.5115107914,
        "1":0.5427095749,
        "2":0.5144211774,
        "3":0.5345603272,
        "4":0.5438519171
    },
    "Further Specification":{
        "0":0.5375722543,
        "1":0.570327553,
        "2":0.5424292845,
        "3":0.5262267343,
        "4":0.5717761557
    },
    "XOR Gateway":{
        "0":0.6166666667,
        "1":0.547008547,
        "2":0.6574074074,
        "3":0.5825242718,
        "4":0.6074766355
    },
    "Condition Specification":{
        "0":0.4994272623,
        "1":0.5054095827,
        "2":0.504539559,
        "3":0.4797687861,
        "4":0.4852941176
    },
    "AND Gateway":{
        "0":0.5,
        "1":0.5,
        "2":0.5,
        "3":0.5,
        "4":0.5
    },
    "All":{
        "0":0.5300681061,
        "1":0.5551735429,
        "2":0.5375389408,
        "3":0.5413486005,
        "4":0.5442971747
    }
}