{
    "Actor":{
        "0":0.531995176
    },
    "Activity":{
        "0":0.7765418172
    },
    "Activity Data":{
        "0":0.5509063634
    },
    "Further Specification":{
        "0":0.5541484607
    },
    "XOR Gateway":{
        "0":0.6153775835
    },
    "Condition Specification":{
        "0":0.4973977753
    },
    "AND Gateway":{
        "0":0.5125
    },
    "All":{
        "0":0.5615672129
    }
}