{
    "Actor":{
        "0":0.4725897921,
        "1":0.4738651994,
        "2":0.4871621622,
        "3":0.4886201991,
        "4":0.4875471698
    },
    "Activity":{
        "0":0.6723404255,
        "1":0.6894553882,
        "2":0.7050113895,
        "3":0.6788571429,
        "4":0.7066666667
    },
    "Activity Data":{
        "0":0.4965137615,
        "1":0.514527845,
        "2":0.4943593876,
        "3":0.5088150882,
        "4":0.5061939342
    },
    "Further Specification":{
        "0":0.5,
        "1":0.5245901639,
        "2":0.5393442623,
        "3":0.5162950257,
        "4":0.5123595506
    },
    "XOR Gateway":{
        "0":0.5245901639,
        "1":0.5196850394,
        "2":0.5765765766,
        "3":0.6082474227,
        "4":0.5221238938
    },
    "Condition Specification":{
        "0":0.4831081081,
        "1":0.4968847352,
        "2":0.4966442953,
        "3":0.4901506373,
        "4":0.4823369565
    },
    "AND Gateway":{
        "0":0.5,
        "1":0.5,
        "2":0.5714285714,
        "3":0.5625,
        "4":0.5
    },
    "All":{
        "0":0.5020551967,
        "1":0.5212783303,
        "2":0.5172468354,
        "3":0.5163242555,
        "4":0.5169622869
    }
}