{
    "Actor":{
        "0":0.4215500945,
        "1":0.4320284698,
        "2":0.416498994,
        "3":0.4282639885,
        "4":0.4356435644
    },
    "Activity":{
        "0":0.5412748171,
        "1":0.5537572254,
        "2":0.5746606335,
        "3":0.5555555556,
        "4":0.551143201
    },
    "Activity Data":{
        "0":0.4505042959,
        "1":0.4481393508,
        "2":0.4308489438,
        "3":0.4376026273,
        "4":0.4588287098
    },
    "Further Specification":{
        "0":0.4876190476,
        "1":0.5037313433,
        "2":0.4877650897,
        "3":0.4756302521,
        "4":0.5206812652
    },
    "XOR Gateway":{
        "0":0.4409448819,
        "1":0.4545454545,
        "2":0.5420560748,
        "3":0.5098039216,
        "4":0.4770642202
    },
    "Condition Specification":{
        "0":0.470790378,
        "1":0.4692307692,
        "2":0.4598726115,
        "3":0.4601156069,
        "4":0.4836879433
    },
    "AND Gateway":{
        "0":0.5,
        "1":0.5,
        "2":0.5,
        "3":0.5,
        "4":0.5
    },
    "All":{
        "0":0.4509601182,
        "1":0.4595786379,
        "2":0.4472903327,
        "3":0.4502384738,
        "4":0.4645001766
    }
}