{
    "Actor":{
        "0":0.3698979592,
        "1":0.3881766382,
        "2":0.3676075269,
        "3":0.3883285303,
        "4":0.373752878
    },
    "Activity":{
        "0":0.4495798319,
        "1":0.4651972158,
        "2":0.4612756264,
        "3":0.4689265537,
        "4":0.4545454545
    },
    "Activity Data":{
        "0":0.4072700297,
        "1":0.4165322581,
        "2":0.3967676768,
        "3":0.4016853933,
        "4":0.4203539823
    },
    "Further Specification":{
        "0":0.4745098039,
        "1":0.4790076336,
        "2":0.4672131148,
        "3":0.4685314685,
        "4":0.5036855037
    },
    "XOR Gateway":{
        "0":0.4032258065,
        "1":0.4083333333,
        "2":0.4482758621,
        "3":0.4215686275,
        "4":0.3888888889
    },
    "Condition Specification":{
        "0":0.4586206897,
        "1":0.468847352,
        "2":0.4596354167,
        "3":0.4628099174,
        "4":0.4504132231
    },
    "AND Gateway":{
        "0":0.5,
        "1":0.5,
        "2":0.5,
        "3":0.5,
        "4":0.5
    },
    "All":{
        "0":0.4055456702,
        "1":0.4210178453,
        "2":0.4038431249,
        "3":0.4133608378,
        "4":0.413555123
    }
}