{
    "Actor":{
        "0":0.3775527065
    },
    "Activity":{
        "0":0.4599049365
    },
    "Activity Data":{
        "0":0.408521868
    },
    "Further Specification":{
        "0":0.4785895049
    },
    "XOR Gateway":{
        "0":0.4140585036
    },
    "Condition Specification":{
        "0":0.4600653198
    },
    "AND Gateway":{
        "0":0.5
    },
    "All":{
        "0":0.4114645203
    }
}