{
    "Actor":{
        "0":0.5318603407
    },
    "Activity":{
        "0":0.7862155281
    },
    "Activity Data":{
        "0":0.5546748057
    },
    "Further Specification":{
        "0":0.5461529595
    },
    "XOR Gateway":{
        "0":0.5993540606
    },
    "Condition Specification":{
        "0":0.5025109354
    },
    "AND Gateway":{
        "0":0.5125
    },
    "All":{
        "0":0.5639441183
    }
}