{
    "Actor":{
        "0":0.4571972099,
        "1":0.4533239038,
        "2":0.452173913,
        "3":0.4519572954,
        "4":0.4530769231
    },
    "Activity":{
        "0":0.6050955414,
        "1":0.6310223267,
        "2":0.6218678815,
        "3":0.6109253066,
        "4":0.6051032807
    },
    "Activity Data":{
        "0":0.4690895466,
        "1":0.481392557,
        "2":0.4743747437,
        "3":0.4784377543,
        "4":0.5033677593
    },
    "Further Specification":{
        "0":0.4810606061,
        "1":0.5353728489,
        "2":0.5352348993,
        "3":0.5,
        "4":0.5311004785
    },
    "XOR Gateway":{
        "0":0.4814814815,
        "1":0.512195122,
        "2":0.6272727273,
        "3":0.5520833333,
        "4":0.5420560748
    },
    "Condition Specification":{
        "0":0.4854142357,
        "1":0.4784615385,
        "2":0.4832041344,
        "3":0.4767981439,
        "4":0.4653061224
    },
    "AND Gateway":{
        "0":0.5,
        "1":0.5,
        "2":0.5,
        "3":0.5,
        "4":0.5
    },
    "All":{
        "0":0.4769756387,
        "1":0.4935855263,
        "2":0.4876308278,
        "3":0.483814662,
        "4":0.4930752841
    }
}