{
    "Actor":{
        "0":0.4401273885,
        "1":0.4497167139,
        "2":0.4365821095,
        "3":0.4538956397,
        "4":0.4513677812
    },
    "Activity":{
        "0":0.5849056604,
        "1":0.5904317386,
        "2":0.606370876,
        "3":0.6208853575,
        "4":0.5970695971
    },
    "Activity Data":{
        "0":0.4687148745,
        "1":0.4805194805,
        "2":0.4503631961,
        "3":0.4604058894,
        "4":0.4790101635
    },
    "Further Specification":{
        "0":0.5135135135,
        "1":0.4954296161,
        "2":0.4975530179,
        "3":0.4856661046,
        "4":0.518957346
    },
    "XOR Gateway":{
        "0":0.5213675214,
        "1":0.4621848739,
        "2":0.6018518519,
        "3":0.4742268041,
        "4":0.4864864865
    },
    "Condition Specification":{
        "0":0.4604072398,
        "1":0.4745762712,
        "2":0.4842931937,
        "3":0.4737456243,
        "4":0.4845070423
    },
    "AND Gateway":{
        "0":0.5,
        "1":0.5,
        "2":0.5714285714,
        "3":0.5,
        "4":0.5
    },
    "All":{
        "0":0.4706057007,
        "1":0.482036915,
        "2":0.4686811457,
        "3":0.4759282568,
        "4":0.4822532227
    }
}