{
    "Actor":{
        "0":0.5444305382,
        "1":0.5498967653,
        "2":0.5556287031,
        "3":0.5701198027,
        "4":0.5671755725
    },
    "Activity":{
        "0":0.8029045643,
        "1":0.8417350528,
        "2":0.8312570781,
        "3":0.8301462317,
        "4":0.8359853121
    },
    "Activity Data":{
        "0":0.5642354683,
        "1":0.5817963111,
        "2":0.5472837022,
        "3":0.5761266748,
        "4":0.5711225364
    },
    "Further Specification":{
        "0":0.5371747212,
        "1":0.5513513514,
        "2":0.5447284345,
        "3":0.5660377358,
        "4":0.5240174672
    },
    "XOR Gateway":{
        "0":0.6339285714,
        "1":0.6574074074,
        "2":0.7102803738,
        "3":0.6380952381,
        "4":0.6728971963
    },
    "Condition Specification":{
        "0":0.4866962306,
        "1":0.5211267606,
        "2":0.4955863808,
        "3":0.4936998855,
        "4":0.5069444444
    },
    "AND Gateway":{
        "0":0.5,
        "1":0.55,
        "2":0.5714285714,
        "3":0.5625,
        "4":0.5
    },
    "All":{
        "0":0.5692352683,
        "1":0.594740281,
        "2":0.5719620352,
        "3":0.5875866415,
        "4":0.5849514563
    }
}