{
    "Actor":{
        "0":0.5249917285
    },
    "Activity":{
        "0":0.7680029629
    },
    "Activity Data":{
        "0":0.5491203855
    },
    "Further Specification":{
        "0":0.5557577397
    },
    "XOR Gateway":{
        "0":0.6119724629
    },
    "Condition Specification":{
        "0":0.4971148808
    },
    "AND Gateway":{
        "0":0.5226190476
    },
    "All":{
        "0":0.5580302208
    }
}