{
    "Actor":{
        "0":0.5213358071,
        "1":0.5167693361,
        "2":0.5403602402,
        "3":0.552688172,
        "4":0.5281481481
    },
    "Activity":{
        "0":0.7607802875,
        "1":0.7848101266,
        "2":0.7937569677,
        "3":0.8034090909,
        "4":0.7883211679
    },
    "Activity Data":{
        "0":0.5530664708,
        "1":0.554756195,
        "2":0.5367500993,
        "3":0.5650224215,
        "4":0.563778842
    },
    "Further Specification":{
        "0":0.5494296578,
        "1":0.5539033457,
        "2":0.520610687,
        "3":0.5472972973,
        "4":0.5595238095
    },
    "XOR Gateway":{
        "0":0.5384615385,
        "1":0.5609756098,
        "2":0.6341463415,
        "3":0.6346153846,
        "4":0.6285714286
    },
    "Condition Specification":{
        "0":0.5133876601,
        "1":0.514683153,
        "2":0.4835858586,
        "3":0.4988290398,
        "4":0.5020689655
    },
    "AND Gateway":{
        "0":0.5,
        "1":0.5,
        "2":0.5,
        "3":0.5625,
        "4":0.5
    },
    "All":{
        "0":0.5563986575,
        "1":0.5652597403,
        "2":0.554717562,
        "3":0.5751509374,
        "4":0.5681936945
    }
}