{
    "Actor":{
        "0":0.462941662
    },
    "Activity":{
        "0":0.6546239477
    },
    "Activity Data":{
        "0":0.492381131
    },
    "Further Specification":{
        "0":0.5125000953
    },
    "XOR Gateway":{
        "0":0.5424296751
    },
    "Condition Specification":{
        "0":0.4832907131
    },
    "AND Gateway":{
        "0":0.5
    },
    "All":{
        "0":0.4992785253
    }
}