{
    "Actor":{
        "0":0.4708893154,
        "1":0.4779829545,
        "2":0.4644295302,
        "3":0.4742120344,
        "4":0.471395881
    },
    "Activity":{
        "0":0.6511627907,
        "1":0.6573751452,
        "2":0.6833712984,
        "3":0.6506159015,
        "4":0.6752767528
    },
    "Activity Data":{
        "0":0.4864457831,
        "1":0.4891689642,
        "2":0.4969097651,
        "3":0.497783152,
        "4":0.5043744532
    },
    "Further Specification":{
        "0":0.4953095685,
        "1":0.552734375,
        "2":0.5039619651,
        "3":0.5074380165,
        "4":0.5269320843
    },
    "XOR Gateway":{
        "0":0.5081967213,
        "1":0.5423728814,
        "2":0.5526315789,
        "3":0.5535714286,
        "4":0.5299145299
    },
    "Condition Specification":{
        "0":0.4856815578,
        "1":0.4945397816,
        "2":0.4953764861,
        "3":0.4887307236,
        "4":0.4910344828
    },
    "AND Gateway":{
        "0":0.5,
        "1":0.55,
        "2":0.5,
        "3":0.5,
        "4":0.5
    },
    "All":{
        "0":0.4945660265,
        "1":0.5097556977,
        "2":0.505308192,
        "3":0.5039394894,
        "4":0.5102613577
    }
}