{
    "Actor":{
        "0":0.4923664122,
        "1":0.511644319,
        "2":0.5120109815,
        "3":0.5121602289,
        "4":0.5135338346
    },
    "Activity":{
        "0":0.7158234661,
        "1":0.7407407407,
        "2":0.7312072893,
        "3":0.7265625,
        "4":0.7239709443
    },
    "Activity Data":{
        "0":0.5198948949,
        "1":0.5315024233,
        "2":0.506202481,
        "3":0.5188062142,
        "4":0.5366726297
    },
    "Further Specification":{
        "0":0.5548902196,
        "1":0.5528301887,
        "2":0.5158227848,
        "3":0.4865293185,
        "4":0.5174672489
    },
    "XOR Gateway":{
        "0":0.5508474576,
        "1":0.5462184874,
        "2":0.5614035088,
        "3":0.5858585859,
        "4":0.5688073394
    },
    "Condition Specification":{
        "0":0.5017626322,
        "1":0.4992343032,
        "2":0.4961038961,
        "3":0.4825581395,
        "4":0.5135520685
    },
    "AND Gateway":{
        "0":0.5,
        "1":0.5,
        "2":0.5714285714,
        "3":0.5,
        "4":0.5
    },
    "All":{
        "0":0.5289082445,
        "1":0.5471294621,
        "2":0.5274984287,
        "3":0.528364324,
        "4":0.5425906371
    }
}