{
    "Actor":{
        "0":0.4966611136
    },
    "Activity":{
        "0":0.7215714313
    },
    "Activity Data":{
        "0":0.5224604839
    },
    "Further Specification":{
        "0":0.5257447555
    },
    "XOR Gateway":{
        "0":0.5491195571
    },
    "Condition Specification":{
        "0":0.4957843763
    },
    "AND Gateway":{
        "0":0.5267857143
    },
    "All":{
        "0":0.5311374726
    }
}