{
    "Actor":{
        "0":0.535669587,
        "1":0.5516749822,
        "2":0.5480833894,
        "3":0.5584958217,
        "4":0.556561086
    },
    "Activity":{
        "0":0.788522848,
        "1":0.8106852497,
        "2":0.811149033,
        "3":0.7924528302,
        "4":0.7779083431
    },
    "Activity Data":{
        "0":0.5541589649,
        "1":0.5767217076,
        "2":0.5626029654,
        "3":0.5439082278,
        "4":0.5753064799
    },
    "Further Specification":{
        "0":0.5413533835,
        "1":0.5510948905,
        "2":0.5232198142,
        "3":0.5528596187,
        "4":0.6095717884
    },
    "XOR Gateway":{
        "0":0.6451612903,
        "1":0.5634920635,
        "2":0.6722689076,
        "3":0.6808510638,
        "4":0.5877192982
    },
    "Condition Specification":{
        "0":0.4866962306,
        "1":0.5145482389,
        "2":0.4885204082,
        "3":0.5180288462,
        "4":0.4979367263
    },
    "AND Gateway":{
        "0":0.5,
        "1":0.5,
        "2":0.5714285714,
        "3":0.5,
        "4":0.5
    },
    "All":{
        "0":0.5612364489,
        "1":0.5856580243,
        "2":0.5702375334,
        "3":0.5704887218,
        "4":0.5817164831
    }
}