{
    "Actor":{
        "0":0.4463379266
    },
    "Activity":{
        "0":0.5999326459
    },
    "Activity Data":{
        "0":0.4678027208
    },
    "Further Specification":{
        "0":0.5022239196
    },
    "XOR Gateway":{
        "0":0.5092235076
    },
    "Condition Specification":{
        "0":0.4755058742
    },
    "AND Gateway":{
        "0":0.5142857143
    },
    "All":{
        "0":0.4759010482
    }
}