{
    "Actor":{
        "0":0.4467134652,
        "1":0.4634146341,
        "2":0.4682860999,
        "3":0.4812637766,
        "4":0.4687258687
    },
    "Activity":{
        "0":0.6426299046,
        "1":0.6495327103,
        "2":0.6681974742,
        "3":0.6589861751,
        "4":0.6577017115
    },
    "Activity Data":{
        "0":0.4887387387,
        "1":0.4747866563,
        "2":0.4938067713,
        "3":0.4735804416,
        "4":0.5013146363
    },
    "Further Specification":{
        "0":0.5205479452,
        "1":0.5344827586,
        "2":0.5040257649,
        "3":0.477124183,
        "4":0.5114678899
    },
    "XOR Gateway":{
        "0":0.5245901639,
        "1":0.4833333333,
        "2":0.6568627451,
        "3":0.5769230769,
        "4":0.5940594059
    },
    "Condition Specification":{
        "0":0.487804878,
        "1":0.4907692308,
        "2":0.4697554698,
        "3":0.4747126437,
        "4":0.4936530324
    },
    "AND Gateway":{
        "0":0.5,
        "1":0.5,
        "2":0.5,
        "3":0.5,
        "4":0.5
    },
    "All":{
        "0":0.4916317992,
        "1":0.4957126679,
        "2":0.5005565273,
        "3":0.4923825978,
        "4":0.506445347
    }
}