{
    "Bert Score":{
        "0":0.9916207194,
        "1":0.9904060364,
        "2":0.990852356,
        "3":0.9914038181,
        "4":0.9906381965
    }
}