{
    "Bert Score":{
        "0":0.9983183742,
        "1":0.994849205,
        "2":0.997667253,
        "3":0.99713552,
        "4":0.9982931018
    }
}