{
    "Bert Score":{
        "0":0.989857316,
        "1":0.9940854311,
        "2":0.9906517267,
        "3":0.9959706664,
        "4":0.9909999371
    }
}