{
    "Bert Score":{
        "0":0.9822026491,
        "1":0.9812510014,
        "2":0.9803068042,
        "3":0.9839519858,
        "4":0.9842861891
    }
}