{
    "Bert Score":{
        "0":0.9973040223,
        "1":0.9990420938,
        "2":0.9998733997,
        "3":0.999536097,
        "4":0.9994456768
    }
}