{
    "Bert Score":{
        "0":0.9907464385,
        "1":0.9862887859,
        "2":0.987441659,
        "3":0.9886755347,
        "4":0.986638844
    }
}