{
    "Bert Score":{
        "0":0.9832168818,
        "1":0.9823952913,
        "2":0.9872820973,
        "3":0.985163033,
        "4":0.9845281839
    }
}