{
    "Actor":{
        "0":0.0885668277,
        "1":0.0929124479,
        "2":0.0928366762,
        "3":0.0996923077,
        "4":0.0927573062
    },
    "Activity":{
        "0":0.243697479,
        "1":0.2459396752,
        "2":0.2590909091,
        "3":0.2615558061,
        "4":0.2578692494
    },
    "Activity Data":{
        "0":0.129501637,
        "1":0.1373239437,
        "2":0.1387351779,
        "3":0.1394437916,
        "4":0.1481802426
    },
    "Further Specification":{
        "0":0.2537593985,
        "1":0.2638376384,
        "2":0.26709062,
        "3":0.26306914,
        "4":0.3225806452
    },
    "XOR Gateway":{
        "0":0.0757575758,
        "1":0.1016949153,
        "2":0.1025641026,
        "3":0.1045454545,
        "4":0.0652173913
    },
    "Condition Specification":{
        "0":0.2400455063,
        "1":0.2661538462,
        "2":0.2445302445,
        "3":0.2473867596,
        "4":0.2459016393
    },
    "AND Gateway":{
        "0":0.4375,
        "1":0.5,
        "2":0.3333333333,
        "3":0.375,
        "4":0.4375
    },
    "All":{
        "0":0.1147022418,
        "1":0.121239884,
        "2":0.1228919196,
        "3":0.1236137809,
        "4":0.1269556714
    }
}