{
    "Actor":{
        "0":0.0771270316
    },
    "Activity":{
        "0":0.2033902195
    },
    "Activity Data":{
        "0":0.1128591496
    },
    "Further Specification":{
        "0":0.2202409284
    },
    "XOR Gateway":{
        "0":0.0716101596
    },
    "Condition Specification":{
        "0":0.196775688
    },
    "AND Gateway":{
        "0":0.3844500139
    },
    "All":{
        "0":0.0982165016
    }
}