{
    "Actor":{
        "0":0.1467710372,
        "1":0.1646634615,
        "2":0.1488469602,
        "3":0.1703877791,
        "4":0.1638491547
    },
    "Activity":{
        "0":0.4476744186,
        "1":0.4697986577,
        "2":0.4632653061,
        "3":0.4761904762,
        "4":0.4874141876
    },
    "Activity Data":{
        "0":0.2274204029,
        "1":0.2573807721,
        "2":0.2392073602,
        "3":0.2540983607,
        "4":0.2717481359
    },
    "Further Specification":{
        "0":0.5,
        "1":0.4791666667,
        "2":0.4984423676,
        "3":0.5052264808,
        "4":0.6168224299
    },
    "XOR Gateway":{
        "0":0.134751773,
        "1":0.1869918699,
        "2":0.1796875,
        "3":0.1848739496,
        "4":0.1147540984
    },
    "Condition Specification":{
        "0":0.4163346614,
        "1":0.5124223602,
        "2":0.4017660044,
        "3":0.4291754757,
        "4":0.462962963
    },
    "AND Gateway":{
        "0":0.8125,
        "1":1.0,
        "2":0.6153846154,
        "3":0.6666666667,
        "4":0.7647058824
    },
    "All":{
        "0":0.2036481759,
        "1":0.2286995516,
        "2":0.2131495228,
        "3":0.2243697479,
        "4":0.2375954198
    }
}