{
    "Actor":{
        "0":0.1326578696
    },
    "Activity":{
        "0":0.3936971002
    },
    "Activity Data":{
        "0":0.2107999416
    },
    "Further Specification":{
        "0":0.4155607916
    },
    "XOR Gateway":{
        "0":0.1355944837
    },
    "Condition Specification":{
        "0":0.3757604864
    },
    "AND Gateway":{
        "0":0.7157142857
    },
    "All":{
        "0":0.1854146933
    }
}