{
    "Actor":{
        "0":0.1198156682,
        "1":0.1326889279,
        "2":0.1280193237,
        "3":0.1374685666,
        "4":0.1242124212
    },
    "Activity":{
        "0":0.3536585366,
        "1":0.3408723748,
        "2":0.3760262726,
        "3":0.3703703704,
        "4":0.3560732113
    },
    "Activity Data":{
        "0":0.1893776824,
        "1":0.1909799555,
        "2":0.1902113459,
        "3":0.1888772298,
        "4":0.2011940299
    },
    "Further Specification":{
        "0":0.347826087,
        "1":0.3080260304,
        "2":0.4190231362,
        "3":0.4309392265,
        "4":0.4981818182
    },
    "XOR Gateway":{
        "0":0.1092896175,
        "1":0.1454545455,
        "2":0.1437125749,
        "3":0.1513157895,
        "4":0.0824175824
    },
    "Condition Specification":{
        "0":0.3349514563,
        "1":0.3576017131,
        "2":0.3388278388,
        "3":0.3848987109,
        "4":0.3384615385
    },
    "AND Gateway":{
        "0":0.6666666667,
        "1":0.9230769231,
        "2":0.4285714286,
        "3":0.4736842105,
        "4":0.5172413793
    },
    "All":{
        "0":0.1636544191,
        "1":0.1674179008,
        "2":0.1730930427,
        "3":0.1747289408,
        "4":0.1743683132
    }
}