{
    "Actor":{
        "0":0.0372229193,
        "1":0.0407458564,
        "2":0.0377888145,
        "3":0.0417960353,
        "4":0.0404638539
    },
    "Activity":{
        "0":0.0974789916,
        "1":0.0983302412,
        "2":0.1040436165,
        "3":0.1045515998,
        "4":0.1034316095
    },
    "Activity Data":{
        "0":0.0541985836,
        "1":0.0591606009,
        "2":0.0571293673,
        "3":0.0585494642,
        "4":0.0607468594
    },
    "Further Specification":{
        "0":0.1066867017,
        "1":0.1126353791,
        "2":0.1097099622,
        "3":0.1070478723,
        "4":0.1348920863
    },
    "XOR Gateway":{
        "0":0.0303030303,
        "1":0.0406779661,
        "2":0.041025641,
        "3":0.0418181818,
        "4":0.0260869565
    },
    "Condition Specification":{
        "0":0.0958655157,
        "1":0.1077770974,
        "2":0.0987277354,
        "3":0.0991240203,
        "4":0.1010320478
    },
    "AND Gateway":{
        "0":0.1875,
        "1":0.2166666667,
        "2":0.1666666667,
        "3":0.1666666667,
        "4":0.1875
    },
    "All":{
        "0":0.0467498502,
        "1":0.0500451128,
        "2":0.0494189391,
        "3":0.0500934143,
        "4":0.0515410849
    }
}