{
    "Actor":{
        "0":0.046050939,
        "1":0.0492316448,
        "2":0.0489373602,
        "3":0.0518011313,
        "4":0.0501082586
    },
    "Activity":{
        "0":0.1218487395,
        "1":0.1228985507,
        "2":0.1301136364,
        "3":0.1308516638,
        "4":0.1293833132
    },
    "Activity Data":{
        "0":0.0687297589,
        "1":0.0709302326,
        "2":0.0705696826,
        "3":0.0730478589,
        "4":0.0765262253
    },
    "Further Specification":{
        "0":0.1295097132,
        "1":0.1413043478,
        "2":0.1382049245,
        "3":0.1360946746,
        "4":0.1657207719
    },
    "XOR Gateway":{
        "0":0.0378787879,
        "1":0.0508474576,
        "2":0.0512820513,
        "3":0.0522727273,
        "4":0.0326086957
    },
    "Condition Specification":{
        "0":0.1196823596,
        "1":0.1314373559,
        "2":0.1234015345,
        "3":0.1226958525,
        "4":0.1249151392
    },
    "AND Gateway":{
        "0":0.234375,
        "1":0.2708333333,
        "2":0.2083333333,
        "3":0.2083333333,
        "4":0.234375
    },
    "All":{
        "0":0.058640514,
        "1":0.0617682378,
        "2":0.0620453884,
        "3":0.0625547445,
        "4":0.0645888701
    }
}