{
    "Actor":{
        "0":0.0960357342,
        "1":0.0978398983,
        "2":0.0987878788,
        "3":0.1021943574,
        "4":0.1007488087
    },
    "Activity":{
        "0":0.2645381984,
        "1":0.2617866005,
        "2":0.2753623188,
        "3":0.2721893491,
        "4":0.2713375796
    },
    "Activity Data":{
        "0":0.1407579273,
        "1":0.1480713397,
        "2":0.1458596049,
        "3":0.1449451888,
        "4":0.1577011494
    },
    "Further Specification":{
        "0":0.2673076923,
        "1":0.2785299807,
        "2":0.2869415808,
        "3":0.275862069,
        "4":0.3350125945
    },
    "XOR Gateway":{
        "0":0.08,
        "1":0.1121495327,
        "2":0.1090909091,
        "3":0.1144278607,
        "4":0.0666666667
    },
    "Condition Specification":{
        "0":0.2602739726,
        "1":0.2854812398,
        "2":0.2533875339,
        "3":0.2736705577,
        "4":0.2475928473
    },
    "AND Gateway":{
        "0":0.46875,
        "1":0.6,
        "2":0.3913043478,
        "3":0.375,
        "4":0.4193548387
    },
    "All":{
        "0":0.123341595,
        "1":0.129488221,
        "2":0.1300623053,
        "3":0.1297674419,
        "4":0.1337579618
    }
}