{
    "Actor":{
        "0":0.0697923821
    },
    "Activity":{
        "0":0.1837398422
    },
    "Activity Data":{
        "0":0.103125287
    },
    "Further Specification":{
        "0":0.2006330084
    },
    "XOR Gateway":{
        "0":0.0649175689
    },
    "Condition Specification":{
        "0":0.1797213795
    },
    "AND Gateway":{
        "0":0.3434757704
    },
    "All":{
        "0":0.0889625448
    }
}