{
    "Actor":{
        "0":0.1274934952,
        "1":0.1430030644,
        "2":0.1525423729,
        "3":0.1603375527,
        "4":0.1517647059
    },
    "Activity":{
        "0":0.3982758621,
        "1":0.4057692308,
        "2":0.4521912351,
        "3":0.4637096774,
        "4":0.4184675835
    },
    "Activity Data":{
        "0":0.2005747126,
        "1":0.2217898833,
        "2":0.2378303199,
        "3":0.2365371506,
        "4":0.2361809045
    },
    "Further Specification":{
        "0":0.4652777778,
        "1":0.3717277487,
        "2":0.4678362573,
        "3":0.4966887417,
        "4":0.5037878788
    },
    "XOR Gateway":{
        "0":0.1158536585,
        "1":0.1691176471,
        "2":0.1739130435,
        "3":0.1803278689,
        "4":0.0992907801
    },
    "Condition Specification":{
        "0":0.3657243816,
        "1":0.4661016949,
        "2":0.4035087719,
        "3":0.4328358209,
        "4":0.4022988506
    },
    "AND Gateway":{
        "0":0.8125,
        "1":0.9230769231,
        "2":0.6666666667,
        "3":0.6923076923,
        "4":0.5652173913
    },
    "All":{
        "0":0.1797204349,
        "1":0.1966377993,
        "2":0.2111169102,
        "3":0.2132564841,
        "4":0.2071922545
    }
}