{
    "Actor":{
        "0":0.0251677718
    },
    "Activity":{
        "0":0.0634597215
    },
    "Activity Data":{
        "0":0.0366617618
    },
    "Further Specification":{
        "0":0.0710526525
    },
    "XOR Gateway":{
        "0":0.022488972
    },
    "Condition Specification":{
        "0":0.0627647967
    },
    "AND Gateway":{
        "0":0.115625
    },
    "All":{
        "0":0.0310821042
    }
}