{
    "Actor":{
        "0":0.123882777
    },
    "Activity":{
        "0":0.3450815663
    },
    "Activity Data":{
        "0":0.1862814421
    },
    "Further Specification":{
        "0":0.3920174424
    },
    "XOR Gateway":{
        "0":0.1227067135
    },
    "Condition Specification":{
        "0":0.3362948918
    },
    "AND Gateway":{
        "0":0.6130820106
    },
    "All":{
        "0":0.1652251723
    }
}