{
    "Actor":{
        "0":0.0581162325,
        "1":0.0627289377,
        "2":0.0611278519,
        "3":0.065433213,
        "4":0.0636132316
    },
    "Activity":{
        "0":0.1736842105,
        "1":0.1785714286,
        "2":0.1865242399,
        "3":0.1853344077,
        "4":0.1886120996
    },
    "Activity Data":{
        "0":0.0909566127,
        "1":0.0987224158,
        "2":0.0964611872,
        "3":0.0967925064,
        "4":0.1057041573
    },
    "Further Specification":{
        "0":0.1768617021,
        "1":0.1881868132,
        "2":0.1810933941,
        "3":0.172004745,
        "4":0.2319859402
    },
    "XOR Gateway":{
        "0":0.0510752688,
        "1":0.0716510903,
        "2":0.0694864048,
        "3":0.0718954248,
        "4":0.0451612903
    },
    "Condition Specification":{
        "0":0.165329053,
        "1":0.1837416481,
        "2":0.1700934579,
        "3":0.1659852821,
        "4":0.1800411523
    },
    "AND Gateway":{
        "0":0.3023255814,
        "1":0.4137931034,
        "2":0.2285714286,
        "3":0.2571428571,
        "4":0.3023255814
    },
    "All":{
        "0":0.0801868045,
        "1":0.0870159453,
        "2":0.0858089335,
        "3":0.0852242463,
        "4":0.0921345535
    }
}