{
    "Actor":{
        "0":0.0686422619
    },
    "Activity":{
        "0":0.2024708793
    },
    "Activity Data":{
        "0":0.1084132488
    },
    "Further Specification":{
        "0":0.2124066447
    },
    "XOR Gateway":{
        "0":0.0682258253
    },
    "Condition Specification":{
        "0":0.1915137614
    },
    "AND Gateway":{
        "0":0.334823169
    },
    "All":{
        "0":0.0953733384
    }
}