{
    "Actor":{
        "0":0.0838381335
    },
    "Activity":{
        "0":0.2247662715
    },
    "Activity Data":{
        "0":0.1235520283
    },
    "Further Specification":{
        "0":0.2529729721
    },
    "XOR Gateway":{
        "0":0.0788364738
    },
    "Condition Specification":{
        "0":0.216560231
    },
    "AND Gateway":{
        "0":0.3926296821
    },
    "All":{
        "0":0.1081099989
    }
}