{
    "Actor":{
        "0":0.0933531131
    },
    "Activity":{
        "0":0.2536306237
    },
    "Activity Data":{
        "0":0.1386369585
    },
    "Further Specification":{
        "0":0.2740674884
    },
    "XOR Gateway":{
        "0":0.0899558879
    },
    "Condition Specification":{
        "0":0.2488035992
    },
    "AND Gateway":{
        "0":0.4166666667
    },
    "All":{
        "0":0.1218806995
    }
}