{
    "Actor":{
        "0":0.1198412583
    },
    "Activity":{
        "0":0.358125308
    },
    "Activity Data":{
        "0":0.1886713821
    },
    "Further Specification":{
        "0":0.3934537926
    },
    "XOR Gateway":{
        "0":0.1205207092
    },
    "Condition Specification":{
        "0":0.3479165917
    },
    "AND Gateway":{
        "0":0.5690073991
    },
    "All":{
        "0":0.1679053654
    }
}