{
    "Actor":{
        "0":0.1470282382
    },
    "Activity":{
        "0":0.4276827178
    },
    "Activity Data":{
        "0":0.2265825942
    },
    "Further Specification":{
        "0":0.4610636809
    },
    "XOR Gateway":{
        "0":0.1477005996
    },
    "Condition Specification":{
        "0":0.414093904
    },
    "AND Gateway":{
        "0":0.7319537347
    },
    "All":{
        "0":0.2015847766
    }
}