{
    "Actor":{
        "0":0.0184513321
    },
    "Activity":{
        "0":0.0461525525
    },
    "Activity Data":{
        "0":0.0269425814
    },
    "Further Specification":{
        "0":0.0515589026
    },
    "XOR Gateway":{
        "0":0.016355616
    },
    "Condition Specification":{
        "0":0.0455843022
    },
    "AND Gateway":{
        "0":0.0840909091
    },
    "All":{
        "0":0.0227013634
    }
}