{
    "Actor":{
        "0":0.3864902507,
        "1":0.4142059058,
        "2":0.3952095808,
        "3":0.4051927616,
        "4":0.4206349206
    },
    "Activity":{
        "0":0.479616307,
        "1":0.4946524064,
        "2":0.475,
        "3":0.4672435105,
        "4":0.504950495
    },
    "Activity Data":{
        "0":0.4385672636,
        "1":0.4668521094,
        "2":0.4244186047,
        "3":0.4279379157,
        "4":0.4723643808
    },
    "Further Specification":{
        "0":0.4845995893,
        "1":0.5177453027,
        "2":0.5053763441,
        "3":0.4962264151,
        "4":0.5075376884
    },
    "XOR Gateway":{
        "0":0.4571428571,
        "1":0.4433962264,
        "2":0.4901960784,
        "3":0.4479166667,
        "4":0.4516129032
    },
    "Condition Specification":{
        "0":0.5155440415,
        "1":0.5330948122,
        "2":0.5095168375,
        "3":0.5165562914,
        "4":0.5117370892
    },
    "AND Gateway":{
        "0":0.6666666667,
        "1":0.7142857143,
        "2":0.5,
        "3":0.6153846154,
        "4":0.6875
    },
    "All":{
        "0":0.4343300843,
        "1":0.4621896163,
        "2":0.4325362192,
        "3":0.4365508815,
        "4":0.4612426634
    }
}