{
    "Actor":{
        "0":0.4616490423
    },
    "Activity":{
        "0":0.5301980794
    },
    "Activity Data":{
        "0":0.4907341774
    },
    "Further Specification":{
        "0":0.6135886825
    },
    "XOR Gateway":{
        "0":0.5239214338
    },
    "Condition Specification":{
        "0":0.5631286716
    },
    "AND Gateway":{
        "0":0.6458333333
    },
    "All":{
        "0":0.4952372741
    }
}