{
    "Actor":{
        "0":0.5338682521
    },
    "Activity":{
        "0":0.6281038017
    },
    "Activity Data":{
        "0":0.5680181895
    },
    "Further Specification":{
        "0":0.7150665949
    },
    "XOR Gateway":{
        "0":0.5938254697
    },
    "Condition Specification":{
        "0":0.6728444589
    },
    "AND Gateway":{
        "0":0.6998626374
    },
    "All":{
        "0":0.5778099266
    }
}