{
    "Actor":{
        "0":0.55667001,
        "1":0.5945017182,
        "2":0.5534591195,
        "3":0.5780022447,
        "4":0.5552968568
    },
    "Activity":{
        "0":0.6655574043,
        "1":0.676416819,
        "2":0.6631762653,
        "3":0.6774193548,
        "4":0.6598890943
    },
    "Activity Data":{
        "0":0.6320528211,
        "1":0.6289818863,
        "2":0.5744552058,
        "3":0.6373844122,
        "4":0.62746431
    },
    "Further Specification":{
        "0":0.6210526316,
        "1":0.8294314381,
        "2":0.8057142857,
        "3":0.6018306636,
        "4":0.7399267399
    },
    "XOR Gateway":{
        "0":0.6575342466,
        "1":0.6266666667,
        "2":0.6849315068,
        "3":0.6417910448,
        "4":0.5833333333
    },
    "Condition Specification":{
        "0":0.6600331675,
        "1":0.6898148148,
        "2":0.7145790554,
        "3":0.7344632768,
        "4":0.7551963048
    },
    "AND Gateway":{
        "0":0.8,
        "1":1.0,
        "2":1.0,
        "3":0.8888888889,
        "4":0.7857142857
    },
    "All":{
        "0":0.6064590542,
        "1":0.6403440188,
        "2":0.6049804688,
        "3":0.624157724,
        "4":0.6221676222
    }
}