{
    "Actor":{
        "0":0.3772943576,
        "1":0.4013921114,
        "2":0.3823316437,
        "3":0.3834698436,
        "4":0.3859223301
    },
    "Activity":{
        "0":0.4571428571,
        "1":0.460199005,
        "2":0.4594921403,
        "3":0.4473372781,
        "4":0.4553571429
    },
    "Activity Data":{
        "0":0.4181890389,
        "1":0.4314481577,
        "2":0.4078212291,
        "3":0.4037656904,
        "4":0.4335368718
    },
    "Further Specification":{
        "0":0.4654832347,
        "1":0.496,
        "2":0.493006993,
        "3":0.4825688073,
        "4":0.5126903553
    },
    "XOR Gateway":{
        "0":0.3966942149,
        "1":0.4433962264,
        "2":0.4545454545,
        "3":0.4526315789,
        "4":0.4
    },
    "Condition Specification":{
        "0":0.4993726474,
        "1":0.4925619835,
        "2":0.479338843,
        "3":0.5131578947,
        "4":0.454798331
    },
    "AND Gateway":{
        "0":0.5,
        "1":0.5882352941,
        "2":0.5,
        "3":0.5,
        "4":0.5
    },
    "All":{
        "0":0.416442262,
        "1":0.4341756494,
        "2":0.4159811986,
        "3":0.4172505839,
        "4":0.4228984969
    }
}