{
    "Actor":{
        "0":0.4156547888
    },
    "Activity":{
        "0":0.4840185599
    },
    "Activity Data":{
        "0":0.439320145
    },
    "Further Specification":{
        "0":0.5252165119
    },
    "XOR Gateway":{
        "0":0.4644206102
    },
    "Condition Specification":{
        "0":0.514796865
    },
    "AND Gateway":{
        "0":0.5485994398
    },
    "All":{
        "0":0.4442788429
    }
}