{
    "Actor":{
        "0":0.319678386
    },
    "Activity":{
        "0":0.3794973969
    },
    "Activity Data":{
        "0":0.3479851056
    },
    "Further Specification":{
        "0":0.4242193739
    },
    "XOR Gateway":{
        "0":0.3554597834
    },
    "Condition Specification":{
        "0":0.3968475474
    },
    "AND Gateway":{
        "0":0.4350660196
    },
    "All":{
        "0":0.3502032233
    }
}