{
    "Actor":{
        "0":0.5552268245,
        "1":0.626918536,
        "2":0.6476306197,
        "3":0.6617826618,
        "4":0.644
    },
    "Activity":{
        "0":0.6913793103,
        "1":0.7230769231,
        "2":0.7609561753,
        "3":0.7721774194,
        "4":0.7092337917
    },
    "Activity Data":{
        "0":0.6168224299,
        "1":0.6746347942,
        "2":0.6781933663,
        "3":0.6833333333,
        "4":0.678127286
    },
    "Further Specification":{
        "0":0.8298611111,
        "1":0.7068062827,
        "2":0.8333333333,
        "3":0.8973509934,
        "4":0.7765151515
    },
    "XOR Gateway":{
        "0":0.64,
        "1":0.6527777778,
        "2":0.7727272727,
        "3":0.775862069,
        "4":0.6268656716
    },
    "Condition Specification":{
        "0":0.7084805654,
        "1":0.8441926346,
        "2":0.781938326,
        "3":0.8333333333,
        "4":0.7534562212
    },
    "AND Gateway":{
        "0":1.0,
        "1":0.9090909091,
        "2":1.0,
        "3":0.8888888889,
        "4":0.6470588235
    },
    "All":{
        "0":0.6227925595,
        "1":0.6784069358,
        "2":0.6939905843,
        "3":0.7113028953,
        "4":0.6737089202
    }
}