{
    "Actor":{
        "0":0.3784445805,
        "1":0.4010876954,
        "2":0.385518591,
        "3":0.3991567112,
        "4":0.4001426534
    },
    "Activity":{
        "0":0.4390756303,
        "1":0.4686774942,
        "2":0.4613636364,
        "3":0.4464487035,
        "4":0.4673123487
    },
    "Activity Data":{
        "0":0.4034827714,
        "1":0.4196642686,
        "2":0.4004016064,
        "3":0.4078368653,
        "4":0.4256161972
    },
    "Further Specification":{
        "0":0.492481203,
        "1":0.5276752768,
        "2":0.5087440382,
        "3":0.5092748735,
        "4":0.5161290323
    },
    "XOR Gateway":{
        "0":0.4193548387,
        "1":0.4083333333,
        "2":0.4561403509,
        "3":0.4607843137,
        "4":0.4444444444
    },
    "Condition Specification":{
        "0":0.4823663254,
        "1":0.4969135802,
        "2":0.4903225806,
        "3":0.4854481956,
        "4":0.4739726027
    },
    "AND Gateway":{
        "0":0.5416666667,
        "1":0.5,
        "2":0.5,
        "3":0.5,
        "4":0.5454545455
    },
    "All":{
        "0":0.4071313751,
        "1":0.4313057583,
        "2":0.4155400155,
        "3":0.4199968657,
        "4":0.4247497411
    }
}