{
    "Actor":{
        "0.05":0.7244058933,
        "0.1":0.699305201,
        "0.15":0.7058932637,
        "0.2":0.7093575765,
        "0.25":0.7064404991,
        "0.3":0.7085970263,
        "0.35":0.7216039246,
        "0.4":0.7068353053,
        "0.45":0.714201461,
        "0.5":0.7234174822,
        "0.55":0.710123268,
        "0.6":0.7048255733,
        "0.65":0.7137786313,
        "0.7":0.7144449448,
        "0.75":0.7140961995,
        "0.8":0.6902620339,
        "0.85":0.7183888757,
        "0.9":0.7072608766,
        "0.95":0.7060239096,
        "1.0":0.6995205695
    },
    "Activity":{
        "0.05":0.7756708253,
        "0.1":0.7773151614,
        "0.15":0.7700942323,
        "0.2":0.778804952,
        "0.25":0.7747593094,
        "0.3":0.7728047708,
        "0.35":0.7703627151,
        "0.4":0.7789540626,
        "0.45":0.7760042992,
        "0.5":0.7718134552,
        "0.55":0.7689196162,
        "0.6":0.7781567308,
        "0.65":0.772250313,
        "0.7":0.7843636638,
        "0.75":0.7844759541,
        "0.8":0.7682079802,
        "0.85":0.7815499955,
        "0.9":0.7730723569,
        "0.95":0.7756252986,
        "1.0":0.7783334229
    },
    "Activity Data":{
        "0.05":0.6279856267,
        "0.1":0.6344467907,
        "0.15":0.6149345622,
        "0.2":0.6355053501,
        "0.25":0.6381871505,
        "0.3":0.6256717451,
        "0.35":0.6190181964,
        "0.4":0.6252887841,
        "0.45":0.6296871911,
        "0.5":0.629594561,
        "0.55":0.608301852,
        "0.6":0.6388663324,
        "0.65":0.63612812,
        "0.7":0.6247650874,
        "0.75":0.642342668,
        "0.8":0.6258868549,
        "0.85":0.6220732228,
        "0.9":0.6180379279,
        "0.95":0.6345924883,
        "1.0":0.6397076846
    },
    "Further Specification":{
        "0.05":0.2805488908,
        "0.1":0.28319213,
        "0.15":0.2377328764,
        "0.2":0.2873449132,
        "0.25":0.2449022242,
        "0.3":0.277262263,
        "0.35":0.2193803419,
        "0.4":0.2361388611,
        "0.45":0.2724963925,
        "0.5":0.2453454054,
        "0.55":0.2575360656,
        "0.6":0.25173196,
        "0.65":0.2673276023,
        "0.7":0.283962704,
        "0.75":0.3087872654,
        "0.8":0.2295153608,
        "0.85":0.2553479853,
        "0.9":0.2506117567,
        "0.95":0.2642223205,
        "1.0":0.2236813187
    },
    "XOR Gateway":{
        "0.05":0.7067545015,
        "0.1":0.7370522155,
        "0.15":0.7068836501,
        "0.2":0.719849318,
        "0.25":0.7241817688,
        "0.3":0.7484420916,
        "0.35":0.7238943208,
        "0.4":0.7071880451,
        "0.45":0.7356909521,
        "0.5":0.7312090693,
        "0.55":0.7037639601,
        "0.6":0.7003178663,
        "0.65":0.7235061963,
        "0.7":0.7404692992,
        "0.75":0.7084388926,
        "0.8":0.724395796,
        "0.85":0.7112588178,
        "0.9":0.7265656566,
        "0.95":0.6956258235,
        "1.0":0.730497837
    },
    "Condition Specification":{
        "0.05":0.6231684982,
        "0.1":0.6565493612,
        "0.15":0.5978495682,
        "0.2":0.6198095238,
        "0.25":0.625621118,
        "0.3":0.6450601837,
        "0.35":0.6228599202,
        "0.4":0.6286980411,
        "0.45":0.62096337,
        "0.5":0.6241408591,
        "0.55":0.603330679,
        "0.6":0.6152408726,
        "0.65":0.6205926788,
        "0.7":0.6180020704,
        "0.75":0.6641304348,
        "0.8":0.6611207898,
        "0.85":0.6589813833,
        "0.9":0.6275108225,
        "0.95":0.6071428571,
        "1.0":0.6405555556
    },
    "AND Gateway":{
        "0.05":0.3,
        "0.1":0.2,
        "0.15":0.3,
        "0.2":0.2,
        "0.25":0.3,
        "0.3":0.3,
        "0.35":0.3,
        "0.4":0.3,
        "0.45":0.3,
        "0.5":0.3,
        "0.55":0.3,
        "0.6":0.3,
        "0.65":0.3,
        "0.7":0.3,
        "0.75":0.0,
        "0.8":0.08,
        "0.85":0.28,
        "0.9":0.1,
        "0.95":0.1,
        "1.0":0.3
    }
}