{
    "$F_{1}_CRF$":{
        "0.05":0.5769334623,
        "0.1":0.5696944085,
        "0.15":0.5619125933,
        "0.2":0.5643816619,
        "0.25":0.5734417243,
        "0.3":0.5825482972,
        "0.35":0.568159917,
        "0.4":0.5690147285,
        "0.45":0.5784348094,
        "0.5":0.5750744046,
        "0.55":0.5645679201,
        "0.6":0.5698770479,
        "0.65":0.5762262203,
        "0.7":0.5808582528,
        "0.75":0.5460387735,
        "0.8":0.5399126879,
        "0.85":0.5753714686,
        "0.9":0.5432941996,
        "0.95":0.540461814,
        "1.0":0.5731851983
    },
    "$F_{1}_Neural$":{
        "0.05":0.3323901334,
        "0.1":0.3272572418,
        "0.15":0.3272504845,
        "0.2":0.3342057315,
        "0.25":0.3328478207,
        "0.3":0.3212929226,
        "0.35":0.3333801153,
        "0.4":0.3297431985,
        "0.45":0.3225137362,
        "0.5":0.3279979552,
        "0.55":0.3238656007,
        "0.6":0.3382752668,
        "0.65":0.3379469382,
        "0.7":0.3302290173,
        "0.75":0.3338688605,
        "0.8":0.3244827642,
        "0.85":0.3317676069,
        "0.9":0.3332557403,
        "0.95":0.3364192149,
        "1.0":0.3396069528
    },
    "$F_{1}_Relation$":{
        "0.05":0.3127777857,
        "0.1":0.3118053491,
        "0.15":0.3066804534,
        "0.2":0.324485139,
        "0.25":0.3071142189,
        "0.3":0.3180941817,
        "0.35":0.3063099141,
        "0.4":0.3063279121,
        "0.45":0.3240722706,
        "0.5":0.3158467241,
        "0.55":0.305481337,
        "0.6":0.2984687158,
        "0.65":0.3140737036,
        "0.7":0.3224021332,
        "0.75":0.3206850306,
        "0.8":0.3079613834,
        "0.85":0.3117438954,
        "0.9":0.2999734396,
        "0.95":0.3087092711,
        "1.0":0.3127784821
    },
    "$TTR$":{
        "0.05":0.1190721823,
        "0.1":0.1192621333,
        "0.15":0.1192553971,
        "0.2":0.1194020506,
        "0.25":0.1197392496,
        "0.3":0.1198827025,
        "0.35":0.1199518536,
        "0.4":0.1196960086,
        "0.45":0.1202090787,
        "0.5":0.1201830577,
        "0.55":0.1200113172,
        "0.6":0.1201017463,
        "0.65":0.1206403292,
        "0.7":0.1203594173,
        "0.75":0.120863624,
        "0.8":0.1206127619,
        "0.85":0.1209247413,
        "0.9":0.1205625334,
        "0.95":0.1211937907,
        "1.0":0.1209858913
    },
    "$UCER$":{
        "0.05":0.4002399524,
        "0.1":0.4029828801,
        "0.15":0.4062216723,
        "0.2":0.4082614659,
        "0.25":0.411824336,
        "0.3":0.4152087775,
        "0.35":0.4189578498,
        "0.4":0.4192649982,
        "0.45":0.4225566759,
        "0.5":0.4261613418,
        "0.55":0.4269865794,
        "0.6":0.4328592425,
        "0.65":0.4349956191,
        "0.7":0.438096849,
        "0.75":0.4425738973,
        "0.8":0.4445989907,
        "0.85":0.4460590076,
        "0.9":0.4499509562,
        "0.95":0.4532701132,
        "1.0":0.4539395289
    },
    "$BleuScore$":{
        "0.05":0.9922703814,
        "0.1":0.9873739403,
        "0.15":0.9771598624,
        "0.2":0.9689894776,
        "0.25":0.9596010152,
        "0.3":0.9532264655,
        "0.35":0.8268873416,
        "0.4":0.8218016808,
        "0.45":0.8127988976,
        "0.5":0.8060738172,
        "0.55":0.9207637887,
        "0.6":0.909220756,
        "0.65":0.9019859973,
        "0.7":0.8958507891,
        "0.75":0.778464991,
        "0.8":0.8814310529,
        "0.85":0.8784245043,
        "0.9":0.7543263331,
        "0.95":0.7429690067,
        "1.0":0.8553671177
    }
}