{
    "Bleu Score":{
        "0":0.9466736233,
        "1":0.9510695173,
        "2":0.9566144056,
        "3":0.3331222832,
        "4":0.9469568786
    }
}