{
    "Bleu Score":{
        "0":0.9960614394,
        "1":0.9879336387,
        "2":0.9915960475,
        "3":0.9939306823,
        "4":0.9918300992
    }
}