{
    "Bleu Score":{
        "0":0.9465488965,
        "1":0.3275475884,
        "2":0.9477219948,
        "3":0.9408331214,
        "4":0.9463568029
    }
}