{
    "Bleu Score":{
        "0":0.9565280002,
        "1":0.965214039,
        "2":0.9557655602,
        "3":0.9622532925,
        "4":0.9582441842
    }
}