{
    "Bleu Score":{
        "0":0.975305423,
        "1":0.9758234094,
        "2":0.9804634608,
        "3":0.9742277183,
        "4":0.9799793006
    }
}