{
    "Bleu Score":{
        "0":0.3297804565,
        "1":0.8853799734,
        "2":0.8849645934,
        "3":0.8981578175,
        "4":0.8940421141
    }
}