{
    "Actor":{
        "0":0.0867630701,
        "1":0.0905118602,
        "2":0.0895610913,
        "3":0.0938287154,
        "4":0.0899864682
    },
    "Activity":{
        "0":0.2463157895,
        "1":0.2453488372,
        "2":0.2630979499,
        "3":0.262979684,
        "4":0.2615012107
    },
    "Activity Data":{
        "0":0.1289262235,
        "1":0.1372934697,
        "2":0.1373407643,
        "3":0.1366508689,
        "4":0.1452879581
    },
    "Further Specification":{
        "0":0.2557692308,
        "1":0.2623574144,
        "2":0.2663398693,
        "3":0.256097561,
        "4":0.3183962264
    },
    "XOR Gateway":{
        "0":0.0757575758,
        "1":0.0974576271,
        "2":0.1111111111,
        "3":0.1,
        "4":0.0652173913
    },
    "Condition Specification":{
        "0":0.2425287356,
        "1":0.2562111801,
        "2":0.2415584416,
        "3":0.2388758782,
        "4":0.2465564738
    },
    "AND Gateway":{
        "0":0.46875,
        "1":0.5416666667,
        "2":0.3333333333,
        "3":0.375,
        "4":0.40625
    },
    "All":{
        "0":0.1133575014,
        "1":0.1195212931,
        "2":0.1207564026,
        "3":0.1199460916,
        "4":0.1258322237
    }
}