{
    "Actor":{
        "0":0.0817575083,
        "1":0.0861423221,
        "2":0.0848161329,
        "3":0.0931989924,
        "4":0.0845737483
    },
    "Activity":{
        "0":0.2431578947,
        "1":0.2465116279,
        "2":0.2585421412,
        "3":0.2595936795,
        "4":0.2578692494
    },
    "Activity Data":{
        "0":0.127100073,
        "1":0.1345397325,
        "2":0.1353503185,
        "3":0.13507109,
        "4":0.1431064572
    },
    "Further Specification":{
        "0":0.2557692308,
        "1":0.2604562738,
        "2":0.2598039216,
        "3":0.2526132404,
        "4":0.3113207547
    },
    "XOR Gateway":{
        "0":0.071969697,
        "1":0.0974576271,
        "2":0.1025641026,
        "3":0.1,
        "4":0.0608695652
    },
    "Condition Specification":{
        "0":0.2367816092,
        "1":0.2562111801,
        "2":0.2363636364,
        "3":0.2388758782,
        "4":0.2424242424
    },
    "AND Gateway":{
        "0":0.40625,
        "1":0.5,
        "2":0.3333333333,
        "3":0.375,
        "4":0.40625
    },
    "All":{
        "0":0.1127997769,
        "1":0.1188995959,
        "2":0.1197141155,
        "3":0.1199460916,
        "4":0.1240013316
    }
}