{
    "Actor":{
        "0":0.0860977408
    },
    "Activity":{
        "0":0.2531349185
    },
    "Activity Data":{
        "0":0.1350335343
    },
    "Further Specification":{
        "0":0.2679926842
    },
    "XOR Gateway":{
        "0":0.0865721984
    },
    "Condition Specification":{
        "0":0.2421313093
    },
    "AND Gateway":{
        "0":0.4041666667
    },
    "All":{
        "0":0.1190721823
    }
}