{
    "Actor":{
        "0":0.0873192436,
        "1":0.0961298377,
        "2":0.0925266904,
        "3":0.1013853904,
        "4":0.0906630582
    },
    "Activity":{
        "0":0.2536842105,
        "1":0.2569767442,
        "2":0.2699316629,
        "3":0.2663656885,
        "4":0.2639225182
    },
    "Activity Data":{
        "0":0.1318480643,
        "1":0.1369000787,
        "2":0.1425159236,
        "3":0.137835703,
        "4":0.1465968586
    },
    "Further Specification":{
        "0":0.2653846154,
        "1":0.2737642586,
        "2":0.2696078431,
        "3":0.2595818815,
        "4":0.3160377358
    },
    "XOR Gateway":{
        "0":0.0833333333,
        "1":0.1101694915,
        "2":0.1111111111,
        "3":0.1090909091,
        "4":0.0782608696
    },
    "Condition Specification":{
        "0":0.2448275862,
        "1":0.2670807453,
        "2":0.2467532468,
        "3":0.2459016393,
        "4":0.2451790634
    },
    "AND Gateway":{
        "0":0.40625,
        "1":0.5,
        "2":0.3333333333,
        "3":0.375,
        "4":0.46875
    },
    "All":{
        "0":0.114054657,
        "1":0.1206092633,
        "2":0.1222453842,
        "3":0.1217430368,
        "4":0.125665779
    }
}