{
    "Actor":{
        "0":0.0906739818
    },
    "Activity":{
        "0":0.2591018516
    },
    "Activity Data":{
        "0":0.1377671469
    },
    "Further Specification":{
        "0":0.2737356275
    },
    "XOR Gateway":{
        "0":0.0881772318
    },
    "Condition Specification":{
        "0":0.247671904
    },
    "AND Gateway":{
        "0":0.4125
    },
    "All":{
        "0":0.1201830577
    }
}