{
    "Actor":{
        "0":0.0923164926
    },
    "Activity":{
        "0":0.2616165004
    },
    "Activity Data":{
        "0":0.1386644607
    },
    "Further Specification":{
        "0":0.2759780392
    },
    "XOR Gateway":{
        "0":0.097410486
    },
    "Condition Specification":{
        "0":0.2472592225
    },
    "AND Gateway":{
        "0":0.4041666667
    },
    "All":{
        "0":0.1206403292
    }
}