{
    "Actor":{
        "0":0.0899642726
    },
    "Activity":{
        "0":0.2569289923
    },
    "Activity Data":{
        "0":0.1368347654
    },
    "Further Specification":{
        "0":0.272155884
    },
    "XOR Gateway":{
        "0":0.0880873499
    },
    "Condition Specification":{
        "0":0.2459629828
    },
    "AND Gateway":{
        "0":0.4208333333
    },
    "All":{
        "0":0.1199518536
    }
}