{
    "Actor":{
        "0":0.0862068966,
        "1":0.088639201,
        "2":0.0913404508,
        "3":0.0925692695,
        "4":0.0866035183
    },
    "Activity":{
        "0":0.2452631579,
        "1":0.2465116279,
        "2":0.2630979499,
        "3":0.2663656885,
        "4":0.2615012107
    },
    "Activity Data":{
        "0":0.130752374,
        "1":0.1365066876,
        "2":0.1377388535,
        "3":0.1362559242,
        "4":0.1435427574
    },
    "Further Specification":{
        "0":0.2576923077,
        "1":0.2642585551,
        "2":0.2598039216,
        "3":0.256097561,
        "4":0.3136792453
    },
    "XOR Gateway":{
        "0":0.0757575758,
        "1":0.1101694915,
        "2":0.1025641026,
        "3":0.1045454545,
        "4":0.0695652174
    },
    "Condition Specification":{
        "0":0.2413793103,
        "1":0.2639751553,
        "2":0.2428571429,
        "3":0.2388758782,
        "4":0.2479338843
    },
    "AND Gateway":{
        "0":0.40625,
        "1":0.5,
        "2":0.3333333333,
        "3":0.375,
        "4":0.40625
    },
    "All":{
        "0":0.1136363636,
        "1":0.1199875661,
        "2":0.1203097082,
        "3":0.1205450734,
        "4":0.1240013316
    }
}