{
    "Actor":{
        "0":0.3807397959,
        "1":0.3859397418,
        "2":0.3846675712,
        "3":0.3881673882,
        "4":0.3889739663
    },
    "Activity":{
        "0":0.4431578947,
        "1":0.4511627907,
        "2":0.4703872437,
        "3":0.4469525959,
        "4":0.4733656174
    },
    "Activity Data":{
        "0":0.4207589286,
        "1":0.4352893891,
        "2":0.411407767,
        "3":0.422983871,
        "4":0.4379432624
    },
    "Further Specification":{
        "0":0.4846153846,
        "1":0.5,
        "2":0.4852941176,
        "3":0.4756097561,
        "4":0.4882075472
    },
    "XOR Gateway":{
        "0":0.3951612903,
        "1":0.4166666667,
        "2":0.4473684211,
        "3":0.431372549,
        "4":0.4166666667
    },
    "Condition Specification":{
        "0":0.4862068966,
        "1":0.4875389408,
        "2":0.4817708333,
        "3":0.4812206573,
        "4":0.4654696133
    },
    "AND Gateway":{
        "0":0.5,
        "1":0.5,
        "2":0.5,
        "3":0.5,
        "4":0.6818181818
    },
    "All":{
        "0":0.4162218268,
        "1":0.4289256198,
        "2":0.4178774479,
        "3":0.4210609911,
        "4":0.4286974938
    }
}