{
    "Actor":{
        "0":0.3826021732
    },
    "Activity":{
        "0":0.4451629752
    },
    "Activity Data":{
        "0":0.4159172338
    },
    "Further Specification":{
        "0":0.4823797396
    },
    "XOR Gateway":{
        "0":0.4164911356
    },
    "Condition Specification":{
        "0":0.473767688
    },
    "AND Gateway":{
        "0":0.5576190476
    },
    "All":{
        "0":0.4152087775
    }
}