{
    "Actor":{
        "0":0.3856976927
    },
    "Activity":{
        "0":0.4570052285
    },
    "Activity Data":{
        "0":0.4256766436
    },
    "Further Specification":{
        "0":0.4867453611
    },
    "XOR Gateway":{
        "0":0.4214471187
    },
    "Condition Specification":{
        "0":0.4804413882
    },
    "AND Gateway":{
        "0":0.5363636364
    },
    "All":{
        "0":0.4225566759
    }
}