{
    "Actor":{
        "0":0.4025449187
    },
    "Activity":{
        "0":0.4737170119
    },
    "Activity Data":{
        "0":0.4422309388
    },
    "Further Specification":{
        "0":0.5026100221
    },
    "XOR Gateway":{
        "0":0.4365406453
    },
    "Condition Specification":{
        "0":0.4951390808
    },
    "AND Gateway":{
        "0":0.600952381
    },
    "All":{
        "0":0.438096849
    }
}