{
    "Actor":{
        "0":0.3769132653,
        "1":0.3866571019,
        "2":0.3846675712,
        "3":0.3903318903,
        "4":0.3736600306
    },
    "Activity":{
        "0":0.4389473684,
        "1":0.45,
        "2":0.4533029613,
        "3":0.4492099323,
        "4":0.4624697337
    },
    "Activity Data":{
        "0":0.4244791667,
        "1":0.4312700965,
        "2":0.4134304207,
        "3":0.4088709677,
        "4":0.4370567376
    },
    "Further Specification":{
        "0":0.4807692308,
        "1":0.5,
        "2":0.4673202614,
        "3":0.4825783972,
        "4":0.4858490566
    },
    "XOR Gateway":{
        "0":0.4032258065,
        "1":0.4166666667,
        "2":0.4385964912,
        "3":0.4215686275,
        "4":0.4166666667
    },
    "Condition Specification":{
        "0":0.4770114943,
        "1":0.4875389408,
        "2":0.4830729167,
        "3":0.4730046948,
        "4":0.479281768
    },
    "AND Gateway":{
        "0":0.5,
        "1":0.5,
        "2":0.5,
        "3":0.5,
        "4":0.5
    },
    "All":{
        "0":0.4145907473,
        "1":0.427107438,
        "2":0.4151926721,
        "3":0.415501906,
        "4":0.4239322273
    }
}