{
    "Actor":{
        "0":0.4092848324
    },
    "Activity":{
        "0":0.4816462548
    },
    "Activity Data":{
        "0":0.4495646907
    },
    "Further Specification":{
        "0":0.5192249704
    },
    "XOR Gateway":{
        "0":0.4360120917
    },
    "Condition Specification":{
        "0":0.5021600731
    },
    "AND Gateway":{
        "0":0.5511904762
    },
    "All":{
        "0":0.4445989907
    }
}