{
    "Actor":{
        "0":0.3616071429,
        "1":0.3837876614,
        "2":0.3616010855,
        "3":0.3773448773,
        "4":0.3698315467
    },
    "Activity":{
        "0":0.4347368421,
        "1":0.4395348837,
        "2":0.4384965831,
        "3":0.4379232506,
        "4":0.4491525424
    },
    "Activity Data":{
        "0":0.4047619048,
        "1":0.413585209,
        "2":0.3927993528,
        "3":0.3991935484,
        "4":0.4264184397
    },
    "Further Specification":{
        "0":0.4692307692,
        "1":0.4771863118,
        "2":0.4673202614,
        "3":0.4738675958,
        "4":0.4764150943
    },
    "XOR Gateway":{
        "0":0.3870967742,
        "1":0.3916666667,
        "2":0.4385964912,
        "3":0.4607843137,
        "4":0.4074074074
    },
    "Condition Specification":{
        "0":0.4609195402,
        "1":0.4641744548,
        "2":0.4583333333,
        "3":0.4612676056,
        "4":0.4599447514
    },
    "AND Gateway":{
        "0":0.5,
        "1":0.5,
        "2":0.5,
        "3":0.5,
        "4":0.5
    },
    "All":{
        "0":0.3997627521,
        "1":0.4140495868,
        "2":0.3975047378,
        "3":0.4064485388,
        "4":0.4133427462
    }
}