{
    "0.0":{
        "0.25":1.0,
        "0.5":1.0,
        "0.75":1.0,
        "1.0":1.0
    },
    "0.1":{
        "0.25":0.9995417595,
        "0.5":0.9988986015,
        "0.75":0.9990402579,
        "1.0":0.9984246135
    },
    "0.2":{
        "0.25":0.9992311954,
        "0.5":0.9979002118,
        "0.75":0.9972526908,
        "1.0":0.9959857821
    },
    "0.3":{
        "0.25":0.998293519,
        "0.5":0.9970957756,
        "0.75":0.9955707192,
        "1.0":0.9953258753
    },
    "0.4":{
        "0.25":0.9986232877,
        "0.5":0.996718657,
        "0.75":0.9930868864,
        "1.0":0.9923946857
    },
    "0.5":{
        "0.25":0.9986890197,
        "0.5":0.9941571951,
        "0.75":0.9945091128,
        "1.0":0.9902181864
    },
    "0.6":{
        "0.25":0.9968638182,
        "0.5":0.9944103003,
        "0.75":0.9923130155,
        "1.0":0.9889159441
    },
    "0.7":{
        "0.25":0.9973605871,
        "0.5":0.9924170136,
        "0.75":0.9911043286,
        "1.0":0.9884120941
    },
    "0.8":{
        "0.25":0.9969478488,
        "0.5":0.9940902352,
        "0.75":0.989728272,
        "1.0":0.9881364822
    },
    "0.9":{
        "0.25":0.9978828549,
        "0.5":0.9937340498,
        "0.75":0.9907750964,
        "1.0":0.9869356155
    },
    "1.0":{
        "0.25":0.9966089249,
        "0.5":0.9942371488,
        "0.75":0.9909842253,
        "1.0":0.9864818811
    },
    "1.25":{
        "0.25":0.9970355749,
        "0.5":0.9924515963,
        "0.75":0.9876826406,
        "1.0":0.9844142675
    },
    "1.5":{
        "0.25":0.9958135247,
        "0.5":0.9918691158,
        "0.75":0.9879582524,
        "1.0":0.9829698443
    },
    "1.75":{
        "0.25":0.9960104108,
        "0.5":0.9917647362,
        "0.75":0.9867078781,
        "1.0":0.9829842806
    },
    "2.0":{
        "0.25":0.9953234076,
        "0.5":0.9916225672,
        "0.75":0.9852102399,
        "1.0":0.9820911407
    },
    "3.0":{
        "0.25":0.9943366885,
        "0.5":0.9902831793,
        "0.75":0.9845170975,
        "1.0":0.9798210025
    },
    "4.0":{
        "0.25":0.9950710177,
        "0.5":0.990212369,
        "0.75":0.983719635,
        "1.0":0.9784922242
    },
    "5.0":{
        "0.25":0.9945977569,
        "0.5":0.9887270689,
        "0.75":0.982727325,
        "1.0":0.9776891589
    },
    "7.0":{
        "0.25":0.9940337062,
        "0.5":0.9877040267,
        "0.75":0.9823997259,
        "1.0":0.9765192986
    },
    "10.0":{
        "0.25":0.9932762027,
        "0.5":0.9870050788,
        "0.75":0.9814669609,
        "1.0":0.9755673885
    }
}