{
    "0.0":{
        "0.25":0.7946997503,
        "0.5":0.7946997503,
        "0.75":0.7946997503,
        "1.0":0.7946997503
    },
    "0.1":{
        "0.25":0.7243716712,
        "0.5":0.7315858999,
        "0.75":0.739165067,
        "1.0":0.7303287742
    },
    "0.2":{
        "0.25":0.6614858139,
        "0.5":0.6652318439,
        "0.75":0.6698760846,
        "1.0":0.6722228761
    },
    "0.3":{
        "0.25":0.635770392,
        "0.5":0.6310457479,
        "0.75":0.6196217776,
        "1.0":0.643451008
    },
    "0.4":{
        "0.25":0.594524253,
        "0.5":0.5678638433,
        "0.75":0.5612122527,
        "1.0":0.5663252395
    },
    "0.5":{
        "0.25":0.531714499,
        "0.5":0.5170171647,
        "0.75":0.5419418091,
        "1.0":0.5291853242
    },
    "0.6":{
        "0.25":0.5016061015,
        "0.5":0.5001486497,
        "0.75":0.4895435623,
        "1.0":0.4961073626
    },
    "0.7":{
        "0.25":0.4888483901,
        "0.5":0.4677440536,
        "0.75":0.4709205249,
        "1.0":0.4565198375
    },
    "0.8":{
        "0.25":0.4379694547,
        "0.5":0.4469688748,
        "0.75":0.4453698929,
        "1.0":0.4410834437
    },
    "0.9":{
        "0.25":0.4217933816,
        "0.5":0.4227386544,
        "0.75":0.4213496382,
        "1.0":0.4146475229
    },
    "1.0":{
        "0.25":0.3973498751,
        "0.5":0.3973498751,
        "0.75":0.3973498751,
        "1.0":0.3973498751
    },
    "1.25":{
        "0.25":0.3568880123,
        "0.5":0.3525108418,
        "0.75":0.3502032233,
        "1.0":0.3476435439
    },
    "1.5":{
        "0.25":0.3224295774,
        "0.5":0.3267478574,
        "0.75":0.3184991695,
        "1.0":0.3095264617
    },
    "1.75":{
        "0.25":0.2906524741,
        "0.5":0.287553637,
        "0.75":0.2874962165,
        "1.0":0.2887038213
    },
    "2.0":{
        "0.25":0.2648999168,
        "0.5":0.2648999168,
        "0.75":0.2648999168,
        "1.0":0.2648999168
    },
    "3.0":{
        "0.25":0.1986749376,
        "0.5":0.1986749376,
        "0.75":0.1986749376,
        "1.0":0.1986749376
    },
    "4.0":{
        "0.25":0.1589399501,
        "0.5":0.1589399501,
        "0.75":0.1589399501,
        "1.0":0.1589399501
    },
    "5.0":{
        "0.25":0.1324499584,
        "0.5":0.1324499584,
        "0.75":0.1324499584,
        "1.0":0.1324499584
    },
    "7.0":{
        "0.25":0.0993374688,
        "0.5":0.0993374688,
        "0.75":0.0993374688,
        "1.0":0.0993374688
    },
    "10.0":{
        "0.25":0.0722454318,
        "0.5":0.0722454318,
        "0.75":0.0722454318,
        "1.0":0.0722454318
    }
}