{
    "0.0":{
        "0.25":0.0,
        "0.5":0.0,
        "0.75":0.0,
        "1.0":0.0
    },
    "0.1":{
        "0.25":0.0012175069,
        "0.5":0.010227827,
        "0.75":0.0170211919,
        "1.0":0.007253095
    },
    "0.2":{
        "0.25":0.002128572,
        "0.5":0.0087627777,
        "0.75":0.0145545651,
        "1.0":0.0100008236
    },
    "0.3":{
        "0.25":0.004839069,
        "0.5":0.0048048065,
        "0.75":-0.0031332318,
        "1.0":0.0157834165
    },
    "0.4":{
        "0.25":0.0044344376,
        "0.5":-0.0177943961,
        "0.75":-0.0167143264,
        "1.0":0.0203463088
    },
    "0.5":{
        "0.25":0.0032218005,
        "0.5":-0.0020444338,
        "0.75":0.0278747075,
        "1.0":0.0196639456
    },
    "0.6":{
        "0.25":0.0095643312,
        "0.5":0.0123602556,
        "0.75":0.005975826,
        "1.0":0.0257068536
    },
    "0.7":{
        "0.25":0.0090870279,
        "0.5":-0.0029301763,
        "0.75":0.006388884,
        "1.0":0.0279893018
    },
    "0.8":{
        "0.25":0.0069709998,
        "0.5":0.0267394073,
        "0.75":0.0313611518,
        "1.0":0.0275245204
    },
    "0.9":{
        "0.25":0.0070464397,
        "0.5":0.0177423996,
        "0.75":0.0224854613,
        "1.0":0.0312681122
    },
    "1.0":{
        "0.25":0.0099655043,
        "0.5":0.0179197983,
        "0.75":0.0223948761,
        "1.0":0.0318181474
    },
    "1.25":{
        "0.25":0.0100197456,
        "0.5":0.0171861944,
        "0.75":0.018474031,
        "1.0":0.0277755666
    },
    "1.5":{
        "0.25":0.011706307,
        "0.5":0.0227248747,
        "0.75":0.0180775169,
        "1.0":0.0269204547
    },
    "1.75":{
        "0.25":0.0131972703,
        "0.5":0.0157629652,
        "0.75":0.0209888067,
        "1.0":0.0259610865
    },
    "2.0":{
        "0.25":0.0127725735,
        "0.5":0.0188011095,
        "0.75":0.0233360152,
        "1.0":0.024846843
    },
    "3.0":{
        "0.25":0.013794608,
        "0.5":0.0171111097,
        "0.75":0.0200373238,
        "1.0":0.0198139364
    },
    "4.0":{
        "0.25":0.0118579289,
        "0.5":0.0147011571,
        "0.75":0.0175286064,
        "1.0":0.0170405778
    },
    "5.0":{
        "0.25":0.0111853422,
        "0.5":0.0151041672,
        "0.75":0.0155692937,
        "1.0":0.0148676471
    },
    "7.0":{
        "0.25":0.0097336742,
        "0.5":0.0118234962,
        "0.75":0.0119933311,
        "1.0":0.0113140838
    },
    "10.0":{
        "0.25":0.0089640383,
        "0.5":0.0097796583,
        "0.75":0.0092931658,
        "1.0":0.0085313122
    }
}