{
    "Bert Score":{
        "0":0.9890593886,
        "1":0.9887415767,
        "2":0.9899888635,
        "3":0.9931482673,
        "4":0.9904778004
    }
}