{
    "Bert Score":{
        "0":0.9917772412,
        "1":0.9957914948,
        "2":0.9915513992,
        "3":0.9936558008,
        "4":0.9939142466
    }
}