{
    "Bert Score":{
        "0":0.9922699928,
        "1":0.9909943342,
        "2":0.9897964001,
        "3":0.993327558,
        "4":0.992957294
    }
}