{
    "Bert Score":{
        "0":0.9999121428,
        "1":0.9991689324,
        "2":0.9972221851,
        "3":0.9990816712,
        "4":0.9991080761
    }
}