{
    "Bert Score":{
        "0":0.9941823483,
        "1":0.9939360619,
        "2":0.9927703738,
        "3":0.9992040992,
        "4":0.9942544699
    }
}