{
    "Bert Score":{
        "0":0.9889941812,
        "1":0.9907636642,
        "2":0.9871842861,
        "3":0.9910963774,
        "4":0.9930233359
    }
}