{
    "Bert Score":{
        "0":0.9993395805,
        "1":0.9964794517,
        "2":1.0,
        "3":1.0,
        "4":0.9995850325
    }
}