{
    "Actor":{
        "0":0.1222596965,
        "1":0.119650655,
        "2":0.1176470588,
        "3":0.1286601597,
        "4":0.128998968
    },
    "Activity":{
        "0":0.3542944785,
        "1":0.3398058252,
        "2":0.3513931889,
        "3":0.3610675039,
        "4":0.3882783883
    },
    "Activity Data":{
        "0":0.195395845,
        "1":0.1860974275,
        "2":0.1879866518,
        "3":0.1913580247,
        "4":0.2192513369
    },
    "Further Specification":{
        "0":0.3057471264,
        "1":0.4005847953,
        "2":0.3218623482,
        "3":0.3104925054,
        "4":0.4342105263
    },
    "XOR Gateway":{
        "0":0.1104651163,
        "1":0.1299435028,
        "2":0.1360946746,
        "3":0.1401273885,
        "4":0.0921052632
    },
    "Condition Specification":{
        "0":0.3450586265,
        "1":0.3481012658,
        "2":0.3632734531,
        "3":0.311827957,
        "4":0.341796875
    },
    "AND Gateway":{
        "0":0.619047619,
        "1":0.5217391304,
        "2":0.3636363636,
        "3":0.5625,
        "4":0.65
    },
    "All":{
        "0":0.166597853,
        "1":0.1658706036,
        "2":0.1660119909,
        "3":0.1653917718,
        "4":0.1862965741
    }
}