{
    "Actor":{
        "0":0.0754587265
    },
    "Activity":{
        "0":0.2237312167
    },
    "Activity Data":{
        "0":0.1196729072
    },
    "Further Specification":{
        "0":0.2331104019
    },
    "XOR Gateway":{
        "0":0.0770373635
    },
    "Condition Specification":{
        "0":0.2177528533
    },
    "AND Gateway":{
        "0":0.3708972295
    },
    "All":{
        "0":0.1055549057
    }
}