{
    "Actor":{
        "0":0.0967284153
    },
    "Activity":{
        "0":0.2821621075
    },
    "Activity Data":{
        "0":0.1523132222
    },
    "Further Specification":{
        "0":0.2909210893
    },
    "XOR Gateway":{
        "0":0.0959658356
    },
    "Condition Specification":{
        "0":0.2713215954
    },
    "AND Gateway":{
        "0":0.4568958595
    },
    "All":{
        "0":0.1337544456
    }
}