{
    "Actor":{
        "0":0.1592261918
    },
    "Activity":{
        "0":0.471420898
    },
    "Activity Data":{
        "0":0.2490049968
    },
    "Further Specification":{
        "0":0.5040791597
    },
    "XOR Gateway":{
        "0":0.1607671893
    },
    "Condition Specification":{
        "0":0.4501848107
    },
    "AND Gateway":{
        "0":0.7635746606
    },
    "All":{
        "0":0.2212868409
    }
}