{
    "Actor":{
        "0":0.0700249769
    },
    "Activity":{
        "0":0.2078050147
    },
    "Activity Data":{
        "0":0.1100433823
    },
    "Further Specification":{
        "0":0.2319071348
    },
    "XOR Gateway":{
        "0":0.0698929039
    },
    "Condition Specification":{
        "0":0.1958549261
    },
    "AND Gateway":{
        "0":0.3440991808
    },
    "All":{
        "0":0.0977345601
    }
}