{
    "Actor":{
        "0":0.0180188769,
        "1":0.0191591272,
        "2":0.0179736921,
        "3":0.0194239046,
        "4":0.0198652416
    },
    "Activity":{
        "0":0.0443001719,
        "1":0.0447068747,
        "2":0.0473336089,
        "3":0.0475604756,
        "4":0.0470433062
    },
    "Activity Data":{
        "0":0.0260440645,
        "1":0.0270939445,
        "2":0.0267774039,
        "3":0.026711067,
        "4":0.0284460465
    },
    "Further Specification":{
        "0":0.0486560054,
        "1":0.0516898608,
        "2":0.0501296456,
        "3":0.0494319926,
        "4":0.062838119
    },
    "XOR Gateway":{
        "0":0.0137741047,
        "1":0.0184899846,
        "2":0.0186480186,
        "3":0.0190082645,
        "4":0.0118577075
    },
    "Condition Specification":{
        "0":0.0437033969,
        "1":0.0491482826,
        "2":0.0450848245,
        "3":0.0452155626,
        "4":0.0461309524
    },
    "AND Gateway":{
        "0":0.0852272727,
        "1":0.0984848485,
        "2":0.0757575758,
        "3":0.0757575758,
        "4":0.0852272727
    },
    "All":{
        "0":0.0216733621,
        "1":0.0229739408,
        "2":0.0227889454,
        "3":0.0229101505,
        "4":0.0239687518
    }
}