{
    "Actor":{
        "0":0.1054637865,
        "1":0.1107784431,
        "2":0.0987967068,
        "3":0.1181467181,
        "4":0.1015037594
    },
    "Activity":{
        "0":0.2771804062,
        "1":0.2971830986,
        "2":0.2928388747,
        "3":0.3195020747,
        "4":0.292749658
    },
    "Activity Data":{
        "0":0.1530655391,
        "1":0.1675622863,
        "2":0.1540825285,
        "3":0.1685768863,
        "4":0.1649585163
    },
    "Further Specification":{
        "0":0.2591170825,
        "1":0.3042553191,
        "2":0.2884283247,
        "3":0.3425925926,
        "4":0.3914285714
    },
    "XOR Gateway":{
        "0":0.0873362445,
        "1":0.1263736264,
        "2":0.118226601,
        "3":0.1263736264,
        "4":0.0714285714
    },
    "Condition Specification":{
        "0":0.2750977836,
        "1":0.3524590164,
        "2":0.2808320951,
        "3":0.2976878613,
        "4":0.2805071315
    },
    "AND Gateway":{
        "0":0.4375,
        "1":0.6,
        "2":0.4090909091,
        "3":0.4285714286,
        "4":0.4516129032
    },
    "All":{
        "0":0.1329644269,
        "1":0.1486769465,
        "2":0.1365271419,
        "3":0.1503952933,
        "4":0.1436609152
    }
}