{
    "Actor":{
        "0":0.0768995989
    },
    "Activity":{
        "0":0.2089483689
    },
    "Activity Data":{
        "0":0.1142171373
    },
    "Further Specification":{
        "0":0.2368750252
    },
    "XOR Gateway":{
        "0":0.0718538842
    },
    "Condition Specification":{
        "0":0.2013720559
    },
    "AND Gateway":{
        "0":0.3589834835
    },
    "All":{
        "0":0.1002889491
    }
}