{
    "Actor":{
        "0":0.0784503632,
        "1":0.0841558442,
        "2":0.0805335968,
        "3":0.086662915,
        "4":0.0868824532
    },
    "Activity":{
        "0":0.220322887,
        "1":0.2147922999,
        "2":0.2222222222,
        "3":0.2364933741,
        "4":0.2318526544
    },
    "Activity Data":{
        "0":0.1181076672,
        "1":0.1220608575,
        "2":0.1192567568,
        "3":0.1251778094,
        "4":0.1348402182
    },
    "Further Specification":{
        "0":0.2390924956,
        "1":0.200286123,
        "2":0.243204578,
        "3":0.2261380323,
        "4":0.29375
    },
    "XOR Gateway":{
        "0":0.0675675676,
        "1":0.0902255639,
        "2":0.0863309353,
        "3":0.0987124464,
        "4":0.0614754098
    },
    "Condition Specification":{
        "0":0.2229299363,
        "1":0.2245706737,
        "2":0.2079314041,
        "3":0.2252448313,
        "4":0.2356770833
    },
    "AND Gateway":{
        "0":0.3513513514,
        "1":0.5416666667,
        "2":0.3103448276,
        "3":0.3333333333,
        "4":0.4242424242
    },
    "All":{
        "0":0.1037230731,
        "1":0.1058278146,
        "2":0.1060510756,
        "3":0.1115746972,
        "4":0.1173431734
    }
}