{
    "Actor":{
        "0":0.1150751019
    },
    "Activity":{
        "0":0.3217231684
    },
    "Activity Data":{
        "0":0.1736836347
    },
    "Further Specification":{
        "0":0.341699262
    },
    "XOR Gateway":{
        "0":0.1144483198
    },
    "Condition Specification":{
        "0":0.322663031
    },
    "AND Gateway":{
        "0":0.532037037
    },
    "All":{
        "0":0.1537534606
    }
}