{
    "Actor":{
        "0":0.1146510398
    },
    "Activity":{
        "0":0.3141189552
    },
    "Activity Data":{
        "0":0.1715669648
    },
    "Further Specification":{
        "0":0.3579949434
    },
    "XOR Gateway":{
        "0":0.109570312
    },
    "Condition Specification":{
        "0":0.3133489691
    },
    "AND Gateway":{
        "0":0.4974972598
    },
    "All":{
        "0":0.1519927558
    }
}