{
    "Actor":{
        "0":0.1040911479
    },
    "Activity":{
        "0":0.2832992193
    },
    "Activity Data":{
        "0":0.1559666709
    },
    "Further Specification":{
        "0":0.2978260878
    },
    "XOR Gateway":{
        "0":0.0989411563
    },
    "Condition Specification":{
        "0":0.274786954
    },
    "AND Gateway":{
        "0":0.4928716892
    },
    "All":{
        "0":0.1364671825
    }
}