{
    "Actor":{
        "0":0.1544199587
    },
    "Activity":{
        "0":0.4565185764
    },
    "Activity Data":{
        "0":0.2449289083
    },
    "Further Specification":{
        "0":0.4712815706
    },
    "XOR Gateway":{
        "0":0.1516431803
    },
    "Condition Specification":{
        "0":0.4191968375
    },
    "AND Gateway":{
        "0":0.7425
    },
    "All":{
        "0":0.2137112939
    }
}