{
    "Actor":{
        "0":0.1302040764
    },
    "Activity":{
        "0":0.3838387679
    },
    "Activity Data":{
        "0":0.2053730217
    },
    "Further Specification":{
        "0":0.3798585369
    },
    "XOR Gateway":{
        "0":0.1291097349
    },
    "Condition Specification":{
        "0":0.3797656678
    },
    "AND Gateway":{
        "0":0.5784754042
    },
    "All":{
        "0":0.1804331689
    }
}