{
    "Actor":{
        "0":0.0375052676,
        "1":0.0395209581,
        "2":0.0378854626,
        "3":0.0415546321,
        "4":0.0403645833
    },
    "Activity":{
        "0":0.0974380512,
        "1":0.0983302412,
        "2":0.1041856233,
        "3":0.1046459179,
        "4":0.1035316884
    },
    "Activity Data":{
        "0":0.0547667343,
        "1":0.0557469464,
        "2":0.0566904196,
        "3":0.0575304022,
        "4":0.0604852686
    },
    "Further Specification":{
        "0":0.1035258815,
        "1":0.1082662765,
        "2":0.1075544174,
        "3":0.1053704963,
        "4":0.134935305
    },
    "XOR Gateway":{
        "0":0.0303030303,
        "1":0.0406779661,
        "2":0.041025641,
        "3":0.0418181818,
        "4":0.0260869565
    },
    "Condition Specification":{
        "0":0.0959090909,
        "1":0.107891492,
        "2":0.0971867008,
        "3":0.0973451327,
        "4":0.1012588944
    },
    "AND Gateway":{
        "0":0.1875,
        "1":0.2166666667,
        "2":0.1666666667,
        "3":0.15,
        "4":0.1875
    },
    "All":{
        "0":0.0468254836,
        "1":0.0490339936,
        "2":0.0493174557,
        "3":0.0500884956,
        "4":0.0524243816
    }
}