{
    "Actor":{
        "0":0.1192542391
    },
    "Activity":{
        "0":0.3279940789
    },
    "Activity Data":{
        "0":0.1796203938
    },
    "Further Specification":{
        "0":0.3176222661
    },
    "XOR Gateway":{
        "0":0.115686949
    },
    "Condition Specification":{
        "0":0.3182501273
    },
    "AND Gateway":{
        "0":0.5559461896
    },
    "All":{
        "0":0.1565212912
    }
}