{
    "Actor":{
        "0":0.0312389066,
        "1":0.0336331639,
        "2":0.0326797386,
        "3":0.0352557571,
        "4":0.0354804646
    },
    "Activity":{
        "0":0.0812609457,
        "1":0.0820116054,
        "2":0.0867752937,
        "3":0.0872180451,
        "4":0.0862903226
    },
    "Activity Data":{
        "0":0.0463712112,
        "1":0.0490463215,
        "2":0.0475437903,
        "3":0.0487072343,
        "4":0.0517687662
    },
    "Further Specification":{
        "0":0.0877742947,
        "1":0.0943168077,
        "2":0.0920278224,
        "3":0.0896708286,
        "4":0.1130634072
    },
    "XOR Gateway":{
        "0":0.0252525253,
        "1":0.0338983051,
        "2":0.0341880342,
        "3":0.0348484848,
        "4":0.0217391304
    },
    "Condition Specification":{
        "0":0.079984837,
        "1":0.0903027193,
        "2":0.0826587133,
        "3":0.083011583,
        "4":0.0845070423
    },
    "AND Gateway":{
        "0":0.15625,
        "1":0.1805555556,
        "2":0.1388888889,
        "3":0.125,
        "4":0.15625
    },
    "All":{
        "0":0.0392855511,
        "1":0.0416898277,
        "2":0.0415998445,
        "3":0.041951844,
        "4":0.043758462
    }
}