{
    "Actor":{
        "0":0.0913763564,
        "1":0.1114864865,
        "2":0.0962732919,
        "3":0.1094632768,
        "4":0.097332372
    },
    "Activity":{
        "0":0.2652123995,
        "1":0.2758169935,
        "2":0.2839352428,
        "3":0.2931472081,
        "4":0.2811671088
    },
    "Activity Data":{
        "0":0.1371784879,
        "1":0.1521367521,
        "2":0.1508849558,
        "3":0.1559799909,
        "4":0.1627793975
    },
    "Further Specification":{
        "0":0.2857142857,
        "1":0.3604938272,
        "2":0.2990990991,
        "3":0.2659380692,
        "4":0.3714285714
    },
    "XOR Gateway":{
        "0":0.0772357724,
        "1":0.1142857143,
        "2":0.1121495327,
        "3":0.1204188482,
        "4":0.0731707317
    },
    "Condition Specification":{
        "0":0.2524154589,
        "1":0.3083941606,
        "2":0.2801788376,
        "3":0.2809917355,
        "4":0.2721804511
    },
    "AND Gateway":{
        "0":0.5,
        "1":0.5416666667,
        "2":0.4210526316,
        "3":0.4347826087,
        "4":0.46875
    },
    "All":{
        "0":0.1219115254,
        "1":0.1396396396,
        "2":0.1342139596,
        "3":0.1379837067,
        "4":0.1394458622
    }
}