{
    "Actor":{
        "0":0.1176018447,
        "1":0.1385237614,
        "2":0.1329588015,
        "3":0.1387559809,
        "4":0.1353620147
    },
    "Activity":{
        "0":0.3655063291,
        "1":0.3818181818,
        "2":0.4093357271,
        "3":0.406360424,
        "4":0.4076923077
    },
    "Activity Data":{
        "0":0.1805915931,
        "1":0.2130325815,
        "2":0.2177835052,
        "3":0.2111043319,
        "4":0.2241968558
    },
    "Further Specification":{
        "0":0.3436692506,
        "1":0.4628378378,
        "2":0.4071246819,
        "3":0.4038997214,
        "4":0.5
    },
    "XOR Gateway":{
        "0":0.1144578313,
        "1":0.134502924,
        "2":0.1464968153,
        "3":0.1538461538,
        "4":0.1044776119
    },
    "Condition Specification":{
        "0":0.3687943262,
        "1":0.3340040241,
        "2":0.3506743738,
        "3":0.3371710526,
        "4":0.3739495798
    },
    "AND Gateway":{
        "0":0.7368421053,
        "1":0.7058823529,
        "2":0.4444444444,
        "3":0.6428571429,
        "4":0.8125
    },
    "All":{
        "0":0.1633306645,
        "1":0.1858600583,
        "2":0.1887898687,
        "3":0.1840420668,
        "4":0.1956635319
    }
}