{
    "Actor":{
        "0":0.1208875287,
        "1":0.1196369637,
        "2":0.1280991736,
        "3":0.1327838828,
        "4":0.1243386243
    },
    "Activity":{
        "0":0.3462686567,
        "1":0.3276397516,
        "2":0.3664,
        "3":0.380794702,
        "4":0.3581081081
    },
    "Activity Data":{
        "0":0.1792501284,
        "1":0.1837923729,
        "2":0.193837535,
        "3":0.2087912088,
        "4":0.1946851531
    },
    "Further Specification":{
        "0":0.3300733496,
        "1":0.2857142857,
        "2":0.3319838057,
        "3":0.3273542601,
        "4":0.4909090909
    },
    "XOR Gateway":{
        "0":0.1058201058,
        "1":0.1263736264,
        "2":0.149068323,
        "3":0.1538461538,
        "4":0.0877192982
    },
    "Condition Specification":{
        "0":0.3410214168,
        "1":0.3529411765,
        "2":0.3816326531,
        "3":0.3675675676,
        "4":0.3371212121
    },
    "AND Gateway":{
        "0":0.6363636364,
        "1":0.7058823529,
        "2":0.5714285714,
        "3":0.5625,
        "4":0.5909090909
    },
    "All":{
        "0":0.1595806639,
        "1":0.1589147287,
        "2":0.173048755,
        "3":0.1782376502,
        "4":0.1713451606
    }
}