{
    "Actor":{
        "0":0.1038536904,
        "1":0.1189146049,
        "2":0.1068435754,
        "3":0.1306865178,
        "4":0.1129568106
    },
    "Activity":{
        "0":0.2959183673,
        "1":0.3172932331,
        "2":0.3119015048,
        "3":0.3382352941,
        "4":0.3072463768
    },
    "Activity Data":{
        "0":0.1573380344,
        "1":0.1716822891,
        "2":0.1682016481,
        "3":0.1825232678,
        "4":0.1780895845
    },
    "Further Specification":{
        "0":0.3037694013,
        "1":0.3662337662,
        "2":0.3231939163,
        "3":0.4141689373,
        "4":0.3826086957
    },
    "XOR Gateway":{
        "0":0.0947867299,
        "1":0.128342246,
        "2":0.1243523316,
        "3":0.1270718232,
        "4":0.0732984293
    },
    "Condition Specification":{
        "0":0.2989985694,
        "1":0.3530655391,
        "2":0.3089430894,
        "3":0.3008595989,
        "4":0.3048780488
    },
    "AND Gateway":{
        "0":0.5652173913,
        "1":0.5,
        "2":0.5294117647,
        "3":0.4285714286,
        "4":0.4642857143
    },
    "All":{
        "0":0.1389075067,
        "1":0.1557638612,
        "2":0.1484669177,
        "3":0.162475442,
        "4":0.1543500512
    }
}