{
    "Actor":{
        "0":0.1326404806
    },
    "Activity":{
        "0":0.394142594
    },
    "Activity Data":{
        "0":0.2093417735
    },
    "Further Specification":{
        "0":0.4235062984
    },
    "XOR Gateway":{
        "0":0.1307562673
    },
    "Condition Specification":{
        "0":0.3529186713
    },
    "AND Gateway":{
        "0":0.6685052091
    },
    "All":{
        "0":0.183537238
    }
}