{
    "Actor":{
        "0":0.089276281,
        "1":0.0918618989,
        "2":0.0910633484,
        "3":0.0969325153,
        "4":0.0924261874
    },
    "Activity":{
        "0":0.2439537329,
        "1":0.2447795824,
        "2":0.2593856655,
        "3":0.2615558061,
        "4":0.2578692494
    },
    "Activity Data":{
        "0":0.1331157055,
        "1":0.1365949119,
        "2":0.1384493671,
        "3":0.1422430637,
        "4":0.1457700651
    },
    "Further Specification":{
        "0":0.2589118199,
        "1":0.2638376384,
        "2":0.2620578778,
        "3":0.2542662116,
        "4":0.3294930876
    },
    "XOR Gateway":{
        "0":0.0757575758,
        "1":0.1016949153,
        "2":0.1025641026,
        "3":0.1045454545,
        "4":0.0652173913
    },
    "Condition Specification":{
        "0":0.2391799544,
        "1":0.258114374,
        "2":0.2403598972,
        "3":0.2415795587,
        "4":0.2523874488
    },
    "AND Gateway":{
        "0":0.4375,
        "1":0.5,
        "2":0.375,
        "3":0.375,
        "4":0.4375
    },
    "All":{
        "0":0.1154898741,
        "1":0.1213008631,
        "2":0.1219083858,
        "3":0.1233929363,
        "4":0.1276560968
    }
}