{
    "Actor":{
        "0":0.0938873301
    },
    "Activity":{
        "0":0.2534491857
    },
    "Activity Data":{
        "0":0.1388839173
    },
    "Further Specification":{
        "0":0.2760037158
    },
    "XOR Gateway":{
        "0":0.0899558879
    },
    "Condition Specification":{
        "0":0.2468686626
    },
    "AND Gateway":{
        "0":0.4375
    },
    "All":{
        "0":0.1219417414
    }
}