{
    "Actor":{
        "0":0.1156143718
    },
    "Activity":{
        "0":0.3276068675
    },
    "Activity Data":{
        "0":0.1794026223
    },
    "Further Specification":{
        "0":0.3467183627
    },
    "XOR Gateway":{
        "0":0.1161315986
    },
    "Condition Specification":{
        "0":0.3237235932
    },
    "AND Gateway":{
        "0":0.5295098039
    },
    "All":{
        "0":0.1566721317
    }
}