{
    "Actor":{
        "0":0.1430220023
    },
    "Activity":{
        "0":0.4271638099
    },
    "Activity Data":{
        "0":0.2260310155
    },
    "Further Specification":{
        "0":0.4542993309
    },
    "XOR Gateway":{
        "0":0.1456985958
    },
    "Condition Specification":{
        "0":0.4000166346
    },
    "AND Gateway":{
        "0":0.6833988818
    },
    "All":{
        "0":0.1992063404
    }
}