{
    "Actor":{
        "0":0.0707811826,
        "1":0.0745614035,
        "2":0.0716862038,
        "3":0.0844055584,
        "4":0.0830636462
    },
    "Activity":{
        "0":0.1972672929,
        "1":0.2026768642,
        "2":0.2164461248,
        "3":0.2175141243,
        "4":0.2108374384
    },
    "Activity Data":{
        "0":0.1044564292,
        "1":0.1144246353,
        "2":0.1133655395,
        "3":0.1170875697,
        "4":0.121751513
    },
    "Further Specification":{
        "0":0.2268211921,
        "1":0.2432885906,
        "2":0.2424677188,
        "3":0.2185628743,
        "4":0.2532347505
    },
    "XOR Gateway":{
        "0":0.062305296,
        "1":0.0810810811,
        "2":0.0812720848,
        "3":0.0849420849,
        "4":0.0496688742
    },
    "Condition Specification":{
        "0":0.1935483871,
        "1":0.2152690864,
        "2":0.2066738428,
        "3":0.2001924928,
        "4":0.1911764706
    },
    "AND Gateway":{
        "0":0.358974359,
        "1":0.4137931034,
        "2":0.2962962963,
        "3":0.36,
        "4":0.3658536585
    },
    "All":{
        "0":0.0929359823,
        "1":0.1003416424,
        "2":0.1005170133,
        "3":0.1030453698,
        "4":0.1046047378
    }
}