{
    "Actor":{
        "0":0.1271820449,
        "1":0.1319311663,
        "2":0.1279661017,
        "3":0.1427193828,
        "4":0.1410392365
    },
    "Activity":{
        "0":0.3902027027,
        "1":0.3652173913,
        "2":0.3827993255,
        "3":0.3898305085,
        "4":0.3911439114
    },
    "Activity Data":{
        "0":0.198630137,
        "1":0.2101096224,
        "2":0.2024866785,
        "3":0.2022209234,
        "4":0.2233400402
    },
    "Further Specification":{
        "0":0.3189448441,
        "1":0.3498759305,
        "2":0.3347280335,
        "3":0.4352941176,
        "4":0.4839857651
    },
    "XOR Gateway":{
        "0":0.1202531646,
        "1":0.1481481481,
        "2":0.1455696203,
        "3":0.1503267974,
        "4":0.1006711409
    },
    "Condition Specification":{
        "0":0.4345991561,
        "1":0.3658536585,
        "2":0.3890063425,
        "3":0.3481989708,
        "4":0.3645833333
    },
    "AND Gateway":{
        "0":0.7222222222,
        "1":0.7058823529,
        "2":0.4705882353,
        "3":0.4736842105,
        "4":0.56
    },
    "All":{
        "0":0.1764195925,
        "1":0.1797020484,
        "2":0.1772013949,
        "3":0.1824949244,
        "4":0.1940680133
    }
}