{
    "Actor":{
        "0":0.1413535299
    },
    "Activity":{
        "0":0.3992345203
    },
    "Activity Data":{
        "0":0.2155841128
    },
    "Further Specification":{
        "0":0.4124670214
    },
    "XOR Gateway":{
        "0":0.1421628004
    },
    "Condition Specification":{
        "0":0.4037821816
    },
    "AND Gateway":{
        "0":0.707980908
    },
    "All":{
        "0":0.1907974936
    }
}