{
    "Actor":{
        "0":0.1097222222,
        "1":0.117061974,
        "2":0.1100917431,
        "3":0.125,
        "4":0.1134995701
    },
    "Activity":{
        "0":0.3040629096,
        "1":0.3129657228,
        "2":0.3211267606,
        "3":0.3515981735,
        "4":0.3188622754
    },
    "Activity Data":{
        "0":0.1648762261,
        "1":0.1676217765,
        "2":0.1667476908,
        "3":0.1810481736,
        "4":0.1881243063
    },
    "Further Specification":{
        "0":0.3119266055,
        "1":0.3887399464,
        "2":0.3087121212,
        "3":0.2868369352,
        "4":0.4122807018
    },
    "XOR Gateway":{
        "0":0.0985221675,
        "1":0.1194029851,
        "2":0.1243523316,
        "3":0.1447368421,
        "4":0.0852272727
    },
    "Condition Specification":{
        "0":0.3141122914,
        "1":0.3400402414,
        "2":0.3029315961,
        "3":0.3564013841,
        "4":0.2998296422
    },
    "AND Gateway":{
        "0":0.5416666667,
        "1":0.5652173913,
        "2":0.4347826087,
        "3":0.6,
        "4":0.5185185185
    },
    "All":{
        "0":0.1452523826,
        "1":0.1531165312,
        "2":0.1483219054,
        "3":0.1611111111,
        "4":0.1609653725
    }
}