{
    "Actor":{
        "0":0.0644171779,
        "1":0.068877551,
        "2":0.0681346074,
        "3":0.0725769407,
        "4":0.0704160951
    },
    "Activity":{
        "0":0.1765601218,
        "1":0.1787234043,
        "2":0.1888980944,
        "3":0.188006483,
        "4":0.1849611063
    },
    "Activity Data":{
        "0":0.0959012086,
        "1":0.1007132668,
        "2":0.1013667426,
        "3":0.1009409752,
        "4":0.1047532546
    },
    "Further Specification":{
        "0":0.1908077994,
        "1":0.1952506596,
        "2":0.1936218679,
        "3":0.1835748792,
        "4":0.2406779661
    },
    "XOR Gateway":{
        "0":0.0544959128,
        "1":0.0743034056,
        "2":0.0761904762,
        "3":0.074433657,
        "4":0.0464396285
    },
    "Condition Specification":{
        "0":0.1811906816,
        "1":0.194790487,
        "2":0.179584121,
        "3":0.1840968021,
        "4":0.17578125
    },
    "AND Gateway":{
        "0":0.3181818182,
        "1":0.4333333333,
        "2":0.3703703704,
        "3":0.3225806452,
        "4":0.3260869565
    },
    "All":{
        "0":0.0840654952,
        "1":0.0889652116,
        "2":0.0894300298,
        "3":0.0903386346,
        "4":0.0914252607
    }
}