{
    "Actor":{
        "0":0.0979266918
    },
    "Activity":{
        "0":0.2684731089
    },
    "Activity Data":{
        "0":0.1470896887
    },
    "Further Specification":{
        "0":0.3008102363
    },
    "XOR Gateway":{
        "0":0.0935947924
    },
    "Condition Specification":{
        "0":0.2563694247
    },
    "AND Gateway":{
        "0":0.4439662225
    },
    "All":{
        "0":0.1289996816
    }
}