{
    "Actor":{
        "0":0.1591880342,
        "1":0.1440588854,
        "2":0.1521972133,
        "3":0.1636568849,
        "4":0.152998776
    },
    "Activity":{
        "0":0.4583333333,
        "1":0.4081237911,
        "2":0.4690082645,
        "3":0.4862579281,
        "4":0.4608695652
    },
    "Activity Data":{
        "0":0.2420689655,
        "1":0.2284946237,
        "2":0.2483468038,
        "3":0.2447954056,
        "4":0.260938743
    },
    "Further Specification":{
        "0":0.4539249147,
        "1":0.3556701031,
        "2":0.4847560976,
        "3":0.4833333333,
        "4":0.5787234043
    },
    "XOR Gateway":{
        "0":0.1310344828,
        "1":0.1703703704,
        "2":0.1666666667,
        "3":0.186440678,
        "4":0.1037037037
    },
    "Condition Specification":{
        "0":0.416498994,
        "1":0.4187817259,
        "2":0.4108352144,
        "3":0.4092741935,
        "4":0.4405940594
    },
    "AND Gateway":{
        "0":0.8125,
        "1":1.0,
        "2":0.5,
        "3":0.75,
        "4":0.65
    },
    "All":{
        "0":0.2119239781,
        "1":0.1969111969,
        "2":0.2168512017,
        "3":0.217509516,
        "4":0.2253605769
    }
}