{
    "Actor":{
        "0":0.0880572372,
        "1":0.0977534912,
        "2":0.0877091748,
        "3":0.1003717472,
        "4":0.0914473684
    },
    "Activity":{
        "0":0.2439537329,
        "1":0.2441860465,
        "2":0.2585421412,
        "3":0.2615558061,
        "4":0.2587666264
    },
    "Activity Data":{
        "0":0.1316648531,
        "1":0.139127046,
        "2":0.1373560937,
        "3":0.1384313725,
        "4":0.1455256299
    },
    "Further Specification":{
        "0":0.2614503817,
        "1":0.2737430168,
        "2":0.2682926829,
        "3":0.2626262626,
        "4":0.3186046512
    },
    "XOR Gateway":{
        "0":0.0757575758,
        "1":0.1016949153,
        "2":0.0982905983,
        "3":0.1045454545,
        "4":0.0608695652
    },
    "Condition Specification":{
        "0":0.24,
        "1":0.2577160494,
        "2":0.2422680412,
        "3":0.2406976744,
        "4":0.2462380301
    },
    "AND Gateway":{
        "0":0.4375,
        "1":0.5416666667,
        "2":0.375,
        "3":0.375,
        "4":0.4375
    },
    "All":{
        "0":0.1155124654,
        "1":0.1225836146,
        "2":0.1212568225,
        "3":0.1228330123,
        "4":0.1266469038
    }
}