{
    "Actor":{
        "0":0.1303956835,
        "1":0.1424116424,
        "2":0.152688172,
        "3":0.1505711319,
        "4":0.1390433815
    },
    "Activity":{
        "0":0.4031413613,
        "1":0.4077669903,
        "2":0.4521912351,
        "3":0.4356060606,
        "4":0.4371134021
    },
    "Activity Data":{
        "0":0.2056737589,
        "1":0.2173913043,
        "2":0.2392073602,
        "3":0.2279411765,
        "4":0.2399414777
    },
    "Further Specification":{
        "0":0.4871794872,
        "1":0.4858156028,
        "2":0.4491525424,
        "3":0.3436018957,
        "4":0.5057471264
    },
    "XOR Gateway":{
        "0":0.1158536585,
        "1":0.1691176471,
        "2":0.1608391608,
        "3":0.1774193548,
        "4":0.1052631579
    },
    "Condition Specification":{
        "0":0.3639575972,
        "1":0.4532967033,
        "2":0.3897216274,
        "3":0.4246861925,
        "4":0.3684210526
    },
    "AND Gateway":{
        "0":0.6842105263,
        "1":0.8571428571,
        "2":0.5333333333,
        "3":0.6923076923,
        "4":0.65
    },
    "All":{
        "0":0.1834507843,
        "1":0.1991138911,
        "2":0.2099895397,
        "3":0.1988071571,
        "4":0.2046703297
    }
}