{
    "Actor":{
        "0":0.1111590601
    },
    "Activity":{
        "0":0.3019831681
    },
    "Activity Data":{
        "0":0.1646634154
    },
    "Further Specification":{
        "0":0.353863123
    },
    "XOR Gateway":{
        "0":0.1057797668
    },
    "Condition Specification":{
        "0":0.2883018719
    },
    "AND Gateway":{
        "0":0.4562422524
    },
    "All":{
        "0":0.1456503135
    }
}