{
    "Actor":{
        "0":0.1316563391
    },
    "Activity":{
        "0":0.3937835275
    },
    "Activity Data":{
        "0":0.2088589732
    },
    "Further Specification":{
        "0":0.4228264525
    },
    "XOR Gateway":{
        "0":0.1307562673
    },
    "Condition Specification":{
        "0":0.3510124189
    },
    "AND Gateway":{
        "0":0.6579788933
    },
    "All":{
        "0":0.1831257816
    }
}