{
    "Actor":{
        "0":0.1124031008,
        "1":0.1144527987,
        "2":0.1195286195,
        "3":0.1327838828,
        "4":0.1140510949
    },
    "Activity":{
        "0":0.3458083832,
        "1":0.3265940902,
        "2":0.3637820513,
        "3":0.380794702,
        "4":0.3581081081
    },
    "Activity Data":{
        "0":0.1790123457,
        "1":0.1805629315,
        "2":0.1901012373,
        "3":0.2083078803,
        "4":0.1902552204
    },
    "Further Specification":{
        "0":0.3325,
        "1":0.2902542373,
        "2":0.3278350515,
        "3":0.3258426966,
        "4":0.4835164835
    },
    "XOR Gateway":{
        "0":0.1005291005,
        "1":0.1263736264,
        "2":0.1428571429,
        "3":0.1538461538,
        "4":0.081871345
    },
    "Condition Specification":{
        "0":0.3404958678,
        "1":0.3473684211,
        "2":0.3744855967,
        "3":0.3670886076,
        "4":0.3339694656
    },
    "AND Gateway":{
        "0":0.5909090909,
        "1":0.7058823529,
        "2":0.5714285714,
        "3":0.5625,
        "4":0.5909090909
    },
    "All":{
        "0":0.1576787808,
        "1":0.15691107,
        "2":0.1695523649,
        "3":0.1781737194,
        "4":0.169241254
    }
}