{
    "Actor":{
        "0":0.0941148622
    },
    "Activity":{
        "0":0.2792375156
    },
    "Activity Data":{
        "0":0.1495102055
    },
    "Further Specification":{
        "0":0.3075253577
    },
    "XOR Gateway":{
        "0":0.0955424293
    },
    "Condition Specification":{
        "0":0.2745692189
    },
    "AND Gateway":{
        "0":0.4365785387
    },
    "All":{
        "0":0.1323549736
    }
}