{
    "Actor":{
        "0":0.1255345346
    },
    "Activity":{
        "0":0.3693179646
    },
    "Activity Data":{
        "0":0.1941435195
    },
    "Further Specification":{
        "0":0.3904679892
    },
    "XOR Gateway":{
        "0":0.1278753527
    },
    "Condition Specification":{
        "0":0.3633277312
    },
    "AND Gateway":{
        "0":0.6419784893
    },
    "All":{
        "0":0.1726227153
    }
}