{
    "Actor":{
        "0":0.0733063701,
        "1":0.0745781165,
        "2":0.0730452675,
        "3":0.0825740319,
        "4":0.0737898465
    },
    "Activity":{
        "0":0.219581749,
        "1":0.2131979695,
        "2":0.2212475634,
        "3":0.2346938776,
        "4":0.2299349241
    },
    "Activity Data":{
        "0":0.114210699,
        "1":0.118466899,
        "2":0.1149268956,
        "3":0.1218292247,
        "4":0.1289308176
    },
    "Further Specification":{
        "0":0.2370766488,
        "1":0.2,
        "2":0.2307692308,
        "3":0.2180451128,
        "4":0.2796610169
    },
    "XOR Gateway":{
        "0":0.0641891892,
        "1":0.0864661654,
        "2":0.0827338129,
        "3":0.0944206009,
        "4":0.0573770492
    },
    "Condition Specification":{
        "0":0.219850587,
        "1":0.22,
        "2":0.1973969631,
        "3":0.2218579235,
        "4":0.2296587927
    },
    "AND Gateway":{
        "0":0.3513513514,
        "1":0.5,
        "2":0.275862069,
        "3":0.3333333333,
        "4":0.3939393939
    },
    "All":{
        "0":0.1020485584,
        "1":0.1030066064,
        "2":0.1025673777,
        "3":0.1084745763,
        "4":0.1116774097
    }
}