{
    "Actor":{
        "0":0.096171479
    },
    "Activity":{
        "0":0.2683192254
    },
    "Activity Data":{
        "0":0.1459959453
    },
    "Further Specification":{
        "0":0.2957353658
    },
    "XOR Gateway":{
        "0":0.092744624
    },
    "Condition Specification":{
        "0":0.2606014634
    },
    "AND Gateway":{
        "0":0.4514196387
    },
    "All":{
        "0":0.1286005549
    }
}