{
    "Actor":{
        "0":0.0914096916,
        "1":0.0964467005,
        "2":0.1003095975,
        "3":0.105973025,
        "4":0.0980662983
    },
    "Activity":{
        "0":0.256097561,
        "1":0.2523923445,
        "2":0.2832298137,
        "3":0.2728351127,
        "4":0.2757731959
    },
    "Activity Data":{
        "0":0.1364670205,
        "1":0.1422829582,
        "2":0.1491190374,
        "3":0.1457473163,
        "4":0.1561085973
    },
    "Further Specification":{
        "0":0.2657480315,
        "1":0.2814371257,
        "2":0.3223938224,
        "3":0.284629981,
        "4":0.3279445727
    },
    "XOR Gateway":{
        "0":0.0796812749,
        "1":0.1030042918,
        "2":0.1090909091,
        "3":0.1100478469,
        "4":0.0675675676
    },
    "Condition Specification":{
        "0":0.2542372881,
        "1":0.2657232704,
        "2":0.2496644295,
        "3":0.2607052897,
        "4":0.2667660209
    },
    "AND Gateway":{
        "0":0.46875,
        "1":0.5,
        "2":0.3913043478,
        "3":0.3913043478,
        "4":0.46875
    },
    "All":{
        "0":0.1203212391,
        "1":0.1255163648,
        "2":0.1330561331,
        "3":0.1297254902,
        "4":0.1348411602
    }
}