{
    "Actor":{
        "0":0.1189069424,
        "1":0.1184,
        "2":0.1200941915,
        "3":0.1210191083,
        "4":0.1178509532
    },
    "Activity":{
        "0":0.3272214386,
        "1":0.3074670571,
        "2":0.3343108504,
        "3":0.3328530259,
        "4":0.3381180223
    },
    "Activity Data":{
        "0":0.1748768473,
        "1":0.1755,
        "2":0.1789419087,
        "3":0.1780051151,
        "4":0.190778098
    },
    "Further Specification":{
        "0":0.2942477876,
        "1":0.2833675565,
        "2":0.293040293,
        "3":0.2933070866,
        "4":0.4241486068
    },
    "XOR Gateway":{
        "0":0.0984455959,
        "1":0.1297297297,
        "2":0.125,
        "3":0.1385542169,
        "4":0.0867052023
    },
    "Condition Specification":{
        "0":0.3123123123,
        "1":0.3294346979,
        "2":0.3217391304,
        "3":0.3088455772,
        "4":0.3189189189
    },
    "AND Gateway":{
        "0":0.6842105263,
        "1":0.6666666667,
        "2":0.4090909091,
        "3":0.4545454545,
        "4":0.5652173913
    },
    "All":{
        "0":0.1521298174,
        "1":0.152258567,
        "2":0.1577432355,
        "3":0.1548974943,
        "4":0.165577342
    }
}