{
    "Actor":{
        "0":0.1011863567
    },
    "Activity":{
        "0":0.2798557905
    },
    "Activity Data":{
        "0":0.1517919168
    },
    "Further Specification":{
        "0":0.3165347705
    },
    "XOR Gateway":{
        "0":0.0994521198
    },
    "Condition Specification":{
        "0":0.2788321287
    },
    "AND Gateway":{
        "0":0.4732503814
    },
    "All":{
        "0":0.1346389387
    }
}