{
    "Actor":{
        "0":0.5775234131,
        "1":0.6391625616,
        "2":0.5860155383,
        "3":0.6602564103,
        "4":0.6343085106
    },
    "Activity":{
        "0":0.7067137809,
        "1":0.6928838951,
        "2":0.7037037037,
        "3":0.7213740458,
        "4":0.7330595483
    },
    "Activity Data":{
        "0":0.6460122699,
        "1":0.6776581427,
        "2":0.6364855801,
        "3":0.6795774648,
        "4":0.7143962848
    },
    "Further Specification":{
        "0":0.5812807882,
        "1":0.8985507246,
        "2":0.6558139535,
        "3":0.7387640449,
        "4":0.8523206751
    },
    "XOR Gateway":{
        "0":0.6233766234,
        "1":0.6103896104,
        "2":0.7042253521,
        "3":0.7049180328,
        "4":0.75
    },
    "Condition Specification":{
        "0":0.7944111776,
        "1":0.6757369615,
        "2":0.7581699346,
        "3":0.7926829268,
        "4":0.7569444444
    },
    "AND Gateway":{
        "0":1.0,
        "1":0.625,
        "2":1.0,
        "3":1.0,
        "4":1.0
    },
    "All":{
        "0":0.6330363593,
        "1":0.6746293245,
        "2":0.6355475763,
        "3":0.6868992035,
        "4":0.6975818794
    }
}