{
    "Actor":{
        "0":0.4440433213,
        "1":0.4836206897,
        "2":0.4169662114,
        "3":0.4813829787,
        "4":0.4307561597
    },
    "Activity":{
        "0":0.5077658303,
        "1":0.5521126761,
        "2":0.5063938619,
        "3":0.540802213,
        "4":0.4952120383
    },
    "Activity Data":{
        "0":0.4816414687,
        "1":0.5112443778,
        "2":0.442659527,
        "3":0.4929440389,
        "4":0.472718254
    },
    "Further Specification":{
        "0":0.5009596929,
        "1":0.5872340426,
        "2":0.5457685665,
        "3":0.6203703704,
        "4":0.6171428571
    },
    "XOR Gateway":{
        "0":0.5047619048,
        "1":0.5106382979,
        "2":0.5454545455,
        "3":0.5172413793,
        "4":0.4509803922
    },
    "Condition Specification":{
        "0":0.5423728814,
        "1":0.6406570842,
        "2":0.5625,
        "3":0.5753623188,
        "4":0.5357710652
    },
    "AND Gateway":{
        "0":0.5416666667,
        "1":0.5882352941,
        "2":0.6153846154,
        "3":0.5714285714,
        "4":0.5454545455
    },
    "All":{
        "0":0.4726234464,
        "1":0.5213605993,
        "2":0.4580231954,
        "3":0.5067264574,
        "4":0.4708573702
    }
}