{
    "Actor":{
        "0":0.6379310345,
        "1":0.7080491132,
        "2":0.6539408867,
        "3":0.7132963989,
        "4":0.6765957447
    },
    "Activity":{
        "0":0.7751937984,
        "1":0.8131868132,
        "2":0.7784552846,
        "3":0.8085106383,
        "4":0.7693965517
    },
    "Activity Data":{
        "0":0.6992031873,
        "1":0.7657794677,
        "2":0.6946236559,
        "3":0.7467382962,
        "4":0.7437751004
    },
    "Further Specification":{
        "0":0.8872180451,
        "1":0.8698630137,
        "2":0.8456973294,
        "3":0.8636363636,
        "4":0.8523206751
    },
    "XOR Gateway":{
        "0":0.7384615385,
        "1":0.7704918033,
        "2":0.7846153846,
        "3":0.8269230769,
        "4":0.7368421053
    },
    "Condition Specification":{
        "0":0.8036072144,
        "1":0.9169230769,
        "2":0.7991071429,
        "3":0.8705357143,
        "4":0.8009708738
    },
    "AND Gateway":{
        "0":1.0,
        "1":1.0,
        "2":1.0,
        "3":1.0,
        "4":1.0
    },
    "All":{
        "0":0.7048741296,
        "1":0.7718583516,
        "2":0.7078177728,
        "3":0.7592872244,
        "4":0.7291600128
    }
}