{
    "Actor":{
        "0":0.6257557466
    },
    "Activity":{
        "0":0.7160246894
    },
    "Activity Data":{
        "0":0.677644021
    },
    "Further Specification":{
        "0":0.7634723726
    },
    "XOR Gateway":{
        "0":0.6872749163
    },
    "Condition Specification":{
        "0":0.7664033195
    },
    "AND Gateway":{
        "0":0.925
    },
    "All":{
        "0":0.6734163468
    }
}