{
    "Actor":{
        "0":0.4172932331,
        "1":0.4216084484,
        "2":0.4021325209,
        "3":0.4474370113,
        "4":0.4690265487
    },
    "Activity":{
        "0":0.5082592122,
        "1":0.4993252362,
        "2":0.4903225806,
        "3":0.5178082192,
        "4":0.5475460123
    },
    "Activity Data":{
        "0":0.4632644083,
        "1":0.4718837863,
        "2":0.4455399061,
        "3":0.4749015748,
        "4":0.5344528083
    },
    "Further Specification":{
        "0":0.6537396122,
        "1":0.5232067511,
        "2":0.520295203,
        "3":0.5990888383,
        "4":0.5287958115
    },
    "XOR Gateway":{
        "0":0.4897959184,
        "1":0.4519230769,
        "2":0.5208333333,
        "3":0.5657894737,
        "4":0.5060240964
    },
    "Condition Specification":{
        "0":0.5278514589,
        "1":0.5146804836,
        "2":0.5969125214,
        "3":0.5284552846,
        "4":0.579787234
    },
    "AND Gateway":{
        "0":0.6,
        "1":0.6666666667,
        "2":0.7,
        "3":0.8,
        "4":0.6470588235
    },
    "All":{
        "0":0.4675440157,
        "1":0.4655172414,
        "2":0.4547623417,
        "3":0.4831916538,
        "4":0.5130571814
    }
}