{
    "Actor":{
        "0":0.3835681873
    },
    "Activity":{
        "0":0.4534272279
    },
    "Activity Data":{
        "0":0.4160429073
    },
    "Further Specification":{
        "0":0.5017752343
    },
    "XOR Gateway":{
        "0":0.4182029421
    },
    "Condition Specification":{
        "0":0.4836570797
    },
    "AND Gateway":{
        "0":0.5076923077
    },
    "All":{
        "0":0.4195254425
    }
}