{
    "Actor":{
        "0":0.6173633441,
        "1":0.6381418093,
        "2":0.5788381743,
        "3":0.5974477958,
        "4":0.612345679
    },
    "Activity":{
        "0":0.7214285714,
        "1":0.6981132075,
        "2":0.7087912088,
        "3":0.6974169742,
        "4":0.7058823529
    },
    "Activity Data":{
        "0":0.6618569636,
        "1":0.6739853626,
        "2":0.6081504702,
        "3":0.6560163154,
        "4":0.6592022393
    },
    "Further Specification":{
        "0":0.7563291139,
        "1":0.835016835,
        "2":0.8176638177,
        "3":0.6114942529,
        "4":0.7093425606
    },
    "XOR Gateway":{
        "0":0.6956521739,
        "1":0.6184210526,
        "2":0.6506024096,
        "3":0.7413793103,
        "4":0.6376811594
    },
    "Condition Specification":{
        "0":0.8414376321,
        "1":0.6962616822,
        "2":0.6771799629,
        "3":0.8262711864,
        "4":0.7676056338
    },
    "AND Gateway":{
        "0":0.9230769231,
        "1":0.6666666667,
        "2":0.8,
        "3":0.8888888889,
        "4":0.6875
    },
    "All":{
        "0":0.6718039414,
        "1":0.6724843196,
        "2":0.623776908,
        "3":0.6505585866,
        "4":0.6531417301
    }
}