{
    "Actor":{
        "0":0.564228599
    },
    "Activity":{
        "0":0.6733741316
    },
    "Activity Data":{
        "0":0.6149620835
    },
    "Further Specification":{
        "0":0.735223004
    },
    "XOR Gateway":{
        "0":0.6339902793
    },
    "Condition Specification":{
        "0":0.6715224403
    },
    "AND Gateway":{
        "0":0.8240981241
    },
    "All":{
        "0":0.6137940234
    }
}