{
    "Actor":{
        "0":0.4661051531
    },
    "Activity":{
        "0":0.5447296388
    },
    "Activity Data":{
        "0":0.5033960709
    },
    "Further Specification":{
        "0":0.5780278711
    },
    "XOR Gateway":{
        "0":0.5135982068
    },
    "Condition Specification":{
        "0":0.60431429
    },
    "AND Gateway":{
        "0":0.6198830409
    },
    "All":{
        "0":0.5066174837
    }
}