{
    "Actor":{
        "0":0.5556491138
    },
    "Activity":{
        "0":0.6518625866
    },
    "Activity Data":{
        "0":0.6054372869
    },
    "Further Specification":{
        "0":0.6566218862
    },
    "XOR Gateway":{
        "0":0.6112625631
    },
    "Condition Specification":{
        "0":0.7187026999
    },
    "AND Gateway":{
        "0":0.6944566545
    },
    "All":{
        "0":0.6031629505
    }
}