{
    "Actor":{
        "0":0.4635390942
    },
    "Activity":{
        "0":0.5257659258
    },
    "Activity Data":{
        "0":0.4879366123
    },
    "Further Specification":{
        "0":0.623456088
    },
    "XOR Gateway":{
        "0":0.5161715574
    },
    "Condition Specification":{
        "0":0.5527119237
    },
    "AND Gateway":{
        "0":0.5641257293
    },
    "All":{
        "0":0.4932404401
    }
}