{
    "Actor":{
        "0":0.5263035293
    },
    "Activity":{
        "0":0.6095380951
    },
    "Activity Data":{
        "0":0.5762799072
    },
    "Further Specification":{
        "0":0.6132335972
    },
    "XOR Gateway":{
        "0":0.6054387892
    },
    "Condition Specification":{
        "0":0.6465219061
    },
    "AND Gateway":{
        "0":0.7021862348
    },
    "All":{
        "0":0.5678638433
    }
}