{
    "Actor":{
        "0":0.5802469136,
        "1":0.5845147219,
        "2":0.5633367662,
        "3":0.6424384525,
        "4":0.6
    },
    "Activity":{
        "0":0.6611570248,
        "1":0.6928702011,
        "2":0.6655290102,
        "3":0.7024029575,
        "4":0.7062256809
    },
    "Activity Data":{
        "0":0.6245572609,
        "1":0.6502242152,
        "2":0.6125319693,
        "3":0.643722116,
        "4":0.6460361613
    },
    "Further Specification":{
        "0":0.8225255973,
        "1":0.618226601,
        "2":0.6763392857,
        "3":0.7408450704,
        "4":0.7553956835
    },
    "XOR Gateway":{
        "0":0.6219512195,
        "1":0.661971831,
        "2":0.6849315068,
        "3":0.7796610169,
        "4":0.6774193548
    },
    "Condition Specification":{
        "0":0.7287522604,
        "1":0.8394366197,
        "2":0.708984375,
        "3":0.8024439919,
        "4":0.7517084282
    },
    "AND Gateway":{
        "0":0.7647058824,
        "1":0.9090909091,
        "2":1.0,
        "3":0.8888888889,
        "4":0.9166666667
    },
    "All":{
        "0":0.6299810247,
        "1":0.6447776629,
        "2":0.6125931267,
        "3":0.6657209182,
        "4":0.6498032603
    }
}