{
    "Actor":{
        "0":0.575257732,
        "1":0.6244019139,
        "2":0.652014652,
        "3":0.6232227488,
        "4":0.609394314
    },
    "Activity":{
        "0":0.7033158813,
        "1":0.726744186,
        "2":0.7634194831,
        "3":0.7234848485,
        "4":0.7484536082
    },
    "Activity Data":{
        "0":0.639304973,
        "1":0.6623292128,
        "2":0.6857962697,
        "3":0.662568306,
        "4":0.6862017804
    },
    "Further Specification":{
        "0":0.8722627737,
        "1":0.8869257951,
        "2":0.7966101695,
        "3":0.6338028169,
        "4":0.7908745247
    },
    "XOR Gateway":{
        "0":0.6,
        "1":0.661971831,
        "2":0.7183098592,
        "3":0.7413793103,
        "4":0.7118644068
    },
    "Condition Specification":{
        "0":0.7165492958,
        "1":0.8351648352,
        "2":0.7580299786,
        "3":0.8176100629,
        "4":0.6981132075
    },
    "AND Gateway":{
        "0":0.9285714286,
        "1":0.8333333333,
        "2":0.7777777778,
        "3":1.0,
        "4":0.8461538462
    },
    "All":{
        "0":0.6410318226,
        "1":0.6863774523,
        "2":0.6911805364,
        "3":0.6638633377,
        "4":0.6687898089
    }
}