{
    "Actor":{
        "0":0.2804186655,
        "1":0.2909002904,
        "2":0.2841607565,
        "3":0.287434555,
        "4":0.2887287699
    },
    "Activity":{
        "0":0.3257229833,
        "1":0.3387234043,
        "2":0.3396851698,
        "3":0.3200972447,
        "4":0.3318928263
    },
    "Activity Data":{
        "0":0.3004556419,
        "1":0.3071990673,
        "2":0.2913773148,
        "3":0.3006707495,
        "4":0.3064615385
    },
    "Further Specification":{
        "0":0.356545961,
        "1":0.3680738786,
        "2":0.3667425968,
        "3":0.3599033816,
        "4":0.3898305085
    },
    "XOR Gateway":{
        "0":0.2994350282,
        "1":0.3095238095,
        "2":0.3618421053,
        "3":0.3125,
        "4":0.3137254902
    },
    "Condition Specification":{
        "0":0.3572044866,
        "1":0.3636363636,
        "2":0.3620853081,
        "3":0.3665511265,
        "4":0.3369245837
    },
    "AND Gateway":{
        "0":0.3823529412,
        "1":0.44,
        "2":0.6,
        "3":0.4090909091,
        "4":0.40625
    },
    "All":{
        "0":0.3014003819,
        "1":0.3127131601,
        "2":0.3037846362,
        "3":0.3076482055,
        "4":0.3065308127
    }
}