{
    "Actor":{
        "0":0.4253424658,
        "1":0.4602917342,
        "2":0.4430176565,
        "3":0.4285714286,
        "4":0.4204180064
    },
    "Activity":{
        "0":0.4878331402,
        "1":0.5019920319,
        "2":0.5091383812,
        "3":0.4981132075,
        "4":0.4888597641
    },
    "Activity Data":{
        "0":0.4556803995,
        "1":0.4894301471,
        "2":0.4622731614,
        "3":0.4528888889,
        "4":0.4549831488
    },
    "Further Specification":{
        "0":0.5031185031,
        "1":0.5354330709,
        "2":0.5364583333,
        "3":0.5816733068,
        "4":0.5311004785
    },
    "XOR Gateway":{
        "0":0.4273504274,
        "1":0.5048543689,
        "2":0.5408163265,
        "3":0.4946236559,
        "4":0.4489795918
    },
    "Condition Specification":{
        "0":0.5378486056,
        "1":0.5495652174,
        "2":0.5468277946,
        "3":0.5367454068,
        "4":0.482168331
    },
    "AND Gateway":{
        "0":0.5,
        "1":0.7857142857,
        "2":0.6153846154,
        "3":0.5625,
        "4":0.5454545455
    },
    "All":{
        "0":0.4527126701,
        "1":0.4862949842,
        "2":0.4714940422,
        "3":0.464423414,
        "4":0.4486191997
    }
}