{
    "Actor":{
        "0":0.6866585067,
        "1":0.6220095694,
        "2":0.6415552855,
        "3":0.6688311688,
        "4":0.6552197802
    },
    "Activity":{
        "0":0.7976190476,
        "1":0.7195357834,
        "2":0.7851239669,
        "3":0.799154334,
        "4":0.7760869565
    },
    "Activity Data":{
        "0":0.7452631579,
        "1":0.6972413793,
        "2":0.7092675635,
        "3":0.7064421669,
        "4":0.7487844408
    },
    "Further Specification":{
        "0":0.8054607509,
        "1":0.6778350515,
        "2":0.8597560976,
        "3":0.8766666667,
        "4":0.8936170213
    },
    "XOR Gateway":{
        "0":0.7313432836,
        "1":0.6911764706,
        "2":0.7246376812,
        "3":0.7962962963,
        "4":0.6363636364
    },
    "Condition Specification":{
        "0":0.8088531187,
        "1":0.7582697201,
        "2":0.7873303167,
        "3":0.7878787879,
        "4":0.8287841191
    },
    "AND Gateway":{
        "0":1.0,
        "1":1.0,
        "2":0.7,
        "3":1.0,
        "4":0.7857142857
    },
    "All":{
        "0":0.7333333333,
        "1":0.676952485,
        "2":0.7092157985,
        "3":0.7215810733,
        "4":0.7308917197
    }
}