{
    "Actor":{
        "0":0.0778404163,
        "1":0.083868622,
        "2":0.0764244285,
        "3":0.08,
        "4":0.0840511616
    },
    "Activity":{
        "0":0.0843994653,
        "1":0.088359342,
        "2":0.0894997933,
        "3":0.0840508405,
        "4":0.0874917564
    },
    "Activity Data":{
        "0":0.0809109176,
        "1":0.0847604596,
        "2":0.0779806503,
        "3":0.0807058143,
        "4":0.0838175595
    },
    "Further Specification":{
        "0":0.093909493,
        "1":0.1047051027,
        "2":0.0976663786,
        "3":0.0982499232,
        "4":0.1069496463
    },
    "XOR Gateway":{
        "0":0.0806451613,
        "1":0.0803030303,
        "2":0.0877192982,
        "3":0.0873440285,
        "4":0.0824915825
    },
    "Condition Specification":{
        "0":0.0884424192,
        "1":0.093837535,
        "2":0.0931966449,
        "3":0.0927487352,
        "4":0.0915195225
    },
    "AND Gateway":{
        "0":0.1060606061,
        "1":0.1,
        "2":0.1168831169,
        "3":0.1022727273,
        "4":0.1074380165
    },
    "All":{
        "0":0.0794269462,
        "1":0.0852588476,
        "2":0.0802901381,
        "3":0.0815158897,
        "4":0.0836336289
    }
}