{
    "Actor":{
        "0":0.3930950939,
        "1":0.3920888272,
        "2":0.3811033608,
        "3":0.3984539705,
        "4":0.4073013601
    },
    "Activity":{
        "0":0.4490010515,
        "1":0.4453488372,
        "2":0.4635535308,
        "3":0.4464487035,
        "4":0.4685230024
    },
    "Activity Data":{
        "0":0.4140855457,
        "1":0.4215568862,
        "2":0.3905683192,
        "3":0.4144,
        "4":0.4272527473
    },
    "Further Specification":{
        "0":0.492481203,
        "1":0.4981203008,
        "2":0.4870967742,
        "3":0.4914675768,
        "4":0.5172413793
    },
    "XOR Gateway":{
        "0":0.435483871,
        "1":0.425,
        "2":0.4561403509,
        "3":0.4705882353,
        "4":0.4537037037
    },
    "Condition Specification":{
        "0":0.4730813288,
        "1":0.4782608696,
        "2":0.4754521964,
        "3":0.4755244755,
        "4":0.4718792867
    },
    "AND Gateway":{
        "0":0.5833333333,
        "1":0.5,
        "2":0.5,
        "3":0.5625,
        "4":0.5909090909
    },
    "All":{
        "0":0.4153196447,
        "1":0.4233910487,
        "2":0.4066274388,
        "3":0.4193345888,
        "4":0.4278314917
    }
}