{
    "Actor":{
        "0":0.473910672
    },
    "Activity":{
        "0":0.5554138714
    },
    "Activity Data":{
        "0":0.5185244834
    },
    "Further Specification":{
        "0":0.5880390589
    },
    "XOR Gateway":{
        "0":0.5337577736
    },
    "Condition Specification":{
        "0":0.6021264769
    },
    "AND Gateway":{
        "0":0.6567965368
    },
    "All":{
        "0":0.5170171647
    }
}