{
    "Actor":{
        "0":0.4324402484
    },
    "Activity":{
        "0":0.5000118313
    },
    "Activity Data":{
        "0":0.4645917838
    },
    "Further Specification":{
        "0":0.5402059319
    },
    "XOR Gateway":{
        "0":0.4736421883
    },
    "Condition Specification":{
        "0":0.5499721192
    },
    "AND Gateway":{
        "0":0.5396250808
    },
    "All":{
        "0":0.4677440536
    }
}