{
    "Actor":{
        "0":0.6039173014,
        "1":0.6336996337,
        "2":0.5653104925,
        "3":0.5974477958,
        "4":0.5940224159
    },
    "Activity":{
        "0":0.7142857143,
        "1":0.6981132075,
        "2":0.695970696,
        "3":0.6974169742,
        "4":0.7
    },
    "Activity Data":{
        "0":0.6606022585,
        "1":0.6704394141,
        "2":0.5979836169,
        "3":0.6560163154,
        "4":0.6477192982
    },
    "Further Specification":{
        "0":0.7492063492,
        "1":0.835016835,
        "2":0.8080229226,
        "3":0.6059907834,
        "4":0.7013888889
    },
    "XOR Gateway":{
        "0":0.6956521739,
        "1":0.6184210526,
        "2":0.6024096386,
        "3":0.7413793103,
        "4":0.6086956522
    },
    "Condition Specification":{
        "0":0.8414376321,
        "1":0.6962616822,
        "2":0.6529080675,
        "3":0.8262711864,
        "4":0.7676056338
    },
    "AND Gateway":{
        "0":0.9230769231,
        "1":0.6666666667,
        "2":0.7,
        "3":0.8888888889,
        "4":0.6875
    },
    "All":{
        "0":0.6667512047,
        "1":0.6700299973,
        "2":0.6130628402,
        "3":0.6499480249,
        "4":0.6443313543
    }
}