{
    "Actor":{
        "0":0.677384076
    },
    "Activity":{
        "0":0.7868780412
    },
    "Activity Data":{
        "0":0.7263813074
    },
    "Further Specification":{
        "0":0.8581348745
    },
    "XOR Gateway":{
        "0":0.7683898586
    },
    "Condition Specification":{
        "0":0.8325090149
    },
    "AND Gateway":{
        "0":1.0
    },
    "All":{
        "0":0.7315858999
    }
}