{
    "Actor":{
        "0":0.3978357734,
        "1":0.4044380816,
        "2":0.430316092,
        "3":0.4089870526,
        "4":0.4022988506
    },
    "Activity":{
        "0":0.4691629956,
        "1":0.4645006017,
        "2":0.5068322981,
        "3":0.4733009709,
        "4":0.469259724
    },
    "Activity Data":{
        "0":0.4279693487,
        "1":0.4330578512,
        "2":0.4359313078,
        "3":0.4266094421,
        "4":0.4426605505
    },
    "Further Specification":{
        "0":0.4980237154,
        "1":0.5068226121,
        "2":0.5897435897,
        "3":0.5062836625,
        "4":0.5445544554
    },
    "XOR Gateway":{
        "0":0.4462809917,
        "1":0.4285714286,
        "2":0.5094339623,
        "3":0.4489795918,
        "4":0.427184466
    },
    "Condition Specification":{
        "0":0.4838709677,
        "1":0.5008025682,
        "2":0.5271966527,
        "3":0.5099750623,
        "4":0.5007215007
    },
    "AND Gateway":{
        "0":0.5833333333,
        "1":0.5263157895,
        "2":0.6428571429,
        "3":0.5714285714,
        "4":0.5
    },
    "All":{
        "0":0.4273607748,
        "1":0.4368554522,
        "2":0.458017894,
        "3":0.4365106096,
        "4":0.4375
    }
}