{
    "Actor":{
        "0":0.4436450839,
        "1":0.4432109308,
        "2":0.476534296,
        "3":0.4521510097,
        "4":0.4604247104
    },
    "Activity":{
        "0":0.566572238,
        "1":0.50067659,
        "2":0.5637982196,
        "3":0.5316455696,
        "4":0.5622047244
    },
    "Activity Data":{
        "0":0.4943661972,
        "1":0.4696828358,
        "2":0.508847185,
        "3":0.4751354013,
        "4":0.5388207823
    },
    "Further Specification":{
        "0":0.6465753425,
        "1":0.4979919679,
        "2":0.5433526012,
        "3":0.5334685598,
        "4":0.6234567901
    },
    "XOR Gateway":{
        "0":0.4848484848,
        "1":0.4607843137,
        "2":0.5681818182,
        "3":0.5512820513,
        "4":0.512195122
    },
    "Condition Specification":{
        "0":0.5967016492,
        "1":0.5708812261,
        "2":0.6083916084,
        "3":0.608424337,
        "4":0.6011029412
    },
    "AND Gateway":{
        "0":0.6666666667,
        "1":0.5,
        "2":0.6363636364,
        "3":0.6153846154,
        "4":0.6875
    },
    "All":{
        "0":0.5021008403,
        "1":0.4728637413,
        "2":0.512301013,
        "3":0.4898159029,
        "4":0.523908046
    }
}