{
    "Actor":{
        "0":0.5668858773
    },
    "Activity":{
        "0":0.662121213
    },
    "Activity Data":{
        "0":0.6090323523
    },
    "Further Specification":{
        "0":0.6664740909
    },
    "XOR Gateway":{
        "0":0.6275152126
    },
    "Condition Specification":{
        "0":0.7200845416
    },
    "AND Gateway":{
        "0":0.7055677656
    },
    "All":{
        "0":0.6096346415
    }
}