{
    "Actor":{
        "0":0.1074595086
    },
    "Activity":{
        "0":0.1184719752
    },
    "Activity Data":{
        "0":0.1095951605
    },
    "Further Specification":{
        "0":0.1376113372
    },
    "XOR Gateway":{
        "0":0.1150883527
    },
    "Condition Specification":{
        "0":0.126172817
    },
    "AND Gateway":{
        "0":0.1464799784
    },
    "All":{
        "0":0.111160965
    }
}