{
    "Actor":{
        "0":0.3876574472
    },
    "Activity":{
        "0":0.454332241
    },
    "Activity Data":{
        "0":0.4208842764
    },
    "Further Specification":{
        "0":0.5129192104
    },
    "XOR Gateway":{
        "0":0.425616905
    },
    "Condition Specification":{
        "0":0.4789163414
    },
    "AND Gateway":{
        "0":0.5
    },
    "All":{
        "0":0.4227386544
    }
}