{
    "Actor":{
        "0":0.4396813189
    },
    "Activity":{
        "0":0.5125847666
    },
    "Activity Data":{
        "0":0.4703558282
    },
    "Further Specification":{
        "0":0.5985284669
    },
    "XOR Gateway":{
        "0":0.4799839716
    },
    "Condition Specification":{
        "0":0.5338942414
    },
    "AND Gateway":{
        "0":0.5363824581
    },
    "All":{
        "0":0.475804627
    }
}