{
    "Actor":{
        "0":0.5215169934
    },
    "Activity":{
        "0":0.6153613028
    },
    "Activity Data":{
        "0":0.5666690259
    },
    "Further Specification":{
        "0":0.6303952481
    },
    "XOR Gateway":{
        "0":0.5853331646
    },
    "Condition Specification":{
        "0":0.6818563093
    },
    "AND Gateway":{
        "0":0.7792873303
    },
    "All":{
        "0":0.5673643562
    }
}