{
    "Actor":{
        "0":0.6818181818,
        "1":0.6208133971,
        "2":0.6415552855,
        "3":0.6688311688,
        "4":0.6552197802
    },
    "Activity":{
        "0":0.7936507937,
        "1":0.7170542636,
        "2":0.7851239669,
        "3":0.799154334,
        "4":0.7760869565
    },
    "Activity Data":{
        "0":0.7410274455,
        "1":0.6944827586,
        "2":0.7092675635,
        "3":0.7064421669,
        "4":0.7479740681
    },
    "Further Specification":{
        "0":0.8054607509,
        "1":0.6509186352,
        "2":0.8597560976,
        "3":0.8766666667,
        "4":0.8706896552
    },
    "XOR Gateway":{
        "0":0.7164179104,
        "1":0.6911764706,
        "2":0.7246376812,
        "3":0.7962962963,
        "4":0.6363636364
    },
    "Condition Specification":{
        "0":0.800804829,
        "1":0.7582697201,
        "2":0.7873303167,
        "3":0.7878787879,
        "4":0.8134328358
    },
    "AND Gateway":{
        "0":1.0,
        "1":1.0,
        "2":0.7,
        "3":1.0,
        "4":0.7857142857
    },
    "All":{
        "0":0.7286585366,
        "1":0.6724137931,
        "2":0.7092157985,
        "3":0.7215810733,
        "4":0.7267219388
    }
}