{
    "Actor":{
        "0":0.4229628884
    },
    "Activity":{
        "0":0.4988267706
    },
    "Activity Data":{
        "0":0.4595286899
    },
    "Further Specification":{
        "0":0.5632155947
    },
    "XOR Gateway":{
        "0":0.4817641828
    },
    "Condition Specification":{
        "0":0.5397202408
    },
    "AND Gateway":{
        "0":0.6199643494
    },
    "All":{
        "0":0.4630911494
    }
}