{
    "Actor":{
        "0":0.4109991909
    },
    "Activity":{
        "0":0.4772917276
    },
    "Activity Data":{
        "0":0.4324799787
    },
    "Further Specification":{
        "0":0.5308479461
    },
    "XOR Gateway":{
        "0":0.4581697832
    },
    "Condition Specification":{
        "0":0.5022719662
    },
    "AND Gateway":{
        "0":0.5579254079
    },
    "All":{
        "0":0.4387098803
    }
}