{
    "Actor":{
        "0":0.3680371353,
        "1":0.3833087149,
        "2":0.3911111111,
        "3":0.391634981,
        "4":0.3837489944
    },
    "Activity":{
        "0":0.44345898,
        "1":0.4425837321,
        "2":0.4720496894,
        "3":0.4483985765,
        "4":0.4606451613
    },
    "Activity Data":{
        "0":0.4086146682,
        "1":0.4157720892,
        "2":0.4164107065,
        "3":0.4101147471,
        "4":0.4293023256
    },
    "Further Specification":{
        "0":0.4691848907,
        "1":0.4989939638,
        "2":0.5551181102,
        "3":0.5057692308,
        "4":0.4798099762
    },
    "XOR Gateway":{
        "0":0.3966942149,
        "1":0.3949579832,
        "2":0.4716981132,
        "3":0.4387755102,
        "4":0.3888888889
    },
    "Condition Specification":{
        "0":0.4865525672,
        "1":0.4722662441,
        "2":0.4721845319,
        "3":0.4955527319,
        "4":0.4917293233
    },
    "AND Gateway":{
        "0":0.5,
        "1":0.5,
        "2":0.5384615385,
        "3":0.5,
        "4":0.5
    },
    "All":{
        "0":0.4074074074,
        "1":0.4179282191,
        "2":0.4273887547,
        "3":0.4216115981,
        "4":0.4232912333
    }
}