{
    "Actor":{
        "0":0.4209818426,
        "1":0.4105419451,
        "2":0.4005602241,
        "3":0.4590163934,
        "4":0.4237140366
    },
    "Activity":{
        "0":0.4906103286,
        "1":0.4854245881,
        "2":0.4906600249,
        "3":0.5302013423,
        "4":0.4972375691
    },
    "Activity Data":{
        "0":0.4647946354,
        "1":0.4516834281,
        "2":0.4243349324,
        "3":0.4670658683,
        "4":0.4897645855
    },
    "Further Specification":{
        "0":0.5145228216,
        "1":0.5708418891,
        "2":0.5248713551,
        "3":0.654028436,
        "4":0.5518134715
    },
    "XOR Gateway":{
        "0":0.4615384615,
        "1":0.4434782609,
        "2":0.4722222222,
        "3":0.5432098765,
        "4":0.488372093
    },
    "Condition Specification":{
        "0":0.5454545455,
        "1":0.5343642612,
        "2":0.4986376022,
        "3":0.575136612,
        "4":0.5450081833
    },
    "AND Gateway":{
        "0":0.5833333333,
        "1":0.5,
        "2":0.5833333333,
        "3":0.7272727273,
        "4":0.7058823529
    },
    "All":{
        "0":0.4568527919,
        "1":0.4569042118,
        "2":0.4341553431,
        "3":0.4920104051,
        "4":0.4755329949
    }
}