{
    "Actor":{
        "0":0.4373198847,
        "1":0.4433307633,
        "2":0.4162895928,
        "3":0.4683544304,
        "4":0.4927675988
    },
    "Activity":{
        "0":0.5273189327,
        "1":0.5148247978,
        "2":0.5025773196,
        "3":0.5315068493,
        "4":0.5659509202
    },
    "Activity Data":{
        "0":0.4703557312,
        "1":0.4888164026,
        "2":0.4496015002,
        "3":0.4963396779,
        "4":0.5426758939
    },
    "Further Specification":{
        "0":0.6602209945,
        "1":0.555785124,
        "2":0.5691202873,
        "3":0.6099773243,
        "4":0.5621761658
    },
    "XOR Gateway":{
        "0":0.5102040816,
        "1":0.4903846154,
        "2":0.5208333333,
        "3":0.6052631579,
        "4":0.5180722892
    },
    "Condition Specification":{
        "0":0.5311258278,
        "1":0.5283993115,
        "2":0.614334471,
        "3":0.5456989247,
        "4":0.5989399293
    },
    "AND Gateway":{
        "0":0.65,
        "1":0.7333333333,
        "2":0.7,
        "3":0.8,
        "4":0.7058823529
    },
    "All":{
        "0":0.4770529277,
        "1":0.4838889924,
        "2":0.4679066375,
        "3":0.4995224451,
        "4":0.5300558659
    }
}