{
    "0.0":{
        "0.25":1.0,
        "0.5":1.0,
        "0.75":1.0,
        "1.0":1.0
    },
    "0.1":{
        "0.25":0.4546988462,
        "0.5":0.2171317233,
        "0.75":0.0257100981,
        "1.0":0.0000666607
    },
    "0.2":{
        "0.25":0.4114594503,
        "0.5":0.0051582955,
        "0.75":0.0282674855,
        "1.0":0.0000000012
    },
    "0.3":{
        "0.25":0.035040385,
        "0.5":0.0058480778,
        "0.75":0.0000013742,
        "1.0":0.0
    },
    "0.4":{
        "0.25":0.0016923251,
        "0.5":0.0000009736,
        "0.75":0.0,
        "1.0":0.0
    },
    "0.5":{
        "0.25":0.000896941,
        "0.5":0.0000000227,
        "0.75":0.0,
        "1.0":3.952578504e-22
    },
    "0.6":{
        "0.25":0.0025868908,
        "0.5":0.0000001273,
        "0.75":3.991276156e-17,
        "1.0":1.256447717e-28
    },
    "0.7":{
        "0.25":0.0105287027,
        "0.5":0.0000000008,
        "0.75":3.344187917e-17,
        "1.0":1.455740479e-34
    },
    "0.8":{
        "0.25":0.0000102314,
        "0.5":0.0,
        "0.75":1.238320959e-16,
        "1.0":4.825237619e-37
    },
    "0.9":{
        "0.25":0.0000143975,
        "0.5":0.0000000009,
        "0.75":9.720954694e-22,
        "1.0":6.177241631e-38
    },
    "1.0":{
        "0.25":0.0000411791,
        "0.5":0.0,
        "0.75":3.112121596e-25,
        "1.0":7.707705599e-41
    },
    "1.25":{
        "0.25":0.0000005452,
        "0.5":0.0,
        "0.75":2.066555657e-28,
        "1.0":5.546337283e-44
    },
    "1.5":{
        "0.25":0.0000080689,
        "0.5":0.0,
        "0.75":1.279425394e-27,
        "1.0":7.882540424e-49
    },
    "1.75":{
        "0.25":0.0000000388,
        "0.5":0.0,
        "0.75":9.030452299e-29,
        "1.0":2.466666722e-53
    },
    "2.0":{
        "0.25":0.0000006435,
        "0.5":1.378485971e-16,
        "0.75":9.926881045e-30,
        "1.0":2.006942528e-54
    },
    "3.0":{
        "0.25":0.0000000694,
        "0.5":1.348591699e-19,
        "0.75":4.666701111e-37,
        "1.0":4.060257514e-62
    },
    "4.0":{
        "0.25":0.0000000448,
        "0.5":4.639419251e-19,
        "0.75":3.068929004e-38,
        "1.0":5.108426531e-67
    },
    "5.0":{
        "0.25":0.0000000002,
        "0.5":2.929716132e-20,
        "0.75":2.162340086e-41,
        "1.0":4.552032356e-70
    },
    "7.0":{
        "0.25":0.0000000047,
        "0.5":4.180975821e-21,
        "0.75":1.307357602e-42,
        "1.0":4.838718538e-75
    },
    "10.0":{
        "0.25":0.0000000007,
        "0.5":5.459453289e-23,
        "0.75":2.86256417e-44,
        "1.0":1.065169262e-73
    }
}