{
    "0.0":{
        "0.25":0.0,
        "0.5":0.0,
        "0.75":0.0,
        "1.0":0.0
    },
    "0.1":{
        "0.25":0.0133949856,
        "0.5":0.0242043583,
        "0.75":0.0411898068,
        "1.0":0.068749699
    },
    "0.2":{
        "0.25":0.0310458652,
        "0.5":0.0687563957,
        "0.75":0.0935138762,
        "1.0":0.1356541578
    },
    "0.3":{
        "0.25":0.0413445784,
        "0.5":0.0903444378,
        "0.75":0.1191924699,
        "1.0":0.170408959
    },
    "0.4":{
        "0.25":0.057423014,
        "0.5":0.1061780963,
        "0.75":0.1668559266,
        "1.0":0.1949203783
    },
    "0.5":{
        "0.25":0.0725032316,
        "0.5":0.1369481249,
        "0.75":0.2001041782,
        "1.0":0.2592362948
    },
    "0.6":{
        "0.25":0.0760232037,
        "0.5":0.1313114808,
        "0.75":0.1981320316,
        "1.0":0.2752460673
    },
    "0.7":{
        "0.25":0.0853152938,
        "0.5":0.1634117163,
        "0.75":0.2418222329,
        "1.0":0.3144344635
    },
    "0.8":{
        "0.25":0.0930383091,
        "0.5":0.1823642231,
        "0.75":0.2723819846,
        "1.0":0.3294076264
    },
    "0.9":{
        "0.25":0.0983656504,
        "0.5":0.1806727722,
        "0.75":0.263846947,
        "1.0":0.3456589129
    },
    "1.0":{
        "0.25":0.1045786561,
        "0.5":0.2039065114,
        "0.75":0.2888740528,
        "1.0":0.3748230871
    },
    "1.25":{
        "0.25":0.1153615634,
        "0.5":0.2244600972,
        "0.75":0.3100804204,
        "1.0":0.3993902235
    },
    "1.5":{
        "0.25":0.1246780747,
        "0.5":0.2459644538,
        "0.75":0.3298869419,
        "1.0":0.4190458889
    },
    "1.75":{
        "0.25":0.1302130719,
        "0.5":0.2472033102,
        "0.75":0.3421902382,
        "1.0":0.4379323947
    },
    "2.0":{
        "0.25":0.1305780911,
        "0.5":0.2511808713,
        "0.75":0.3601765909,
        "1.0":0.4556897495
    },
    "3.0":{
        "0.25":0.1511078233,
        "0.5":0.2685605896,
        "0.75":0.3752945773,
        "1.0":0.4729569144
    },
    "4.0":{
        "0.25":0.1512657008,
        "0.5":0.2716447304,
        "0.75":0.3835034703,
        "1.0":0.4747911651
    },
    "5.0":{
        "0.25":0.1592620201,
        "0.5":0.2750340767,
        "0.75":0.3809443555,
        "1.0":0.4688608912
    },
    "7.0":{
        "0.25":0.152171399,
        "0.5":0.2696357376,
        "0.75":0.3697737337,
        "1.0":0.4513124733
    },
    "10.0":{
        "0.25":0.1492199412,
        "0.5":0.256577507,
        "0.75":0.3438270386,
        "1.0":0.4179487216
    }
}