{
    "0.0":{
        "0.25":0.7946997503,
        "0.5":0.7946997503,
        "0.75":0.7946997503,
        "1.0":0.7946997503
    },
    "0.1":{
        "0.25":0.7426800528,
        "0.5":0.7426800528,
        "0.75":0.7426800528,
        "1.0":0.7241533244
    },
    "0.2":{
        "0.25":0.6618359797,
        "0.5":0.6618359797,
        "0.75":0.6618359797,
        "1.0":0.6520878066
    },
    "0.3":{
        "0.25":0.6256528087,
        "0.5":0.6256528087,
        "0.75":0.6256528087,
        "1.0":0.6188691771
    },
    "0.4":{
        "0.25":0.5654222061,
        "0.5":0.5654222061,
        "0.75":0.5654222061,
        "1.0":0.5883006395
    },
    "0.5":{
        "0.25":0.5320305068,
        "0.5":0.5320305068,
        "0.75":0.5320305068,
        "1.0":0.5206171881
    },
    "0.6":{
        "0.25":0.5191962919,
        "0.5":0.5191962919,
        "0.75":0.5191962919,
        "1.0":0.5058057266
    },
    "0.7":{
        "0.25":0.4627860504,
        "0.5":0.4627860504,
        "0.75":0.4627860504,
        "1.0":0.4639034816
    },
    "0.8":{
        "0.25":0.4390039899,
        "0.5":0.4390039899,
        "0.75":0.4390039899,
        "1.0":0.44384848
    },
    "0.9":{
        "0.25":0.4276883584,
        "0.5":0.4276883584,
        "0.75":0.4276883584,
        "1.0":0.4247684841
    },
    "1.0":{
        "0.25":0.3973498751,
        "0.5":0.3973498751,
        "0.75":0.3973498751,
        "1.0":0.3973498751
    },
    "1.25":{
        "0.25":0.3494423848,
        "0.5":0.3494423848,
        "0.75":0.3494423848,
        "1.0":0.3542237913
    },
    "1.5":{
        "0.25":0.3120939693,
        "0.5":0.3120939693,
        "0.75":0.3120939693,
        "1.0":0.3177600812
    },
    "1.75":{
        "0.25":0.2889832339,
        "0.5":0.2889832339,
        "0.75":0.2889832339,
        "1.0":0.290743877
    },
    "2.0":{
        "0.25":0.2648999168,
        "0.5":0.2648999168,
        "0.75":0.2648999168,
        "1.0":0.2648999168
    },
    "3.0":{
        "0.25":0.1986749376,
        "0.5":0.1986749376,
        "0.75":0.1986749376,
        "1.0":0.1986749376
    },
    "4.0":{
        "0.25":0.1589399501,
        "0.5":0.1589399501,
        "0.75":0.1589399501,
        "1.0":0.1589399501
    },
    "5.0":{
        "0.25":0.1324499584,
        "0.5":0.1324499584,
        "0.75":0.1324499584,
        "1.0":0.1324499584
    },
    "7.0":{
        "0.25":0.0993374688,
        "0.5":0.0993374688,
        "0.75":0.0993374688,
        "1.0":0.0993374688
    },
    "10.0":{
        "0.25":0.0722454318,
        "0.5":0.0722454318,
        "0.75":0.0722454318,
        "1.0":0.0722454318
    }
}