{
    "0.0":{
        "0.25":0.0,
        "0.5":0.0,
        "0.75":0.0,
        "1.0":0.0
    },
    "0.1":{
        "0.25":0.0,
        "0.5":-0.0024928238,
        "0.75":-0.0021788008,
        "1.0":0.0
    },
    "0.2":{
        "0.25":0.0,
        "0.5":-0.0000889846,
        "0.75":-0.0000101922,
        "1.0":0.0
    },
    "0.3":{
        "0.25":0.0,
        "0.5":0.0025642241,
        "0.75":-0.0015313486,
        "1.0":0.0
    },
    "0.4":{
        "0.25":0.0,
        "0.5":-0.0057788311,
        "0.75":0.0022782913,
        "1.0":0.0
    },
    "0.5":{
        "0.25":0.0,
        "0.5":0.0007365067,
        "0.75":0.0067202178,
        "1.0":0.0
    },
    "0.6":{
        "0.25":0.0,
        "0.5":-0.0038903009,
        "0.75":-0.0061268155,
        "1.0":0.0
    },
    "0.7":{
        "0.25":0.0,
        "0.5":0.0003905432,
        "0.75":-0.0013632266,
        "1.0":0.0
    },
    "0.8":{
        "0.25":0.0,
        "0.5":0.0012415994,
        "0.75":0.0051234349,
        "1.0":0.0
    },
    "0.9":{
        "0.25":0.0,
        "0.5":-0.0007000656,
        "0.75":-0.002009791,
        "1.0":0.0
    },
    "1.0":{
        "0.25":0.0,
        "0.5":0.0,
        "0.75":0.0,
        "1.0":0.0
    },
    "1.25":{
        "0.25":0.0,
        "0.5":0.0013536048,
        "0.75":0.0007004554,
        "1.0":0.0
    },
    "1.5":{
        "0.25":0.0,
        "0.5":0.0016954693,
        "0.75":0.0014345918,
        "1.0":0.0
    },
    "1.75":{
        "0.25":0.0,
        "0.5":0.00042604,
        "0.75":-0.0011165784,
        "1.0":0.0
    },
    "2.0":{
        "0.25":0.0,
        "0.5":0.0,
        "0.75":0.0,
        "1.0":0.0
    },
    "3.0":{
        "0.25":0.0,
        "0.5":0.0,
        "0.75":0.0,
        "1.0":0.0
    },
    "4.0":{
        "0.25":0.0,
        "0.5":0.0,
        "0.75":0.0,
        "1.0":0.0
    },
    "5.0":{
        "0.25":0.0,
        "0.5":0.0,
        "0.75":0.0,
        "1.0":0.0
    },
    "7.0":{
        "0.25":0.0,
        "0.5":0.0,
        "0.75":0.0,
        "1.0":0.0
    },
    "10.0":{
        "0.25":0.0,
        "0.5":0.0,
        "0.75":0.0,
        "1.0":0.0
    }
}