{
    "0.0":{
        "0.25":0.0,
        "0.5":0.0,
        "0.75":0.0,
        "1.0":0.0
    },
    "0.1":{
        "0.25":0.0133949856,
        "0.5":0.0324357686,
        "0.75":0.0480015628,
        "1.0":0.068749699
    },
    "0.2":{
        "0.25":0.0310458652,
        "0.5":0.0690195508,
        "0.75":0.0938875341,
        "1.0":0.1356541578
    },
    "0.3":{
        "0.25":0.0413445784,
        "0.5":0.0819221002,
        "0.75":0.1246182318,
        "1.0":0.170408959
    },
    "0.4":{
        "0.25":0.057423014,
        "0.5":0.1252398413,
        "0.75":0.1586502126,
        "1.0":0.1949203783
    },
    "0.5":{
        "0.25":0.0725032316,
        "0.5":0.1352681408,
        "0.75":0.1777418474,
        "1.0":0.2592362948
    },
    "0.6":{
        "0.25":0.0760232037,
        "0.5":0.1445373554,
        "0.75":0.218856727,
        "1.0":0.2752460673
    },
    "0.7":{
        "0.25":0.0853152938,
        "0.5":0.1622942851,
        "0.75":0.2462646505,
        "1.0":0.3144344635
    },
    "0.8":{
        "0.25":0.0930383091,
        "0.5":0.177519733,
        "0.75":0.2541820606,
        "1.0":0.3294076264
    },
    "0.9":{
        "0.25":0.0983656504,
        "0.5":0.1835926465,
        "0.75":0.2708035436,
        "1.0":0.3456589129
    },
    "1.0":{
        "0.25":0.1045786561,
        "0.5":0.2039065114,
        "0.75":0.2888740528,
        "1.0":0.3748230871
    },
    "1.25":{
        "0.25":0.1153615634,
        "0.5":0.2196786907,
        "0.75":0.3074588477,
        "1.0":0.3993902235
    },
    "1.5":{
        "0.25":0.1246780747,
        "0.5":0.2402983419,
        "0.75":0.3251447279,
        "1.0":0.4190458889
    },
    "1.75":{
        "0.25":0.1302130719,
        "0.5":0.2454426671,
        "0.75":0.3458015263,
        "1.0":0.4379323947
    },
    "2.0":{
        "0.25":0.1305780911,
        "0.5":0.2511808713,
        "0.75":0.3601765909,
        "1.0":0.4556897495
    },
    "3.0":{
        "0.25":0.1511078233,
        "0.5":0.2685605896,
        "0.75":0.3752945773,
        "1.0":0.4729569144
    },
    "4.0":{
        "0.25":0.1512657008,
        "0.5":0.2716447304,
        "0.75":0.3835034703,
        "1.0":0.4747911651
    },
    "5.0":{
        "0.25":0.1592620201,
        "0.5":0.2750340767,
        "0.75":0.3809443555,
        "1.0":0.4688608912
    },
    "7.0":{
        "0.25":0.152171399,
        "0.5":0.2696357376,
        "0.75":0.3697737337,
        "1.0":0.4513124733
    },
    "10.0":{
        "0.25":0.1492199412,
        "0.5":0.256577507,
        "0.75":0.3438270386,
        "1.0":0.4179487216
    }
}