{
    "Actor":{
        "0.0":0.721530121,
        "1.0":0.7311200788,
        "2.0":0.7316342579,
        "3.0":0.7430931935,
        "4.0":0.7340775681
    },
    "Activity":{
        "0.0":0.7649218209,
        "1.0":0.7757702727,
        "2.0":0.7774288807,
        "3.0":0.7845360758,
        "4.0":0.7911720591
    },
    "Activity Data":{
        "0.0":0.6158860061,
        "1.0":0.6307451938,
        "2.0":0.6274342651,
        "3.0":0.6202628754,
        "4.0":0.6068383245
    },
    "Further Specification":{
        "0.0":0.2552923105,
        "1.0":0.271739367,
        "2.0":0.2556578947,
        "3.0":0.2521907994,
        "4.0":0.2291971917
    },
    "XOR Gateway":{
        "0.0":0.7246239374,
        "1.0":0.7409490319,
        "2.0":0.7054393035,
        "3.0":0.731441552,
        "4.0":0.7377640341
    },
    "Condition Specification":{
        "0.0":0.5953056321,
        "1.0":0.630047619,
        "2.0":0.5973696796,
        "3.0":0.6378826293,
        "4.0":0.6188930582
    },
    "AND Gateway":{
        "0.0":0.0,
        "1.0":0.3,
        "2.0":0.3333333333,
        "3.0":0.2666666667,
        "4.0":0.2666666667
    }
}