{
    "Actor":{
        "0.0":0.721530121,
        "0.1":0.7283606492,
        "0.2":0.7222914053,
        "0.3":0.7317057777,
        "0.4":0.7319837724,
        "0.5":0.7227700633,
        "0.6":0.7336911986,
        "0.7":0.7203284554,
        "0.8":0.7268682632,
        "0.9":0.7275924053,
        "1.0":0.7331777505,
        "1.25":0.7319853802,
        "1.5":0.7345675403,
        "1.75":0.7375180567,
        "2.0":0.7436009379,
        "3.0":0.7410323059,
        "4.0":0.7422594155,
        "5.0":0.7328682604,
        "7.0":0.749910099,
        "10.0":0.7359846094
    },
    "Activity":{
        "0.0":0.7649218209,
        "0.1":0.7635297092,
        "0.2":0.7675872447,
        "0.3":0.7646490201,
        "0.4":0.7665039038,
        "0.5":0.7641298743,
        "0.6":0.783716741,
        "0.7":0.7680708696,
        "0.8":0.7775196947,
        "0.9":0.7671876677,
        "1.0":0.790524464,
        "1.25":0.7721046778,
        "1.5":0.7808283873,
        "1.75":0.7841687942,
        "2.0":0.7814280594,
        "3.0":0.7884763478,
        "4.0":0.7900017085,
        "5.0":0.7872490239,
        "7.0":0.7877555803,
        "10.0":0.7858320381
    },
    "Activity Data":{
        "0.0":0.6158860061,
        "0.1":0.6185474057,
        "0.2":0.6169915314,
        "0.3":0.6258611926,
        "0.4":0.6204505085,
        "0.5":0.6214217284,
        "0.6":0.6178483089,
        "0.7":0.6017800219,
        "0.8":0.6125802478,
        "0.9":0.6200628594,
        "1.0":0.6295493238,
        "1.25":0.6244062035,
        "1.5":0.6182671307,
        "1.75":0.6163356737,
        "2.0":0.6119061661,
        "3.0":0.6419082377,
        "4.0":0.6214359508,
        "5.0":0.6188069171,
        "7.0":0.6211939186,
        "10.0":0.6251971458
    },
    "Further Specification":{
        "0.0":0.2552923105,
        "0.1":0.2027438933,
        "0.2":0.2440618205,
        "0.3":0.2220535021,
        "0.4":0.2185913433,
        "0.5":0.2557072829,
        "0.6":0.2555979968,
        "0.7":0.2656820304,
        "0.8":0.1916267943,
        "0.9":0.2375846376,
        "1.0":0.2057051282,
        "1.25":0.232897804,
        "1.5":0.2491352438,
        "1.75":0.2857267732,
        "2.0":0.2696963563,
        "3.0":0.2482843323,
        "4.0":0.2476190476,
        "5.0":0.2742842684,
        "7.0":0.2824664225,
        "10.0":0.2578479853
    },
    "XOR Gateway":{
        "0.0":0.7246239374,
        "0.1":0.7335333251,
        "0.2":0.7174973559,
        "0.3":0.7267054446,
        "0.4":0.7299956376,
        "0.5":0.6984507746,
        "0.6":0.7093128857,
        "0.7":0.7301587302,
        "0.8":0.7226776008,
        "0.9":0.712049649,
        "1.0":0.7577928818,
        "1.25":0.7415310251,
        "1.5":0.7275216403,
        "1.75":0.7332673749,
        "2.0":0.7375349237,
        "3.0":0.7418512479,
        "4.0":0.735006914,
        "5.0":0.7175623674,
        "7.0":0.7275599905,
        "10.0":0.732495619
    },
    "Condition Specification":{
        "0.0":0.5953056321,
        "0.1":0.6185017597,
        "0.2":0.5900280112,
        "0.3":0.6181296911,
        "0.4":0.6279284441,
        "0.5":0.5770248447,
        "0.6":0.6115169613,
        "0.7":0.6122013759,
        "0.8":0.5964102564,
        "0.9":0.5478985507,
        "1.0":0.6063071576,
        "1.25":0.6348264055,
        "1.5":0.6194430642,
        "1.75":0.6048070658,
        "2.0":0.6329652897,
        "3.0":0.5682586977,
        "4.0":0.6271282129,
        "5.0":0.5692702472,
        "7.0":0.6105291005,
        "10.0":0.5637394958
    },
    "AND Gateway":{
        "0.0":0.0,
        "0.1":0.0,
        "0.2":0.0,
        "0.3":0.0,
        "0.4":0.2,
        "0.5":0.3,
        "0.6":0.2,
        "0.7":0.3,
        "0.8":0.3,
        "0.9":0.3,
        "1.0":0.3,
        "1.25":0.4333333333,
        "1.5":0.2333333333,
        "1.75":0.36,
        "2.0":0.2666666667,
        "3.0":0.2666666667,
        "4.0":0.2666666667,
        "5.0":0.2333333333,
        "7.0":0.2666666667,
        "10.0":0.2666666667
    }
}