{
    "Bleu Score":{
        "0":0.0,
        "1":4.155098064e-16,
        "2":5.415307528e-19,
        "3":0.0,
        "4":0.0
    }
}