{
    "Bleu Score":{
        "0":0.0000241989,
        "1":0.0003706272,
        "2":0.9811309687,
        "3":0.0000094775,
        "4":0.1041233444
    }
}