{
    "Bleu Score":{
        "0":1.999030308e-22,
        "1":1.390109491e-21,
        "2":8.497894657e-22,
        "3":1.51171837e-23,
        "4":1.440308874e-19
    }
}