{
    "Bleu Score":{
        "0":0.0000001,
        "1":0.0001398852,
        "2":0.0000321374,
        "3":0.0253004288,
        "4":0.0003189261
    }
}