{
    "Actor":{
        "0":0.0903857906
    },
    "Activity":{
        "0":0.2709070386
    },
    "Activity Data":{
        "0":0.1433634739
    },
    "Further Specification":{
        "0":0.276942305
    },
    "XOR Gateway":{
        "0":0.0933442341
    },
    "Condition Specification":{
        "0":0.2716900329
    },
    "AND Gateway":{
        "0":0.450869987
    },
    "All":{
        "0":0.1271884795
    }
}