{
    "Actor":{
        "0":0.105994152,
        "1":0.1053846154,
        "2":0.1160130719,
        "3":0.1279788173,
        "4":0.1141552511
    },
    "Activity":{
        "0":0.3347826087,
        "1":0.2974504249,
        "2":0.356918239,
        "3":0.3633491311,
        "4":0.338658147
    },
    "Activity Data":{
        "0":0.1758463871,
        "1":0.1656113005,
        "2":0.1843971631,
        "3":0.1896551724,
        "4":0.1950059453
    },
    "Further Specification":{
        "0":0.3114754098,
        "1":0.2927350427,
        "2":0.3148514851,
        "3":0.3746770026,
        "4":0.4
    },
    "XOR Gateway":{
        "0":0.1073446328,
        "1":0.1191709845,
        "2":0.1483870968,
        "3":0.1428571429,
        "4":0.08
    },
    "Condition Specification":{
        "0":0.3595113438,
        "1":0.3148854962,
        "2":0.3676767677,
        "3":0.3268921095,
        "4":0.3193430657
    },
    "AND Gateway":{
        "0":0.619047619,
        "1":0.5217391304,
        "2":0.4444444444,
        "3":0.6,
        "4":0.5909090909
    },
    "All":{
        "0":0.1541547278,
        "1":0.1450541105,
        "2":0.1650226058,
        "3":0.168740772,
        "4":0.1663689147
    }
}