{
    "Actor":{
        "0":0.0884885204,
        "1":0.0930774749,
        "2":0.0895522388,
        "3":0.0928932179,
        "4":0.0913093415
    },
    "Activity":{
        "0":0.1052631579,
        "1":0.1075581395,
        "2":0.1082004556,
        "3":0.1066591422,
        "4":0.1080508475
    },
    "Activity Data":{
        "0":0.0979352679,
        "1":0.1011856913,
        "2":0.0959749191,
        "3":0.0972782258,
        "4":0.1022828014
    },
    "Further Specification":{
        "0":0.1134615385,
        "1":0.1178707224,
        "2":0.1151960784,
        "3":0.1145470383,
        "4":0.1191037736
    },
    "XOR Gateway":{
        "0":0.0967741935,
        "1":0.0979166667,
        "2":0.1096491228,
        "3":0.1053921569,
        "4":0.0972222222
    },
    "Condition Specification":{
        "0":0.1143678161,
        "1":0.1160436137,
        "2":0.11328125,
        "3":0.1144366197,
        "4":0.1129143646
    },
    "AND Gateway":{
        "0":0.125,
        "1":0.125,
        "2":0.125,
        "3":0.125,
        "4":0.125
    },
    "All":{
        "0":0.0974569988,
        "1":0.1015289256,
        "2":0.0978363866,
        "3":0.0993090851,
        "4":0.1005559478
    }
}