{
    "Actor":{
        "0":0.4383503401,
        "1":0.4619799139,
        "2":0.4283129806,
        "3":0.4627224627,
        "4":0.450229709
    },
    "Activity":{
        "0":0.4863157895,
        "1":0.4891472868,
        "2":0.4981017464,
        "3":0.4800601956,
        "4":0.4769975787
    },
    "Activity Data":{
        "0":0.5218253968,
        "1":0.5463558414,
        "2":0.5223840345,
        "3":0.5271505376,
        "4":0.524822695
    },
    "Further Specification":{
        "0":0.6358974359,
        "1":0.598225602,
        "2":0.6339869281,
        "3":0.6353077816,
        "4":0.6289308176
    },
    "XOR Gateway":{
        "0":0.5322580645,
        "1":0.55,
        "2":0.5497076023,
        "3":0.5490196078,
        "4":0.512345679
    },
    "Condition Specification":{
        "0":0.6206896552,
        "1":0.6074766355,
        "2":0.5928819444,
        "3":0.6588419405,
        "4":0.6261510129
    },
    "AND Gateway":{
        "0":0.6388888889,
        "1":0.5666666667,
        "2":0.6666666667,
        "3":0.75,
        "4":0.7575757576
    },
    "All":{
        "0":0.5096876236,
        "1":0.5237465565,
        "2":0.5078963992,
        "3":0.52583651,
        "4":0.5132368514
    }
}