{
    "Actor":{
        "0":0.4483190813
    },
    "Activity":{
        "0":0.4861245194
    },
    "Activity Data":{
        "0":0.5285077011
    },
    "Further Specification":{
        "0":0.6264697131
    },
    "XOR Gateway":{
        "0":0.5386661907
    },
    "Condition Specification":{
        "0":0.6212082377
    },
    "AND Gateway":{
        "0":0.675959596
    },
    "All":{
        "0":0.5160807881
    }
}