{
    "Actor":{
        "0":0.5369753498,
        "1":0.5477657935,
        "2":0.5354166667,
        "3":0.5553064275,
        "4":0.5414507772
    },
    "Activity":{
        "0":0.5881057269,
        "1":0.647133758,
        "2":0.63170441,
        "3":0.6200716846,
        "4":0.620596206
    },
    "Activity Data":{
        "0":0.6140147116,
        "1":0.616148532,
        "2":0.5904522613,
        "3":0.6071881607,
        "4":0.607550919
    },
    "Further Specification":{
        "0":0.65,
        "1":0.7519230769,
        "2":0.7437603993,
        "3":0.7509157509,
        "4":0.7487684729
    },
    "XOR Gateway":{
        "0":0.6115702479,
        "1":0.6090909091,
        "2":0.6886792453,
        "3":0.6868686869,
        "4":0.6021505376
    },
    "Condition Specification":{
        "0":0.6948955916,
        "1":0.7262357414,
        "2":0.7607192254,
        "3":0.7061118336,
        "4":0.7248322148
    },
    "AND Gateway":{
        "0":0.6666666667,
        "1":0.8,
        "2":0.6923076923,
        "3":1.0,
        "4":0.7894736842
    },
    "All":{
        "0":0.5934759194,
        "1":0.6201077199,
        "2":0.6065466448,
        "3":0.6140703518,
        "4":0.6076050169
    }
}