{
    "Actor":{
        "0":0.3670593025
    },
    "Activity":{
        "0":0.3873973535
    },
    "Activity Data":{
        "0":0.4437796508
    },
    "Further Specification":{
        "0":0.5320544981
    },
    "XOR Gateway":{
        "0":0.4383305185
    },
    "Condition Specification":{
        "0":0.5411998617
    },
    "AND Gateway":{
        "0":0.5481255411
    },
    "All":{
        "0":0.4305846805
    }
}