{
    "Actor":{
        "0":0.2524327438
    },
    "Activity":{
        "0":0.2550349497
    },
    "Activity Data":{
        "0":0.3432592469
    },
    "Further Specification":{
        "0":0.451740527
    },
    "XOR Gateway":{
        "0":0.3257358397
    },
    "Condition Specification":{
        "0":0.4716610874
    },
    "AND Gateway":{
        "0":0.460682802
    },
    "All":{
        "0":0.3288229388
    }
}