{
    "Actor":{
        "0":0.6490850377,
        "1":0.6937269373,
        "2":0.6430107527,
        "3":0.6650544135,
        "4":0.6787148594
    },
    "Activity":{
        "0":0.7099494098,
        "1":0.7615384615,
        "2":0.7536231884,
        "3":0.7648183556,
        "4":0.7987421384
    },
    "Activity Data":{
        "0":0.7141089109,
        "1":0.7587601078,
        "2":0.7036797934,
        "3":0.7326732673,
        "4":0.7588813303
    },
    "Further Specification":{
        "0":0.8453608247,
        "1":0.9218241042,
        "2":0.8753541076,
        "3":0.8130563798,
        "4":0.9409448819
    },
    "XOR Gateway":{
        "0":0.7236842105,
        "1":0.7887323944,
        "2":0.7671232877,
        "3":0.7258064516,
        "4":0.7368421053
    },
    "Condition Specification":{
        "0":0.768566494,
        "1":0.8913043478,
        "2":0.806185567,
        "3":0.8356997972,
        "4":0.8781725888
    },
    "AND Gateway":{
        "0":0.8421052632,
        "1":0.6666666667,
        "2":0.7,
        "3":1.0,
        "4":0.8461538462
    },
    "All":{
        "0":0.698513283,
        "1":0.7621412804,
        "2":0.7085020243,
        "3":0.7272968667,
        "4":0.7565084227
    }
}