{
    "Actor":{
        "0":0.6394984326,
        "1":0.651396648,
        "2":0.6517754868,
        "3":0.6712018141,
        "4":0.6653992395
    },
    "Activity":{
        "0":0.7390572391,
        "1":0.7160278746,
        "2":0.7745454545,
        "3":0.7428571429,
        "4":0.768
    },
    "Activity Data":{
        "0":0.7053081147,
        "1":0.7107142857,
        "2":0.718426501,
        "3":0.6864459713,
        "4":0.7547445255
    },
    "Further Specification":{
        "0":0.7529976019,
        "1":0.9177631579,
        "2":0.8505434783,
        "3":0.7967479675,
        "4":0.8888888889
    },
    "XOR Gateway":{
        "0":0.7,
        "1":0.7037037037,
        "2":0.8059701493,
        "3":0.7666666667,
        "4":0.7580645161
    },
    "Condition Specification":{
        "0":0.8509532062,
        "1":0.7948113208,
        "2":0.7914979757,
        "3":0.8413654618,
        "4":0.837962963
    },
    "AND Gateway":{
        "0":1.0,
        "1":0.625,
        "2":1.0,
        "3":0.8888888889,
        "4":1.0
    },
    "All":{
        "0":0.7023614683,
        "1":0.7111222949,
        "2":0.717847769,
        "3":0.7069615481,
        "4":0.7416931523
    }
}