{
    "Actor":{
        "0":0.4866560932
    },
    "Activity":{
        "0":0.573743536
    },
    "Activity Data":{
        "0":0.5346507668
    },
    "Further Specification":{
        "0":0.5865462711
    },
    "XOR Gateway":{
        "0":0.5689894086
    },
    "Condition Specification":{
        "0":0.639337535
    },
    "AND Gateway":{
        "0":0.7411361738
    },
    "All":{
        "0":0.5337104909
    }
}