{
    "Actor":{
        "0":0.4899837574,
        "1":0.484097035,
        "2":0.4925531915,
        "3":0.4809334092,
        "4":0.4978354978
    },
    "Activity":{
        "0":0.5413333333,
        "1":0.5201048951,
        "2":0.5546666667,
        "3":0.5524663677,
        "4":0.5503018109
    },
    "Activity Data":{
        "0":0.5699626866,
        "1":0.5610927649,
        "2":0.5530598958,
        "3":0.5684542587,
        "4":0.5748459587
    },
    "Further Specification":{
        "0":0.6530973451,
        "1":0.6350067843,
        "2":0.7418546366,
        "3":0.6600529101,
        "4":0.6998050682
    },
    "XOR Gateway":{
        "0":0.6285714286,
        "1":0.6,
        "2":0.612244898,
        "3":0.5217391304,
        "4":0.4960629921
    },
    "Condition Specification":{
        "0":0.6486742424,
        "1":0.6196473552,
        "2":0.6745182013,
        "3":0.7012487992,
        "4":0.6813953488
    },
    "AND Gateway":{
        "0":0.6428571429,
        "1":0.724137931,
        "2":0.65,
        "3":0.5714285714,
        "4":0.7826086957
    },
    "All":{
        "0":0.5544690987,
        "1":0.5453416149,
        "2":0.5633149448,
        "3":0.5623905976,
        "4":0.5647758596
    }
}