{
    "Actor":{
        "0":0.5433830029
    },
    "Activity":{
        "0":0.6215223571
    },
    "Activity Data":{
        "0":0.6070709169
    },
    "Further Specification":{
        "0":0.72907354
    },
    "XOR Gateway":{
        "0":0.6396719254
    },
    "Condition Specification":{
        "0":0.7225589214
    },
    "AND Gateway":{
        "0":0.7896896086
    },
    "All":{
        "0":0.6083611306
    }
}