{
    "Actor":{
        "0":0.6045255091
    },
    "Activity":{
        "0":0.6943000039
    },
    "Activity Data":{
        "0":0.6720949081
    },
    "Further Specification":{
        "0":0.7761206709
    },
    "XOR Gateway":{
        "0":0.7092772034
    },
    "Condition Specification":{
        "0":0.7815579956
    },
    "AND Gateway":{
        "0":0.9256140351
    },
    "All":{
        "0":0.6689786317
    }
}