{
    "Actor":{
        "0":0.5338010204,
        "1":0.5351506456,
        "2":0.5468113976,
        "3":0.538961039,
        "4":0.5482388974
    },
    "Activity":{
        "0":0.5968421053,
        "1":0.5802325581,
        "2":0.6036446469,
        "3":0.5835214447,
        "4":0.6162227603
    },
    "Activity Data":{
        "0":0.6130952381,
        "1":0.5908360129,
        "2":0.5914239482,
        "3":0.585483871,
        "4":0.6139184397
    },
    "Further Specification":{
        "0":0.6730769231,
        "1":0.6768060837,
        "2":0.6879084967,
        "3":0.6968641115,
        "4":0.7429245283
    },
    "XOR Gateway":{
        "0":0.6451612903,
        "1":0.6166666667,
        "2":0.7456140351,
        "3":0.5980392157,
        "4":0.5925925926
    },
    "Condition Specification":{
        "0":0.7068965517,
        "1":0.7803738318,
        "2":0.73046875,
        "3":0.6901408451,
        "4":0.679558011
    },
    "AND Gateway":{
        "0":0.8333333333,
        "1":0.6,
        "2":0.5714285714,
        "3":0.9375,
        "4":0.9545454545
    },
    "All":{
        "0":0.5978647687,
        "1":0.5968595041,
        "2":0.5998104864,
        "3":0.5902160102,
        "4":0.6064242852
    }
}