{
    "Actor":{
        "0":0.4040178571,
        "1":0.4099713056,
        "2":0.394843962,
        "3":0.420995671,
        "4":0.411179173
    },
    "Activity":{
        "0":0.4178947368,
        "1":0.438372093,
        "2":0.4328018223,
        "3":0.4367945824,
        "4":0.4261501211
    },
    "Activity Data":{
        "0":0.4700520833,
        "1":0.4901527331,
        "2":0.4550970874,
        "3":0.4816532258,
        "4":0.475177305
    },
    "Further Specification":{
        "0":0.6,
        "1":0.5342205323,
        "2":0.6241830065,
        "3":0.5444250871,
        "4":0.6733490566
    },
    "XOR Gateway":{
        "0":0.4717741935,
        "1":0.4875,
        "2":0.5175438596,
        "3":0.4901960784,
        "4":0.4259259259
    },
    "Condition Specification":{
        "0":0.5672413793,
        "1":0.5693146417,
        "2":0.5911458333,
        "3":0.566314554,
        "4":0.5359116022
    },
    "AND Gateway":{
        "0":0.5,
        "1":0.7,
        "2":0.5357142857,
        "3":0.71875,
        "4":0.75
    },
    "All":{
        "0":0.4620403321,
        "1":0.4714876033,
        "2":0.4633607075,
        "3":0.4714104193,
        "4":0.4678785739
    }
}