{
    "Bert Score":{
        "0":0.9975875616,
        "1":0.9974041581,
        "2":0.9972012043,
        "3":0.9972904325,
        "4":0.9975726604
    }
}