{
    "Bert Score":{
        "0":0.9979612827,
        "1":0.9978508353,
        "2":0.9980940223,
        "3":0.9979683757,
        "4":0.997959733
    }
}