{
    "Bert Score":{
        "0":0.9988242984,
        "1":0.9980782866,
        "2":0.9985393882,
        "3":0.9991263151,
        "4":0.9983456731
    }
}