{
    "Bert Score":{
        "0":0.9992958307,
        "1":0.9991528988,
        "2":0.9989922643,
        "3":0.9983730316,
        "4":0.9993742704
    }
}