{
    "Bert Score":{
        "0":0.9982141852,
        "1":0.9984349608,
        "2":0.9982795119,
        "3":0.9983953238,
        "4":0.9984216094
    }
}