{
    "Bert Score":{
        "0":0.997232914,
        "1":0.997620821,
        "2":0.9967224598,
        "3":0.9972557425,
        "4":0.997587502
    }
}