{
    "Bert Score":{
        "0":0.9975524545,
        "1":0.9975970984,
        "2":0.9980190396,
        "3":0.9978081584,
        "4":0.9979209304
    }
}