{
    "Actor":{
        "0":0.0425472747,
        "1":0.0449438202,
        "2":0.043594306,
        "3":0.0465994962,
        "4":0.0433017591
    },
    "Activity":{
        "0":0.1221052632,
        "1":0.1220930233,
        "2":0.1298405467,
        "3":0.1303611738,
        "4":0.1283292978
    },
    "Activity Data":{
        "0":0.0661066472,
        "1":0.0694335169,
        "2":0.0696656051,
        "3":0.0699052133,
        "4":0.0735165794
    },
    "Further Specification":{
        "0":0.1317307692,
        "1":0.13878327,
        "2":0.1348039216,
        "3":0.1358885017,
        "4":0.1580188679
    },
    "XOR Gateway":{
        "0":0.0359848485,
        "1":0.0508474576,
        "2":0.0512820513,
        "3":0.0522727273,
        "4":0.0326086957
    },
    "Condition Specification":{
        "0":0.1235632184,
        "1":0.1358695652,
        "2":0.125974026,
        "3":0.1241217799,
        "4":0.1267217631
    },
    "AND Gateway":{
        "0":0.203125,
        "1":0.25,
        "2":0.1875,
        "3":0.2083333333,
        "4":0.21875
    },
    "All":{
        "0":0.0580033463,
        "1":0.0619365869,
        "2":0.062016081,
        "3":0.0620694819,
        "4":0.0636651132
    }
}