{
    "Actor":{
        "0":0.0338153504,
        "1":0.0357053683,
        "2":0.0351126928,
        "3":0.0385390428,
        "4":0.0349120433
    },
    "Activity":{
        "0":0.0976842105,
        "1":0.0981395349,
        "2":0.1038724374,
        "3":0.1047404063,
        "4":0.1026634383
    },
    "Activity Data":{
        "0":0.0527392257,
        "1":0.0547600315,
        "2":0.0562101911,
        "3":0.055450237,
        "4":0.0595113438
    },
    "Further Specification":{
        "0":0.1076923077,
        "1":0.1102661597,
        "2":0.1098039216,
        "3":0.1087108014,
        "4":0.1320754717
    },
    "XOR Gateway":{
        "0":0.0287878788,
        "1":0.0389830508,
        "2":0.041025641,
        "3":0.04,
        "4":0.0243478261
    },
    "Condition Specification":{
        "0":0.0993103448,
        "1":0.1086956522,
        "2":0.1023376623,
        "3":0.099765808,
        "4":0.1002754821
    },
    "AND Gateway":{
        "0":0.175,
        "1":0.2333333333,
        "2":0.15,
        "3":0.15,
        "4":0.175
    },
    "All":{
        "0":0.0467930842,
        "1":0.0493005906,
        "2":0.0499702204,
        "3":0.0497753819,
        "4":0.0511984021
    }
}