{
    "Actor":{
        "0":0.1024734982,
        "1":0.1064491064,
        "2":0.1167763158,
        "3":0.1205320033,
        "4":0.1074806535
    },
    "Activity":{
        "0":0.3130081301,
        "1":0.3148425787,
        "2":0.3285094067,
        "3":0.3362573099,
        "4":0.3192771084
    },
    "Activity Data":{
        "0":0.1590493601,
        "1":0.1732925586,
        "2":0.1834961998,
        "3":0.1734486267,
        "4":0.1773931855
    },
    "Further Specification":{
        "0":0.3445595855,
        "1":0.3078651685,
        "2":0.2971962617,
        "3":0.4016620499,
        "4":0.3739376771
    },
    "XOR Gateway":{
        "0":0.0913461538,
        "1":0.1256830601,
        "2":0.1263736264,
        "3":0.1182795699,
        "4":0.0725388601
    },
    "Condition Specification":{
        "0":0.293029872,
        "1":0.3466386555,
        "2":0.2978723404,
        "3":0.2823365786,
        "4":0.2956081081
    },
    "AND Gateway":{
        "0":0.5909090909,
        "1":0.6666666667,
        "2":0.4210526316,
        "3":0.4285714286,
        "4":0.4642857143
    },
    "All":{
        "0":0.1425795053,
        "1":0.1516474792,
        "2":0.1575745683,
        "3":0.1556420233,
        "4":0.1538620405
    }
}