{
    "Actor":{
        "0":0.114713985
    },
    "Activity":{
        "0":0.3323515512
    },
    "Activity Data":{
        "0":0.1798778757
    },
    "Further Specification":{
        "0":0.3643631006
    },
    "XOR Gateway":{
        "0":0.1128394108
    },
    "Condition Specification":{
        "0":0.309346542
    },
    "AND Gateway":{
        "0":0.5665599343
    },
    "All":{
        "0":0.1578508885
    }
}