{
    "Actor":{
        "0":0.1453761872
    },
    "Activity":{
        "0":0.4284820687
    },
    "Activity Data":{
        "0":0.228396235
    },
    "Further Specification":{
        "0":0.493677168
    },
    "XOR Gateway":{
        "0":0.1446234848
    },
    "Condition Specification":{
        "0":0.4064502287
    },
    "AND Gateway":{
        "0":0.7308150183
    },
    "All":{
        "0":0.2031537159
    }
}