{
    "Actor":{
        "0":0.022457531
    },
    "Activity":{
        "0":0.0634970826
    },
    "Activity Data":{
        "0":0.0351441646
    },
    "Further Specification":{
        "0":0.071475172
    },
    "XOR Gateway":{
        "0":0.0218604409
    },
    "Condition Specification":{
        "0":0.0643476888
    },
    "AND Gateway":{
        "0":0.1140625
    },
    "All":{
        "0":0.0310424352
    }
}