{
    "Actor":{
        "0":0.154324768
    },
    "Activity":{
        "0":0.4550569261
    },
    "Activity Data":{
        "0":0.2447024526
    },
    "Further Specification":{
        "0":0.4826370104
    },
    "XOR Gateway":{
        "0":0.154253538
    },
    "Condition Specification":{
        "0":0.4415412561
    },
    "AND Gateway":{
        "0":0.7256043956
    },
    "All":{
        "0":0.2148937507
    }
}