{
    "Actor":{
        "0":0.1091045899,
        "1":0.1131296449,
        "2":0.1246707638,
        "3":0.1207327227,
        "4":0.1059322034
    },
    "Activity":{
        "0":0.3173076923,
        "1":0.3153153153,
        "2":0.3649517685,
        "3":0.3458646617,
        "4":0.3183183183
    },
    "Activity Data":{
        "0":0.166507177,
        "1":0.1799894124,
        "2":0.1912846633,
        "3":0.1858310627,
        "4":0.1757770632
    },
    "Further Specification":{
        "0":0.3694444444,
        "1":0.297826087,
        "2":0.3955223881,
        "3":0.3085106383,
        "4":0.4505119454
    },
    "XOR Gateway":{
        "0":0.0922330097,
        "1":0.1270718232,
        "2":0.1393939394,
        "3":0.1333333333,
        "4":0.0721649485
    },
    "Condition Specification":{
        "0":0.2877094972,
        "1":0.3306613226,
        "2":0.34082397,
        "3":0.3029850746,
        "4":0.2845528455
    },
    "AND Gateway":{
        "0":0.5416666667,
        "1":0.6666666667,
        "2":0.5333333333,
        "3":0.6428571429,
        "4":0.4482758621
    },
    "All":{
        "0":0.147991931,
        "1":0.1551584078,
        "2":0.1729112834,
        "3":0.1593625498,
        "4":0.1538302705
    }
}