{
    "Actor":{
        "0":0.0209955506,
        "1":0.02278402,
        "2":0.0220937129,
        "3":0.0240869018,
        "4":0.0223274696
    },
    "Activity":{
        "0":0.0613157895,
        "1":0.0613372093,
        "2":0.0652050114,
        "3":0.065462754,
        "4":0.0641646489
    },
    "Activity Data":{
        "0":0.0334185537,
        "1":0.0348151062,
        "2":0.0352308917,
        "3":0.0349526066,
        "4":0.0373036649
    },
    "Further Specification":{
        "0":0.0682692308,
        "1":0.0689163498,
        "2":0.0698529412,
        "3":0.0683797909,
        "4":0.0819575472
    },
    "XOR Gateway":{
        "0":0.0179924242,
        "1":0.0243644068,
        "2":0.0256410256,
        "3":0.025,
        "4":0.0163043478
    },
    "Condition Specification":{
        "0":0.0626436782,
        "1":0.0690993789,
        "2":0.0626623377,
        "3":0.0629391101,
        "4":0.0643939394
    },
    "AND Gateway":{
        "0":0.1171875,
        "1":0.1458333333,
        "2":0.09375,
        "3":0.1041666667,
        "4":0.109375
    },
    "All":{
        "0":0.029350251,
        "1":0.0310848617,
        "2":0.0311941632,
        "3":0.0313342318,
        "4":0.0322486684
    }
}