{
    "Actor":{
        "0":0.0640860215,
        "1":0.0692493947,
        "2":0.0718446602,
        "3":0.0735952263,
        "4":0.066701407
    },
    "Activity":{
        "0":0.192371476,
        "1":0.1918181818,
        "2":0.2089416058,
        "3":0.2100456621,
        "4":0.1964782206
    },
    "Activity Data":{
        "0":0.1015112632,
        "1":0.1059038344,
        "2":0.1124317379,
        "3":0.1089943785,
        "4":0.1118811881
    },
    "Further Specification":{
        "0":0.1962750716,
        "1":0.2022792023,
        "2":0.2242339833,
        "3":0.2214076246,
        "4":0.2407732865
    },
    "XOR Gateway":{
        "0":0.0584615385,
        "1":0.0771812081,
        "2":0.0821917808,
        "3":0.0823970037,
        "4":0.0447284345
    },
    "Condition Specification":{
        "0":0.1918552036,
        "1":0.212345679,
        "2":0.1907630522,
        "3":0.2003872217,
        "4":0.1824596774
    },
    "AND Gateway":{
        "0":0.3095238095,
        "1":0.4482758621,
        "2":0.2666666667,
        "3":0.3846153846,
        "4":0.3181818182
    },
    "All":{
        "0":0.0898132059,
        "1":0.0948130277,
        "2":0.0995785671,
        "3":0.0983645984,
        "4":0.0964007048
    }
}