{
    "Actor":{
        "0":0.0887145444,
        "1":0.0968858131,
        "2":0.0977596741,
        "3":0.1086797958,
        "4":0.0957854406
    },
    "Activity":{
        "0":0.2630979499,
        "1":0.2730819246,
        "2":0.3051075269,
        "3":0.2952503209,
        "4":0.2924137931
    },
    "Activity Data":{
        "0":0.1399521531,
        "1":0.1512345679,
        "2":0.1512866016,
        "3":0.1574370709,
        "4":0.1597087379
    },
    "Further Specification":{
        "0":0.2745490982,
        "1":0.2969072165,
        "2":0.3396624473,
        "3":0.2790262172,
        "4":0.3663911846
    },
    "XOR Gateway":{
        "0":0.0772357724,
        "1":0.108490566,
        "2":0.1111111111,
        "3":0.1189189189,
        "4":0.0673076923
    },
    "Condition Specification":{
        "0":0.2484993998,
        "1":0.3064220183,
        "2":0.2792792793,
        "3":0.3026706231,
        "4":0.2630813953
    },
    "AND Gateway":{
        "0":0.4516129032,
        "1":0.5217391304,
        "2":0.347826087,
        "3":0.4761904762,
        "4":0.4814814815
    },
    "All":{
        "0":0.1226698737,
        "1":0.1350269706,
        "2":0.1391884951,
        "3":0.1408940685,
        "4":0.1398809524
    }
}