{
    "Actor":{
        "0":0.0690953419
    },
    "Activity":{
        "0":0.1999310293
    },
    "Activity Data":{
        "0":0.1081444804
    },
    "Further Specification":{
        "0":0.2169938337
    },
    "XOR Gateway":{
        "0":0.0689919931
    },
    "Condition Specification":{
        "0":0.1955621668
    },
    "AND Gateway":{
        "0":0.3454527082
    },
    "All":{
        "0":0.0957940208
    }
}