{
    "Actor":{
        "0":0.2511585475
    },
    "Activity":{
        "0":0.2889519274
    },
    "Activity Data":{
        "0":0.2734898888
    },
    "Further Specification":{
        "0":0.3270877799
    },
    "XOR Gateway":{
        "0":0.272597882
    },
    "Condition Specification":{
        "0":0.3240036632
    },
    "AND Gateway":{
        "0":0.4766017316
    },
    "All":{
        "0":0.2753567322
    }
}