{
    "Actor":{
        "0":0.3839891452,
        "1":0.3913043478,
        "2":0.3918819188,
        "3":0.3891810669,
        "4":0.3822115385
    },
    "Activity":{
        "0":0.4490481523,
        "1":0.4516908213,
        "2":0.4603365385,
        "3":0.4444444444,
        "4":0.458703939
    },
    "Activity Data":{
        "0":0.4293672901,
        "1":0.4335403727,
        "2":0.4244699647,
        "3":0.4140987759,
        "4":0.4361111111
    },
    "Further Specification":{
        "0":0.502016129,
        "1":0.5050916497,
        "2":0.4982698962,
        "3":0.5036363636,
        "4":0.5158924205
    },
    "XOR Gateway":{
        "0":0.4102564103,
        "1":0.3949579832,
        "2":0.462962963,
        "3":0.4343434343,
        "4":0.4356435644
    },
    "Condition Specification":{
        "0":0.4957264957,
        "1":0.5016339869,
        "2":0.5007032349,
        "3":0.4733727811,
        "4":0.5067466267
    },
    "AND Gateway":{
        "0":0.625,
        "1":0.5,
        "2":0.5,
        "3":0.5,
        "4":0.5
    },
    "All":{
        "0":0.4247159091,
        "1":0.4317014721,
        "2":0.428181508,
        "3":0.4197856554,
        "4":0.4308490916
    }
}