{
    "Actor":{
        "0":0.1505102041,
        "1":0.1569583931,
        "2":0.1508819539,
        "3":0.1561327561,
        "4":0.1513016845
    },
    "Activity":{
        "0":0.1709473684,
        "1":0.1739534884,
        "2":0.1753986333,
        "3":0.1751693002,
        "4":0.1743341404
    },
    "Activity Data":{
        "0":0.165625,
        "1":0.1686495177,
        "2":0.1634304207,
        "3":0.1638709677,
        "4":0.1732269504
    },
    "Further Specification":{
        "0":0.1984615385,
        "1":0.208365019,
        "2":0.2032679739,
        "3":0.2076655052,
        "4":0.2150943396
    },
    "XOR Gateway":{
        "0":0.1548387097,
        "1":0.1566666667,
        "2":0.1824561404,
        "3":0.168627451,
        "4":0.1555555556
    },
    "Condition Specification":{
        "0":0.2018390805,
        "1":0.2068535826,
        "2":0.2083333333,
        "3":0.2004694836,
        "4":0.1944751381
    },
    "AND Gateway":{
        "0":0.25,
        "1":0.32,
        "2":0.2857142857,
        "3":0.2,
        "4":0.2545454545
    },
    "All":{
        "0":0.165480427,
        "1":0.1716363636,
        "2":0.1674668351,
        "3":0.1688055909,
        "4":0.169714084
    }
}