{
    "Actor":{
        "0":0.4453949751
    },
    "Activity":{
        "0":0.5216917536
    },
    "Activity Data":{
        "0":0.4838635913
    },
    "Further Specification":{
        "0":0.6023427797
    },
    "XOR Gateway":{
        "0":0.4771104015
    },
    "Condition Specification":{
        "0":0.5707975123
    },
    "AND Gateway":{
        "0":0.5864967849
    },
    "All":{
        "0":0.4882174203
    }
}