{
    "Actor":{
        "0":0.6212316543
    },
    "Activity":{
        "0":0.728190122
    },
    "Activity Data":{
        "0":0.6707309928
    },
    "Further Specification":{
        "0":0.8580286104
    },
    "XOR Gateway":{
        "0":0.6933570583
    },
    "Condition Specification":{
        "0":0.7696756391
    },
    "AND Gateway":{
        "0":0.8979946524
    },
    "All":{
        "0":0.6790066059
    }
}