{
    "Actor":{
        "0":0.271291833
    },
    "Activity":{
        "0":0.3121214885
    },
    "Activity Data":{
        "0":0.2944599282
    },
    "Further Specification":{
        "0":0.3464897256
    },
    "XOR Gateway":{
        "0":0.2909700517
    },
    "Condition Specification":{
        "0":0.3491525653
    },
    "AND Gateway":{
        "0":0.4260833333
    },
    "All":{
        "0":0.2960655557
    }
}