{
    "Actor":{
        "0":0.4777768457
    },
    "Activity":{
        "0":0.550900367
    },
    "Activity Data":{
        "0":0.5141821654
    },
    "Further Specification":{
        "0":0.6095473327
    },
    "XOR Gateway":{
        "0":0.5123958236
    },
    "Condition Specification":{
        "0":0.5861975039
    },
    "AND Gateway":{
        "0":0.6506060606
    },
    "All":{
        "0":0.5152401067
    }
}