{
    "Actor":{
        "0":0.1159394009
    },
    "Activity":{
        "0":0.2718493999
    },
    "Activity Data":{
        "0":0.1723934716
    },
    "Further Specification":{
        "0":0.3163817559
    },
    "XOR Gateway":{
        "0":0.0941942783
    },
    "Condition Specification":{
        "0":0.2823203764
    },
    "AND Gateway":{
        "0":0.425
    },
    "All":{
        "0":0.1404117314
    }
}