{
    "Actor":{
        "0":0.5162934984
    },
    "Activity":{
        "0":0.4953024085
    },
    "Activity Data":{
        "0":0.570474263
    },
    "Further Specification":{
        "0":0.6125212691
    },
    "XOR Gateway":{
        "0":0.5038357543
    },
    "Condition Specification":{
        "0":0.6116911369
    },
    "AND Gateway":{
        "0":0.613982684
    },
    "All":{
        "0":0.541759964
    }
}