{
    "Actor":{
        "0":0.5362047441,
        "1":0.553997195,
        "2":0.526,
        "3":0.5557894737,
        "4":0.5291005291
    },
    "Activity":{
        "0":0.4842105263,
        "1":0.4941860465,
        "2":0.5102505695,
        "3":0.5062006764,
        "4":0.5024213075
    },
    "Activity Data":{
        "0":0.5777533846,
        "1":0.6056894508,
        "2":0.5646637485,
        "3":0.579491256,
        "4":0.6281099956
    },
    "Further Specification":{
        "0":0.6269230769,
        "1":0.625,
        "2":0.6455284553,
        "3":0.624137931,
        "4":0.6455399061
    },
    "XOR Gateway":{
        "0":0.5161290323,
        "1":0.5666666667,
        "2":0.5789473684,
        "3":0.5098039216,
        "4":0.5648148148
    },
    "Condition Specification":{
        "0":0.6205714286,
        "1":0.6242236025,
        "2":0.6121919585,
        "3":0.6471962617,
        "4":0.5915300546
    },
    "AND Gateway":{
        "0":0.625,
        "1":0.65,
        "2":0.5,
        "3":0.5,
        "4":0.6956521739
    },
    "All":{
        "0":0.5483304042,
        "1":0.5721977484,
        "2":0.5489461358,
        "3":0.564713256,
        "4":0.5693838366
    }
}