{
    "Actor":{
        "0":0.5073170732,
        "1":0.513568521,
        "2":0.5100323625,
        "3":0.5316541865,
        "4":0.5188953488
    },
    "Activity":{
        "0":0.48,
        "1":0.4912891986,
        "2":0.5022727273,
        "3":0.508988764,
        "4":0.4939613527
    },
    "Activity Data":{
        "0":0.5638450502,
        "1":0.5880998081,
        "2":0.544500583,
        "3":0.5548237117,
        "4":0.6011021619
    },
    "Further Specification":{
        "0":0.5962616822,
        "1":0.6115241636,
        "2":0.6265822785,
        "3":0.613559322,
        "4":0.6146788991
    },
    "XOR Gateway":{
        "0":0.4758064516,
        "1":0.5,
        "2":0.5526315789,
        "3":0.5,
        "4":0.4907407407
    },
    "Condition Specification":{
        "0":0.6292134831,
        "1":0.6151515152,
        "2":0.5880102041,
        "3":0.6439909297,
        "4":0.5820895522
    },
    "AND Gateway":{
        "0":0.6666666667,
        "1":0.65,
        "2":0.5714285714,
        "3":0.5,
        "4":0.6818181818
    },
    "All":{
        "0":0.5330168321,
        "1":0.5492194967,
        "2":0.5305716906,
        "3":0.5465543645,
        "4":0.5494374361
    }
}