{
    "Bleu Score":{
        "0":0.9761859671,
        "1":0.9839748749,
        "2":0.9834974624,
        "3":0.9835727619,
        "4":0.974883023
    }
}