{
    "Bleu Score":{
        "0":0.9786068751,
        "1":0.9738822859,
        "2":0.976804362,
        "3":0.9787453647,
        "4":0.9754066175
    }
}