{
    "Actor":{
        "0":0.0403225806,
        "1":0.0427590512,
        "2":0.0421115065,
        "3":0.0456549118,
        "4":0.0422868742
    },
    "Activity":{
        "0":0.1284210526,
        "1":0.1308139535,
        "2":0.1383826879,
        "3":0.1360045147,
        "4":0.1355932203
    },
    "Activity Data":{
        "0":0.0640978817,
        "1":0.0672698662,
        "2":0.0678742038,
        "3":0.0677330174,
        "4":0.0719895288
    },
    "Further Specification":{
        "0":0.1278846154,
        "1":0.1311787072,
        "2":0.1299019608,
        "3":0.1271777003,
        "4":0.1568396226
    },
    "XOR Gateway":{
        "0":0.0359848485,
        "1":0.0487288136,
        "2":0.0491452991,
        "3":0.05,
        "4":0.0304347826
    },
    "Condition Specification":{
        "0":0.1212643678,
        "1":0.1304347826,
        "2":0.1220779221,
        "3":0.12529274,
        "4":0.1301652893
    },
    "AND Gateway":{
        "0":0.234375,
        "1":0.25,
        "2":0.1666666667,
        "3":0.2083333333,
        "4":0.234375
    },
    "All":{
        "0":0.0568878974,
        "1":0.0600714952,
        "2":0.0606015485,
        "3":0.0604222821,
        "4":0.0628328895
    }
}