{
    "Actor":{
        "0":0.0472747497,
        "1":0.047752809,
        "2":0.0474495848,
        "3":0.052581864,
        "4":0.0456698241
    },
    "Activity":{
        "0":0.1236842105,
        "1":0.123255814,
        "2":0.1326879271,
        "3":0.1343115124,
        "4":0.1295399516
    },
    "Activity Data":{
        "0":0.0666544923,
        "1":0.0700236035,
        "2":0.070660828,
        "3":0.0706951027,
        "4":0.0770069808
    },
    "Further Specification":{
        "0":0.1326923077,
        "1":0.1349809886,
        "2":0.1348039216,
        "3":0.1332752613,
        "4":0.1591981132
    },
    "XOR Gateway":{
        "0":0.0359848485,
        "1":0.0487288136,
        "2":0.0491452991,
        "3":0.05,
        "4":0.0304347826
    },
    "Condition Specification":{
        "0":0.1270114943,
        "1":0.1405279503,
        "2":0.1272727273,
        "3":0.12529274,
        "4":0.1287878788
    },
    "AND Gateway":{
        "0":0.234375,
        "1":0.375,
        "2":0.25,
        "3":0.2708333333,
        "4":0.296875
    },
    "All":{
        "0":0.0577244841,
        "1":0.0603046316,
        "2":0.0603782013,
        "3":0.0606469003,
        "4":0.0635818908
    }
}