{
    "Actor":{
        "0":0.0434313166
    },
    "Activity":{
        "0":0.1287060134
    },
    "Activity Data":{
        "0":0.0689787864
    },
    "Further Specification":{
        "0":0.1366087923
    },
    "XOR Gateway":{
        "0":0.0445991561
    },
    "Condition Specification":{
        "0":0.1227931437
    },
    "AND Gateway":{
        "0":0.2104166667
    },
    "All":{
        "0":0.0598995033
    }
}