{
    "Actor":{
        "0":0.0481457663
    },
    "Activity":{
        "0":0.1286958831
    },
    "Activity Data":{
        "0":0.0710082015
    },
    "Further Specification":{
        "0":0.1389901185
    },
    "XOR Gateway":{
        "0":0.0428587488
    },
    "Condition Specification":{
        "0":0.1297785581
    },
    "AND Gateway":{
        "0":0.2854166667
    },
    "All":{
        "0":0.0605272216
    }
}