{
    "Actor":{
        "0":0.0549551426
    },
    "Activity":{
        "0":0.1262138358
    },
    "Activity Data":{
        "0":0.0724407756
    },
    "Further Specification":{
        "0":0.1360387879
    },
    "XOR Gateway":{
        "0":0.0537320258
    },
    "Condition Specification":{
        "0":0.137225834
    },
    "AND Gateway":{
        "0":0.253125
    },
    "All":{
        "0":0.0605497071
    }
}