{
    "Actor":{
        "0":0.0414349277,
        "1":0.0436953808,
        "2":0.043594306,
        "3":0.0472292191,
        "4":0.0439783491
    },
    "Activity":{
        "0":0.1236842105,
        "1":0.125,
        "2":0.132118451,
        "3":0.131489842,
        "4":0.1307506053
    },
    "Activity Data":{
        "0":0.0648283419,
        "1":0.0678599528,
        "2":0.0688694268,
        "3":0.0691153239,
        "4":0.0728621291
    },
    "Further Specification":{
        "0":0.1317307692,
        "1":0.1349809886,
        "2":0.1339869281,
        "3":0.1306620209,
        "4":0.1603773585
    },
    "XOR Gateway":{
        "0":0.0776515152,
        "1":0.0868644068,
        "2":0.0833333333,
        "3":0.0909090909,
        "4":0.0673913043
    },
    "Condition Specification":{
        "0":0.1212643678,
        "1":0.1296583851,
        "2":0.1220779221,
        "3":0.1223653396,
        "4":0.1212121212
    },
    "AND Gateway":{
        "0":0.265625,
        "1":0.3541666667,
        "2":0.2708333333,
        "3":0.2708333333,
        "4":0.25
    },
    "All":{
        "0":0.0566787507,
        "1":0.0599160709,
        "2":0.0605270995,
        "3":0.0603474094,
        "4":0.0626664447
    }
}