{
    "Actor":{
        "0":0.0545336954
    },
    "Activity":{
        "0":0.1310264866
    },
    "Activity Data":{
        "0":0.0724863661
    },
    "Further Specification":{
        "0":0.135255769
    },
    "XOR Gateway":{
        "0":0.0671248423
    },
    "Condition Specification":{
        "0":0.1385295497
    },
    "AND Gateway":{
        "0":0.23125
    },
    "All":{
        "0":0.0613936233
    }
}