{
    "Actor":{
        "0":0.1792091837,
        "1":0.1897417504,
        "2":0.1814789688,
        "3":0.1893939394,
        "4":0.1856814701
    },
    "Activity":{
        "0":0.2157894737,
        "1":0.2226744186,
        "2":0.2226651481,
        "3":0.2217832957,
        "4":0.2263922518
    },
    "Activity Data":{
        "0":0.1979166667,
        "1":0.2049839228,
        "2":0.1931634304,
        "3":0.1961693548,
        "4":0.2065602837
    },
    "Further Specification":{
        "0":0.2288461538,
        "1":0.2395437262,
        "2":0.2336601307,
        "3":0.2325783972,
        "4":0.2429245283
    },
    "XOR Gateway":{
        "0":0.1975806452,
        "1":0.2125,
        "2":0.2368421053,
        "3":0.2303921569,
        "4":0.1990740741
    },
    "Condition Specification":{
        "0":0.2402298851,
        "1":0.2523364486,
        "2":0.2415364583,
        "3":0.2376760563,
        "4":0.2458563536
    },
    "AND Gateway":{
        "0":0.25,
        "1":0.25,
        "2":0.25,
        "3":0.25,
        "4":0.25
    },
    "All":{
        "0":0.1986951364,
        "1":0.2088429752,
        "2":0.2000157928,
        "3":0.2029860229,
        "4":0.2070243558
    }
}