{
    "Actor":{
        "0":0.1851010625
    },
    "Activity":{
        "0":0.2218609176
    },
    "Activity Data":{
        "0":0.1997587317
    },
    "Further Specification":{
        "0":0.2355105873
    },
    "XOR Gateway":{
        "0":0.2152777963
    },
    "Condition Specification":{
        "0":0.2435270404
    },
    "AND Gateway":{
        "0":0.25
    },
    "All":{
        "0":0.2035128566
    }
}