{
    "Actor":{
        "0":0.2072704082,
        "1":0.212697274,
        "2":0.2062415197,
        "3":0.2113997114,
        "4":0.2036753446
    },
    "Activity":{
        "0":0.2973684211,
        "1":0.2912790698,
        "2":0.2892938497,
        "3":0.2923250564,
        "4":0.2857142857
    },
    "Activity Data":{
        "0":0.2224702381,
        "1":0.2272909968,
        "2":0.2131877023,
        "3":0.2185483871,
        "4":0.2271719858
    },
    "Further Specification":{
        "0":0.2394230769,
        "1":0.2461977186,
        "2":0.2328431373,
        "3":0.2386759582,
        "4":0.2429245283
    },
    "XOR Gateway":{
        "0":0.1935483871,
        "1":0.1958333333,
        "2":0.2192982456,
        "3":0.2107843137,
        "4":0.1944444444
    },
    "Condition Specification":{
        "0":0.2775862069,
        "1":0.2904984424,
        "2":0.2760416667,
        "3":0.2805164319,
        "4":0.273480663
    },
    "AND Gateway":{
        "0":0.25,
        "1":0.25,
        "2":0.25,
        "3":0.25,
        "4":0.25
    },
    "All":{
        "0":0.2305753262,
        "1":0.2365289256,
        "2":0.2248104864,
        "3":0.2318138501,
        "4":0.2303212143
    }
}