{
    "Actor":{
        "0":0.1960933225
    },
    "Activity":{
        "0":0.2229884162
    },
    "Activity Data":{
        "0":0.2189945645
    },
    "Further Specification":{
        "0":0.2566269342
    },
    "XOR Gateway":{
        "0":0.2079790347
    },
    "Condition Specification":{
        "0":0.2574438075
    },
    "AND Gateway":{
        "0":0.459978355
    },
    "All":{
        "0":0.2164995606
    }
}