{
    "Actor":{
        "0":0.1772959184,
        "1":0.1861549498,
        "2":0.1791044776,
        "3":0.1857864358,
        "4":0.1830015314
    },
    "Activity":{
        "0":0.2110526316,
        "1":0.2151162791,
        "2":0.2164009112,
        "3":0.2133182844,
        "4":0.2167070218
    },
    "Activity Data":{
        "0":0.1958705357,
        "1":0.2023713826,
        "2":0.1919498382,
        "3":0.1945564516,
        "4":0.2045656028
    },
    "Further Specification":{
        "0":0.2269230769,
        "1":0.2357414449,
        "2":0.2303921569,
        "3":0.2290940767,
        "4":0.2382075472
    },
    "XOR Gateway":{
        "0":0.1935483871,
        "1":0.1958333333,
        "2":0.2192982456,
        "3":0.2107843137,
        "4":0.1944444444
    },
    "Condition Specification":{
        "0":0.2287356322,
        "1":0.2320872274,
        "2":0.2265625,
        "3":0.2288732394,
        "4":0.2258287293
    },
    "AND Gateway":{
        "0":0.25,
        "1":0.25,
        "2":0.25,
        "3":0.25,
        "4":0.25
    },
    "All":{
        "0":0.1950622776,
        "1":0.2030578512,
        "2":0.1956727732,
        "3":0.1986181703,
        "4":0.2012883869
    }
}