{
    "0.0":{
        "0.25":0.2378511926,
        "0.5":0.2378511926,
        "0.75":0.2378511926,
        "1.0":0.2378511926
    },
    "0.1":{
        "0.25":0.2204116023,
        "0.5":0.2204116023,
        "0.75":0.2204116023,
        "1.0":0.218969174
    },
    "0.2":{
        "0.25":0.2011453061,
        "0.5":0.2011453061,
        "0.75":0.2011453061,
        "1.0":0.195494526
    },
    "0.3":{
        "0.25":0.1835408949,
        "0.5":0.1835408949,
        "0.75":0.1835408949,
        "1.0":0.1907464695
    },
    "0.4":{
        "0.25":0.1685612006,
        "0.5":0.1685612006,
        "0.75":0.1685612006,
        "1.0":0.1763550657
    },
    "0.5":{
        "0.25":0.1516048027,
        "0.5":0.1516048027,
        "0.75":0.1516048027,
        "1.0":0.1593453591
    },
    "0.6":{
        "0.25":0.1470114999,
        "0.5":0.1470114999,
        "0.75":0.1470114999,
        "1.0":0.1493482173
    },
    "0.7":{
        "0.25":0.1407162871,
        "0.5":0.1407162871,
        "0.75":0.1407162871,
        "1.0":0.1403310655
    },
    "0.8":{
        "0.25":0.1309459409,
        "0.5":0.1309459409,
        "0.75":0.1309459409,
        "1.0":0.1326414102
    },
    "0.9":{
        "0.25":0.1237392257,
        "0.5":0.1237392257,
        "0.75":0.1237392257,
        "1.0":0.1271740394
    },
    "1.0":{
        "0.25":0.1189255963,
        "0.5":0.1189255963,
        "0.75":0.1189255963,
        "1.0":0.1189255963
    },
    "1.25":{
        "0.25":0.103937683,
        "0.5":0.103937683,
        "0.75":0.103937683,
        "1.0":0.1050427934
    },
    "1.5":{
        "0.25":0.0957618419,
        "0.5":0.0957618419,
        "0.75":0.0957618419,
        "1.0":0.0964479742
    },
    "1.75":{
        "0.25":0.0863421099,
        "0.5":0.0863421099,
        "0.75":0.0863421099,
        "1.0":0.0869945229
    },
    "2.0":{
        "0.25":0.0792837309,
        "0.5":0.0792837309,
        "0.75":0.0792837309,
        "1.0":0.0792837309
    },
    "3.0":{
        "0.25":0.0594627981,
        "0.5":0.0594627981,
        "0.75":0.0594627981,
        "1.0":0.0594627981
    },
    "4.0":{
        "0.25":0.0475702385,
        "0.5":0.0475702385,
        "0.75":0.0475702385,
        "1.0":0.0475702385
    },
    "5.0":{
        "0.25":0.0396418654,
        "0.5":0.0396418654,
        "0.75":0.0396418654,
        "1.0":0.0396418654
    },
    "7.0":{
        "0.25":0.0297313991,
        "0.5":0.0297313991,
        "0.75":0.0297313991,
        "1.0":0.0297313991
    },
    "10.0":{
        "0.25":0.0216228357,
        "0.5":0.0216228357,
        "0.75":0.0216228357,
        "1.0":0.0216228357
    }
}