{
    "0.0":{
        "0.25":0.0,
        "0.5":0.0,
        "0.75":0.0,
        "1.0":0.0
    },
    "0.1":{
        "0.25":0.0002637652,
        "0.5":0.0002637652,
        "0.75":0.0004948455,
        "1.0":0.002994798
    },
    "0.2":{
        "0.25":0.001078065,
        "0.5":0.0025091724,
        "0.75":0.0038531235,
        "1.0":0.0066632083
    },
    "0.3":{
        "0.25":0.0010287107,
        "0.5":0.0034181319,
        "0.75":0.004852312,
        "1.0":0.005255018
    },
    "0.4":{
        "0.25":0.0019169065,
        "0.5":0.0045428356,
        "0.75":0.0073676224,
        "1.0":0.0070591016
    },
    "0.5":{
        "0.25":0.003681884,
        "0.5":0.0067470617,
        "0.75":0.0084771945,
        "1.0":0.0081113638
    },
    "0.6":{
        "0.25":0.0026643516,
        "0.5":0.0054180327,
        "0.75":0.0086354251,
        "1.0":0.010991483
    },
    "0.7":{
        "0.25":0.0034120507,
        "0.5":0.0058739877,
        "0.75":0.0087914661,
        "1.0":0.0113441843
    },
    "0.8":{
        "0.25":0.003300847,
        "0.5":0.0068666416,
        "0.75":0.0102429876,
        "1.0":0.0121848146
    },
    "0.9":{
        "0.25":0.0039870853,
        "0.5":0.0080321899,
        "0.75":0.0111015603,
        "1.0":0.0122137836
    },
    "1.0":{
        "0.25":0.0027585412,
        "0.5":0.0059288895,
        "0.75":0.010713899,
        "1.0":0.0139267576
    },
    "1.25":{
        "0.25":0.0024457925,
        "0.5":0.0063202597,
        "0.75":0.0098136694,
        "1.0":0.0123015056
    },
    "1.5":{
        "0.25":0.0033466198,
        "0.5":0.0071466244,
        "0.75":0.0092232013,
        "1.0":0.0112892346
    },
    "1.75":{
        "0.25":0.0040154874,
        "0.5":0.0066259948,
        "0.75":0.0084602984,
        "1.0":0.0101835916
    },
    "2.0":{
        "0.25":0.004606488,
        "0.5":0.0067897176,
        "0.75":0.008600956,
        "1.0":0.009284505
    },
    "3.0":{
        "0.25":0.0041934907,
        "0.5":0.0058084778,
        "0.75":0.006761671,
        "1.0":0.0069633787
    },
    "4.0":{
        "0.25":0.0037016775,
        "0.5":0.0050286036,
        "0.75":0.005570703,
        "1.0":0.005570703
    },
    "5.0":{
        "0.25":0.0036944586,
        "0.5":0.0044523777,
        "0.75":0.0046422525,
        "1.0":0.0046422525
    },
    "7.0":{
        "0.25":0.0030185327,
        "0.5":0.0034816894,
        "0.75":0.0034816894,
        "1.0":0.0034816894
    },
    "10.0":{
        "0.25":0.0023548288,
        "0.5":0.0025321378,
        "0.75":0.0025321378,
        "1.0":0.0025321378
    }
}