{
    "0.0":{
        "0.25":0.7946997503,
        "0.5":0.7946997503,
        "0.75":0.7946997503,
        "1.0":0.7946997503
    },
    "0.1":{
        "0.25":0.7367954992,
        "0.5":0.7367954992,
        "0.75":0.7370265795,
        "1.0":0.7340984138
    },
    "0.2":{
        "0.25":0.6726729214,
        "0.5":0.6741040288,
        "0.75":0.6754479799,
        "1.0":0.6586188186
    },
    "0.3":{
        "0.25":0.6146918869,
        "0.5":0.6170813081,
        "0.75":0.6185154882,
        "1.0":0.6426432422
    },
    "0.4":{
        "0.25":0.564608166,
        "0.5":0.5672340951,
        "0.75":0.5700588819,
        "1.0":0.5963898514
    },
    "0.5":{
        "0.25":0.5101586284,
        "0.5":0.5132238061,
        "0.75":0.5149539389,
        "1.0":0.5410565278
    },
    "0.6":{
        "0.25":0.4931336575,
        "0.5":0.4958873386,
        "0.75":0.499104731,
        "1.0":0.5100252144
    },
    "0.7":{
        "0.25":0.473426228,
        "0.5":0.475888165,
        "0.75":0.4788056434,
        "1.0":0.4804879863
    },
    "0.8":{
        "0.25":0.4407777023,
        "0.5":0.4443434969,
        "0.75":0.4477198429,
        "1.0":0.4556269132
    },
    "0.9":{
        "0.25":0.4171876984,
        "0.5":0.421232803,
        "0.75":0.4243021734,
        "1.0":0.4371616572
    },
    "1.0":{
        "0.25":0.4001084163,
        "0.5":0.4032787646,
        "0.75":0.4080637741,
        "1.0":0.4112766327
    },
    "1.25":{
        "0.25":0.3496664404,
        "0.5":0.3535409076,
        "0.75":0.3570343173,
        "1.0":0.3634266094
    },
    "1.5":{
        "0.25":0.3234015889,
        "0.5":0.3272015935,
        "0.75":0.3292781704,
        "1.0":0.3334343797
    },
    "1.75":{
        "0.25":0.2926391323,
        "0.5":0.2952496397,
        "0.75":0.2970839433,
        "1.0":0.3007834447
    },
    "2.0":{
        "0.25":0.2695064048,
        "0.5":0.2716896344,
        "0.75":0.2735008728,
        "1.0":0.2741844218
    },
    "3.0":{
        "0.25":0.2028684283,
        "0.5":0.2044834154,
        "0.75":0.2054366086,
        "1.0":0.2056383163
    },
    "4.0":{
        "0.25":0.1626416276,
        "0.5":0.1639685537,
        "0.75":0.1645106531,
        "1.0":0.1645106531
    },
    "5.0":{
        "0.25":0.136144417,
        "0.5":0.1369023361,
        "0.75":0.1370922109,
        "1.0":0.1370922109
    },
    "7.0":{
        "0.25":0.1023560015,
        "0.5":0.1028191582,
        "0.75":0.1028191582,
        "1.0":0.1028191582
    },
    "10.0":{
        "0.25":0.0746002606,
        "0.5":0.0747775696,
        "0.75":0.0747775696,
        "1.0":0.0747775696
    }
}