{
    "F1 CRF":{
        "0.0":0.5253656897,
        "0.1":0.5243695761,
        "0.2":0.5162372954,
        "0.3":0.5510103235,
        "0.4":0.5383492919,
        "0.5":0.5147249151,
        "0.6":0.5679447752,
        "0.7":0.5299492651,
        "0.8":0.579233347,
        "0.9":0.5810765698,
        "1.0":0.586728124,
        "1.25":0.5830212918,
        "1.5":0.5706571072,
        "1.75":0.5444240918,
        "2.0":0.555112375,
        "3.0":0.5811271526,
        "4.0":0.5742533416,
        "5.0":0.5428520134,
        "7.0":0.5474091054,
        "10.0":0.530684207
    },
    "F1 Neural":{
        "0.0":0.3280385747,
        "0.1":0.3347351118,
        "0.2":0.325789525,
        "0.3":0.3204104139,
        "0.4":0.3365375864,
        "0.5":0.331691164,
        "0.6":0.3321496865,
        "0.7":0.3236984781,
        "0.8":0.3355904333,
        "0.9":0.3257762941,
        "1.0":0.3255466825,
        "1.25":0.3350638391,
        "1.5":0.3281846137,
        "1.75":0.3224601274,
        "2.0":0.3261144622,
        "3.0":0.3218588833,
        "4.0":0.3262622537,
        "5.0":0.3196982307,
        "7.0":0.3267261199,
        "10.0":0.3167873916
    },
    "F1 Relation":{
        "0.0":0.2961172686,
        "0.1":0.2916588904,
        "0.2":0.2908045191,
        "0.3":0.2693155425,
        "0.4":0.2947306697,
        "0.5":0.28860479,
        "0.6":0.2931699353,
        "0.7":0.3064934833,
        "0.8":0.3033572268,
        "0.9":0.3189350031,
        "1.0":0.3041620068,
        "1.25":0.3045601082,
        "1.5":0.3086975253,
        "1.75":0.3005480916,
        "2.0":0.3041929713,
        "3.0":0.3025347477,
        "4.0":0.3022215972,
        "5.0":0.3112334606,
        "7.0":0.2921234239,
        "10.0":0.282735214
    },
    "TTR":{
        "0.0":0.2378511926,
        "0.1":0.2205360191,
        "0.2":0.2019002469,
        "0.3":0.1844289581,
        "0.4":0.1696582914,
        "0.5":0.1531524,
        "0.6":0.1484449604,
        "0.7":0.1421796583,
        "0.8":0.1327066194,
        "0.9":0.1257952408,
        "1.0":0.1205283799,
        "1.25":0.1054500892,
        "1.5":0.0976327559,
        "1.75":0.0880225473,
        "2.0":0.081002024,
        "3.0":0.0608525481,
        "4.0":0.0487349525,
        "5.0":0.0406813581,
        "7.0":0.0305483278,
        "10.0":0.0222169657
    },
    "UCER":{
        "0.0":0.7946997503,
        "0.1":0.7367954992,
        "0.2":0.6741040288,
        "0.3":0.6170813081,
        "0.4":0.5672340951,
        "0.5":0.5132238061,
        "0.6":0.4958873386,
        "0.7":0.475888165,
        "0.8":0.4443434969,
        "0.9":0.421232803,
        "1.0":0.4032787646,
        "1.25":0.3535409076,
        "1.5":0.3272015935,
        "1.75":0.2952496397,
        "2.0":0.2716896344,
        "3.0":0.2044834154,
        "4.0":0.1639685537,
        "5.0":0.1369023361,
        "7.0":0.1028191582,
        "10.0":0.0747775696
    },
    "BertScore":{
        "0.0":1.0,
        "0.1":0.9999222517,
        "0.2":0.9996501327,
        "0.3":0.9996052742,
        "0.4":0.9994846463,
        "0.5":0.999272573,
        "0.6":0.9992229462,
        "0.7":0.999206841,
        "0.8":0.999119544,
        "0.9":0.9989434958,
        "1.0":0.9992144704,
        "1.25":0.999061811,
        "1.5":0.9988313913,
        "1.75":0.9988482952,
        "2.0":0.9986368775,
        "3.0":0.9986716509,
        "4.0":0.9985121489,
        "5.0":0.9984511971,
        "7.0":0.998360765,
        "10.0":0.9983412385
    }
}