{
    "Bert Score":{
        "0":0.9990974665,
        "1":0.999399662,
        "2":0.9997957945,
        "3":0.9996296763,
        "4":0.9995006323
    }
}