{
    "Bert Score":{
        "0":0.9993523359,
        "1":0.99945122,
        "2":0.9984056354,
        "3":0.9993777871,
        "4":0.9990107417
    }
}