{
    "Bert Score":{
        "0":0.9987011552,
        "1":0.9990060329,
        "2":0.9989793301,
        "3":0.9984167814,
        "4":0.9990536571
    }
}