{
    "Bert Score":{
        "0":0.9991019368,
        "1":0.9989524484,
        "2":0.9986380935,
        "3":0.9988777637,
        "4":0.9986712337
    }
}