{
    "Bert Score":{
        "0":0.9988348484,
        "1":0.9991155863,
        "2":0.999363184,
        "3":0.999344945,
        "4":0.9986504912
    }
}