{
    "Bert Score":{
        "0":0.9997506142,
        "1":0.9994698167,
        "2":0.9999061227,
        "3":0.9996224642,
        "4":0.9992773533
    }
}