{
    "Bert Score":{
        "0":0.9986236691,
        "1":0.9985399246,
        "2":0.9984127283,
        "3":0.9985203743,
        "4":0.9981592894
    }
}