{
    "Bert Score":{
        "0":0.998588264,
        "1":0.9986703992,
        "2":0.9984489083,
        "3":0.9984041452,
        "4":0.9984490275
    }
}