{
    "Actor":{
        "0":0.0578174764
    },
    "Activity":{
        "0":0.1696420129
    },
    "Activity Data":{
        "0":0.0911493807
    },
    "Further Specification":{
        "0":0.1859575506
    },
    "XOR Gateway":{
        "0":0.0571449983
    },
    "Condition Specification":{
        "0":0.165186463
    },
    "AND Gateway":{
        "0":0.2791666667
    },
    "All":{
        "0":0.081002024
    }
}