{
    "Actor":{
        "0":0.062211013,
        "1":0.0732600733,
        "2":0.0702179177,
        "3":0.0769633508,
        "4":0.0684410646
    },
    "Activity":{
        "0":0.1852146264,
        "1":0.2062561095,
        "2":0.2100917431,
        "3":0.2176360225,
        "4":0.2015137181
    },
    "Activity Data":{
        "0":0.0986622074,
        "1":0.1147704591,
        "2":0.1100323625,
        "3":0.1144360408,
        "4":0.114918657
    },
    "Further Specification":{
        "0":0.197740113,
        "1":0.2406143345,
        "2":0.2042079208,
        "3":0.1961038961,
        "4":0.2591876209
    },
    "XOR Gateway":{
        "0":0.0539772727,
        "1":0.083032491,
        "2":0.0774410774,
        "3":0.0836501901,
        "4":0.045751634
    },
    "Condition Specification":{
        "0":0.1848299913,
        "1":0.2089552239,
        "2":0.1886982846,
        "3":0.2105263158,
        "4":0.1958650707
    },
    "AND Gateway":{
        "0":0.3255813953,
        "1":0.48,
        "2":0.2857142857,
        "3":0.3214285714,
        "4":0.3333333333
    },
    "All":{
        "0":0.0870712401,
        "1":0.1020702306,
        "2":0.0976221771,
        "3":0.1014133399,
        "4":0.0999867917
    }
}