{
    "Actor":{
        "0":0.1114022479
    },
    "Activity":{
        "0":0.3246398194
    },
    "Activity Data":{
        "0":0.1729530194
    },
    "Further Specification":{
        "0":0.3565491906
    },
    "XOR Gateway":{
        "0":0.1069173056
    },
    "Condition Specification":{
        "0":0.3046822872
    },
    "AND Gateway":{
        "0":0.5199342346
    },
    "All":{
        "0":0.1531524
    }
}