{
    "Actor":{
        "0":0.0829045169,
        "1":0.0894839974,
        "2":0.0879256966,
        "3":0.095709571,
        "4":0.0899928006
    },
    "Activity":{
        "0":0.2546857773,
        "1":0.2521008403,
        "2":0.268321513,
        "3":0.2725118483,
        "4":0.265
    },
    "Activity Data":{
        "0":0.1311722578,
        "1":0.1390593047,
        "2":0.1411273486,
        "3":0.1420833333,
        "4":0.1507352941
    },
    "Further Specification":{
        "0":0.2638888889,
        "1":0.268627451,
        "2":0.2676767677,
        "3":0.2552816901,
        "4":0.3165467626
    },
    "XOR Gateway":{
        "0":0.0736434109,
        "1":0.099137931,
        "2":0.1013215859,
        "3":0.1089108911,
        "4":0.0630630631
    },
    "Condition Specification":{
        "0":0.2415005862,
        "1":0.2562111801,
        "2":0.2410596026,
        "3":0.2566371681,
        "4":0.241046832
    },
    "AND Gateway":{
        "0":0.4333333333,
        "1":0.5,
        "2":0.347826087,
        "3":0.375,
        "4":0.40625
    },
    "All":{
        "0":0.1160483175,
        "1":0.1228493327,
        "2":0.1243996902,
        "3":0.1261034048,
        "4":0.1292953835
    }
}