{
    "Actor":{
        "0":0.0985915493,
        "1":0.1055045872,
        "2":0.1062730627,
        "3":0.1113636364,
        "4":0.1086012163
    },
    "Activity":{
        "0":0.2985842986,
        "1":0.2886456908,
        "2":0.3318777293,
        "3":0.3357452967,
        "4":0.3193403298
    },
    "Activity Data":{
        "0":0.1563055062,
        "1":0.1601507301,
        "2":0.1700201207,
        "3":0.1692155895,
        "4":0.1806768559
    },
    "Further Specification":{
        "0":0.3199052133,
        "1":0.2816901408,
        "2":0.3360488798,
        "3":0.3147751606,
        "4":0.3704735376
    },
    "XOR Gateway":{
        "0":0.0909090909,
        "1":0.1133004926,
        "2":0.1314285714,
        "3":0.1358024691,
        "4":0.08
    },
    "Condition Specification":{
        "0":0.3053097345,
        "1":0.2989130435,
        "2":0.3062913907,
        "3":0.3275039746,
        "4":0.2991596639
    },
    "AND Gateway":{
        "0":0.5,
        "1":0.5454545455,
        "2":0.4444444444,
        "3":0.5294117647,
        "4":0.5416666667
    },
    "All":{
        "0":0.1390264731,
        "1":0.141464312,
        "2":0.1526889808,
        "3":0.1522680218,
        "4":0.1567770144
    }
}