{
    "Actor":{
        "0":0.0213134924
    },
    "Activity":{
        "0":0.0631069179
    },
    "Activity Data":{
        "0":0.0336594883
    },
    "Further Specification":{
        "0":0.0669981711
    },
    "XOR Gateway":{
        "0":0.0214293744
    },
    "Condition Specification":{
        "0":0.0604054088
    },
    "AND Gateway":{
        "0":0.1010416667
    },
    "All":{
        "0":0.0297313991
    }
}