{
    "Actor":{
        "0":0.3906685237,
        "1":0.4144427002,
        "2":0.3897810219,
        "3":0.4107850912,
        "4":0.4106073567
    },
    "Activity":{
        "0":0.4694348328,
        "1":0.4895561358,
        "2":0.4770755886,
        "3":0.4688644689,
        "4":0.4858299595
    },
    "Activity Data":{
        "0":0.4337299959,
        "1":0.4517271922,
        "2":0.4319606088,
        "3":0.423395897,
        "4":0.4657804037
    },
    "Further Specification":{
        "0":0.5143442623,
        "1":0.5360169492,
        "2":0.5404411765,
        "3":0.4926739927,
        "4":0.5173267327
    },
    "XOR Gateway":{
        "0":0.4033613445,
        "1":0.4947368421,
        "2":0.4901960784,
        "3":0.4574468085,
        "4":0.42
    },
    "Condition Specification":{
        "0":0.525974026,
        "1":0.552919708,
        "2":0.5233236152,
        "3":0.4968474149,
        "4":0.511700468
    },
    "AND Gateway":{
        "0":0.5714285714,
        "1":0.5882352941,
        "2":0.7142857143,
        "3":0.5,
        "4":0.7368421053
    },
    "All":{
        "0":0.4346692734,
        "1":0.4593001842,
        "2":0.4396387007,
        "3":0.4338487973,
        "4":0.4542605289
    }
}