{
    "Actor":{
        "0":0.0662105751,
        "1":0.0697795748,
        "2":0.067102504,
        "3":0.0690017054,
        "4":0.0671028818
    },
    "Activity":{
        "0":0.078277512,
        "1":0.0801268499,
        "2":0.0803478981,
        "3":0.0794171968,
        "4":0.0792427911
    },
    "Activity Data":{
        "0":0.0729166667,
        "1":0.0757819351,
        "2":0.0715651662,
        "3":0.0730938416,
        "4":0.0770470664
    },
    "Further Specification":{
        "0":0.0891608392,
        "1":0.0919460767,
        "2":0.0903149138,
        "3":0.0896420653,
        "4":0.0904802744
    },
    "XOR Gateway":{
        "0":0.0703812317,
        "1":0.0712121212,
        "2":0.0797448166,
        "3":0.0766488414,
        "4":0.0707070707
    },
    "Condition Specification":{
        "0":0.0877742947,
        "1":0.0866610025,
        "2":0.087594697,
        "3":0.0872812633,
        "4":0.0863887494
    },
    "AND Gateway":{
        "0":0.1136363636,
        "1":0.1181818182,
        "2":0.1298701299,
        "3":0.0909090909,
        "4":0.1157024793
    },
    "All":{
        "0":0.0734120565,
        "1":0.0763636364,
        "2":0.0738815827,
        "3":0.0748527203,
        "4":0.0753778519
    }
}