{
    "Actor":{
        "0":0.615538498
    },
    "Activity":{
        "0":0.7227041379
    },
    "Activity Data":{
        "0":0.6785670324
    },
    "Further Specification":{
        "0":0.7074316922
    },
    "XOR Gateway":{
        "0":0.6912229356
    },
    "Condition Specification":{
        "0":0.8056632725
    },
    "AND Gateway":{
        "0":0.9094017094
    },
    "All":{
        "0":0.6715948564
    }
}