{
    "Actor":{
        "0":0.2623255814,
        "1":0.2877969762,
        "2":0.2655395326,
        "3":0.2631578947,
        "4":0.2674805771
    },
    "Activity":{
        "0":0.3144848954,
        "1":0.3210616438,
        "2":0.3235540654,
        "3":0.3066453163,
        "4":0.3124456049
    },
    "Activity Data":{
        "0":0.2926430518,
        "1":0.3061346039,
        "2":0.2844036697,
        "3":0.279965996,
        "4":0.3018748014
    },
    "Further Specification":{
        "0":0.3392857143,
        "1":0.397881997,
        "2":0.3367697595,
        "3":0.3381642512,
        "4":0.3534338358
    },
    "XOR Gateway":{
        "0":0.2944785276,
        "1":0.2748538012,
        "2":0.3401360544,
        "3":0.304964539,
        "4":0.2692307692
    },
    "Condition Specification":{
        "0":0.3432455395,
        "1":0.3340659341,
        "2":0.3532875368,
        "3":0.3521624007,
        "4":0.3259615385
    },
    "AND Gateway":{
        "0":0.375,
        "1":0.4333333333,
        "2":0.4117647059,
        "3":0.3636363636,
        "4":0.4516129032
    },
    "All":{
        "0":0.2911735968,
        "1":0.3093251534,
        "2":0.2923949531,
        "3":0.2883532327,
        "4":0.2950012623
    }
}