{
    "Actor":{
        "0":0.3713910761,
        "1":0.3929903057,
        "2":0.3758815233,
        "3":0.3947169811,
        "4":0.3931484502
    },
    "Activity":{
        "0":0.4487320838,
        "1":0.450180072,
        "2":0.4586288416,
        "3":0.4561611374,
        "4":0.44875
    },
    "Activity Data":{
        "0":0.4086722947,
        "1":0.4272575251,
        "2":0.4066213922,
        "3":0.4142188165,
        "4":0.4423166745
    },
    "Further Specification":{
        "0":0.4861111111,
        "1":0.4921568627,
        "2":0.5084175084,
        "3":0.4788732394,
        "4":0.4892086331
    },
    "XOR Gateway":{
        "0":0.393442623,
        "1":0.4051724138,
        "2":0.4545454545,
        "3":0.4623655914,
        "4":0.4038461538
    },
    "Condition Specification":{
        "0":0.4853458382,
        "1":0.468847352,
        "2":0.4807436919,
        "3":0.5044359949,
        "4":0.4737569061
    },
    "AND Gateway":{
        "0":0.5217391304,
        "1":0.5,
        "2":0.7692307692,
        "3":0.5,
        "4":0.6363636364
    },
    "All":{
        "0":0.410460315,
        "1":0.4255210113,
        "2":0.4165845649,
        "3":0.4246323529,
        "4":0.4289657711
    }
}