{
    "Actor":{
        "0":0.2660594439,
        "1":0.315309842,
        "2":0.2905888828,
        "3":0.3093093093,
        "4":0.294081381
    },
    "Activity":{
        "0":0.3179650238,
        "1":0.3616813294,
        "2":0.3486238532,
        "3":0.3545966229,
        "4":0.3377483444
    },
    "Activity Data":{
        "0":0.2994029002,
        "1":0.3413559322,
        "2":0.3125823452,
        "3":0.3241518307,
        "4":0.3251144769
    },
    "Further Specification":{
        "0":0.3333333333,
        "1":0.4232081911,
        "2":0.349009901,
        "3":0.3415584416,
        "4":0.3907156673
    },
    "XOR Gateway":{
        "0":0.2909090909,
        "1":0.3481481481,
        "2":0.3546099291,
        "3":0.3467741935,
        "4":0.2857142857
    },
    "Condition Specification":{
        "0":0.3469921534,
        "1":0.3715710723,
        "2":0.3522267206,
        "3":0.3959390863,
        "4":0.3569868996
    },
    "AND Gateway":{
        "0":0.3636363636,
        "1":0.4761904762,
        "2":0.4117647059,
        "3":0.4444444444,
        "4":0.3548387097
    },
    "All":{
        "0":0.2949293247,
        "1":0.3430127042,
        "2":0.3137900469,
        "3":0.3288625904,
        "4":0.3196801795
    }
}