{
    "Actor":{
        "0":0.3031433138,
        "1":0.3367543297,
        "2":0.3110720562,
        "3":0.3244416873,
        "4":0.3333333333
    },
    "Activity":{
        "0":0.3639607493,
        "1":0.3898128898,
        "2":0.3768400393,
        "3":0.3736585366,
        "4":0.3847802787
    },
    "Activity Data":{
        "0":0.3406698565,
        "1":0.3729493256,
        "2":0.3418439716,
        "3":0.3394718555,
        "4":0.3829101169
    },
    "Further Specification":{
        "0":0.375,
        "1":0.4666666667,
        "2":0.356350185,
        "3":0.3818953324,
        "4":0.4479830149
    },
    "XOR Gateway":{
        "0":0.3137254902,
        "1":0.3430656934,
        "2":0.3546099291,
        "3":0.3467741935,
        "4":0.3442622951
    },
    "Condition Specification":{
        "0":0.4181438999,
        "1":0.4273624824,
        "2":0.4015748031,
        "3":0.4213836478,
        "4":0.394549763
    },
    "AND Gateway":{
        "0":0.5555555556,
        "1":0.4166666667,
        "2":0.4117647059,
        "3":0.3333333333,
        "4":0.44
    },
    "All":{
        "0":0.3383316532,
        "1":0.3737479444,
        "2":0.3398163155,
        "3":0.3474877116,
        "4":0.3683209133
    }
}