{
    "Bleu Score":{
        "0":0.9713380763,
        "1":0.9704602971,
        "2":0.9715196728,
        "3":0.9670660402,
        "4":0.9777060524
    }
}