{
    "Bleu Score":{
        "0":0.0354079484,
        "1":0.2346631442,
        "2":0.0294877118,
        "3":0.0290727443,
        "4":0.0060192606
    }
}