{
    "Bleu Score":{
        "0":0.7282365869,
        "1":0.0852473989,
        "2":0.0889112609,
        "3":0.089500836,
        "4":0.0682546351
    }
}