{
    "Bleu Score":{
        "0":0.0106641611,
        "1":0.022794234,
        "2":0.0085541777,
        "3":0.0083364627,
        "4":0.0049599114
    }
}