{
    "Bleu Score":{
        "0":0.2570670585,
        "1":0.2416811973,
        "2":0.0862220133,
        "3":0.2450449627,
        "4":0.6956468089
    }
}