{
    "Actor":{
        "0":0.1472758611
    },
    "Activity":{
        "0":0.2973224582
    },
    "Activity Data":{
        "0":0.2003427966
    },
    "Further Specification":{
        "0":0.3601300532
    },
    "XOR Gateway":{
        "0":0.1019823597
    },
    "Condition Specification":{
        "0":0.3165971095
    },
    "AND Gateway":{
        "0":0.4562049911
    },
    "All":{
        "0":0.1564385183
    }
}