{
    "Actor":{
        "0":0.1171662125,
        "1":0.1162790698,
        "2":0.1229698376,
        "3":0.1365313653,
        "4":0.1209517515
    },
    "Activity":{
        "0":0.2568421053,
        "1":0.2598607889,
        "2":0.271070615,
        "3":0.2762119504,
        "4":0.2699757869
    },
    "Activity Data":{
        "0":0.1665477889,
        "1":0.1701228879,
        "2":0.1748251748,
        "3":0.177992278,
        "4":0.1838392475
    },
    "Further Specification":{
        "0":0.2965779468,
        "1":0.2994350282,
        "2":0.3102893891,
        "3":0.3,
        "4":0.358974359
    },
    "XOR Gateway":{
        "0":0.0833333333,
        "1":0.1101694915,
        "2":0.1111111111,
        "3":0.1045454545,
        "4":0.0739130435
    },
    "Condition Specification":{
        "0":0.2795454545,
        "1":0.3070987654,
        "2":0.2816901408,
        "3":0.2737819026,
        "4":0.283197832
    },
    "AND Gateway":{
        "0":0.4375,
        "1":0.5416666667,
        "2":0.3333333333,
        "3":0.4166666667,
        "4":0.4242424242
    },
    "All":{
        "0":0.1350980661,
        "1":0.14023551,
        "2":0.1428989323,
        "3":0.1450876418,
        "4":0.1499672561
    }
}