{
    "Actor":{
        "0":0.1363395225,
        "1":0.1367419738,
        "2":0.1340147643,
        "3":0.1446503288,
        "4":0.1387283237
    },
    "Activity":{
        "0":0.2783613445,
        "1":0.2784222738,
        "2":0.2866894198,
        "3":0.297632469,
        "4":0.2898550725
    },
    "Activity Data":{
        "0":0.1810886253,
        "1":0.1955953714,
        "2":0.1936349693,
        "3":0.1876888218,
        "4":0.205331112
    },
    "Further Specification":{
        "0":0.3376865672,
        "1":0.3370165746,
        "2":0.3375796178,
        "3":0.3344537815,
        "4":0.3990929705
    },
    "XOR Gateway":{
        "0":0.0833333333,
        "1":0.1101694915,
        "2":0.1068376068,
        "3":0.1181818182,
        "4":0.0739130435
    },
    "Condition Specification":{
        "0":0.302247191,
        "1":0.3333333333,
        "2":0.3093434343,
        "3":0.3034482759,
        "4":0.2986486486
    },
    "AND Gateway":{
        "0":0.4375,
        "1":0.5416666667,
        "2":0.36,
        "3":0.4166666667,
        "4":0.40625
    },
    "All":{
        "0":0.1441077441,
        "1":0.153087158,
        "2":0.1525913094,
        "3":0.1517999133,
        "4":0.1598972548
    }
}