{
    "Actor":{
        "0":0.1098901099,
        "1":0.1160220994,
        "2":0.1178177597,
        "3":0.1231617647,
        "4":0.1210106383
    },
    "Activity":{
        "0":0.2534174553,
        "1":0.2511627907,
        "2":0.2673492605,
        "3":0.2705749718,
        "4":0.2699757869
    },
    "Activity Data":{
        "0":0.1616017161,
        "1":0.1654425976,
        "2":0.1713505074,
        "3":0.1658896659,
        "4":0.1799145299
    },
    "Further Specification":{
        "0":0.2848948375,
        "1":0.2835538752,
        "2":0.3043478261,
        "3":0.2837606838,
        "4":0.343387471
    },
    "XOR Gateway":{
        "0":0.0795454545,
        "1":0.1059322034,
        "2":0.1111111111,
        "3":0.1136363636,
        "4":0.0652173913
    },
    "Condition Specification":{
        "0":0.2685714286,
        "1":0.2964669739,
        "2":0.2661498708,
        "3":0.281575898,
        "4":0.2667578659
    },
    "AND Gateway":{
        "0":0.40625,
        "1":0.5,
        "2":0.36,
        "3":0.4166666667,
        "4":0.4375
    },
    "All":{
        "0":0.1328835032,
        "1":0.1384284837,
        "2":0.1412437665,
        "3":0.1388356669,
        "4":0.1465375779
    }
}