{
    "Actor":{
        "0":0.1251342642,
        "1":0.1316105769,
        "2":0.1316091954,
        "3":0.1501787843,
        "4":0.1363636364
    },
    "Activity":{
        "0":0.2702418507,
        "1":0.2764227642,
        "2":0.2810011377,
        "3":0.2871621622,
        "4":0.2910628019
    },
    "Activity Data":{
        "0":0.1708260105,
        "1":0.1878076486,
        "2":0.1863496933,
        "3":0.1859756098,
        "4":0.2021857923
    },
    "Further Specification":{
        "0":0.3250478011,
        "1":0.3198529412,
        "2":0.3215434084,
        "3":0.3202725724,
        "4":0.3778801843
    },
    "XOR Gateway":{
        "0":0.0795454545,
        "1":0.1059322034,
        "2":0.1111111111,
        "3":0.1227272727,
        "4":0.0695652174
    },
    "Condition Specification":{
        "0":0.3045912654,
        "1":0.3055975794,
        "2":0.2926829268,
        "3":0.2910958904,
        "4":0.2892223738
    },
    "AND Gateway":{
        "0":0.4375,
        "1":0.5416666667,
        "2":0.36,
        "3":0.4166666667,
        "4":0.46875
    },
    "All":{
        "0":0.1390773406,
        "1":0.1502035892,
        "2":0.1491215333,
        "3":0.1507901986,
        "4":0.1577072539
    }
}