{
    "Actor":{
        "0":0.143825776
    },
    "Activity":{
        "0":0.2927029923
    },
    "Activity Data":{
        "0":0.2004238783
    },
    "Further Specification":{
        "0":0.3581204249
    },
    "XOR Gateway":{
        "0":0.098356171
    },
    "Condition Specification":{
        "0":0.3182158578
    },
    "AND Gateway":{
        "0":0.4382824284
    },
    "All":{
        "0":0.1550115104
    }
}