{
    "Actor":{
        "0":0.1337579618,
        "1":0.133213859,
        "2":0.1348122867,
        "3":0.1477477477,
        "4":0.1399870382
    },
    "Activity":{
        "0":0.2791185729,
        "1":0.2842227378,
        "2":0.2840909091,
        "3":0.2916666667,
        "4":0.288647343
    },
    "Activity Data":{
        "0":0.180604357,
        "1":0.1948737279,
        "2":0.1949444657,
        "3":0.1871434005,
        "4":0.2064489112
    },
    "Further Specification":{
        "0":0.3276836158,
        "1":0.3277777778,
        "2":0.3349206349,
        "3":0.3339011925,
        "4":0.3899082569
    },
    "XOR Gateway":{
        "0":0.0833333333,
        "1":0.1101694915,
        "2":0.1111111111,
        "3":0.1136363636,
        "4":0.0739130435
    },
    "Condition Specification":{
        "0":0.2986577181,
        "1":0.3277945619,
        "2":0.2918781726,
        "3":0.2953249715,
        "4":0.3027027027
    },
    "AND Gateway":{
        "0":0.4375,
        "1":0.5416666667,
        "2":0.4166666667,
        "3":0.4166666667,
        "4":0.4375
    },
    "All":{
        "0":0.1455969746,
        "1":0.152007217,
        "2":0.1516245487,
        "3":0.1526850508,
        "4":0.1613684041
    }
}