{
    "Actor":{
        "0":0.1352350766,
        "1":0.1374631268,
        "2":0.1384004538,
        "3":0.1485442662,
        "4":0.1381536475
    },
    "Activity":{
        "0":0.2836134454,
        "1":0.2804171495,
        "2":0.2943181818,
        "3":0.3051801802,
        "4":0.2950423216
    },
    "Activity Data":{
        "0":0.182547993,
        "1":0.1993268512,
        "2":0.200754717,
        "3":0.1981132075,
        "4":0.2104828725
    },
    "Further Specification":{
        "0":0.3439252336,
        "1":0.3431734317,
        "2":0.3402225755,
        "3":0.3416666667,
        "4":0.401826484
    },
    "XOR Gateway":{
        "0":0.0833333333,
        "1":0.1101694915,
        "2":0.1153846154,
        "3":0.1181818182,
        "4":0.0739130435
    },
    "Condition Specification":{
        "0":0.3045912654,
        "1":0.3382789318,
        "2":0.3016476553,
        "3":0.30523918,
        "4":0.3005390836
    },
    "AND Gateway":{
        "0":0.4117647059,
        "1":0.5416666667,
        "2":0.3333333333,
        "3":0.4230769231,
        "4":0.4375
    },
    "All":{
        "0":0.1460462614,
        "1":0.1536970781,
        "2":0.1568374229,
        "3":0.1556515479,
        "4":0.1619932703
    }
}