{
    "Actor":{
        "0":0.1380949826
    },
    "Activity":{
        "0":0.2861921159
    },
    "Activity Data":{
        "0":0.19266778
    },
    "Further Specification":{
        "0":0.3491659023
    },
    "XOR Gateway":{
        "0":0.0984870587
    },
    "Condition Specification":{
        "0":0.3094041766
    },
    "AND Gateway":{
        "0":0.4324166667
    },
    "All":{
        "0":0.1522966759
    }
}