{
    "Actor":{
        "0":0.6013268999,
        "1":0.6295302013,
        "2":0.5944551902,
        "3":0.6417910448,
        "4":0.6200432588
    },
    "Activity":{
        "0":0.5429769392,
        "1":0.5631517961,
        "2":0.558589306,
        "3":0.5590551181,
        "4":0.5688405797
    },
    "Activity Data":{
        "0":0.6669046769,
        "1":0.7011098354,
        "2":0.6662826421,
        "3":0.6742395071,
        "4":0.7096910707
    },
    "Further Specification":{
        "0":0.7024482109,
        "1":0.7137614679,
        "2":0.7172195893,
        "3":0.7377326565,
        "4":0.7346938776
    },
    "XOR Gateway":{
        "0":0.5403225806,
        "1":0.55,
        "2":0.5789473684,
        "3":0.5784313725,
        "4":0.5833333333
    },
    "Condition Specification":{
        "0":0.7079152731,
        "1":0.7125567322,
        "2":0.6675126904,
        "3":0.6884306987,
        "4":0.7033557047
    },
    "AND Gateway":{
        "0":0.7083333333,
        "1":0.65,
        "2":0.5333333333,
        "3":0.625,
        "4":0.6956521739
    },
    "All":{
        "0":0.6248390328,
        "1":0.6535171103,
        "2":0.6239368165,
        "3":0.6442983797,
        "4":0.6510602205
    }
}