{
    "Actor":{
        "0":0.4239810239
    },
    "Activity":{
        "0":0.4436697773
    },
    "Activity Data":{
        "0":0.4665114338
    },
    "Further Specification":{
        "0":0.512244109
    },
    "XOR Gateway":{
        "0":0.4298598304
    },
    "Condition Specification":{
        "0":0.5036035401
    },
    "AND Gateway":{
        "0":0.5043478261
    },
    "All":{
        "0":0.451358212
    }
}