{
    "Actor":{
        "0":0.4622641509,
        "1":0.4792399719,
        "2":0.4798146923,
        "3":0.4916083916,
        "4":0.4917417417
    },
    "Activity":{
        "0":0.4605678233,
        "1":0.4686046512,
        "2":0.4823663254,
        "3":0.4701240135,
        "4":0.4878934625
    },
    "Activity Data":{
        "0":0.529304696,
        "1":0.538097118,
        "2":0.5241871531,
        "3":0.5015860428,
        "4":0.5494791667
    },
    "Further Specification":{
        "0":0.5391969407,
        "1":0.5482041588,
        "2":0.5861513688,
        "3":0.5777777778,
        "4":0.56612529
    },
    "XOR Gateway":{
        "0":0.4516129032,
        "1":0.4583333333,
        "2":0.5526315789,
        "3":0.5196078431,
        "4":0.4537037037
    },
    "Condition Specification":{
        "0":0.5588571429,
        "1":0.5731895223,
        "2":0.5401554404,
        "3":0.5818815331,
        "4":0.5281207133
    },
    "AND Gateway":{
        "0":0.5,
        "1":0.5,
        "2":0.6666666667,
        "3":0.625,
        "4":0.5909090909
    },
    "All":{
        "0":0.4947322212,
        "1":0.5101108937,
        "2":0.5049735779,
        "3":0.5025769171,
        "4":0.5111265647
    }
}