{
    "Actor":{
        "0":0.5600243754,
        "1":0.5931506849,
        "2":0.5686402082,
        "3":0.6031636864,
        "4":0.5962099125
    },
    "Activity":{
        "0":0.5262605042,
        "1":0.5417633411,
        "2":0.5369738339,
        "3":0.5231116122,
        "4":0.5247285887
    },
    "Activity Data":{
        "0":0.6459449804,
        "1":0.650812065,
        "2":0.6129156999,
        "3":0.632415665,
        "4":0.6551577153
    },
    "Further Specification":{
        "0":0.6534839925,
        "1":0.676635514,
        "2":0.6868044515,
        "3":0.6921768707,
        "4":0.6750572082
    },
    "XOR Gateway":{
        "0":0.5161290323,
        "1":0.5083333333,
        "2":0.5701754386,
        "3":0.5392156863,
        "4":0.4814814815
    },
    "Condition Specification":{
        "0":0.6451977401,
        "1":0.6873111782,
        "2":0.6504481434,
        "3":0.6483390607,
        "4":0.6766304348
    },
    "AND Gateway":{
        "0":0.64,
        "1":0.65,
        "2":0.5333333333,
        "3":0.7647058824,
        "4":0.625
    },
    "All":{
        "0":0.5932154664,
        "1":0.615692554,
        "2":0.5884421342,
        "3":0.6049230769,
        "4":0.6090225564
    }
}