{
    "Actor":{
        "0":0.5842377735
    },
    "Activity":{
        "0":0.530567576
    },
    "Activity Data":{
        "0":0.6394492251
    },
    "Further Specification":{
        "0":0.6768316074
    },
    "XOR Gateway":{
        "0":0.5230669944
    },
    "Condition Specification":{
        "0":0.6615853115
    },
    "AND Gateway":{
        "0":0.6426078431
    },
    "All":{
        "0":0.6022591576
    }
}