{
    "Actor":{
        "0":0.4344005022,
        "1":0.4756871036,
        "2":0.4576948701,
        "3":0.4676056338,
        "4":0.4752252252
    },
    "Activity":{
        "0":0.4568421053,
        "1":0.475638051,
        "2":0.4681093394,
        "3":0.4458239278,
        "4":0.4643288996
    },
    "Activity Data":{
        "0":0.4967032967,
        "1":0.5248422713,
        "2":0.5023866348,
        "3":0.4956314535,
        "4":0.5446623094
    },
    "Further Specification":{
        "0":0.5496183206,
        "1":0.553030303,
        "2":0.5656401945,
        "3":0.5626072041,
        "4":0.576744186
    },
    "XOR Gateway":{
        "0":0.435483871,
        "1":0.4916666667,
        "2":0.5175438596,
        "3":0.4705882353,
        "4":0.4814814815
    },
    "Condition Specification":{
        "0":0.5701254276,
        "1":0.5340557276,
        "2":0.5361757106,
        "3":0.5268691589,
        "4":0.5179063361
    },
    "AND Gateway":{
        "0":0.5833333333,
        "1":0.5,
        "2":0.7333333333,
        "3":0.5,
        "4":0.6818181818
    },
    "All":{
        "0":0.4777191439,
        "1":0.5010601859,
        "2":0.486511773,
        "3":0.4820561041,
        "4":0.5031358885
    }
}