{
    "Actor":{
        "0":0.543504902,
        "1":0.5679945055,
        "2":0.554973822,
        "3":0.5982384824,
        "4":0.5840643275
    },
    "Activity":{
        "0":0.5068349106,
        "1":0.5261324042,
        "2":0.534698521,
        "3":0.5281531532,
        "4":0.5326086957
    },
    "Activity Data":{
        "0":0.6203935599,
        "1":0.6466950135,
        "2":0.609423676,
        "3":0.6205287714,
        "4":0.660264618
    },
    "Further Specification":{
        "0":0.6615678776,
        "1":0.6930147059,
        "2":0.6463022508,
        "3":0.66439523,
        "4":0.6474654378
    },
    "XOR Gateway":{
        "0":0.5322580645,
        "1":0.4833333333,
        "2":0.6315789474,
        "3":0.6078431373,
        "4":0.5555555556
    },
    "Condition Specification":{
        "0":0.6763717805,
        "1":0.6631259484,
        "2":0.6344916345,
        "3":0.6464530892,
        "4":0.6224350205
    },
    "AND Gateway":{
        "0":0.5416666667,
        "1":0.65,
        "2":0.5333333333,
        "3":0.6875,
        "4":0.6818181818
    },
    "All":{
        "0":0.5809564967,
        "1":0.6049303666,
        "2":0.579578656,
        "3":0.5969301612,
        "4":0.6028453891
    }
}