{
    "Actor":{
        "0":0.5928604518
    },
    "Activity":{
        "0":0.5389921235
    },
    "Activity Data":{
        "0":0.6551453652
    },
    "Further Specification":{
        "0":0.6883885414
    },
    "XOR Gateway":{
        "0":0.571760896
    },
    "Condition Specification":{
        "0":0.6786644788
    },
    "AND Gateway":{
        "0":0.6526623377
    },
    "All":{
        "0":0.6147289784
    }
}