{
    "Actor":{
        "0":0.6026410564,
        "1":0.6241610738,
        "2":0.6033376123,
        "3":0.6601876676,
        "4":0.6531627576
    },
    "Activity":{
        "0":0.5643979058,
        "1":0.5754060325,
        "2":0.5709421112,
        "3":0.5720720721,
        "4":0.5840386941
    },
    "Activity Data":{
        "0":0.69140625,
        "1":0.7168949772,
        "2":0.6892980437,
        "3":0.6918359525,
        "4":0.7203354298
    },
    "Further Specification":{
        "0":0.7345794393,
        "1":0.7504587156,
        "2":0.7507936508,
        "3":0.7491582492,
        "4":0.7409090909
    },
    "XOR Gateway":{
        "0":0.564516129,
        "1":0.575,
        "2":0.6754385965,
        "3":0.5588235294,
        "4":0.5462962963
    },
    "Condition Specification":{
        "0":0.7374301676,
        "1":0.76096823,
        "2":0.7162849873,
        "3":0.7217787913,
        "4":0.7150537634
    },
    "AND Gateway":{
        "0":0.6153846154,
        "1":0.65,
        "2":0.6875,
        "3":0.7222222222,
        "4":0.7272727273
    },
    "All":{
        "0":0.6451474989,
        "1":0.6688270629,
        "2":0.6469963592,
        "3":0.6609422492,
        "4":0.6642508006
    }
}