{
    "0.0":{
        "0.25":0.7946997503,
        "0.5":0.7946997503,
        "0.75":0.7946997503,
        "1.0":0.7946997503
    },
    "0.1":{
        "0.25":0.7165449073,
        "0.5":0.7165449073,
        "0.75":0.7165449073,
        "1.0":0.7342448944
    },
    "0.2":{
        "0.25":0.6766245625,
        "0.5":0.6766245625,
        "0.75":0.6766245625,
        "1.0":0.6651676751
    },
    "0.3":{
        "0.25":0.6219550673,
        "0.5":0.6219550673,
        "0.75":0.6219550673,
        "1.0":0.621074268
    },
    "0.4":{
        "0.25":0.567915682,
        "0.5":0.567915682,
        "0.75":0.567915682,
        "1.0":0.5694762935
    },
    "0.5":{
        "0.25":0.5269569286,
        "0.5":0.5269569286,
        "0.75":0.5269569286,
        "1.0":0.5361421885
    },
    "0.6":{
        "0.25":0.508486996,
        "0.5":0.508486996,
        "0.75":0.508486996,
        "1.0":0.5010960152
    },
    "0.7":{
        "0.25":0.4809060049,
        "0.5":0.4809060049,
        "0.75":0.4809060049,
        "1.0":0.4638065845
    },
    "0.8":{
        "0.25":0.4472092856,
        "0.5":0.4472092856,
        "0.75":0.4472092856,
        "1.0":0.4506827949
    },
    "0.9":{
        "0.25":0.4186201689,
        "0.5":0.4186201689,
        "0.75":0.4186201689,
        "1.0":0.4157430307
    },
    "1.0":{
        "0.25":0.3973498751,
        "0.5":0.3973498751,
        "0.75":0.3973498751,
        "1.0":0.3973498751
    },
    "1.25":{
        "0.25":0.3552522512,
        "0.5":0.3552522512,
        "0.75":0.3552522512,
        "1.0":0.3497357809
    },
    "1.5":{
        "0.25":0.311629784,
        "0.5":0.311629784,
        "0.75":0.311629784,
        "1.0":0.3235392116
    },
    "1.75":{
        "0.25":0.2860328229,
        "0.5":0.2860328229,
        "0.75":0.2860328229,
        "1.0":0.2888234121
    },
    "2.0":{
        "0.25":0.2648999168,
        "0.5":0.2648999168,
        "0.75":0.2648999168,
        "1.0":0.2648999168
    },
    "3.0":{
        "0.25":0.1986749376,
        "0.5":0.1986749376,
        "0.75":0.1986749376,
        "1.0":0.1986749376
    },
    "4.0":{
        "0.25":0.1589399501,
        "0.5":0.1589399501,
        "0.75":0.1589399501,
        "1.0":0.1589399501
    },
    "5.0":{
        "0.25":0.1324499584,
        "0.5":0.1324499584,
        "0.75":0.1324499584,
        "1.0":0.1324499584
    },
    "7.0":{
        "0.25":0.0993374688,
        "0.5":0.0993374688,
        "0.75":0.0993374688,
        "1.0":0.0993374688
    },
    "10.0":{
        "0.25":0.0722454318,
        "0.5":0.0722454318,
        "0.75":0.0722454318,
        "1.0":0.0722454318
    }
}