{
    "0.0":{
        "0.25":0.7946997503,
        "0.5":0.7946997503,
        "0.75":0.7946997503,
        "1.0":0.7946997503
    },
    "0.1":{
        "0.25":0.7187757753,
        "0.5":0.7204091674,
        "0.75":0.7380260349,
        "1.0":0.7394786849
    },
    "0.2":{
        "0.25":0.6790066059,
        "0.5":0.6813287101,
        "0.75":0.6716955902,
        "1.0":0.6742883641
    },
    "0.3":{
        "0.25":0.6254814547,
        "0.5":0.6290134594,
        "0.75":0.632106717,
        "1.0":0.636091396
    },
    "0.4":{
        "0.25":0.573463568,
        "0.5":0.5802708389,
        "0.75":0.5857609021,
        "1.0":0.5907838715
    },
    "0.5":{
        "0.25":0.5349837237,
        "0.5":0.5415259765,
        "0.75":0.5529249905,
        "1.0":0.5584445903
    },
    "0.6":{
        "0.25":0.5152401067,
        "0.5":0.5213695767,
        "0.75":0.5223832788,
        "1.0":0.5273933361
    },
    "0.7":{
        "0.25":0.4882174203,
        "0.5":0.4964434966,
        "0.75":0.4873339977,
        "1.0":0.4946394511
    },
    "0.8":{
        "0.25":0.4539549817,
        "0.5":0.462315831,
        "0.75":0.4730480597,
        "1.0":0.481955961
    },
    "0.9":{
        "0.25":0.4270467272,
        "0.5":0.4367337439,
        "0.75":0.4403627431,
        "1.0":0.4487963552
    },
    "1.0":{
        "0.25":0.4060959681,
        "0.5":0.4162574351,
        "0.75":0.4242500913,
        "1.0":0.4319978594
    },
    "1.25":{
        "0.25":0.3650755742,
        "0.5":0.3729224765,
        "0.75":0.3749402205,
        "1.0":0.3802204205
    },
    "1.5":{
        "0.25":0.3229355201,
        "0.5":0.3299365677,
        "0.75":0.3486824628,
        "1.0":0.351736104
    },
    "1.75":{
        "0.25":0.2960655557,
        "0.5":0.3046542922,
        "0.75":0.3118076632,
        "1.0":0.3140065096
    },
    "2.0":{
        "0.25":0.2753567322,
        "0.5":0.2829048649,
        "0.75":0.2871351658,
        "1.0":0.2879985729
    },
    "3.0":{
        "0.25":0.2091574708,
        "0.5":0.2137140446,
        "0.75":0.2161051149,
        "1.0":0.2159989297
    },
    "4.0":{
        "0.25":0.1686206601,
        "0.5":0.1724228031,
        "0.75":0.1730458321,
        "1.0":0.1727991437
    },
    "5.0":{
        "0.25":0.1411643614,
        "0.5":0.1439174676,
        "0.75":0.1442863563,
        "1.0":0.1439992865
    },
    "7.0":{
        "0.25":0.1068545286,
        "0.5":0.1081559141,
        "0.75":0.1082549123,
        "1.0":0.1079994648
    },
    "10.0":{
        "0.25":0.0784607169,
        "0.5":0.0787922448,
        "0.75":0.0787866416,
        "1.0":0.0785450653
    }
}