{
    "$F_{1}_CRF$":{
        "0.0":0.5253656897,
        "1.0":0.5791725281,
        "2.0":0.583722315,
        "3.0":0.5502737516,
        "4.0":0.5674090837
    },
    "$F_{1}_Neural$":{
        "0.0":0.3280385747,
        "1.0":0.3319688419,
        "2.0":0.3232389213,
        "3.0":0.3284573784,
        "4.0":0.3199780487
    },
    "$F_{1}_Relation$":{
        "0.0":0.297926914,
        "1.0":0.2980393903,
        "2.0":0.3083500056,
        "3.0":0.2988182756,
        "4.0":0.2806063513
    },
    "$TTR$":{
        "0.0":0.2378511926,
        "1.0":0.1222718022,
        "2.0":0.0825037234,
        "3.0":0.0622420077,
        "4.0":0.0498890046
    },
    "$UCER$":{
        "0.0":0.7946997503,
        "1.0":0.414548438,
        "2.0":0.282924904,
        "3.0":0.2144883202,
        "4.0":0.1724347
    },
    "$BertScore$":{
        "0.0":null,
        "1.0":null,
        "2.0":null,
        "3.0":null,
        "4.0":null
    }
}