{
    "$F_{1}_CRF$":{
        "0.0":0.5788647284,
        "0.5":0.5851180531,
        "1.0":0.5555132052,
        "1.5":0.5805740631,
        "2.0":0.5569293356,
        "2.5":0.5812575461,
        "3.0":0.5750938097,
        "3.5":0.5379594108,
        "4.0":0.5710650428
    },
    "$F_{1}_Neural$":{
        "0.0":0.3286362852,
        "0.5":0.3271609052,
        "1.0":0.3232272483,
        "1.5":0.3282758281,
        "2.0":0.3284675298,
        "2.5":0.3250372177,
        "3.0":0.3321518638,
        "3.5":0.321576523,
        "4.0":0.3258447778
    },
    "$F_{1}_Relation$":{
        "0.0":0.3283779714,
        "0.5":0.3199646028,
        "1.0":0.3108236612,
        "1.5":0.3191650423,
        "2.0":0.3248598486,
        "2.5":0.3170213535,
        "3.0":0.3174062788,
        "3.5":0.3132943519,
        "4.0":0.3214013503
    },
    "$TTR$":{
        "0.0":0.1189255963,
        "0.5":0.098809359,
        "1.0":0.0816879711,
        "1.5":0.0715463468,
        "2.0":0.061890897,
        "2.5":0.0557633887,
        "3.0":0.0497541546,
        "3.5":0.045827201,
        "4.0":0.0415716255
    },
    "$UCER$":{
        "0.0":0.3973498751,
        "0.5":0.3314806251,
        "1.0":0.2767084682,
        "1.5":0.2426279489,
        "2.0":0.2121198646,
        "2.5":0.1911549883,
        "3.0":0.171388127,
        "3.5":0.1579070274,
        "4.0":0.1436218105
    },
    "$BertScore$":{
        "0.0":null,
        "0.5":null,
        "1.0":null,
        "1.5":null,
        "2.0":null,
        "2.5":null,
        "3.0":null,
        "3.5":null,
        "4.0":null
    }
}