{
    "Bert Score":{
        "0":0.9950262308,
        "1":0.9951347709,
        "2":0.9945644736,
        "3":0.9951646328,
        "4":0.9958775043
    }
}