{
    "Bert Score":{
        "0":0.9974586368,
        "1":0.9972915649,
        "2":0.9979589581,
        "3":0.9969691634,
        "4":0.9979720712
    }
}