{
    "Bert Score":{
        "0":0.996660471,
        "1":0.9956324697,
        "2":0.9960541725,
        "3":0.9964255095,
        "4":0.9969258904
    }
}