{
    "Bert Score":{
        "0":0.9955488443,
        "1":0.9953915477,
        "2":0.9953173995,
        "3":0.9955377579,
        "4":0.9959384203
    }
}