{
    "Bert Score":{
        "0":0.9979534745,
        "1":0.9969664812,
        "2":0.997772038,
        "3":0.9986056685,
        "4":0.9974738955
    }
}