{
    "Bert Score":{
        "0":0.9993923903,
        "1":0.9993185997,
        "2":0.9981691837,
        "3":0.9998340607,
        "4":0.9997288585
    }
}