{
    "Actor":{
        "0":0.0447072988
    },
    "Activity":{
        "0":0.1267750068
    },
    "Activity Data":{
        "0":0.0704112627
    },
    "Further Specification":{
        "0":0.1434758791
    },
    "XOR Gateway":{
        "0":0.0445991561
    },
    "Condition Specification":{
        "0":0.1286955165
    },
    "AND Gateway":{
        "0":0.2270833333
    },
    "All":{
        "0":0.0621513329
    }
}