{
    "Actor":{
        "0":0.0300570724
    },
    "Activity":{
        "0":0.0846682425
    },
    "Activity Data":{
        "0":0.0470995982
    },
    "Further Specification":{
        "0":0.096208782
    },
    "XOR Gateway":{
        "0":0.0297327707
    },
    "Condition Specification":{
        "0":0.0866512394
    },
    "AND Gateway":{
        "0":0.1541666667
    },
    "All":{
        "0":0.0416039272
    }
}