{
    "Actor":{
        "0":0.0651704791,
        "1":0.0694100149,
        "2":0.0683436165,
        "3":0.0744897959,
        "4":0.0693766938
    },
    "Activity":{
        "0":0.1860465116,
        "1":0.1902173913,
        "2":0.2083712466,
        "3":0.2089009991,
        "4":0.204610951
    },
    "Activity Data":{
        "0":0.1,
        "1":0.107165109,
        "2":0.1117245859,
        "3":0.1091827075,
        "4":0.1172122492
    },
    "Further Specification":{
        "0":0.1868898187,
        "1":0.2241935484,
        "2":0.2022332506,
        "3":0.2203898051,
        "4":0.2591170825
    },
    "XOR Gateway":{
        "0":0.0552325581,
        "1":0.0746753247,
        "2":0.0801393728,
        "3":0.0842490842,
        "4":0.0494699647
    },
    "Condition Specification":{
        "0":0.1918819188,
        "1":0.1967213115,
        "2":0.2002152853,
        "3":0.1906976744,
        "4":0.1951219512
    },
    "AND Gateway":{
        "0":0.3095238095,
        "1":0.3823529412,
        "2":0.2666666667,
        "3":0.2727272727,
        "4":0.3684210526
    },
    "All":{
        "0":0.0880293072,
        "1":0.0951270406,
        "2":0.0979968814,
        "3":0.0978497222,
        "4":0.1015928256
    }
}