{
    "Actor":{
        "0":0.0154717363,
        "1":0.0166836908,
        "2":0.0161759948,
        "3":0.0176322418,
        "4":0.0162381597
    },
    "Activity":{
        "0":0.0445933014,
        "1":0.0446088795,
        "2":0.0474218265,
        "3":0.0476092756,
        "4":0.0468853181
    },
    "Activity Data":{
        "0":0.0243708082,
        "1":0.0254631285,
        "2":0.0257672264,
        "3":0.0255636938,
        "4":0.0272885927
    },
    "Further Specification":{
        "0":0.05,
        "1":0.0515036295,
        "2":0.0510992276,
        "3":0.0503642699,
        "4":0.0600343053
    },
    "XOR Gateway":{
        "0":0.0130853994,
        "1":0.0184899846,
        "2":0.0186480186,
        "3":0.0190082645,
        "4":0.0118577075
    },
    "Condition Specification":{
        "0":0.0459770115,
        "1":0.0505364201,
        "2":0.0469893743,
        "3":0.0461997019,
        "4":0.0468319559
    },
    "AND Gateway":{
        "0":0.0852272727,
        "1":0.1060606061,
        "2":0.0681818182,
        "3":0.0757575758,
        "4":0.0852272727
    },
    "All":{
        "0":0.0214470415,
        "1":0.022748467,
        "2":0.0228761709,
        "3":0.022897438,
        "4":0.0236048904
    }
}