{
    "Actor":{
        "0":0.1331496786,
        "1":0.1551528879,
        "2":0.1483803553,
        "3":0.1481854839,
        "4":0.1441647597
    },
    "Activity":{
        "0":0.4052631579,
        "1":0.4285714286,
        "2":0.4399224806,
        "3":0.4251386322,
        "4":0.4435146444
    },
    "Activity Data":{
        "0":0.2088305489,
        "1":0.2379623168,
        "2":0.2392982456,
        "3":0.2155876807,
        "4":0.2444444444
    },
    "Further Specification":{
        "0":0.4801444043,
        "1":0.4569536424,
        "2":0.4984326019,
        "3":0.4786885246,
        "4":0.5583333333
    },
    "XOR Gateway":{
        "0":0.1172839506,
        "1":0.1764705882,
        "2":0.1691176471,
        "3":0.1631205674,
        "4":0.1044776119
    },
    "Condition Specification":{
        "0":0.4181818182,
        "1":0.4573002755,
        "2":0.3943965517,
        "3":0.3802559415,
        "4":0.3881578947
    },
    "AND Gateway":{
        "0":0.619047619,
        "1":0.8571428571,
        "2":0.6153846154,
        "3":0.75,
        "4":0.8125
    },
    "All":{
        "0":0.1888111888,
        "1":0.2118199392,
        "2":0.2107049608,
        "3":0.1959312182,
        "4":0.2116685457
    }
}