{
    "Actor":{
        "0":0.1153540175,
        "1":0.1345971564,
        "2":0.1316270567,
        "3":0.1494370522,
        "4":0.1345532831
    },
    "Activity":{
        "0":0.3642072214,
        "1":0.3790613718,
        "2":0.4074733096,
        "3":0.4220183486,
        "4":0.3977485929
    },
    "Activity Data":{
        "0":0.1889425658,
        "1":0.2164883575,
        "2":0.2220052083,
        "3":0.2207207207,
        "4":0.2241968558
    },
    "Further Specification":{
        "0":0.3461538462,
        "1":0.3554987212,
        "2":0.3396624473,
        "3":0.4457831325,
        "4":0.5217391304
    },
    "XOR Gateway":{
        "0":0.1079545455,
        "1":0.1654676259,
        "2":0.1703703704,
        "3":0.162962963,
        "4":0.0933333333
    },
    "Condition Specification":{
        "0":0.3925233645,
        "1":0.4129353234,
        "2":0.4363207547,
        "3":0.3946360153,
        "4":0.3801295896
    },
    "AND Gateway":{
        "0":0.56,
        "1":1.0,
        "2":0.5714285714,
        "3":0.6923076923,
        "4":0.5833333333
    },
    "All":{
        "0":0.167110383,
        "1":0.1868662482,
        "2":0.1910828025,
        "3":0.1981363413,
        "4":0.1958060288
    }
}