{
    "Actor":{
        "0":0.0300150909
    },
    "Activity":{
        "0":0.0846682425
    },
    "Activity Data":{
        "0":0.0469665014
    },
    "Further Specification":{
        "0":0.0961604818
    },
    "XOR Gateway":{
        "0":0.0297327707
    },
    "Condition Specification":{
        "0":0.0864526235
    },
    "AND Gateway":{
        "0":0.1541666667
    },
    "All":{
        "0":0.0415716255
    }
}