{
    "Actor":{
        "0":0.1249664768
    },
    "Activity":{
        "0":0.3600391133
    },
    "Activity Data":{
        "0":0.1960366545
    },
    "Further Specification":{
        "0":0.4092050047
    },
    "XOR Gateway":{
        "0":0.1195233082
    },
    "Condition Specification":{
        "0":0.346427812
    },
    "AND Gateway":{
        "0":0.6045072574
    },
    "All":{
        "0":0.1729692963
    }
}