{
    "Actor":{
        "0":0.1060070671,
        "1":0.1103341103,
        "2":0.1200657895,
        "3":0.1213632585,
        "4":0.1083404987
    },
    "Activity":{
        "0":0.3130081301,
        "1":0.3163418291,
        "2":0.3299565847,
        "3":0.3362573099,
        "4":0.3192771084
    },
    "Activity Data":{
        "0":0.1627056673,
        "1":0.1773700306,
        "2":0.1845819761,
        "3":0.1759918616,
        "4":0.1800973499
    },
    "Further Specification":{
        "0":0.3523316062,
        "1":0.3146067416,
        "2":0.3046728972,
        "3":0.404432133,
        "4":0.3796033994
    },
    "XOR Gateway":{
        "0":0.0913461538,
        "1":0.131147541,
        "2":0.1318681319,
        "3":0.1182795699,
        "4":0.0725388601
    },
    "Condition Specification":{
        "0":0.3015647226,
        "1":0.3550420168,
        "2":0.3076923077,
        "3":0.2892906815,
        "4":0.3040540541
    },
    "AND Gateway":{
        "0":0.5909090909,
        "1":0.6666666667,
        "2":0.4210526316,
        "3":0.4285714286,
        "4":0.5
    },
    "All":{
        "0":0.1455830389,
        "1":0.1552203255,
        "2":0.160321821,
        "3":0.1579766537,
        "4":0.1567534077
    }
}