{
    "Actor":{
        "0":0.055988135,
        "1":0.0586766542,
        "2":0.0589165678,
        "3":0.0633921075,
        "4":0.0586377988
    },
    "Activity":{
        "0":0.1628070175,
        "1":0.1635658915,
        "2":0.1731207289,
        "3":0.1738148984,
        "4":0.1711057304
    },
    "Activity Data":{
        "0":0.0874117361,
        "1":0.0917912405,
        "2":0.0926220807,
        "3":0.0924170616,
        "4":0.0988947062
    },
    "Further Specification":{
        "0":0.1769230769,
        "1":0.1850443599,
        "2":0.1797385621,
        "3":0.1765389082,
        "4":0.213836478
    },
    "XOR Gateway":{
        "0":0.047979798,
        "1":0.0649717514,
        "2":0.0655270655,
        "3":0.0696969697,
        "4":0.0434782609
    },
    "Condition Specification":{
        "0":0.1632183908,
        "1":0.1790890269,
        "2":0.1688311688,
        "3":0.1631537861,
        "4":0.1680440771
    },
    "AND Gateway":{
        "0":0.2916666667,
        "1":0.3333333333,
        "2":0.25,
        "3":0.2777777778,
        "4":0.2708333333
    },
    "All":{
        "0":0.0773377951,
        "1":0.0819604186,
        "2":0.0828866389,
        "3":0.0826594789,
        "4":0.0854416334
    }
}