{
    "Actor":{
        "0":0.1057255479
    },
    "Activity":{
        "0":0.3071795781
    },
    "Activity Data":{
        "0":0.165729948
    },
    "Further Specification":{
        "0":0.3469516388
    },
    "XOR Gateway":{
        "0":0.1022273642
    },
    "Condition Specification":{
        "0":0.3030956311
    },
    "AND Gateway":{
        "0":0.5031949934
    },
    "All":{
        "0":0.1472242422
    }
}