{
    "Actor":{
        "0":0.1168412571,
        "1":0.1190269331,
        "2":0.1169686985,
        "3":0.1382268827,
        "4":0.1207729469
    },
    "Activity":{
        "0":0.3422222222,
        "1":0.3250773994,
        "2":0.3733552632,
        "3":0.3885135135,
        "4":0.3693379791
    },
    "Activity Data":{
        "0":0.1744360902,
        "1":0.18230563,
        "2":0.1933638444,
        "3":0.2099753695,
        "4":0.2033477991
    },
    "Further Specification":{
        "0":0.415625,
        "1":0.4189602446,
        "2":0.4262734584,
        "3":0.3152173913,
        "4":0.4414715719
    },
    "XOR Gateway":{
        "0":0.1016042781,
        "1":0.118556701,
        "2":0.134502924,
        "3":0.1506849315,
        "4":0.0864197531
    },
    "Condition Specification":{
        "0":0.3174114022,
        "1":0.3038674033,
        "2":0.3414634146,
        "3":0.401980198,
        "4":0.3398058252
    },
    "AND Gateway":{
        "0":0.5909090909,
        "1":0.5454545455,
        "2":0.4705882353,
        "3":0.6428571429,
        "4":0.5909090909
    },
    "All":{
        "0":0.1585773236,
        "1":0.1609098568,
        "2":0.1721698113,
        "3":0.1822323462,
        "4":0.1765402844
    }
}