{
    "Actor":{
        "0":0.1315955069
    },
    "Activity":{
        "0":0.3930760533
    },
    "Activity Data":{
        "0":0.2128898401
    },
    "Further Specification":{
        "0":0.3970676858
    },
    "XOR Gateway":{
        "0":0.1400177676
    },
    "Condition Specification":{
        "0":0.3983196849
    },
    "AND Gateway":{
        "0":0.6650805861
    },
    "All":{
        "0":0.1861214114
    }
}