{
    "Actor":{
        "0":0.0583501006,
        "1":0.0628440367,
        "2":0.060709705,
        "3":0.0644444444,
        "4":0.0611845326
    },
    "Activity":{
        "0":0.1774193548,
        "1":0.1785714286,
        "2":0.1859131859,
        "3":0.1837060703,
        "4":0.1837088388
    },
    "Activity Data":{
        "0":0.0917721519,
        "1":0.0980109542,
        "2":0.0969036697,
        "3":0.0950655144,
        "4":0.1028858218
    },
    "Further Specification":{
        "0":0.1754617414,
        "1":0.1826666667,
        "2":0.1776536313,
        "3":0.1783517835,
        "4":0.2222222222
    },
    "XOR Gateway":{
        "0":0.0524861878,
        "1":0.072555205,
        "2":0.0688622754,
        "3":0.0716612378,
        "4":0.0441640379
    },
    "Condition Specification":{
        "0":0.1786643539,
        "1":0.1959619952,
        "2":0.163963964,
        "3":0.1701592624,
        "4":0.1736111111
    },
    "AND Gateway":{
        "0":0.3023255814,
        "1":0.3870967742,
        "2":0.2285714286,
        "3":0.2571428571,
        "4":0.2708333333
    },
    "All":{
        "0":0.0815563416,
        "1":0.0871648602,
        "2":0.0852260667,
        "3":0.0847727032,
        "4":0.0892001916
    }
}