{
    "Actor":{
        "0":0.0283648498,
        "1":0.0303786933,
        "2":0.0296559905,
        "3":0.0319059614,
        "4":0.0297699594
    },
    "Activity":{
        "0":0.081754386,
        "1":0.0817829457,
        "2":0.0869400152,
        "3":0.0869074492,
        "4":0.0859564165
    },
    "Activity Data":{
        "0":0.0444363282,
        "1":0.046551272,
        "2":0.0472399151,
        "3":0.046866772,
        "4":0.0497382199
    },
    "Further Specification":{
        "0":0.0916666667,
        "1":0.0944233207,
        "2":0.0936819172,
        "3":0.0917537747,
        "4":0.1092767296
    },
    "XOR Gateway":{
        "0":0.023989899,
        "1":0.0338983051,
        "2":0.0341880342,
        "3":0.0348484848,
        "4":0.0217391304
    },
    "Condition Specification":{
        "0":0.0842911877,
        "1":0.0921325052,
        "2":0.0852813853,
        "3":0.0846994536,
        "4":0.0858585859
    },
    "AND Gateway":{
        "0":0.15625,
        "1":0.1944444444,
        "2":0.125,
        "3":0.1388888889,
        "4":0.15625
    },
    "All":{
        "0":0.0392730991,
        "1":0.0416019065,
        "2":0.0419396466,
        "3":0.041878806,
        "4":0.0431646693
    }
}