{
    "Actor":{
        "0":0.0791907545
    },
    "Activity":{
        "0":0.2249864326
    },
    "Activity Data":{
        "0":0.1237322992
    },
    "Further Specification":{
        "0":0.2609892473
    },
    "XOR Gateway":{
        "0":0.0785811514
    },
    "Condition Specification":{
        "0":0.2239911675
    },
    "AND Gateway":{
        "0":0.3890860806
    },
    "All":{
        "0":0.1097266204
    }
}