{
    "Actor":{
        "0":0.0425472747,
        "1":0.0452559301,
        "2":0.043594306,
        "3":0.048488665,
        "4":0.0446549391
    },
    "Activity":{
        "0":0.1221052632,
        "1":0.1226744186,
        "2":0.1298405467,
        "3":0.1297968397,
        "4":0.1283292978
    },
    "Activity Data":{
        "0":0.0661066472,
        "1":0.0694335169,
        "2":0.0702627389,
        "3":0.0697077409,
        "4":0.0741710297
    },
    "Further Specification":{
        "0":0.1346153846,
        "1":0.1378326996,
        "2":0.1388888889,
        "3":0.1332752613,
        "4":0.1615566038
    },
    "XOR Gateway":{
        "0":0.0359848485,
        "1":0.0487288136,
        "2":0.0512820513,
        "3":0.0522727273,
        "4":0.0304347826
    },
    "Condition Specification":{
        "0":0.1235632184,
        "1":0.1374223602,
        "2":0.1279220779,
        "3":0.12529274,
        "4":0.1280991736
    },
    "AND Gateway":{
        "0":0.234375,
        "1":0.2916666667,
        "2":0.1875,
        "3":0.2083333333,
        "4":0.21875
    },
    "All":{
        "0":0.0582822086,
        "1":0.0620920112,
        "2":0.0623138773,
        "3":0.0625187182,
        "4":0.0642476698
    }
}