{
    "Actor":{
        "0":0.0856973995,
        "1":0.0880462725,
        "2":0.0922677063,
        "3":0.0952068286,
        "4":0.0884642604
    },
    "Activity":{
        "0":0.2586786114,
        "1":0.2536231884,
        "2":0.2728365385,
        "3":0.269005848,
        "4":0.2693773825
    },
    "Activity Data":{
        "0":0.1359375,
        "1":0.1377633712,
        "2":0.1467013889,
        "3":0.1409090909,
        "4":0.1494986326
    },
    "Further Specification":{
        "0":0.2681451613,
        "1":0.2790224033,
        "2":0.2750865052,
        "3":0.2636363636,
        "4":0.3227383863
    },
    "XOR Gateway":{
        "0":0.076,
        "1":0.1013215859,
        "2":0.1022222222,
        "3":0.103286385,
        "4":0.0651162791
    },
    "Condition Specification":{
        "0":0.2515262515,
        "1":0.2687296417,
        "2":0.255259467,
        "3":0.2396694215,
        "4":0.2619760479
    },
    "AND Gateway":{
        "0":0.40625,
        "1":0.5,
        "2":0.347826087,
        "3":0.375,
        "4":0.40625
    },
    "All":{
        "0":0.1196974192,
        "1":0.1230670103,
        "2":0.1292243322,
        "3":0.1243781095,
        "4":0.1302903113
    }
}