{
    "Actor":{
        "0":0.0960533582
    },
    "Activity":{
        "0":0.2857903031
    },
    "Activity Data":{
        "0":0.1507821612
    },
    "Further Specification":{
        "0":0.303924455
    },
    "XOR Gateway":{
        "0":0.0966128121
    },
    "Condition Specification":{
        "0":0.275774379
    },
    "AND Gateway":{
        "0":0.4397945932
    },
    "All":{
        "0":0.1338931572
    }
}