{
    "Actor":{
        "0":0.1014784946,
        "1":0.1069518717,
        "2":0.1058315335,
        "3":0.1109456441,
        "4":0.1034201954
    },
    "Activity":{
        "0":0.2957746479,
        "1":0.2987197724,
        "2":0.3140495868,
        "3":0.3142076503,
        "4":0.3131462334
    },
    "Activity Data":{
        "0":0.1596412556,
        "1":0.1658676894,
        "2":0.1698207171,
        "3":0.1567567568,
        "4":0.1765633211
    },
    "Further Specification":{
        "0":0.2869198312,
        "1":0.3756756757,
        "2":0.2882249561,
        "3":0.3712871287,
        "4":0.4126506024
    },
    "XOR Gateway":{
        "0":0.0875576037,
        "1":0.1111111111,
        "2":0.125,
        "3":0.1164021164,
        "4":0.0710659898
    },
    "Condition Specification":{
        "0":0.3097982709,
        "1":0.3190298507,
        "2":0.3131313131,
        "3":0.2853297443,
        "4":0.2881889764
    },
    "AND Gateway":{
        "0":0.5,
        "1":0.5416666667,
        "2":0.4090909091,
        "3":0.5,
        "4":0.5652173913
    },
    "All":{
        "0":0.1397631134,
        "1":0.1493791786,
        "2":0.1490909091,
        "3":0.1453354576,
        "4":0.1525525526
    }
}