{
    "Actor":{
        "0":0.0875075438,
        "1":0.0948096886,
        "2":0.0964019009,
        "3":0.1057622174,
        "4":0.0957854406
    },
    "Activity":{
        "0":0.2630979499,
        "1":0.2730819246,
        "2":0.3051075269,
        "3":0.2952503209,
        "4":0.2924137931
    },
    "Activity Data":{
        "0":0.1387559809,
        "1":0.1499118166,
        "2":0.1499556344,
        "3":0.1560640732,
        "4":0.159223301
    },
    "Further Specification":{
        "0":0.2665330661,
        "1":0.2824742268,
        "2":0.335443038,
        "3":0.2715355805,
        "4":0.3636363636
    },
    "XOR Gateway":{
        "0":0.0772357724,
        "1":0.108490566,
        "2":0.1111111111,
        "3":0.1189189189,
        "4":0.0673076923
    },
    "Condition Specification":{
        "0":0.2472989196,
        "1":0.3027522936,
        "2":0.2732732733,
        "3":0.3011869436,
        "4":0.2543604651
    },
    "AND Gateway":{
        "0":0.4193548387,
        "1":0.5217391304,
        "2":0.347826087,
        "3":0.4285714286,
        "4":0.4814814815
    },
    "All":{
        "0":0.1213168972,
        "1":0.1329389247,
        "2":0.1374764595,
        "3":0.1391546356,
        "4":0.138578869
    }
}