{
    "Actor":{
        "0":0.0338153504,
        "1":0.036454432,
        "2":0.0353499407,
        "3":0.038790932,
        "4":0.0357239513
    },
    "Activity":{
        "0":0.0976842105,
        "1":0.0981395349,
        "2":0.1043280182,
        "3":0.1047404063,
        "4":0.1031476998
    },
    "Activity Data":{
        "0":0.0533235939,
        "1":0.0560188828,
        "2":0.0563694268,
        "3":0.0559241706,
        "4":0.0598603839
    },
    "Further Specification":{
        "0":0.11,
        "1":0.1095057034,
        "2":0.1117647059,
        "3":0.1094076655,
        "4":0.1301886792
    },
    "XOR Gateway":{
        "0":0.0287878788,
        "1":0.0406779661,
        "2":0.041025641,
        "3":0.0418181818,
        "4":0.0260869565
    },
    "Condition Specification":{
        "0":0.1006896552,
        "1":0.1099378882,
        "2":0.1028571429,
        "3":0.1011709602,
        "4":0.1013774105
    },
    "AND Gateway":{
        "0":0.1875,
        "1":0.2333333333,
        "2":0.1333333333,
        "3":0.1666666667,
        "4":0.1875
    },
    "All":{
        "0":0.0469604016,
        "1":0.0497357787,
        "2":0.0501488982,
        "3":0.0501946691,
        "4":0.0517310253
    }
}