{
    "Actor":{
        "0":0.1488277268,
        "1":0.1640903686,
        "2":0.1464903357,
        "3":0.1715976331,
        "4":0.1438434983
    },
    "Activity":{
        "0":0.4383301708,
        "1":0.4575163399,
        "2":0.4541832669,
        "3":0.4978354978,
        "4":0.4274193548
    },
    "Activity Data":{
        "0":0.2339142091,
        "1":0.2561797753,
        "2":0.2405063291,
        "3":0.2554307116,
        "4":0.2403214025
    },
    "Further Specification":{
        "0":0.4451827243,
        "1":0.4892857143,
        "2":0.3866348449,
        "3":0.4865771812,
        "4":0.6055045872
    },
    "XOR Gateway":{
        "0":0.1194968553,
        "1":0.1869918699,
        "2":0.1755725191,
        "3":0.1913043478,
        "4":0.0979020979
    },
    "Condition Specification":{
        "0":0.3905660377,
        "1":0.4954954955,
        "2":0.46,
        "3":0.4709976798,
        "4":0.39503386
    },
    "AND Gateway":{
        "0":0.7,
        "1":1.0,
        "2":0.6666666667,
        "3":0.6923076923,
        "4":0.6666666667
    },
    "All":{
        "0":0.2019950125,
        "1":0.2267218445,
        "2":0.2093564228,
        "3":0.2286367534,
        "4":0.2098904187
    }
}