{
    "Actor":{
        "0":0.1478083588,
        "1":0.162901308,
        "2":0.1444557477,
        "3":0.1715976331,
        "4":0.1438434983
    },
    "Activity":{
        "0":0.4383301708,
        "1":0.4575163399,
        "2":0.4521912351,
        "3":0.4978354978,
        "4":0.4274193548
    },
    "Activity Data":{
        "0":0.2332439678,
        "1":0.2546816479,
        "2":0.2376933896,
        "3":0.2554307116,
        "4":0.2395909423
    },
    "Further Specification":{
        "0":0.4418604651,
        "1":0.4892857143,
        "2":0.3794749403,
        "3":0.4865771812,
        "4":0.6055045872
    },
    "XOR Gateway":{
        "0":0.1194968553,
        "1":0.1869918699,
        "2":0.1755725191,
        "3":0.1913043478,
        "4":0.0979020979
    },
    "Condition Specification":{
        "0":0.3886792453,
        "1":0.4954954955,
        "2":0.455,
        "3":0.4709976798,
        "4":0.39503386
    },
    "AND Gateway":{
        "0":0.65,
        "1":1.0,
        "2":0.6666666667,
        "3":0.6923076923,
        "4":0.619047619
    },
    "All":{
        "0":0.2012468828,
        "1":0.2258350576,
        "2":0.2075471698,
        "3":0.2286367534,
        "4":0.2093284631
    }
}