{
    "Actor":{
        "0":0.3929149372
    },
    "Activity":{
        "0":0.4555897467
    },
    "Activity Data":{
        "0":0.4366541504
    },
    "Further Specification":{
        "0":0.5272476976
    },
    "XOR Gateway":{
        "0":0.4353769788
    },
    "Condition Specification":{
        "0":0.5145020187
    },
    "AND Gateway":{
        "0":0.6197727273
    },
    "All":{
        "0":0.4367337439
    }
}