{
    "Actor":{
        "0":0.1387066542,
        "1":0.1497597437,
        "2":0.1409934772,
        "3":0.1455124801,
        "4":0.1410544027
    },
    "Activity":{
        "0":0.1569455104,
        "1":0.1618150685,
        "2":0.1623430962,
        "3":0.1597510373,
        "4":0.1610619469
    },
    "Activity Data":{
        "0":0.1545801527,
        "1":0.1607779097,
        "2":0.153708134,
        "3":0.154889684,
        "4":0.1615159401
    },
    "Further Specification":{
        "0":0.1928315412,
        "1":0.1981599434,
        "2":0.1950927588,
        "3":0.1954314721,
        "4":0.1923397169
    },
    "XOR Gateway":{
        "0":0.1432835821,
        "1":0.1517027864,
        "2":0.1704918033,
        "3":0.1636363636,
        "4":0.1517241379
    },
    "Condition Specification":{
        "0":0.1844700082,
        "1":0.1971428571,
        "2":0.1889097744,
        "3":0.1869118905,
        "4":0.1823587711
    },
    "AND Gateway":{
        "0":0.2686567164,
        "1":0.2909090909,
        "2":0.1891891892,
        "3":0.2619047619,
        "4":0.298245614
    },
    "All":{
        "0":0.1539504365,
        "1":0.1630906535,
        "2":0.1564661436,
        "3":0.1580484955,
        "4":0.157979408
    }
}