{
    "Actor":{
        "0":0.2774522185
    },
    "Activity":{
        "0":0.3147155659
    },
    "Activity Data":{
        "0":0.3022368841
    },
    "Further Specification":{
        "0":0.3657488872
    },
    "XOR Gateway":{
        "0":0.2988293872
    },
    "Condition Specification":{
        "0":0.3638736574
    },
    "AND Gateway":{
        "0":0.4924469697
    },
    "All":{
        "0":0.3046542922
    }
}