{
    "Actor":{
        "0":0.1262755102,
        "1":0.1341463415,
        "2":0.1266395296,
        "3":0.1303511304,
        "4":0.128892292
    },
    "Activity":{
        "0":0.1438596491,
        "1":0.1465116279,
        "2":0.1473044799,
        "3":0.1452219714,
        "4":0.1468926554
    },
    "Activity Data":{
        "0":0.140625,
        "1":0.1464362272,
        "2":0.1388888889,
        "3":0.1399193548,
        "4":0.1462765957
    },
    "Further Specification":{
        "0":0.1724358974,
        "1":0.1825095057,
        "2":0.1791938998,
        "3":0.1800232288,
        "4":0.1768867925
    },
    "XOR Gateway":{
        "0":0.1290322581,
        "1":0.1361111111,
        "2":0.1520467836,
        "3":0.1470588235,
        "4":0.1358024691
    },
    "Condition Specification":{
        "0":0.1727969349,
        "1":0.1775700935,
        "2":0.1740451389,
        "3":0.1729264476,
        "4":0.1712707182
    },
    "AND Gateway":{
        "0":0.25,
        "1":0.2666666667,
        "2":0.2380952381,
        "3":0.2291666667,
        "4":0.2575757576
    },
    "All":{
        "0":0.1405199684,
        "1":0.1478236915,
        "2":0.142029901,
        "3":0.1434243964,
        "4":0.1443110954
    }
}