{
    "Actor":{
        "0":0.2448979592,
        "1":0.2539454806,
        "2":0.249660787,
        "3":0.2597402597,
        "4":0.2531904033
    },
    "Activity":{
        "0":0.2849122807,
        "1":0.2906976744,
        "2":0.2923310554,
        "3":0.2881866065,
        "4":0.2897497982
    },
    "Activity Data":{
        "0":0.2703373016,
        "1":0.2813504823,
        "2":0.2672599784,
        "3":0.2715053763,
        "4":0.2839834515
    },
    "Further Specification":{
        "0":0.3192307692,
        "1":0.3422053232,
        "2":0.3246187364,
        "3":0.3298490128,
        "4":0.3364779874
    },
    "XOR Gateway":{
        "0":0.2580645161,
        "1":0.2611111111,
        "2":0.2923976608,
        "3":0.2941176471,
        "4":0.2716049383
    },
    "Condition Specification":{
        "0":0.3218390805,
        "1":0.3364485981,
        "2":0.3376736111,
        "3":0.3215962441,
        "4":0.3278084715
    },
    "AND Gateway":{
        "0":0.4166666667,
        "1":0.3333333333,
        "2":0.4761904762,
        "3":0.4583333333,
        "4":0.3333333333
    },
    "All":{
        "0":0.2698695136,
        "1":0.2826446281,
        "2":0.2744788377,
        "3":0.2773189327,
        "4":0.2797976232
    }
}