{
    "Actor":{
        "0":0.2994735648
    },
    "Activity":{
        "0":0.343564179
    },
    "Activity Data":{
        "0":0.3265977488
    },
    "Further Specification":{
        "0":0.4055140448
    },
    "XOR Gateway":{
        "0":0.330593184
    },
    "Condition Specification":{
        "0":0.3908227563
    },
    "AND Gateway":{
        "0":0.4915948767
    },
    "All":{
        "0":0.3299365677
    }
}