{
    "Actor":{
        "0":0.6438515081,
        "1":0.706122449,
        "2":0.6082949309,
        "3":0.6968876861,
        "4":0.6138996139
    },
    "Activity":{
        "0":0.7590132827,
        "1":0.8061002179,
        "2":0.7569721116,
        "3":0.8181818182,
        "4":0.7197580645
    },
    "Activity Data":{
        "0":0.7192622951,
        "1":0.7704667177,
        "2":0.6807747489,
        "3":0.7372039725,
        "4":0.6867559524
    },
    "Further Specification":{
        "0":0.7840531561,
        "1":0.8857142857,
        "2":0.6730310263,
        "3":0.8825503356,
        "4":0.9266055046
    },
    "XOR Gateway":{
        "0":0.6315789474,
        "1":0.7704918033,
        "2":0.7936507937,
        "3":0.7818181818,
        "4":0.6461538462
    },
    "Condition Specification":{
        "0":0.7509433962,
        "1":0.8975903614,
        "2":0.8721804511,
        "3":0.9069767442,
        "4":0.7398190045
    },
    "AND Gateway":{
        "0":0.8,
        "1":1.0,
        "2":1.0,
        "3":0.8888888889,
        "4":0.6875
    },
    "All":{
        "0":0.6964238411,
        "1":0.7716708543,
        "2":0.6785323111,
        "3":0.7574197456,
        "4":0.6786777844
    }
}