{
    "Actor":{
        "0":0.1297732677
    },
    "Activity":{
        "0":0.1459580767
    },
    "Activity Data":{
        "0":0.1426072594
    },
    "Further Specification":{
        "0":0.1792424128
    },
    "XOR Gateway":{
        "0":0.1400102891
    },
    "Condition Specification":{
        "0":0.1744609002
    },
    "AND Gateway":{
        "0":0.2483008658
    },
    "All":{
        "0":0.1439174676
    }
}