{
    "Actor":{
        "0":0.4109491778
    },
    "Activity":{
        "0":0.4850258348
    },
    "Activity Data":{
        "0":0.4429130829
    },
    "Further Specification":{
        "0":0.5256411999
    },
    "XOR Gateway":{
        "0":0.4490881592
    },
    "Condition Specification":{
        "0":0.5212147036
    },
    "AND Gateway":{
        "0":0.5344230141
    },
    "All":{
        "0":0.4472092856
    }
}