{
    "Actor":{
        "0":0.4823731728,
        "1":0.5028301887,
        "2":0.5371312309,
        "3":0.5028355388,
        "4":0.466730038
    },
    "Activity":{
        "0":0.5508241758,
        "1":0.5585585586,
        "2":0.615755627,
        "3":0.5744360902,
        "4":0.536036036
    },
    "Activity Data":{
        "0":0.5236239649,
        "1":0.5631436314,
        "2":0.5513482501,
        "3":0.5448467967,
        "4":0.5234460196
    },
    "Further Specification":{
        "0":0.6861111111,
        "1":0.5717391304,
        "2":0.7288557214,
        "3":0.5893617021,
        "4":0.7167235495
    },
    "XOR Gateway":{
        "0":0.5217391304,
        "1":0.5164835165,
        "2":0.6097560976,
        "3":0.5584415584,
        "4":0.4583333333
    },
    "Condition Specification":{
        "0":0.5837988827,
        "1":0.6485943775,
        "2":0.6679174484,
        "3":0.627245509,
        "4":0.5693311582
    },
    "AND Gateway":{
        "0":0.7894736842,
        "1":0.9285714286,
        "2":0.7777777778,
        "3":1.0,
        "4":0.8095238095
    },
    "All":{
        "0":0.5240693822,
        "1":0.5496331463,
        "2":0.5738454504,
        "3":0.5429234339,
        "4":0.5171584699
    }
}