{
    "Actor":{
        "0":0.19260385
    },
    "Activity":{
        "0":0.2180224862
    },
    "Activity Data":{
        "0":0.2120561565
    },
    "Further Specification":{
        "0":0.2648827556
    },
    "XOR Gateway":{
        "0":0.2100154336
    },
    "Condition Specification":{
        "0":0.2577984365
    },
    "AND Gateway":{
        "0":0.3574512987
    },
    "All":{
        "0":0.2137140446
    }
}