{
    "Actor":{
        "0":0.3667091837,
        "1":0.3888091822,
        "2":0.3758480326,
        "3":0.3867243867,
        "4":0.375957121
    },
    "Activity":{
        "0":0.4273684211,
        "1":0.4313953488,
        "2":0.437357631,
        "3":0.4311512415,
        "4":0.4358353511
    },
    "Activity Data":{
        "0":0.4110863095,
        "1":0.4268488746,
        "2":0.3996763754,
        "3":0.4032258065,
        "4":0.4255319149
    },
    "Further Specification":{
        "0":0.4846153846,
        "1":0.4847908745,
        "2":0.4967320261,
        "3":0.487804878,
        "4":0.516509434
    },
    "XOR Gateway":{
        "0":0.3870967742,
        "1":0.3916666667,
        "2":0.4561403509,
        "3":0.4411764706,
        "4":0.3888888889
    },
    "Condition Specification":{
        "0":0.4735632184,
        "1":0.5015576324,
        "2":0.4869791667,
        "3":0.4870892019,
        "4":0.4889502762
    },
    "AND Gateway":{
        "0":0.75,
        "1":0.5,
        "2":0.5,
        "3":0.5,
        "4":0.6363636364
    },
    "All":{
        "0":0.4064353499,
        "1":0.4239669421,
        "2":0.4096651927,
        "3":0.4128017789,
        "4":0.4198729262
    }
}