{
    "Actor":{
        "0":0.4639091646,
        "1":0.4773333333,
        "2":0.5065420561,
        "3":0.4961759082,
        "4":0.4664723032
    },
    "Activity":{
        "0":0.5433604336,
        "1":0.5637181409,
        "2":0.5557163531,
        "3":0.5555555556,
        "4":0.5376506024
    },
    "Activity Data":{
        "0":0.5025522042,
        "1":0.5385416667,
        "2":0.5279159757,
        "3":0.5075168481,
        "4":0.5200880572
    },
    "Further Specification":{
        "0":0.6347150259,
        "1":0.5842696629,
        "2":0.5626168224,
        "3":0.7368421053,
        "4":0.5892351275
    },
    "XOR Gateway":{
        "0":0.48,
        "1":0.5384615385,
        "2":0.6117647059,
        "3":0.4942528736,
        "4":0.4375
    },
    "Condition Specification":{
        "0":0.5874822191,
        "1":0.6610526316,
        "2":0.60591133,
        "3":0.5690376569,
        "4":0.5898305085
    },
    "AND Gateway":{
        "0":0.75,
        "1":0.6666666667,
        "2":0.6363636364,
        "3":0.5,
        "4":0.7
    },
    "All":{
        "0":0.5066591634,
        "1":0.5354579992,
        "2":0.5286902287,
        "3":0.5252066116,
        "4":0.5108338805
    }
}