{
    "Actor":{
        "0":0.3388075676
    },
    "Activity":{
        "0":0.3859500455
    },
    "Activity Data":{
        "0":0.3690560886
    },
    "Further Specification":{
        "0":0.4654337297
    },
    "XOR Gateway":{
        "0":0.3753562332
    },
    "Condition Specification":{
        "0":0.4390189753
    },
    "AND Gateway":{
        "0":0.5586851409
    },
    "All":{
        "0":0.3729224765
    }
}