{
    "Actor":{
        "0":0.1510204082,
        "1":0.1606886657,
        "2":0.1525101764,
        "3":0.1581529582,
        "4":0.1549770291
    },
    "Activity":{
        "0":0.1722105263,
        "1":0.1758139535,
        "2":0.1767653759,
        "3":0.1751693002,
        "4":0.1762711864
    },
    "Activity Data":{
        "0":0.1696428571,
        "1":0.1747588424,
        "2":0.1661812298,
        "3":0.1677419355,
        "4":0.1757092199
    },
    "Further Specification":{
        "0":0.2053846154,
        "1":0.2174904943,
        "2":0.2111111111,
        "3":0.2195121951,
        "4":0.2179245283
    },
    "XOR Gateway":{
        "0":0.1548387097,
        "1":0.1633333333,
        "2":0.1824561404,
        "3":0.1764705882,
        "4":0.162962963
    },
    "Condition Specification":{
        "0":0.2082758621,
        "1":0.2124610592,
        "2":0.2119791667,
        "3":0.2079812207,
        "4":0.2060773481
    },
    "AND Gateway":{
        "0":0.3,
        "1":0.32,
        "2":0.2857142857,
        "3":0.275,
        "4":0.2545454545
    },
    "All":{
        "0":0.168801898,
        "1":0.1767272727,
        "2":0.1702463677,
        "3":0.1728716645,
        "4":0.1735262972
    }
}