{
    "Actor":{
        "0":0.150255102,
        "1":0.1606886657,
        "2":0.1516960651,
        "3":0.1587301587,
        "4":0.154058193
    },
    "Activity":{
        "0":0.1713684211,
        "1":0.1748837209,
        "2":0.176309795,
        "3":0.1751693002,
        "4":0.1762711864
    },
    "Activity Data":{
        "0":0.1681547619,
        "1":0.175562701,
        "2":0.1653721683,
        "3":0.1670967742,
        "4":0.1753546099
    },
    "Further Specification":{
        "0":0.2076923077,
        "1":0.2053231939,
        "2":0.2117647059,
        "3":0.2153310105,
        "4":0.2094339623
    },
    "XOR Gateway":{
        "0":0.1548387097,
        "1":0.1633333333,
        "2":0.1824561404,
        "3":0.1764705882,
        "4":0.162962963
    },
    "Condition Specification":{
        "0":0.204137931,
        "1":0.2099688474,
        "2":0.2088541667,
        "3":0.2046948357,
        "4":0.2011049724
    },
    "AND Gateway":{
        "0":0.3,
        "1":0.32,
        "2":0.2,
        "3":0.275,
        "4":0.3090909091
    },
    "All":{
        "0":0.1677342823,
        "1":0.1756694215,
        "2":0.1692356286,
        "3":0.1720457433,
        "4":0.1722555595
    }
}