{
    "Bleu Score":{
        "0":0.9442950749,
        "1":0.9523818621,
        "2":0.9508113386,
        "3":0.9473729512,
        "4":0.9472699225
    }
}