{
    "Bleu Score":{
        "0":0.914598727,
        "1":0.9187006646,
        "2":0.9091162396,
        "3":0.9112943495,
        "4":0.9160293419
    }
}