{
    "Bleu Score":{
        "0":0.9237156559,
        "1":0.9273972525,
        "2":0.9187921127,
        "3":0.9207485563,
        "4":0.9249998782
    }
}