{
    "Bleu Score":{
        "0":0.957829989,
        "1":0.9659923946,
        "2":0.9707761677,
        "3":0.9683689862,
        "4":0.9804374956
    }
}