{
    "Actor":{
        "0":0.1150626904
    },
    "Activity":{
        "0":0.3372774174
    },
    "Activity Data":{
        "0":0.1821197538
    },
    "Further Specification":{
        "0":0.3581350378
    },
    "XOR Gateway":{
        "0":0.1149456425
    },
    "Condition Specification":{
        "0":0.3195014089
    },
    "AND Gateway":{
        "0":0.5642007116
    },
    "All":{
        "0":0.1598391818
    }
}