{
    "Actor":{
        "0":0.0631808279,
        "1":0.0668945312,
        "2":0.0703666997,
        "3":0.0710784314,
        "4":0.0655823715
    },
    "Activity":{
        "0":0.1899671053,
        "1":0.1898734177,
        "2":0.2145557656,
        "3":0.2053571429,
        "4":0.1972093023
    },
    "Activity Data":{
        "0":0.0987794493,
        "1":0.1060842434,
        "2":0.1125166445,
        "3":0.1063630692,
        "4":0.1098091731
    },
    "Further Specification":{
        "0":0.215210356,
        "1":0.1954350927,
        "2":0.2205270458,
        "3":0.1892950392,
        "4":0.2439926063
    },
    "XOR Gateway":{
        "0":0.0545977011,
        "1":0.0737179487,
        "2":0.074433657,
        "3":0.0817843866,
        "4":0.045751634
    },
    "Condition Specification":{
        "0":0.1788194444,
        "1":0.1918604651,
        "2":0.180734856,
        "3":0.1974708171,
        "4":0.1861702128
    },
    "AND Gateway":{
        "0":0.2954545455,
        "1":0.3636363636,
        "2":0.2666666667,
        "3":0.2647058824,
        "4":0.3023255814
    },
    "All":{
        "0":0.0877555459,
        "1":0.0924379915,
        "2":0.0985638885,
        "3":0.0945291268,
        "4":0.0955373173
    }
}