{
    "Actor":{
        "0":0.1060820368,
        "1":0.1099317665,
        "2":0.1092814371,
        "3":0.1164750958,
        "4":0.1153846154
    },
    "Activity":{
        "0":0.308,
        "1":0.3066860465,
        "2":0.338781575,
        "3":0.3172413793,
        "4":0.3481116585
    },
    "Activity Data":{
        "0":0.1707897241,
        "1":0.1707080504,
        "2":0.173869846,
        "3":0.1669829222,
        "4":0.1982507289
    },
    "Further Specification":{
        "0":0.375,
        "1":0.3288288288,
        "2":0.3326693227,
        "3":0.3656174334,
        "4":0.3942857143
    },
    "XOR Gateway":{
        "0":0.0909090909,
        "1":0.1270718232,
        "2":0.1270718232,
        "3":0.1264367816,
        "4":0.0921052632
    },
    "Condition Specification":{
        "0":0.3252647504,
        "1":0.3581780538,
        "2":0.3056,
        "3":0.3369905956,
        "4":0.3533980583
    },
    "AND Gateway":{
        "0":0.56,
        "1":0.7222222222,
        "2":0.4705882353,
        "3":0.4285714286,
        "4":0.7222222222
    },
    "All":{
        "0":0.1492132393,
        "1":0.1518768046,
        "2":0.1546661679,
        "3":0.1530460624,
        "4":0.1706499888
    }
}