{
    "Actor":{
        "0":0.0283648498,
        "1":0.0305867665,
        "2":0.0296559905,
        "3":0.0323257767,
        "4":0.0295444294
    },
    "Activity":{
        "0":0.0814035088,
        "1":0.0817829457,
        "2":0.0865603645,
        "3":0.0869074492,
        "4":0.0855528652
    },
    "Activity Data":{
        "0":0.0452885318,
        "1":0.0470757933,
        "2":0.0475053079,
        "3":0.0472617167,
        "4":0.0506108202
    },
    "Further Specification":{
        "0":0.0923076923,
        "1":0.0950570342,
        "2":0.0942265795,
        "3":0.0917537747,
        "4":0.1092767296
    },
    "XOR Gateway":{
        "0":0.023989899,
        "1":0.0324858757,
        "2":0.0327635328,
        "3":0.0333333333,
        "4":0.0202898551
    },
    "Condition Specification":{
        "0":0.0862068966,
        "1":0.0921325052,
        "2":0.0857142857,
        "3":0.0866510539,
        "4":0.0872359963
    },
    "AND Gateway":{
        "0":0.1458333333,
        "1":0.1805555556,
        "2":0.125,
        "3":0.125,
        "4":0.1458333333
    },
    "All":{
        "0":0.0393195761,
        "1":0.0414982903,
        "2":0.0417907485,
        "3":0.041878806,
        "4":0.0432201509
    }
}