{
    "Actor":{
        "0":0.0601911252
    },
    "Activity":{
        "0":0.1688828534
    },
    "Activity Data":{
        "0":0.095096868
    },
    "Further Specification":{
        "0":0.1930487241
    },
    "XOR Gateway":{
        "0":0.0571449983
    },
    "Condition Specification":{
        "0":0.1751762951
    },
    "AND Gateway":{
        "0":0.2888888889
    },
    "All":{
        "0":0.0830830287
    }
}