{
    "Actor":{
        "0":0.0567296997,
        "1":0.0611735331,
        "2":0.059311981,
        "3":0.0646515533,
        "4":0.0590888588
    },
    "Activity":{
        "0":0.1628070175,
        "1":0.1635658915,
        "2":0.1731207289,
        "3":0.1738148984,
        "4":0.1711057304
    },
    "Activity Data":{
        "0":0.0905770636,
        "1":0.0941515867,
        "2":0.0950106157,
        "3":0.0945234334,
        "4":0.1012216405
    },
    "Further Specification":{
        "0":0.1846153846,
        "1":0.1901140684,
        "2":0.188453159,
        "3":0.1835075494,
        "4":0.2185534591
    },
    "XOR Gateway":{
        "0":0.047979798,
        "1":0.0649717514,
        "2":0.0655270655,
        "3":0.0666666667,
        "4":0.0405797101
    },
    "Condition Specification":{
        "0":0.1724137931,
        "1":0.1842650104,
        "2":0.1714285714,
        "3":0.1733021077,
        "4":0.1744719927
    },
    "AND Gateway":{
        "0":0.2916666667,
        "1":0.3611111111,
        "2":0.25,
        "3":0.25,
        "4":0.2916666667
    },
    "All":{
        "0":0.0786391523,
        "1":0.0829965807,
        "2":0.0835814969,
        "3":0.0837576121,
        "4":0.0864403018
    }
}