{
    "Actor":{
        "0":0.1012426836
    },
    "Activity":{
        "0":0.2891179752
    },
    "Activity Data":{
        "0":0.1610025188
    },
    "Further Specification":{
        "0":0.3307350994
    },
    "XOR Gateway":{
        "0":0.0959387583
    },
    "Condition Specification":{
        "0":0.2913852923
    },
    "AND Gateway":{
        "0":0.5073272136
    },
    "All":{
        "0":0.1408008182
    }
}