{
    "Actor":{
        "0":0.0599421248,
        "1":0.0628440367,
        "2":0.0613921314,
        "3":0.0670675301,
        "4":0.0616674889
    },
    "Activity":{
        "0":0.1814611155,
        "1":0.182767624,
        "2":0.1912384162,
        "3":0.1908713693,
        "4":0.1879432624
    },
    "Activity Data":{
        "0":0.0942068219,
        "1":0.0999412111,
        "2":0.0967095851,
        "3":0.1006493506,
        "4":0.1036662453
    },
    "Further Specification":{
        "0":0.2052469136,
        "1":0.1797900262,
        "2":0.1840277778,
        "3":0.1792336218,
        "4":0.2248722317
    },
    "XOR Gateway":{
        "0":0.0529247911,
        "1":0.0777027027,
        "2":0.0749185668,
        "3":0.0763888889,
        "4":0.0453074434
    },
    "Condition Specification":{
        "0":0.1695473251,
        "1":0.1978417266,
        "2":0.1825476429,
        "3":0.181088314,
        "4":0.1725838264
    },
    "AND Gateway":{
        "0":0.3170731707,
        "1":0.4615384615,
        "2":0.2666666667,
        "3":0.3,
        "4":0.3333333333
    },
    "All":{
        "0":0.0836356099,
        "1":0.0883339114,
        "2":0.0873490699,
        "3":0.0888592691,
        "4":0.0901064344
    }
}