{
    "Actor":{
        "0":0.1268209083,
        "1":0.1421319797,
        "2":0.1303571429,
        "3":0.1398148148,
        "4":0.1335436383
    },
    "Activity":{
        "0":0.3830845771,
        "1":0.4054054054,
        "2":0.3819095477,
        "3":0.3666666667,
        "4":0.3868613139
    },
    "Activity Data":{
        "0":0.1969866071,
        "1":0.2189274448,
        "2":0.2054631829,
        "3":0.1982905983,
        "4":0.2179818887
    },
    "Further Specification":{
        "0":0.4303797468,
        "1":0.4365325077,
        "2":0.3706140351,
        "3":0.351039261,
        "4":0.481884058
    },
    "XOR Gateway":{
        "0":0.1079545455,
        "1":0.1654676259,
        "2":0.1586206897,
        "3":0.1419354839,
        "4":0.0903225806
    },
    "Condition Specification":{
        "0":0.3536184211,
        "1":0.4477211796,
        "2":0.3830645161,
        "3":0.3690685413,
        "4":0.358974359
    },
    "AND Gateway":{
        "0":0.6842105263,
        "1":0.9230769231,
        "2":0.5714285714,
        "3":0.4736842105,
        "4":0.5416666667
    },
    "All":{
        "0":0.1751762444,
        "1":0.1974085366,
        "2":0.1828457447,
        "3":0.176686059,
        "4":0.1889193911
    }
}