{
    "Actor":{
        "0":0.0985639687,
        "1":0.1004213483,
        "2":0.1019283747,
        "3":0.1072931276,
        "4":0.1055646481
    },
    "Activity":{
        "0":0.289276808,
        "1":0.2754569191,
        "2":0.3026666667,
        "3":0.296534018,
        "4":0.2944444444
    },
    "Activity Data":{
        "0":0.156745182,
        "1":0.156749556,
        "2":0.1628014842,
        "3":0.1575892857,
        "4":0.1747079736
    },
    "Further Specification":{
        "0":0.3112582781,
        "1":0.3054989817,
        "2":0.3576017131,
        "3":0.311023622,
        "4":0.3774104683
    },
    "XOR Gateway":{
        "0":0.0875576037,
        "1":0.1050228311,
        "2":0.1204188482,
        "3":0.1139896373,
        "4":0.0654205607
    },
    "Condition Specification":{
        "0":0.2972972973,
        "1":0.2978003384,
        "2":0.2941176471,
        "3":0.3011049724,
        "4":0.2680851064
    },
    "AND Gateway":{
        "0":0.5416666667,
        "1":0.5909090909,
        "2":0.4736842105,
        "3":0.4285714286,
        "4":0.4666666667
    },
    "All":{
        "0":0.1371456661,
        "1":0.1375542064,
        "2":0.1454896455,
        "3":0.1415718893,
        "4":0.1479992342
    }
}