{
    "Actor":{
        "0":0.0155007218
    },
    "Activity":{
        "0":0.0458959403
    },
    "Activity Data":{
        "0":0.0244796279
    },
    "Further Specification":{
        "0":0.0487259426
    },
    "XOR Gateway":{
        "0":0.0155849995
    },
    "Condition Specification":{
        "0":0.0439312064
    },
    "AND Gateway":{
        "0":0.0734848485
    },
    "All":{
        "0":0.0216228357
    }
}