{
    "Actor":{
        "0":0.1114309903
    },
    "Activity":{
        "0":0.3237641319
    },
    "Activity Data":{
        "0":0.1761202543
    },
    "Further Specification":{
        "0":0.3592802598
    },
    "XOR Gateway":{
        "0":0.1127189564
    },
    "Condition Specification":{
        "0":0.3358862916
    },
    "AND Gateway":{
        "0":0.5807208217
    },
    "All":{
        "0":0.1558904526
    }
}