{
    "Actor":{
        "0":0.1887755102,
        "1":0.2015781923,
        "2":0.1909769335,
        "3":0.1980519481,
        "4":0.191424196
    },
    "Activity":{
        "0":0.2121052632,
        "1":0.2174418605,
        "2":0.2186788155,
        "3":0.2155756208,
        "4":0.2167070218
    },
    "Activity Data":{
        "0":0.2139136905,
        "1":0.2208601286,
        "2":0.2075242718,
        "3":0.2127016129,
        "4":0.2234042553
    },
    "Further Specification":{
        "0":0.2615384615,
        "1":0.2718631179,
        "2":0.2696078431,
        "3":0.2682926829,
        "4":0.2676886792
    },
    "XOR Gateway":{
        "0":0.1975806452,
        "1":0.2,
        "2":0.2236842105,
        "3":0.2156862745,
        "4":0.1944444444
    },
    "Condition Specification":{
        "0":0.2643678161,
        "1":0.2585669782,
        "2":0.2623697917,
        "3":0.2623239437,
        "4":0.2617403315
    },
    "AND Gateway":{
        "0":0.3125,
        "1":0.325,
        "2":0.3571428571,
        "3":0.25,
        "4":0.3181818182
    },
    "All":{
        "0":0.2120403321,
        "1":0.220661157,
        "2":0.2126500316,
        "3":0.2163278272,
        "4":0.2172608542
    }
}