{
    "Actor":{
        "0":0.2871926872
    },
    "Activity":{
        "0":0.3384495025
    },
    "Activity Data":{
        "0":0.3138066205
    },
    "Further Specification":{
        "0":0.3687010875
    },
    "XOR Gateway":{
        "0":0.3099703188
    },
    "Condition Specification":{
        "0":0.3537044178
    },
    "AND Gateway":{
        "0":0.3624665813
    },
    "All":{
        "0":0.3132048326
    }
}