{
    "Actor":{
        "0":0.6356356736
    },
    "Activity":{
        "0":0.7360091949
    },
    "Activity Data":{
        "0":0.6832558073
    },
    "Further Specification":{
        "0":0.8076513298
    },
    "XOR Gateway":{
        "0":0.7011160659
    },
    "Condition Specification":{
        "0":0.7812880251
    },
    "AND Gateway":{
        "0":0.8355769231
    },
    "All":{
        "0":0.686291916
    }
}