{
    "Actor":{
        "0":0.5322434837
    },
    "Activity":{
        "0":0.6176819643
    },
    "Activity Data":{
        "0":0.5816365142
    },
    "Further Specification":{
        "0":0.7052691988
    },
    "XOR Gateway":{
        "0":0.575062044
    },
    "Condition Specification":{
        "0":0.6651686485
    },
    "AND Gateway":{
        "0":0.7553167421
    },
    "All":{
        "0":0.5819760648
    }
}