{
    "Actor":{
        "0":0.513321492,
        "1":0.5255905512,
        "2":0.542204568,
        "3":0.5309017224,
        "4":0.5491990847
    },
    "Activity":{
        "0":0.6014925373,
        "1":0.5974440895,
        "2":0.631840796,
        "3":0.5903426791,
        "4":0.6672897196
    },
    "Activity Data":{
        "0":0.5797562268,
        "1":0.5722891566,
        "2":0.5611888112,
        "3":0.5804195804,
        "4":0.6145287958
    },
    "Further Specification":{
        "0":0.6023255814,
        "1":0.6794871795,
        "2":0.7205882353,
        "3":0.7807017544,
        "4":0.7432432432
    },
    "XOR Gateway":{
        "0":0.5106382979,
        "1":0.5164835165,
        "2":0.625,
        "3":0.6231884058,
        "4":0.6
    },
    "Condition Specification":{
        "0":0.6640986133,
        "1":0.664516129,
        "2":0.6607460036,
        "3":0.6227810651,
        "4":0.7137014315
    },
    "AND Gateway":{
        "0":0.8823529412,
        "1":0.625,
        "2":0.7692307692,
        "3":0.5,
        "4":1.0
    },
    "All":{
        "0":0.563923661,
        "1":0.5735891648,
        "2":0.5799544419,
        "3":0.5786870504,
        "4":0.6137260058
    }
}