{
    "Actor":{
        "0":0.4405506033
    },
    "Activity":{
        "0":0.4970066859
    },
    "Activity Data":{
        "0":0.4842168033
    },
    "Further Specification":{
        "0":0.6032028963
    },
    "XOR Gateway":{
        "0":0.471666185
    },
    "Condition Specification":{
        "0":0.5718132301
    },
    "AND Gateway":{
        "0":0.7193362193
    },
    "All":{
        "0":0.4853275742
    }
}