{
    "Actor":{
        "0":0.6599286564,
        "1":0.7052489906,
        "2":0.6486486486,
        "3":0.6912751678,
        "4":0.6997084548
    },
    "Activity":{
        "0":0.7952286282,
        "1":0.8026030369,
        "2":0.8102345416,
        "3":0.7651821862,
        "4":0.8244803695
    },
    "Activity Data":{
        "0":0.7182810368,
        "1":0.7483492296,
        "2":0.6997063142,
        "3":0.7219764012,
        "4":0.7735220649
    },
    "Further Specification":{
        "0":0.9042145594,
        "1":0.8825622776,
        "2":0.8840125392,
        "3":0.8525641026,
        "4":0.9395348837
    },
    "XOR Gateway":{
        "0":0.676056338,
        "1":0.7704918033,
        "2":0.8333333333,
        "3":0.7962962963,
        "4":0.7636363636
    },
    "Condition Specification":{
        "0":0.8614718615,
        "1":0.8931750742,
        "2":0.7991169978,
        "3":0.84,
        "4":0.901369863
    },
    "AND Gateway":{
        "0":1.0,
        "1":1.0,
        "2":1.0,
        "3":1.0,
        "4":1.0
    },
    "All":{
        "0":0.7270464602,
        "1":0.7610565111,
        "2":0.7155568312,
        "3":0.7331591173,
        "4":0.7720836143
    }
}