{
    "Actor":{
        "0":0.129440904
    },
    "Activity":{
        "0":0.1440678109
    },
    "Activity Data":{
        "0":0.1437871946
    },
    "Further Specification":{
        "0":0.1785321046
    },
    "XOR Gateway":{
        "0":0.13751941
    },
    "Condition Specification":{
        "0":0.1745825148
    },
    "AND Gateway":{
        "0":0.2083766234
    },
    "All":{
        "0":0.1438586936
    }
}