{
    "Actor":{
        "0":0.0706041295
    },
    "Activity":{
        "0":0.0785824423
    },
    "Activity Data":{
        "0":0.0784293788
    },
    "Further Specification":{
        "0":0.097381148
    },
    "XOR Gateway":{
        "0":0.0750105872
    },
    "Condition Specification":{
        "0":0.0952268263
    },
    "AND Gateway":{
        "0":0.1136599764
    },
    "All":{
        "0":0.0784683783
    }
}