{
    "Actor":{
        "0":0.0943877551,
        "1":0.1007890961,
        "2":0.0954884668,
        "3":0.099025974,
        "4":0.095712098
    },
    "Activity":{
        "0":0.1060526316,
        "1":0.1087209302,
        "2":0.1093394077,
        "3":0.1077878104,
        "4":0.1083535109
    },
    "Activity Data":{
        "0":0.1069568452,
        "1":0.1104300643,
        "2":0.1037621359,
        "3":0.1063508065,
        "4":0.1117021277
    },
    "Further Specification":{
        "0":0.1307692308,
        "1":0.1359315589,
        "2":0.1348039216,
        "3":0.1341463415,
        "4":0.1338443396
    },
    "XOR Gateway":{
        "0":0.0987903226,
        "1":0.1,
        "2":0.1118421053,
        "3":0.1078431373,
        "4":0.0972222222
    },
    "Condition Specification":{
        "0":0.132183908,
        "1":0.1292834891,
        "2":0.1311848958,
        "3":0.1311619718,
        "4":0.1308701657
    },
    "AND Gateway":{
        "0":0.15625,
        "1":0.1625,
        "2":0.1785714286,
        "3":0.125,
        "4":0.1590909091
    },
    "All":{
        "0":0.1060201661,
        "1":0.1103305785,
        "2":0.1063250158,
        "3":0.1081639136,
        "4":0.1086304271
    }
}