{
    "Actor":{
        "0":0.0425472747,
        "1":0.0458801498,
        "2":0.0444839858,
        "3":0.048488665,
        "4":0.0443166441
    },
    "Activity":{
        "0":0.1221052632,
        "1":0.1226744186,
        "2":0.1292710706,
        "3":0.1303611738,
        "4":0.1283292978
    },
    "Activity Data":{
        "0":0.0673849525,
        "1":0.0704169945,
        "2":0.0708598726,
        "3":0.0697077409,
        "4":0.0752617801
    },
    "Further Specification":{
        "0":0.1375,
        "1":0.1406844106,
        "2":0.1413398693,
        "3":0.1367595819,
        "4":0.1639150943
    },
    "XOR Gateway":{
        "0":0.0359848485,
        "1":0.0487288136,
        "2":0.0491452991,
        "3":0.05,
        "4":0.0304347826
    },
    "Condition Specification":{
        "0":0.1275862069,
        "1":0.1366459627,
        "2":0.125974026,
        "3":0.1288056206,
        "4":0.1301652893
    },
    "AND Gateway":{
        "0":0.21875,
        "1":0.2708333333,
        "2":0.1875,
        "3":0.1875,
        "4":0.21875
    },
    "All":{
        "0":0.0589096486,
        "1":0.0622474355,
        "2":0.0626116736,
        "3":0.0625187182,
        "4":0.0645805593
    }
}