{
    "Actor":{
        "0":0.0425472747,
        "1":0.0458801498,
        "2":0.0444839858,
        "3":0.048488665,
        "4":0.0443166441
    },
    "Activity":{
        "0":0.1221052632,
        "1":0.1226744186,
        "2":0.1298405467,
        "3":0.1303611738,
        "4":0.1283292978
    },
    "Activity Data":{
        "0":0.0675675676,
        "1":0.0694335169,
        "2":0.0704617834,
        "3":0.0699052133,
        "4":0.0756980803
    },
    "Further Specification":{
        "0":0.1375,
        "1":0.1406844106,
        "2":0.1405228758,
        "3":0.1367595819,
        "4":0.1639150943
    },
    "XOR Gateway":{
        "0":0.0359848485,
        "1":0.0487288136,
        "2":0.0491452991,
        "3":0.05,
        "4":0.0304347826
    },
    "Condition Specification":{
        "0":0.1281609195,
        "1":0.1366459627,
        "2":0.1272727273,
        "3":0.1282201405,
        "4":0.1308539945
    },
    "AND Gateway":{
        "0":0.21875,
        "1":0.2708333333,
        "2":0.1875,
        "3":0.1875,
        "4":0.21875
    },
    "All":{
        "0":0.0589096486,
        "1":0.062014299,
        "2":0.0626116736,
        "3":0.0625935909,
        "4":0.064747004
    }
}