{
    "Actor":{
        "0":0.0451433439
    },
    "Activity":{
        "0":0.12666214
    },
    "Activity Data":{
        "0":0.0706132323
    },
    "Further Specification":{
        "0":0.1438763925
    },
    "XOR Gateway":{
        "0":0.0428587488
    },
    "Condition Specification":{
        "0":0.1302307489
    },
    "AND Gateway":{
        "0":0.2166666667
    },
    "All":{
        "0":0.0621752432
    }
}