{
    "Actor":{
        "0":0.0450184999
    },
    "Activity":{
        "0":0.12666214
    },
    "Activity Data":{
        "0":0.0712833119
    },
    "Further Specification":{
        "0":0.144596429
    },
    "XOR Gateway":{
        "0":0.0428587488
    },
    "Condition Specification":{
        "0":0.1312651253
    },
    "AND Gateway":{
        "0":0.2166666667
    },
    "All":{
        "0":0.0622351273
    }
}