{
    "Actor":{
        "0":0.1839923469,
        "1":0.1972740316,
        "2":0.1875848033,
        "3":0.1948051948,
        "4":0.1891271057
    },
    "Activity":{
        "0":0.2121052632,
        "1":0.2174418605,
        "2":0.2169703872,
        "3":0.2150112867,
        "4":0.2167070218
    },
    "Activity Data":{
        "0":0.2113095238,
        "1":0.2186495177,
        "2":0.2052993528,
        "3":0.2072580645,
        "4":0.2207446809
    },
    "Further Specification":{
        "0":0.2567307692,
        "1":0.2680608365,
        "2":0.2679738562,
        "3":0.2648083624,
        "4":0.266509434
    },
    "XOR Gateway":{
        "0":0.1975806452,
        "1":0.2,
        "2":0.2236842105,
        "3":0.2156862745,
        "4":0.1944444444
    },
    "Condition Specification":{
        "0":0.2540229885,
        "1":0.253894081,
        "2":0.248046875,
        "3":0.2570422535,
        "4":0.2555248619
    },
    "AND Gateway":{
        "0":0.3125,
        "1":0.325,
        "2":0.3571428571,
        "3":0.25,
        "4":0.3181818182
    },
    "All":{
        "0":0.2086298932,
        "1":0.2180165289,
        "2":0.2094914719,
        "3":0.2129923761,
        "4":0.2153194493
    }
}