{
    "Actor":{
        "0":0.1890943878,
        "1":0.1990674319,
        "2":0.1909769335,
        "3":0.1980519481,
        "4":0.1918070444
    },
    "Activity":{
        "0":0.2121052632,
        "1":0.2174418605,
        "2":0.2186788155,
        "3":0.2155756208,
        "4":0.2167070218
    },
    "Activity Data":{
        "0":0.2139136905,
        "1":0.2202572347,
        "2":0.2069174757,
        "3":0.2125,
        "4":0.2234042553
    },
    "Further Specification":{
        "0":0.2653846154,
        "1":0.2699619772,
        "2":0.272875817,
        "3":0.2717770035,
        "4":0.2688679245
    },
    "XOR Gateway":{
        "0":0.1975806452,
        "1":0.2,
        "2":0.2236842105,
        "3":0.2156862745,
        "4":0.1944444444
    },
    "Condition Specification":{
        "0":0.2643678161,
        "1":0.2585669782,
        "2":0.2623697917,
        "3":0.2605633803,
        "4":0.2617403315
    },
    "AND Gateway":{
        "0":0.3125,
        "1":0.325,
        "2":0.3571428571,
        "3":0.25,
        "4":0.3181818182
    },
    "All":{
        "0":0.212411032,
        "1":0.2196694215,
        "2":0.2127289956,
        "3":0.2163278272,
        "4":0.2174373456
    }
}