{
    "Actor":{
        "0":0.1878188776,
        "1":0.2019368723,
        "2":0.1909769335,
        "3":0.1980519481,
        "4":0.1921898928
    },
    "Activity":{
        "0":0.2121052632,
        "1":0.2174418605,
        "2":0.2186788155,
        "3":0.2155756208,
        "4":0.2167070218
    },
    "Activity Data":{
        "0":0.2135416667,
        "1":0.2208601286,
        "2":0.2075242718,
        "3":0.2127016129,
        "4":0.2227393617
    },
    "Further Specification":{
        "0":0.2653846154,
        "1":0.2737642586,
        "2":0.2745098039,
        "3":0.2735191638,
        "4":0.2700471698
    },
    "XOR Gateway":{
        "0":0.1975806452,
        "1":0.2,
        "2":0.2236842105,
        "3":0.2156862745,
        "4":0.1944444444
    },
    "Condition Specification":{
        "0":0.2626436782,
        "1":0.2585669782,
        "2":0.2623697917,
        "3":0.2611502347,
        "4":0.2617403315
    },
    "AND Gateway":{
        "0":0.3125,
        "1":0.325,
        "2":0.3571428571,
        "3":0.25,
        "4":0.3181818182
    },
    "All":{
        "0":0.2117437722,
        "1":0.2209090909,
        "2":0.2131238155,
        "3":0.2166454892,
        "4":0.2173490999
    }
}