{
    "Bleu Score":{
        "0":4.781809068e-19,
        "1":2.829597769e-21,
        "2":6.869342223e-19,
        "3":2.596544892e-20,
        "4":7.795426726e-18
    }
}