{
    "Actor":{
        "0":0.0240633567,
        "1":0.025614578,
        "2":0.0244910941,
        "3":0.0268743581,
        "4":0.0253703704
    },
    "Activity":{
        "0":0.0691609977,
        "1":0.0720051663,
        "2":0.0748129676,
        "3":0.0750231553,
        "4":0.0742084433
    },
    "Activity Data":{
        "0":0.0362501259,
        "1":0.0380019378,
        "2":0.0381014587,
        "3":0.0381786719,
        "4":0.0406164138
    },
    "Further Specification":{
        "0":0.0782937365,
        "1":0.0792553191,
        "2":0.0758651287,
        "3":0.0739171375,
        "4":0.0932642487
    },
    "XOR Gateway":{
        "0":0.0316649642,
        "1":0.0411764706,
        "2":0.0407450524,
        "3":0.0413625304,
        "4":0.0308219178
    },
    "Condition Specification":{
        "0":0.0678761339,
        "1":0.0738564834,
        "2":0.0684154555,
        "3":0.06897658,
        "4":0.0712916826
    },
    "AND Gateway":{
        "0":0.2118644068,
        "1":0.2727272727,
        "2":0.2307692308,
        "3":0.2023809524,
        "4":0.218487395
    },
    "All":{
        "0":0.0312177601,
        "1":0.0330285421,
        "2":0.0328651799,
        "3":0.0330554875,
        "4":0.0343492324
    }
}