{
    "Actor":{
        "0":0.0303145501
    },
    "Activity":{
        "0":0.0849540516
    },
    "Activity Data":{
        "0":0.0441083544
    },
    "Further Specification":{
        "0":0.0954469472
    },
    "XOR Gateway":{
        "0":0.0547210801
    },
    "Condition Specification":{
        "0":0.0837135071
    },
    "AND Gateway":{
        "0":0.3064092321
    },
    "All":{
        "0":0.0374126555
    }
}