{
    "Actor":{
        "0":0.6792731883,
        "1":0.7018678161,
        "2":0.6834499887,
        "3":0.7064485082,
        "4":0.6900569653
    },
    "Activity":{
        "0":0.7707029812,
        "1":0.7733990148,
        "2":0.7798742138,
        "3":0.7708661417,
        "4":0.7784810127
    },
    "Activity Data":{
        "0":0.7168760523,
        "1":0.7282897497,
        "2":0.7120760607,
        "3":0.7119260918,
        "4":0.7334564481
    },
    "Further Specification":{
        "0":0.8012337217,
        "1":0.8061911171,
        "2":0.8170940171,
        "3":0.8055723804,
        "4":0.8416326531
    },
    "XOR Gateway":{
        "0":0.6916666667,
        "1":0.7207207207,
        "2":0.7224669604,
        "3":0.7063492063,
        "4":0.7132352941
    },
    "Condition Specification":{
        "0":0.8028397566,
        "1":0.8155339806,
        "2":0.8129032258,
        "3":0.78745357,
        "4":0.8056621881
    },
    "AND Gateway":{
        "0":0.8611111111,
        "1":0.9375,
        "2":0.8043478261,
        "3":0.7647058824,
        "4":0.9436619718
    },
    "All":{
        "0":0.6991907161,
        "1":0.7163704503,
        "2":0.7047980483,
        "3":0.704192335,
        "4":0.7164911006
    }
}