{
    "Actor":{
        "0":0.4754339993,
        "1":0.4921310868,
        "2":0.4815825375,
        "3":0.502758367,
        "4":0.4857594937
    },
    "Activity":{
        "0":0.5890022676,
        "1":0.5976751695,
        "2":0.5900872818,
        "3":0.6054337759,
        "4":0.5982849604
    },
    "Activity Data":{
        "0":0.5154104364,
        "1":0.530116545,
        "2":0.5155941138,
        "3":0.5175016408,
        "4":0.5345222316
    },
    "Further Specification":{
        "0":0.653887689,
        "1":0.6734042553,
        "2":0.6508429459,
        "3":0.6892655367,
        "4":0.7020725389
    },
    "XOR Gateway":{
        "0":0.4678111588,
        "1":0.5,
        "2":0.5234248788,
        "3":0.5017064846,
        "4":0.4825949367
    },
    "Condition Specification":{
        "0":0.6456052549,
        "1":0.6649852879,
        "2":0.6478523252,
        "3":0.6440732412,
        "4":0.6571976967
    },
    "AND Gateway":{
        "0":0.8431372549,
        "1":0.85,
        "2":0.7746478873,
        "3":0.7647058824,
        "4":0.8888888889
    },
    "All":{
        "0":0.4842188426,
        "1":0.5016345644,
        "2":0.4906219976,
        "3":0.4982285955,
        "4":0.5006818075
    }
}