{
    "Actor":{
        "1":0.7290194648,
        "2":0.7172763895,
        "3":0.7193600375,
        "4":0.7015246574,
        "5":0.7206978088,
        "6":0.7159997038,
        "7":0.7231485026,
        "8":0.7357044936,
        "9":0.7120870134,
        "10":0.7087466958
    },
    "Activity":{
        "1":0.7900551921,
        "2":0.7840516395,
        "3":0.7677480809,
        "4":0.7730998386,
        "5":0.782620893,
        "6":0.779232421,
        "7":0.7852248423,
        "8":0.7754388815,
        "9":0.7851060087,
        "10":0.7730014023
    },
    "Activity Data":{
        "1":0.637766376,
        "2":0.6362064183,
        "3":0.6197801705,
        "4":0.6239927134,
        "5":0.6311164494,
        "6":0.6341211812,
        "7":0.6345369766,
        "8":0.63462318,
        "9":0.6510912177,
        "10":0.6199009796
    },
    "Further Specification":{
        "1":0.2312354312,
        "2":0.263278442,
        "3":0.2528571429,
        "4":0.2738283775,
        "5":0.2018162393,
        "6":0.2576359948,
        "7":0.3021445221,
        "8":0.2791575092,
        "9":0.2746428571,
        "10":0.1901960784
    },
    "XOR Gateway":{
        "1":0.7226636437,
        "2":0.7288252942,
        "3":0.6950900084,
        "4":0.7086745743,
        "5":0.7293767285,
        "6":0.7194025436,
        "7":0.7237210781,
        "8":0.7184668711,
        "9":0.7231304348,
        "10":0.7032306854
    },
    "Condition Specification":{
        "1":0.6325065032,
        "2":0.6254065041,
        "3":0.5864577452,
        "4":0.5945757576,
        "5":0.6298917749,
        "6":0.6133838384,
        "7":0.6464919652,
        "8":0.6336330336,
        "9":0.6466442988,
        "10":0.6302894582
    },
    "AND Gateway":{
        "1":0.2,
        "2":0.3,
        "3":0.3,
        "4":0.3,
        "5":0.3,
        "6":0.3,
        "7":0.3,
        "8":0.3,
        "9":0.2,
        "10":0.0
    }
}