{
    "Actor":{
        "0":0.119176598,
        "1":0.1243177683,
        "2":0.1215823153,
        "3":0.1304082876,
        "4":0.1289473684
    },
    "Activity":{
        "0":0.2576235542,
        "1":0.2610208817,
        "2":0.2744874715,
        "3":0.2753950339,
        "4":0.2756952842
    },
    "Activity Data":{
        "0":0.1643493761,
        "1":0.1739631336,
        "2":0.1796360821,
        "3":0.1712302352,
        "4":0.1865417376
    },
    "Further Specification":{
        "0":0.3106060606,
        "1":0.3134328358,
        "2":0.3178913738,
        "3":0.3036020583,
        "4":0.3534883721
    },
    "XOR Gateway":{
        "0":0.0833333333,
        "1":0.1059322034,
        "2":0.1068376068,
        "3":0.1181818182,
        "4":0.0782608696
    },
    "Condition Specification":{
        "0":0.2738636364,
        "1":0.3006134969,
        "2":0.2820838628,
        "3":0.2842347526,
        "4":0.2837653479
    },
    "AND Gateway":{
        "0":0.40625,
        "1":0.5416666667,
        "2":0.36,
        "3":0.4166666667,
        "4":0.40625
    },
    "All":{
        "0":0.1363263071,
        "1":0.1435319214,
        "2":0.1456509048,
        "3":0.1445129108,
        "4":0.1514705882
    }
}