{
    "Actor":{
        "0":0.0985186628
    },
    "Activity":{
        "0":0.2541917523
    },
    "Activity Data":{
        "0":0.1491464242
    },
    "Further Specification":{
        "0":0.2832818593
    },
    "XOR Gateway":{
        "0":0.0890616613
    },
    "Condition Specification":{
        "0":0.2545124956
    },
    "AND Gateway":{
        "0":0.4041666667
    },
    "All":{
        "0":0.1282979707
    }
}