{
    "Actor":{
        "0":0.1014892443,
        "1":0.1056207536,
        "2":0.107791447,
        "3":0.1151702786,
        "4":0.1129679144
    },
    "Activity":{
        "0":0.2431578947,
        "1":0.25,
        "2":0.2619589977,
        "3":0.2607223476,
        "4":0.2578692494
    },
    "Activity Data":{
        "0":0.1493459302,
        "1":0.1581811115,
        "2":0.1631205674,
        "3":0.1576682316,
        "4":0.1715517241
    },
    "Further Specification":{
        "0":0.286259542,
        "1":0.2886792453,
        "2":0.2894308943,
        "3":0.2694300518,
        "4":0.3302107728
    },
    "XOR Gateway":{
        "0":0.0833333333,
        "1":0.1101694915,
        "2":0.1025641026,
        "3":0.1045454545,
        "4":0.0695652174
    },
    "Condition Specification":{
        "0":0.2577319588,
        "1":0.2865947612,
        "2":0.2639068564,
        "3":0.2581395349,
        "4":0.2606310014
    },
    "AND Gateway":{
        "0":0.4242424242,
        "1":0.5,
        "2":0.3333333333,
        "3":0.375,
        "4":0.40625
    },
    "All":{
        "0":0.1262311,
        "1":0.1341857957,
        "2":0.1370955828,
        "3":0.1345697329,
        "4":0.1422442244
    }
}