{
    "Actor":{
        "0":0.1212121212,
        "1":0.1240121581,
        "2":0.1258700696,
        "3":0.1366687004,
        "4":0.1270572745
    },
    "Activity":{
        "0":0.2615546218,
        "1":0.2636469222,
        "2":0.2718998862,
        "3":0.2804054054,
        "4":0.2744860943
    },
    "Activity Data":{
        "0":0.1686875892,
        "1":0.1792018419,
        "2":0.1823118697,
        "3":0.1784200385,
        "4":0.1879762913
    },
    "Further Specification":{
        "0":0.3095684803,
        "1":0.3116883117,
        "2":0.3205741627,
        "3":0.2984562607,
        "4":0.375
    },
    "XOR Gateway":{
        "0":0.0795454545,
        "1":0.1144067797,
        "2":0.1111111111,
        "3":0.1090909091,
        "4":0.0695652174
    },
    "Condition Specification":{
        "0":0.2965050733,
        "1":0.3155487805,
        "2":0.2827763496,
        "3":0.2860438293,
        "4":0.2925170068
    },
    "AND Gateway":{
        "0":0.4242424242,
        "1":0.5,
        "2":0.36,
        "3":0.4166666667,
        "4":0.4848484848
    },
    "All":{
        "0":0.1389154487,
        "1":0.144814984,
        "2":0.1482834186,
        "3":0.1468603286,
        "4":0.1511893125
    }
}