{
    "Actor":{
        "0":0.1211298207,
        "1":0.1217870257,
        "2":0.1209677419,
        "3":0.1351186853,
        "4":0.1222879684
    },
    "Activity":{
        "0":0.2547368421,
        "1":0.2531939605,
        "2":0.268486917,
        "3":0.2750845547,
        "4":0.2687651332
    },
    "Activity Data":{
        "0":0.1621331424,
        "1":0.1722414456,
        "2":0.172979305,
        "3":0.1746031746,
        "4":0.180887372
    },
    "Further Specification":{
        "0":0.3,
        "1":0.2942271881,
        "2":0.3038585209,
        "3":0.2977624785,
        "4":0.351981352
    },
    "XOR Gateway":{
        "0":0.0757575758,
        "1":0.1059322034,
        "2":0.1068376068,
        "3":0.1090909091,
        "4":0.0782608696
    },
    "Condition Specification":{
        "0":0.2763306908,
        "1":0.3041474654,
        "2":0.2762148338,
        "3":0.2753456221,
        "4":0.2833787466
    },
    "AND Gateway":{
        "0":0.4242424242,
        "1":0.5,
        "2":0.375,
        "3":0.4166666667,
        "4":0.4242424242
    },
    "All":{
        "0":0.1361206306,
        "1":0.1419621027,
        "2":0.1422930681,
        "3":0.14516603,
        "4":0.147621383
    }
}