{
    "Actor":{
        "0":0.1296865501
    },
    "Activity":{
        "0":0.2702335625
    },
    "Activity Data":{
        "0":0.1793187899
    },
    "Further Specification":{
        "0":0.3223254657
    },
    "XOR Gateway":{
        "0":0.0940072713
    },
    "Condition Specification":{
        "0":0.2863482951
    },
    "AND Gateway":{
        "0":0.4424242424
    },
    "All":{
        "0":0.1459747097
    }
}