{
    "Actor":{
        "0":0.4917202876
    },
    "Activity":{
        "0":0.4765568119
    },
    "Activity Data":{
        "0":0.5408724714
    },
    "Further Specification":{
        "0":0.5731686627
    },
    "XOR Gateway":{
        "0":0.4966095742
    },
    "Condition Specification":{
        "0":0.5620997482
    },
    "AND Gateway":{
        "0":0.5535714286
    },
    "All":{
        "0":0.5135629396
    }
}