{
    "Actor":{
        "0":0.5092821782,
        "1":0.5218598196,
        "2":0.5122760451,
        "3":0.5246699097,
        "4":0.5178041543
    },
    "Activity":{
        "0":0.476340694,
        "1":0.4988399072,
        "2":0.5034168565,
        "3":0.4830699774,
        "4":0.492140266
    },
    "Activity Data":{
        "0":0.5684210526,
        "1":0.5854901961,
        "2":0.5536767597,
        "3":0.5564738292,
        "4":0.5830449827
    },
    "Further Specification":{
        "0":0.6136363636,
        "1":0.6361940299,
        "2":0.6469648562,
        "3":0.6072041166,
        "4":0.6093023256
    },
    "XOR Gateway":{
        "0":0.4838709677,
        "1":0.4833333333,
        "2":0.5175438596,
        "3":0.5588235294,
        "4":0.5185185185
    },
    "Condition Specification":{
        "0":0.5761363636,
        "1":0.6138461538,
        "2":0.6140127389,
        "3":0.6147635525,
        "4":0.585499316
    },
    "AND Gateway":{
        "0":0.5,
        "1":0.65,
        "2":0.5333333333,
        "3":0.5,
        "4":0.5
    },
    "All":{
        "0":0.5324222158,
        "1":0.5554296812,
        "2":0.5380333952,
        "3":0.5397886229,
        "4":0.5430944964
    }
}