{
    "Actor":{
        "0":0.5245700246,
        "1":0.5223776224,
        "2":0.5226824458,
        "3":0.5336134454,
        "4":0.5441722346
    },
    "Activity":{
        "0":0.4973767051,
        "1":0.4930232558,
        "2":0.5119453925,
        "3":0.4926719278,
        "4":0.5006045949
    },
    "Activity Data":{
        "0":0.5736574746,
        "1":0.586802828,
        "2":0.5744259699,
        "3":0.5651491366,
        "4":0.589047003
    },
    "Further Specification":{
        "0":0.6238185255,
        "1":0.6560747664,
        "2":0.6216216216,
        "3":0.6132879046,
        "4":0.6376146789
    },
    "XOR Gateway":{
        "0":0.5161290323,
        "1":0.5166666667,
        "2":0.5438596491,
        "3":0.5784313725,
        "4":0.537037037
    },
    "Condition Specification":{
        "0":0.6085489314,
        "1":0.6267281106,
        "2":0.601532567,
        "3":0.6032482599,
        "4":0.5712328767
    },
    "AND Gateway":{
        "0":0.6,
        "1":0.6,
        "2":0.6428571429,
        "3":0.5,
        "4":0.5217391304
    },
    "All":{
        "0":0.5459154114,
        "1":0.5579357352,
        "2":0.5476337767,
        "3":0.5455676516,
        "4":0.5538860104
    }
}