{
    "Actor":{
        "0":0.5294831545
    },
    "Activity":{
        "0":0.4991243752
    },
    "Activity Data":{
        "0":0.5778164824
    },
    "Further Specification":{
        "0":0.6304834994
    },
    "XOR Gateway":{
        "0":0.5384247515
    },
    "Condition Specification":{
        "0":0.6022581491
    },
    "AND Gateway":{
        "0":0.5729192547
    },
    "All":{
        "0":0.550187717
    }
}