{
    "Actor":{
        "0":0.5259579728,
        "1":0.5344467641,
        "2":0.5238095238,
        "3":0.5483646486,
        "4":0.5389755011
    },
    "Activity":{
        "0":0.4968487395,
        "1":0.5145180023,
        "2":0.4994311718,
        "3":0.4954954955,
        "4":0.5054413543
    },
    "Activity Data":{
        "0":0.5748002905,
        "1":0.5999216301,
        "2":0.5756501182,
        "3":0.5682265041,
        "4":0.600171969
    },
    "Further Specification":{
        "0":0.6228893058,
        "1":0.6363636364,
        "2":0.625199362,
        "3":0.6226415094,
        "4":0.6319444444
    },
    "XOR Gateway":{
        "0":0.4758064516,
        "1":0.5166666667,
        "2":0.5789473684,
        "3":0.5,
        "4":0.4814814815
    },
    "Condition Specification":{
        "0":0.6313416009,
        "1":0.6498470948,
        "2":0.5889175258,
        "3":0.6219653179,
        "4":0.6302864939
    },
    "AND Gateway":{
        "0":0.6,
        "1":0.5,
        "2":0.6666666667,
        "3":0.6875,
        "4":0.6956521739
    },
    "All":{
        "0":0.5482373422,
        "1":0.5693029274,
        "2":0.5463550534,
        "3":0.5534659621,
        "4":0.5643547274
    }
}