{
    "Actor":{
        "0":0.4200884397,
        "1":0.4429482636,
        "2":0.4314381271,
        "3":0.4607218684,
        "4":0.4403323263
    },
    "Activity":{
        "0":0.44,
        "1":0.4569767442,
        "2":0.4567198178,
        "3":0.4424379233,
        "4":0.4527845036
    },
    "Activity Data":{
        "0":0.4766839378,
        "1":0.4954346963,
        "2":0.4815852682,
        "3":0.4700479233,
        "4":0.5008756567
    },
    "Further Specification":{
        "0":0.5324427481,
        "1":0.5509433962,
        "2":0.5398373984,
        "3":0.5164075993,
        "4":0.5316159251
    },
    "XOR Gateway":{
        "0":0.435483871,
        "1":0.4666666667,
        "2":0.4649122807,
        "3":0.4705882353,
        "4":0.4259259259
    },
    "Condition Specification":{
        "0":0.5154639175,
        "1":0.544049459,
        "2":0.5382619974,
        "3":0.5256410256,
        "4":0.5130674003
    },
    "AND Gateway":{
        "0":0.52,
        "1":0.5,
        "2":0.5,
        "3":0.5,
        "4":0.5
    },
    "All":{
        "0":0.4558324731,
        "1":0.4802685443,
        "2":0.4675019577,
        "3":0.4657124882,
        "4":0.4709688702
    }
}