{
    "Bleu Score":{
        "0":0.028657906,
        "1":0.0234452641,
        "2":0.21731036,
        "3":0.0249233018,
        "4":0.0539366386
    }
}