{
    "Bleu Score":{
        "0":0.897326942,
        "1":0.9597091202,
        "2":0.8861294918,
        "3":0.9542277201,
        "4":0.1063319162
    }
}