{
    "Bleu Score":{
        "0":0.059950977,
        "1":0.0521555832,
        "2":0.6975425073,
        "3":0.7448119101,
        "4":0.1655747068
    }
}