{
    "Bleu Score":{
        "0":0.0090131062,
        "1":0.009392835,
        "2":0.0101934249,
        "3":0.0201474405,
        "4":0.0028029194
    }
}