{
    "Bleu Score":{
        "0":0.0110455998,
        "1":0.0064290949,
        "2":0.0019133049,
        "3":0.0112473605,
        "4":0.0174655573
    }
}