{
    "Actor":{
        "0":0.1035714286,
        "1":0.116003387,
        "2":0.113964687,
        "3":0.1153540175,
        "4":0.1093613298
    },
    "Activity":{
        "0":0.3023560209,
        "1":0.3255813953,
        "2":0.3470948012,
        "3":0.3328509407,
        "4":0.3187969925
    },
    "Activity Data":{
        "0":0.1621621622,
        "1":0.1818181818,
        "2":0.1807486631,
        "3":0.1770508827,
        "4":0.1877504293
    },
    "Further Specification":{
        "0":0.3114754098,
        "1":0.3366093366,
        "2":0.3984962406,
        "3":0.2888446215,
        "4":0.3848396501
    },
    "XOR Gateway":{
        "0":0.0909090909,
        "1":0.1204188482,
        "2":0.1385542169,
        "3":0.1375,
        "4":0.0729166667
    },
    "Condition Specification":{
        "0":0.3208722741,
        "1":0.3107344633,
        "2":0.3018242123,
        "3":0.3113496933,
        "4":0.3164556962
    },
    "AND Gateway":{
        "0":0.4814814815,
        "1":0.6315789474,
        "2":0.4444444444,
        "3":0.5,
        "4":0.4642857143
    },
    "All":{
        "0":0.1437221728,
        "1":0.1577208918,
        "2":0.1620258273,
        "3":0.1536688436,
        "4":0.1594947549
    }
}