{
    "Actor":{
        "0":0.066036259
    },
    "Activity":{
        "0":0.1342429472
    },
    "Activity Data":{
        "0":0.0909946471
    },
    "Further Specification":{
        "0":0.1686796404
    },
    "XOR Gateway":{
        "0":0.0438013123
    },
    "Condition Specification":{
        "0":0.1419373397
    },
    "AND Gateway":{
        "0":0.1987487893
    },
    "All":{
        "0":0.0669526714
    }
}