{
    "Actor":{
        "0":0.1012793252
    },
    "Activity":{
        "0":0.2996053704
    },
    "Activity Data":{
        "0":0.1584757697
    },
    "Further Specification":{
        "0":0.3150379854
    },
    "XOR Gateway":{
        "0":0.1030220244
    },
    "Condition Specification":{
        "0":0.2809601972
    },
    "AND Gateway":{
        "0":0.4886618721
    },
    "All":{
        "0":0.1403112506
    }
}