{
    "Actor":{
        "0":0.1314285714,
        "1":0.1388716677,
        "2":0.1341463415,
        "3":0.1510152284,
        "4":0.1469993257
    },
    "Activity":{
        "0":0.2810098793,
        "1":0.2865779927,
        "2":0.3054187192,
        "3":0.2982248521,
        "4":0.2969543147
    },
    "Activity Data":{
        "0":0.1894139887,
        "1":0.1948616601,
        "2":0.1995824635,
        "3":0.1965913595,
        "4":0.2190560997
    },
    "Further Specification":{
        "0":0.3352601156,
        "1":0.345703125,
        "2":0.345890411,
        "3":0.3356766257,
        "4":0.40302267
    },
    "XOR Gateway":{
        "0":0.0836653386,
        "1":0.1184210526,
        "2":0.1136363636,
        "3":0.1168224299,
        "4":0.0730593607
    },
    "Condition Specification":{
        "0":0.3159144893,
        "1":0.328100471,
        "2":0.3019390582,
        "3":0.3030998852,
        "4":0.307254623
    },
    "AND Gateway":{
        "0":0.4545454545,
        "1":0.5217391304,
        "2":0.3913043478,
        "3":0.5,
        "4":0.4545454545
    },
    "All":{
        "0":0.1496187599,
        "1":0.1540031397,
        "2":0.1591619762,
        "3":0.1559951676,
        "4":0.165786335
    }
}