{
    "Actor":{
        "0":0.11165097
    },
    "Activity":{
        "0":0.3253360301
    },
    "Activity Data":{
        "0":0.1779060638
    },
    "Further Specification":{
        "0":0.3440530517
    },
    "XOR Gateway":{
        "0":0.1120597645
    },
    "Condition Specification":{
        "0":0.3122472678
    },
    "AND Gateway":{
        "0":0.5043581175
    },
    "All":{
        "0":0.1553264981
    }
}