{
    "Actor":{
        "0":0.1633928571,
        "1":0.1582336707,
        "2":0.1701081613,
        "3":0.183908046,
        "4":0.1697297297
    },
    "Activity":{
        "0":0.4033613445,
        "1":0.3920863309,
        "2":0.426199262,
        "3":0.4476190476,
        "4":0.4408817635
    },
    "Activity Data":{
        "0":0.2343658679,
        "1":0.2436208991,
        "2":0.2519736842,
        "3":0.2493386243,
        "4":0.2618231666
    },
    "Further Specification":{
        "0":0.4947368421,
        "1":0.4164456233,
        "2":0.4761904762,
        "3":0.4219178082,
        "4":0.5291970803
    },
    "XOR Gateway":{
        "0":0.1124260355,
        "1":0.1589403974,
        "2":0.1610738255,
        "3":0.1742424242,
        "4":0.1052631579
    },
    "Condition Specification":{
        "0":0.3996478873,
        "1":0.4295774648,
        "2":0.4095634096,
        "3":0.4139886578,
        "4":0.4279379157
    },
    "AND Gateway":{
        "0":0.56,
        "1":0.9230769231,
        "2":0.6,
        "3":0.6923076923,
        "4":0.7647058824
    },
    "All":{
        "0":0.2005365526,
        "1":0.2030075188,
        "2":0.218573879,
        "3":0.2179518969,
        "4":0.2232570516
    }
}