{
    "Actor":{
        "0":0.1067226891,
        "1":0.1095829636,
        "2":0.1167816092,
        "3":0.1287223823,
        "4":0.1189663579
    },
    "Activity":{
        "0":0.2274641955,
        "1":0.2247585601,
        "2":0.2347031963,
        "3":0.2420856611,
        "4":0.2312673451
    },
    "Activity Data":{
        "0":0.152173913,
        "1":0.1539113245,
        "2":0.1681470138,
        "3":0.1713570982,
        "4":0.1642651297
    },
    "Further Specification":{
        "0":0.2690140845,
        "1":0.2686980609,
        "2":0.2840466926,
        "3":0.2946428571,
        "4":0.3252173913
    },
    "XOR Gateway":{
        "0":0.0658682635,
        "1":0.0862619808,
        "2":0.0888157895,
        "3":0.0952380952,
        "4":0.0550161812
    },
    "Condition Specification":{
        "0":0.2504347826,
        "1":0.272517321,
        "2":0.2563067608,
        "3":0.2635735439,
        "4":0.2334293948
    },
    "AND Gateway":{
        "0":0.375,
        "1":0.3823529412,
        "2":0.2666666667,
        "3":0.3666666667,
        "4":0.3125
    },
    "All":{
        "0":0.1162367548,
        "1":0.1183898974,
        "2":0.1275634341,
        "3":0.1320754717,
        "4":0.1246961595
    }
}