{
    "Actor":{
        "0":0.1428571429,
        "1":0.1521126761,
        "2":0.1381578947,
        "3":0.1676691729,
        "4":0.1501858736
    },
    "Activity":{
        "0":0.3316195373,
        "1":0.3107191316,
        "2":0.3258575198,
        "3":0.3483146067,
        "4":0.3241758242
    },
    "Activity Data":{
        "0":0.2065545494,
        "1":0.2103603604,
        "2":0.2068815331,
        "3":0.2144533083,
        "4":0.2208646617
    },
    "Further Specification":{
        "0":0.3561076605,
        "1":0.3719912473,
        "2":0.3544776119,
        "3":0.3937360179,
        "4":0.4005167959
    },
    "XOR Gateway":{
        "0":0.0972222222,
        "1":0.1293532338,
        "2":0.1263157895,
        "3":0.1363636364,
        "4":0.080952381
    },
    "Condition Specification":{
        "0":0.3458856346,
        "1":0.3387888707,
        "2":0.3273809524,
        "3":0.3521545319,
        "4":0.3005698006
    },
    "AND Gateway":{
        "0":0.5185185185,
        "1":0.7222222222,
        "2":0.4210526316,
        "3":0.4347826087,
        "4":0.5
    },
    "All":{
        "0":0.1669407895,
        "1":0.1691384181,
        "2":0.1674177934,
        "3":0.1788055353,
        "4":0.1714905933
    }
}