{
    "Actor":{
        "0":0.1333946642,
        "1":0.1286384977,
        "2":0.1414342629,
        "3":0.1547491996,
        "4":0.1373626374
    },
    "Activity":{
        "0":0.3888888889,
        "1":0.3783783784,
        "2":0.4188191882,
        "3":0.4380952381,
        "4":0.4248496994
    },
    "Activity Data":{
        "0":0.2061611374,
        "1":0.2110490379,
        "2":0.2253333333,
        "3":0.2297843666,
        "4":0.2287308229
    },
    "Further Specification":{
        "0":0.4733096085,
        "1":0.3712737127,
        "2":0.4504249292,
        "3":0.4005524862,
        "4":0.4870848708
    },
    "XOR Gateway":{
        "0":0.1124260355,
        "1":0.1523178808,
        "2":0.1543624161,
        "3":0.1666666667,
        "4":0.1052631579
    },
    "Condition Specification":{
        "0":0.365248227,
        "1":0.390070922,
        "2":0.3807531381,
        "3":0.3859315589,
        "4":0.393258427
    },
    "AND Gateway":{
        "0":0.52,
        "1":0.9230769231,
        "2":0.5714285714,
        "3":0.6923076923,
        "4":0.7647058824
    },
    "All":{
        "0":0.183076225,
        "1":0.1824695486,
        "2":0.1987623762,
        "3":0.2010555416,
        "4":0.2008627662
    }
}