{
    "Actor":{
        "0":0.1418416388
    },
    "Activity":{
        "0":0.4212387529
    },
    "Activity Data":{
        "0":0.2232030292
    },
    "Further Specification":{
        "0":0.4161066946
    },
    "XOR Gateway":{
        "0":0.1454292927
    },
    "Condition Specification":{
        "0":0.4313910205
    },
    "AND Gateway":{
        "0":0.6815018315
    },
    "All":{
        "0":0.1980587835
    }
}