{
    "Actor":{
        "0":0.0957277708
    },
    "Activity":{
        "0":0.2875574527
    },
    "Activity Data":{
        "0":0.1523508564
    },
    "Further Specification":{
        "0":0.3032043453
    },
    "XOR Gateway":{
        "0":0.1005178446
    },
    "Condition Specification":{
        "0":0.28240811
    },
    "AND Gateway":{
        "0":0.4951028518
    },
    "All":{
        "0":0.1350347337
    }
}