{
    "Actor":{
        "0":0.0988857939,
        "1":0.097924011,
        "2":0.1029688087,
        "3":0.1085848687,
        "4":0.1054852321
    },
    "Activity":{
        "0":0.1993006993,
        "1":0.1961389961,
        "2":0.1998485995,
        "3":0.2100525131,
        "4":0.205811138
    },
    "Activity Data":{
        "0":0.1288981289,
        "1":0.1412989588,
        "2":0.1423183304,
        "3":0.1396745932,
        "4":0.1531087373
    },
    "Further Specification":{
        "0":0.2418952618,
        "1":0.2380952381,
        "2":0.25,
        "3":0.2384701912,
        "4":0.3066465257
    },
    "XOR Gateway":{
        "0":0.0555555556,
        "1":0.0762711864,
        "2":0.0740740741,
        "3":0.0727272727,
        "4":0.0492753623
    },
    "Condition Specification":{
        "0":0.2171344165,
        "1":0.2414829659,
        "2":0.2115869018,
        "3":0.2155824508,
        "4":0.2141577061
    },
    "AND Gateway":{
        "0":0.3137254902,
        "1":0.3611111111,
        "2":0.2820512821,
        "3":0.3157894737,
        "4":0.3
    },
    "All":{
        "0":0.1003204558,
        "1":0.1070472792,
        "2":0.1084635913,
        "3":0.1075731497,
        "4":0.1133255592
    }
}