{
    "Actor":{
        "0":0.1154458599,
        "1":0.1228699552,
        "2":0.1201353638,
        "3":0.130866426,
        "4":0.1269035533
    },
    "Activity":{
        "0":0.3719806763,
        "1":0.3414634146,
        "2":0.3934142114,
        "3":0.3758169935,
        "4":0.3806104129
    },
    "Activity Data":{
        "0":0.1832543444,
        "1":0.1835853132,
        "2":0.1924829157,
        "3":0.1927642736,
        "4":0.2157894737
    },
    "Further Specification":{
        "0":0.4448160535,
        "1":0.4041297935,
        "2":0.4608695652,
        "3":0.4559748428,
        "4":0.4356435644
    },
    "XOR Gateway":{
        "0":0.1130952381,
        "1":0.1428571429,
        "2":0.1608391608,
        "3":0.1538461538,
        "4":0.091503268
    },
    "Condition Specification":{
        "0":0.3705035971,
        "1":0.3873239437,
        "2":0.3699186992,
        "3":0.3555166375,
        "4":0.3804347826
    },
    "AND Gateway":{
        "0":0.7647058824,
        "1":0.6666666667,
        "2":0.5333333333,
        "3":0.5625,
        "4":0.619047619
    },
    "All":{
        "0":0.1675664452,
        "1":0.1688024746,
        "2":0.1780487805,
        "3":0.17632797,
        "4":0.1862965741
    }
}