{
    "Actor":{
        "0":0.1465315666,
        "1":0.1583476764,
        "2":0.1387720774,
        "3":0.1707530648,
        "4":0.1661691542
    },
    "Activity":{
        "0":0.3880837359,
        "1":0.3652597403,
        "2":0.4090121317,
        "3":0.3921568627,
        "4":0.3967684022
    },
    "Activity Data":{
        "0":0.2205731832,
        "1":0.227081138,
        "2":0.2216004477,
        "3":0.2322222222,
        "4":0.2615681234
    },
    "Further Specification":{
        "0":0.4715719064,
        "1":0.4344023324,
        "2":0.4870317003,
        "3":0.4702194357,
        "4":0.487012987
    },
    "XOR Gateway":{
        "0":0.1130952381,
        "1":0.1552795031,
        "2":0.1608391608,
        "3":0.1608391608,
        "4":0.1045751634
    },
    "Condition Specification":{
        "0":0.4017699115,
        "1":0.4272517321,
        "2":0.3955375254,
        "3":0.3937823834,
        "4":0.409978308
    },
    "AND Gateway":{
        "0":0.7647058824,
        "1":0.6666666667,
        "2":0.5333333333,
        "3":0.625,
        "4":0.6666666667
    },
    "All":{
        "0":0.1887100061,
        "1":0.1919671777,
        "2":0.1942430235,
        "3":0.1999566255,
        "4":0.2125092342
    }
}