{
    "Actor":{
        "0":0.1419710544,
        "1":0.1467213115,
        "2":0.1575663027,
        "3":0.1637202152,
        "4":0.1563820795
    },
    "Activity":{
        "0":0.3342036554,
        "1":0.3493044822,
        "2":0.358778626,
        "3":0.3569364162,
        "4":0.3398496241
    },
    "Activity Data":{
        "0":0.2065559048,
        "1":0.2211740042,
        "2":0.224648986,
        "3":0.2310015098,
        "4":0.2407304925
    },
    "Further Specification":{
        "0":0.3798627002,
        "1":0.3946731235,
        "2":0.4398034398,
        "3":0.3495145631,
        "4":0.4517045455
    },
    "XOR Gateway":{
        "0":0.1004784689,
        "1":0.1361256545,
        "2":0.1385542169,
        "3":0.15,
        "4":0.0833333333
    },
    "Condition Specification":{
        "0":0.3696319018,
        "1":0.3624535316,
        "2":0.3430894309,
        "3":0.358662614,
        "4":0.3649373882
    },
    "AND Gateway":{
        "0":0.5185185185,
        "1":0.6315789474,
        "2":0.4736842105,
        "3":0.5555555556,
        "4":0.5517241379
    },
    "All":{
        "0":0.1677933784,
        "1":0.1811183144,
        "2":0.1870929544,
        "3":0.184393172,
        "4":0.1915604763
    }
}