{
    "Actor":{
        "0":0.0406169666,
        "1":0.0430153935,
        "2":0.0439955728,
        "3":0.0452586207,
        "4":0.043715847
    },
    "Activity":{
        "0":0.0852570829,
        "1":0.0872463768,
        "2":0.0862656073,
        "3":0.0931082982,
        "4":0.0904977376
    },
    "Activity Data":{
        "0":0.0555981269,
        "1":0.0595771941,
        "2":0.0600427549,
        "3":0.0595910058,
        "4":0.0643724696
    },
    "Further Specification":{
        "0":0.1089476124,
        "1":0.1073215098,
        "2":0.1054885169,
        "3":0.1059602649,
        "4":0.1299943725
    },
    "XOR Gateway":{
        "0":0.021780303,
        "1":0.0296610169,
        "2":0.0341880342,
        "3":0.0352272727,
        "4":0.0217391304
    },
    "Condition Specification":{
        "0":0.0897083104,
        "1":0.0994413408,
        "2":0.0896226415,
        "3":0.0864577504,
        "4":0.0917248255
    },
    "AND Gateway":{
        "0":0.1259259259,
        "1":0.15625,
        "2":0.1078431373,
        "3":0.125,
        "4":0.1343283582
    },
    "All":{
        "0":0.0402717768,
        "1":0.042749156,
        "2":0.0427945438,
        "3":0.0430096127,
        "4":0.0452044025
    }
}