{
    "Actor":{
        "0":0.0534390622,
        "1":0.0543499136,
        "2":0.0572171651,
        "3":0.0602850539,
        "4":0.0577405858
    },
    "Activity":{
        "0":0.1108004194,
        "1":0.1117988395,
        "2":0.119515885,
        "3":0.1168101835,
        "4":0.116747182
    },
    "Activity Data":{
        "0":0.0715830204,
        "1":0.0764432485,
        "2":0.0776075136,
        "3":0.0783853845,
        "4":0.0843767011
    },
    "Further Specification":{
        "0":0.1410098522,
        "1":0.1417274939,
        "2":0.1388308977,
        "3":0.1351800554,
        "4":0.1729323308
    },
    "XOR Gateway":{
        "0":0.0303030303,
        "1":0.0367231638,
        "2":0.0413105413,
        "3":0.0439393939,
        "4":0.0304347826
    },
    "Condition Specification":{
        "0":0.1183628319,
        "1":0.1306284018,
        "2":0.1171809842,
        "3":0.1155288822,
        "4":0.1194161875
    },
    "AND Gateway":{
        "0":0.175257732,
        "1":0.1805555556,
        "2":0.1466666667,
        "3":0.1842105263,
        "4":0.1683168317
    },
    "All":{
        "0":0.0530122607,
        "1":0.0559937295,
        "2":0.0570014144,
        "3":0.0571536536,
        "4":0.0599663051
    }
}