{
    "Actor":{
        "0":0.1084340277
    },
    "Activity":{
        "0":0.2215207708
    },
    "Activity Data":{
        "0":0.1536335986
    },
    "Further Specification":{
        "0":0.269181747
    },
    "XOR Gateway":{
        "0":0.0769907598
    },
    "Condition Specification":{
        "0":0.2443683087
    },
    "AND Gateway":{
        "0":0.3559494355
    },
    "All":{
        "0":0.1171901017
    }
}