{
    "Actor":{
        "0":0.4077883909,
        "1":0.4432109308,
        "2":0.3882352941,
        "3":0.4103585657,
        "4":0.3994974874
    },
    "Activity":{
        "0":0.4790419162,
        "1":0.5285714286,
        "2":0.4804045512,
        "3":0.4821428571,
        "4":0.4728476821
    },
    "Activity Data":{
        "0":0.45703125,
        "1":0.4836695485,
        "2":0.4206560284,
        "3":0.4331238779,
        "4":0.4452484322
    },
    "Further Specification":{
        "0":0.4796747967,
        "1":0.6595744681,
        "2":0.4862068966,
        "3":0.5087040619,
        "4":0.5
    },
    "XOR Gateway":{
        "0":0.4615384615,
        "1":0.4845360825,
        "2":0.4854368932,
        "3":0.5119047619,
        "4":0.4242424242
    },
    "Condition Specification":{
        "0":0.5363881402,
        "1":0.592445328,
        "2":0.5087719298,
        "3":0.5446927374,
        "4":0.4866071429
    },
    "AND Gateway":{
        "0":0.7058823529,
        "1":0.7142857143,
        "2":0.5,
        "3":0.7272727273,
        "4":0.5238095238
    },
    "All":{
        "0":0.4490179334,
        "1":0.4970665588,
        "2":0.4281271596,
        "3":0.4470062556,
        "4":0.4367573783
    }
}