{
    "Actor":{
        "0":0.6155218555,
        "1":0.691321499,
        "2":0.6113837095,
        "3":0.6770310933,
        "4":0.6850393701
    },
    "Activity":{
        "0":0.690821256,
        "1":0.6704545455,
        "2":0.7209705373,
        "3":0.6797385621,
        "4":0.7001795332
    },
    "Activity Data":{
        "0":0.7056074766,
        "1":0.7255113025,
        "2":0.6723259762,
        "3":0.6955291454,
        "4":0.7643603133
    },
    "Further Specification":{
        "0":0.8628762542,
        "1":0.8396501458,
        "2":0.8760806916,
        "3":0.8620689655,
        "4":0.7954545455
    },
    "XOR Gateway":{
        "0":0.6666666667,
        "1":0.625,
        "2":0.7605633803,
        "3":0.7096774194,
        "4":0.7027027027
    },
    "Condition Specification":{
        "0":0.8283185841,
        "1":0.8356481481,
        "2":0.7967479675,
        "3":0.7906574394,
        "4":0.8039215686
    },
    "AND Gateway":{
        "0":0.9230769231,
        "1":0.6666666667,
        "2":0.7777777778,
        "3":0.9090909091,
        "4":0.9285714286
    },
    "All":{
        "0":0.6891774892,
        "1":0.7159871736,
        "2":0.6795889771,
        "3":0.6988034975,
        "4":0.7263240282
    }
}