{
    "Actor":{
        "0":0.3847185784
    },
    "Activity":{
        "0":0.4520232364
    },
    "Activity Data":{
        "0":0.4214051927
    },
    "Further Specification":{
        "0":0.4882702504
    },
    "XOR Gateway":{
        "0":0.4288887852
    },
    "Condition Specification":{
        "0":0.4776916032
    },
    "AND Gateway":{
        "0":0.5
    },
    "All":{
        "0":0.4201170812
    }
}