{
    "Actor":{
        "0":0.5835962145,
        "1":0.5586652314,
        "2":0.6034285714,
        "3":0.6303549572,
        "4":0.5977443609
    },
    "Activity":{
        "0":0.6734006734,
        "1":0.6666666667,
        "2":0.7011070111,
        "3":0.72,
        "4":0.7154308617
    },
    "Activity Data":{
        "0":0.6362537764,
        "1":0.6393650794,
        "2":0.6433898305,
        "3":0.6627747253,
        "4":0.6522968198
    },
    "Further Specification":{
        "0":0.8398576512,
        "1":0.6720867209,
        "2":0.7988668555,
        "3":0.726519337,
        "4":0.7453874539
    },
    "XOR Gateway":{
        "0":0.64,
        "1":0.6351351351,
        "2":0.6666666667,
        "3":0.7166666667,
        "4":0.6885245902
    },
    "Condition Specification":{
        "0":0.7056737589,
        "1":0.7061611374,
        "2":0.731092437,
        "3":0.7428571429,
        "4":0.7364864865
    },
    "AND Gateway":{
        "0":0.6,
        "1":0.9090909091,
        "2":0.875,
        "3":1.0,
        "4":1.0
    },
    "All":{
        "0":0.6350241546,
        "1":0.6243964422,
        "2":0.6514195584,
        "3":0.6664002132,
        "4":0.6513289511
    }
}