{
    "Actor":{
        "0":0.4744939622
    },
    "Activity":{
        "0":0.5524237532
    },
    "Activity Data":{
        "0":0.5237101678
    },
    "Further Specification":{
        "0":0.5963244801
    },
    "XOR Gateway":{
        "0":0.5338629548
    },
    "Condition Specification":{
        "0":0.5907765164
    },
    "AND Gateway":{
        "0":0.6292055004
    },
    "All":{
        "0":0.5186964487
    }
}