{
    "Actor":{
        "0":0.5052886068
    },
    "Activity":{
        "0":0.420100724
    },
    "Activity Data":{
        "0":0.5629356934
    },
    "Further Specification":{
        "0":0.5728743575
    },
    "XOR Gateway":{
        "0":0.4342203161
    },
    "Condition Specification":{
        "0":0.5594485275
    },
    "AND Gateway":{
        "0":0.5357875458
    },
    "All":{
        "0":0.5161731118
    }
}