{
    "Actor":{
        "0":0.6125095347,
        "1":0.6375212224,
        "2":0.6267942584,
        "3":0.6735849057,
        "4":0.6087360595
    },
    "Activity":{
        "0":0.6126482213,
        "1":0.6184971098,
        "2":0.6307692308,
        "3":0.6382660688,
        "4":0.6178247734
    },
    "Activity Data":{
        "0":0.6759776536,
        "1":0.7137235612,
        "2":0.7056737589,
        "3":0.6900156822,
        "4":0.6919456067
    },
    "Further Specification":{
        "0":0.7988338192,
        "1":0.7520833333,
        "2":0.7367458867,
        "3":0.7955112219,
        "4":0.7993920973
    },
    "XOR Gateway":{
        "0":0.6095238095,
        "1":0.5980392157,
        "2":0.6595744681,
        "3":0.6506024096,
        "4":0.612244898
    },
    "Condition Specification":{
        "0":0.7385019711,
        "1":0.7935222672,
        "2":0.7749576988,
        "3":0.7431059507,
        "4":0.7086614173
    },
    "AND Gateway":{
        "0":0.7391304348,
        "1":0.6666666667,
        "2":0.5833333333,
        "3":0.6875,
        "4":0.75
    },
    "All":{
        "0":0.6505596021,
        "1":0.6812087252,
        "2":0.672257567,
        "3":0.677706479,
        "4":0.6559594252
    }
}