{
    "Actor":{
        "0":0.5679314565,
        "1":0.5994568907,
        "2":0.5731865285,
        "3":0.6058543227,
        "4":0.6028985507
    },
    "Activity":{
        "0":0.5341028332,
        "1":0.5452436195,
        "2":0.5352272727,
        "3":0.5382882883,
        "4":0.5399515738
    },
    "Activity Data":{
        "0":0.6440798859,
        "1":0.6662804171,
        "2":0.6329558766,
        "3":0.6529503106,
        "4":0.6776789496
    },
    "Further Specification":{
        "0":0.7024482109,
        "1":0.7185185185,
        "2":0.7074721781,
        "3":0.6941176471,
        "4":0.6968325792
    },
    "XOR Gateway":{
        "0":0.5403225806,
        "1":0.5416666667,
        "2":0.6052631579,
        "3":0.5882352941,
        "4":0.5462962963
    },
    "Condition Specification":{
        "0":0.6854565953,
        "1":0.7213855422,
        "2":0.6739130435,
        "3":0.6834285714,
        "4":0.6702702703
    },
    "AND Gateway":{
        "0":0.6538461538,
        "1":0.7,
        "2":0.6428571429,
        "3":0.6666666667,
        "4":0.625
    },
    "All":{
        "0":0.6039660871,
        "1":0.6322590938,
        "2":0.6036174126,
        "3":0.6198068373,
        "4":0.6238734909
    }
}