{
    "Actor":{
        "0":0.7084229584
    },
    "Activity":{
        "0":0.8048281226
    },
    "Activity Data":{
        "0":0.770075964
    },
    "Further Specification":{
        "0":0.9007396697
    },
    "XOR Gateway":{
        "0":0.7548444478
    },
    "Condition Specification":{
        "0":0.8531643626
    },
    "AND Gateway":{
        "0":0.9133333333
    },
    "All":{
        "0":0.7640383011
    }
}