{
    "Actor":{
        "0":0.3835746499,
        "1":0.3974156118,
        "2":0.3843821077,
        "3":0.4093195658,
        "4":0.4214225471
    },
    "Activity":{
        "0":0.2936241611,
        "1":0.3109671448,
        "2":0.3004545455,
        "3":0.302430243,
        "4":0.3104780299
    },
    "Activity Data":{
        "0":0.4296657382,
        "1":0.4477791116,
        "2":0.4237441545,
        "3":0.4400911162,
        "4":0.4574468085
    },
    "Further Specification":{
        "0":0.4251497006,
        "1":0.4364560639,
        "2":0.421875,
        "3":0.4297135243,
        "4":0.4454382826
    },
    "XOR Gateway":{
        "0":0.3193548387,
        "1":0.3333333333,
        "2":0.3473684211,
        "3":0.3215686275,
        "4":0.3037037037
    },
    "Condition Specification":{
        "0":0.4226849801,
        "1":0.4551971326,
        "2":0.4164576016,
        "3":0.4169307379,
        "4":0.4230154502
    },
    "AND Gateway":{
        "0":0.3492063492,
        "1":0.38,
        "2":0.3513513514,
        "3":0.511627907,
        "4":0.4166666667
    },
    "All":{
        "0":0.3855041425,
        "1":0.4052316144,
        "2":0.3841686127,
        "3":0.3982039537,
        "4":0.4082437037
    }
}