{
    "Actor":{
        "0":0.6560595055
    },
    "Activity":{
        "0":0.6924328868
    },
    "Activity Data":{
        "0":0.7126668428
    },
    "Further Specification":{
        "0":0.8472261205
    },
    "XOR Gateway":{
        "0":0.6929220338
    },
    "Condition Specification":{
        "0":0.8110587416
    },
    "AND Gateway":{
        "0":0.841036741
    },
    "All":{
        "0":0.7019762331
    }
}