{
    "Actor":{
        "0":0.6061667835,
        "1":0.6086956522,
        "2":0.5838641189,
        "3":0.6171341926,
        "4":0.6030595813
    },
    "Activity":{
        "0":0.5765550239,
        "1":0.6185714286,
        "2":0.5851197982,
        "3":0.578343949,
        "4":0.5765171504
    },
    "Activity Data":{
        "0":0.6783479349,
        "1":0.6964944649,
        "2":0.6607445008,
        "3":0.6438833261,
        "4":0.6962142198
    },
    "Further Specification":{
        "0":0.7034068136,
        "1":0.7832898172,
        "2":0.6644182125,
        "3":0.7180451128,
        "4":0.7002398082
    },
    "XOR Gateway":{
        "0":0.5480769231,
        "1":0.5773195876,
        "2":0.6310679612,
        "3":0.5952380952,
        "4":0.6565656566
    },
    "Condition Specification":{
        "0":0.7110817942,
        "1":0.759295499,
        "2":0.7257142857,
        "3":0.7140902873,
        "4":0.6979472141
    },
    "AND Gateway":{
        "0":0.7647058824,
        "1":0.8571428571,
        "2":0.6428571429,
        "3":0.7272727273,
        "4":0.7142857143
    },
    "All":{
        "0":0.6358065585,
        "1":0.6649646504,
        "2":0.624916388,
        "3":0.6303177635,
        "4":0.6440111421
    }
}