{
    "Actor":{
        "0":0.6318291961
    },
    "Activity":{
        "0":0.6236010808
    },
    "Activity Data":{
        "0":0.6954672525
    },
    "Further Specification":{
        "0":0.7765132717
    },
    "XOR Gateway":{
        "0":0.6259969602
    },
    "Condition Specification":{
        "0":0.751749861
    },
    "AND Gateway":{
        "0":0.685326087
    },
    "All":{
        "0":0.6675383597
    }
}