{
    "Actor":{
        "0":0.6816525619
    },
    "Activity":{
        "0":0.7367013222
    },
    "Activity Data":{
        "0":0.7456002494
    },
    "Further Specification":{
        "0":0.8404107663
    },
    "XOR Gateway":{
        "0":0.7100454881
    },
    "Condition Specification":{
        "0":0.8291773526
    },
    "AND Gateway":{
        "0":0.8995959596
    },
    "All":{
        "0":0.7310904744
    }
}