{
    "Bleu Score":{
        "0":0.000007565,
        "1":0.0000271285,
        "2":0.0000014435,
        "3":0.0000184821,
        "4":0.0001019
    }
}