{
    "Actor":{
        "0":0.0830177607
    },
    "Activity":{
        "0":0.1716125942
    },
    "Activity Data":{
        "0":0.1138684463
    },
    "Further Specification":{
        "0":0.2110476129
    },
    "XOR Gateway":{
        "0":0.0543851831
    },
    "Condition Specification":{
        "0":0.1758197364
    },
    "AND Gateway":{
        "0":0.2491258741
    },
    "All":{
        "0":0.0834294038
    }
}