{
    "Actor":{
        "0":0.0768643421,
        "1":0.0823831243,
        "2":0.0835853726,
        "3":0.087883959,
        "4":0.083539604
    },
    "Activity":{
        "0":0.1685863874,
        "1":0.1711972238,
        "2":0.1735677822,
        "3":0.1747191011,
        "4":0.1749095296
    },
    "Activity Data":{
        "0":0.1047084821,
        "1":0.1147360704,
        "2":0.1147086031,
        "3":0.1146999449,
        "4":0.1233206336
    },
    "Further Specification":{
        "0":0.2040256176,
        "1":0.2045248869,
        "2":0.2059282371,
        "3":0.1965174129,
        "4":0.2502780868
    },
    "XOR Gateway":{
        "0":0.0454545455,
        "1":0.0572033898,
        "2":0.0598290598,
        "3":0.0613636364,
        "4":0.0434782609
    },
    "Condition Specification":{
        "0":0.1720725673,
        "1":0.1904411765,
        "2":0.1709136109,
        "3":0.1668533035,
        "4":0.1758530184
    },
    "AND Gateway":{
        "0":0.2352941176,
        "1":0.2916666667,
        "2":0.1960784314,
        "3":0.2549019608,
        "4":0.2727272727
    },
    "All":{
        "0":0.0778069599,
        "1":0.0838572891,
        "2":0.084277172,
        "3":0.0842704526,
        "4":0.087946359
    }
}