{
    "F1 CRF":{
        "0":0.5806227369
    },
    "F1 Relation":{
        "0":0.7313531133
    }
}