{
    "F1 CRF":{
        "0":0.5741066075
    },
    "F1 Relation":{
        "0":0.7156616118
    }
}