{
    "F1 CRF":{
        "0":0.5739515668
    },
    "F1 Relation":{
        "0":0.7196435763
    }
}