{
    "F1 CRF":{
        "0":0.5780903928
    },
    "F1 Relation":{
        "0":0.7290883008
    }
}