{
    "F1 CRF":{
        "0":0.5846648985
    },
    "F1 Relation":{
        "0":0.7354534211
    }
}