{
    "Bert Score":{
        "0":0.9773748517,
        "1":0.9748961329,
        "2":0.975073874,
        "3":0.9770575762,
        "4":0.9781940579
    }
}