{
    "Bert Score":{
        "0":0.9791863561,
        "1":0.976898551,
        "2":0.9772406816,
        "3":0.9791061282,
        "4":0.9800294042
    }
}