{
    "Bert Score":{
        "0":0.9856001139,
        "1":0.9832434654,
        "2":0.9824653864,
        "3":0.9854451418,
        "4":0.9853172302
    }
}