{
    "Bert Score":{
        "0":0.9937084317,
        "1":0.9961175323,
        "2":0.9959076047,
        "3":0.9965925217,
        "4":0.9976028204
    }
}