{
    "Bert Score":{
        "0":0.9968422055,
        "1":0.9944542646,
        "2":0.9951298833,
        "3":0.9942603707,
        "4":0.9959426522
    }
}