{
    "Bert Score":{
        "0":0.9883118868,
        "1":0.989818573,
        "2":0.9858001471,
        "3":0.9902184606,
        "4":0.9904306531
    }
}