{
    "Actor":{
        "0":0.1491769547,
        "1":0.1579520697,
        "2":0.1625929862,
        "3":0.1788235294,
        "4":0.1631382316
    },
    "Activity":{
        "0":0.4342105263,
        "1":0.4365904366,
        "2":0.4670781893,
        "3":0.4914529915,
        "4":0.4884792627
    },
    "Activity Data":{
        "0":0.2378673958,
        "1":0.2361015786,
        "2":0.2472806381,
        "3":0.2566176471,
        "4":0.2673186634
    },
    "Further Specification":{
        "0":0.4872727273,
        "1":0.4964539007,
        "2":0.4838709677,
        "3":0.4632587859,
        "4":0.6055045872
    },
    "XOR Gateway":{
        "0":0.1338028169,
        "1":0.1811023622,
        "2":0.1739130435,
        "3":0.1848739496,
        "4":0.1166666667
    },
    "Condition Specification":{
        "0":0.4250513347,
        "1":0.4751381215,
        "2":0.4392523364,
        "3":0.4396551724,
        "4":0.4781420765
    },
    "AND Gateway":{
        "0":0.7,
        "1":1.0,
        "2":0.5625,
        "3":0.75,
        "4":0.8125
    },
    "All":{
        "0":0.2079157029,
        "1":0.2148942017,
        "2":0.2207026012,
        "3":0.2255995538,
        "4":0.2358668342
    }
}