{
    "Actor":{
        "0":0.0488303195
    },
    "Activity":{
        "0":0.1269047074
    },
    "Activity Data":{
        "0":0.0720010411
    },
    "Further Specification":{
        "0":0.1418733263
    },
    "XOR Gateway":{
        "0":0.0449779439
    },
    "Condition Specification":{
        "0":0.1249501032
    },
    "AND Gateway":{
        "0":0.23125
    },
    "All":{
        "0":0.0615013078
    }
}