{
    "Actor":{
        "0":0.0863095238,
        "1":0.0884441575,
        "2":0.0885286783,
        "3":0.0944625407,
        "4":0.0873515024
    },
    "Activity":{
        "0":0.2575250836,
        "1":0.2545454545,
        "2":0.2708830549,
        "3":0.2686915888,
        "4":0.2670025189
    },
    "Activity Data":{
        "0":0.1347792409,
        "1":0.1395157981,
        "2":0.1417785235,
        "3":0.1392405063,
        "4":0.1476147615
    },
    "Further Specification":{
        "0":0.2557692308,
        "1":0.2644787645,
        "2":0.2765217391,
        "3":0.2584670232,
        "4":0.3333333333
    },
    "XOR Gateway":{
        "0":0.0748031496,
        "1":0.1,
        "2":0.1022222222,
        "3":0.1062801932,
        "4":0.0639269406
    },
    "Condition Specification":{
        "0":0.243498818,
        "1":0.2623211447,
        "2":0.2482946794,
        "3":0.2540675845,
        "4":0.2539912917
    },
    "AND Gateway":{
        "0":0.40625,
        "1":0.5217391304,
        "2":0.3333333333,
        "3":0.4285714286,
        "4":0.40625
    },
    "All":{
        "0":0.118484804,
        "1":0.1230075672,
        "2":0.125802914,
        "3":0.1244555072,
        "4":0.1288258689
    }
}