{
    "Actor":{
        "0":0.1131007744
    },
    "Activity":{
        "0":0.3376713063
    },
    "Activity Data":{
        "0":0.1763014125
    },
    "Further Specification":{
        "0":0.3751802246
    },
    "XOR Gateway":{
        "0":0.1171144275
    },
    "Condition Specification":{
        "0":0.3284014367
    },
    "AND Gateway":{
        "0":0.5950540603
    },
    "All":{
        "0":0.1581533795
    }
}