{
    "Actor":{
        "0":0.1017459362,
        "1":0.1055776892,
        "2":0.1023373342,
        "3":0.1154401154,
        "4":0.1134805788
    },
    "Activity":{
        "0":0.2812121212,
        "1":0.2756827048,
        "2":0.2977893368,
        "3":0.2989690722,
        "4":0.3078034682
    },
    "Activity Data":{
        "0":0.1513647643,
        "1":0.1575221239,
        "2":0.1573083779,
        "3":0.1634311512,
        "4":0.1737570477
    },
    "Further Specification":{
        "0":0.2707509881,
        "1":0.3064182195,
        "2":0.2904929577,
        "3":0.2749562172,
        "4":0.3888888889
    },
    "XOR Gateway":{
        "0":0.0904977376,
        "1":0.1153846154,
        "2":0.1132075472,
        "3":0.116751269,
        "4":0.079787234
    },
    "Condition Specification":{
        "0":0.2882513661,
        "1":0.3162705667,
        "2":0.2794759825,
        "3":0.2747395833,
        "4":0.2995090016
    },
    "AND Gateway":{
        "0":0.5185185185,
        "1":0.5652173913,
        "2":0.4347826087,
        "3":0.4285714286,
        "4":0.6
    },
    "All":{
        "0":0.1316118936,
        "1":0.1388888889,
        "2":0.1380216891,
        "3":0.1417256488,
        "4":0.1521400778
    }
}