{
    "Actor":{
        "0":0.119781545
    },
    "Activity":{
        "0":0.3383688067
    },
    "Activity Data":{
        "0":0.1807241313
    },
    "Further Specification":{
        "0":0.3853196601
    },
    "XOR Gateway":{
        "0":0.1215908223
    },
    "Condition Specification":{
        "0":0.3346224596
    },
    "AND Gateway":{
        "0":0.6024614677
    },
    "All":{
        "0":0.160349675
    }
}