{
    "Actor":{
        "0":0.0923566879,
        "1":0.0964788732,
        "2":0.0954942838,
        "3":0.1082089552,
        "4":0.0997605746
    },
    "Activity":{
        "0":0.2806804374,
        "1":0.2737940026,
        "2":0.295958279,
        "3":0.2967741935,
        "4":0.3063583815
    },
    "Activity Data":{
        "0":0.1452420701,
        "1":0.1514476615,
        "2":0.1521152115,
        "3":0.1560640732,
        "4":0.1695966908
    },
    "Further Specification":{
        "0":0.2697768763,
        "1":0.2946236559,
        "2":0.285971223,
        "3":0.2626811594,
        "4":0.3793103448
    },
    "XOR Gateway":{
        "0":0.0859728507,
        "1":0.1105769231,
        "2":0.108490566,
        "3":0.1116751269,
        "4":0.0744680851
    },
    "Condition Specification":{
        "0":0.2833562586,
        "1":0.306122449,
        "2":0.2692307692,
        "3":0.2674571805,
        "4":0.2902155887
    },
    "AND Gateway":{
        "0":0.4814814815,
        "1":0.5217391304,
        "2":0.347826087,
        "3":0.4285714286,
        "4":0.52
    },
    "All":{
        "0":0.1289755474,
        "1":0.1348155991,
        "2":0.1351169443,
        "3":0.1372448104,
        "4":0.1477295261
    }
}