{
    "Actor":{
        "0":0.0627986348,
        "1":0.0662604722,
        "2":0.0624098124,
        "3":0.0675944334,
        "4":0.0664739884
    },
    "Activity":{
        "0":0.1623512946,
        "1":0.1638330757,
        "2":0.1733535201,
        "3":0.1743050338,
        "4":0.1724415794
    },
    "Activity Data":{
        "0":0.0914546327,
        "1":0.0944272446,
        "2":0.0943890928,
        "3":0.0957061562,
        "4":0.1010303377
    },
    "Further Specification":{
        "0":0.1765432099,
        "1":0.1860744298,
        "2":0.1793534932,
        "3":0.1749723145,
        "4":0.222556391
    },
    "XOR Gateway":{
        "0":0.0505050505,
        "1":0.0677966102,
        "2":0.0683760684,
        "3":0.0696969697,
        "4":0.0434782609
    },
    "Condition Specification":{
        "0":0.159245283,
        "1":0.17773238,
        "2":0.1642675699,
        "3":0.1634689179,
        "4":0.1680216802
    },
    "AND Gateway":{
        "0":0.3125,
        "1":0.3611111111,
        "2":0.2777777778,
        "3":0.2777777778,
        "4":0.3125
    },
    "All":{
        "0":0.0778998559,
        "1":0.0825165033,
        "2":0.0818478053,
        "3":0.0828471412,
        "4":0.085925767
    }
}