{
    "Actor":{
        "0":0.0665807272
    },
    "Activity":{
        "0":0.1972776923
    },
    "Activity Data":{
        "0":0.1050180452
    },
    "Further Specification":{
        "0":0.2070058867
    },
    "XOR Gateway":{
        "0":0.0678562598
    },
    "Condition Specification":{
        "0":0.189769757
    },
    "AND Gateway":{
        "0":0.3120547431
    },
    "All":{
        "0":0.0926653985
    }
}