{
    "Actor":{
        "0":0.1046611001
    },
    "Activity":{
        "0":0.2821449352
    },
    "Activity Data":{
        "0":0.1563469261
    },
    "Further Specification":{
        "0":0.2943452056
    },
    "XOR Gateway":{
        "0":0.098821735
    },
    "Condition Specification":{
        "0":0.2695653126
    },
    "AND Gateway":{
        "0":0.5288083736
    },
    "All":{
        "0":0.1355053569
    }
}