{
    "Actor":{
        "0":0.0234823882,
        "1":0.025376464,
        "2":0.0235185915,
        "3":0.0258481422,
        "4":0.0259583459
    },
    "Activity":{
        "0":0.0608285265,
        "1":0.0613781123,
        "2":0.0649461146,
        "3":0.0653337088,
        "4":0.0646330414
    },
    "Activity Data":{
        "0":0.0351443428,
        "1":0.0371725732,
        "2":0.0362425311,
        "3":0.0368400696,
        "4":0.0378909169
    },
    "Further Specification":{
        "0":0.0654462243,
        "1":0.0691796009,
        "2":0.0672333849,
        "3":0.0662006579,
        "4":0.0837028825
    },
    "XOR Gateway":{
        "0":0.0189393939,
        "1":0.0254237288,
        "2":0.0256410256,
        "3":0.0261363636,
        "4":0.0163043478
    },
    "Condition Specification":{
        "0":0.0594366197,
        "1":0.0670220868,
        "2":0.0611794387,
        "3":0.0614461275,
        "4":0.062647356
    },
    "AND Gateway":{
        "0":0.1171875,
        "1":0.1354166667,
        "2":0.1041666667,
        "3":0.1041666667,
        "4":0.1171875
    },
    "All":{
        "0":0.0291707089,
        "1":0.0310422933,
        "2":0.030671358,
        "3":0.0312579231,
        "4":0.0322362399
    }
}