{
    "Actor":{
        "0":0.0911376493,
        "1":0.0977872948,
        "2":0.0948563794,
        "3":0.1022566996,
        "4":0.094126506
    },
    "Activity":{
        "0":0.2682926829,
        "1":0.2818791946,
        "2":0.2888040712,
        "3":0.2777777778,
        "4":0.2849462366
    },
    "Activity Data":{
        "0":0.1412911084,
        "1":0.1569713758,
        "2":0.1487676056,
        "3":0.1500219974,
        "4":0.1575408261
    },
    "Further Specification":{
        "0":0.2714285714,
        "1":0.2681017613,
        "2":0.2717948718,
        "3":0.259391771,
        "4":0.3606557377
    },
    "XOR Gateway":{
        "0":0.0826086957,
        "1":0.1116504854,
        "2":0.1055045872,
        "3":0.1062801932,
        "4":0.0648148148
    },
    "Condition Specification":{
        "0":0.2530712531,
        "1":0.2951699463,
        "2":0.2541899441,
        "3":0.25,
        "4":0.2604166667
    },
    "AND Gateway":{
        "0":0.4814814815,
        "1":0.6666666667,
        "2":0.4,
        "3":0.3913043478,
        "4":0.4814814815
    },
    "All":{
        "0":0.1246139592,
        "1":0.1362825544,
        "2":0.1317689531,
        "3":0.1307189542,
        "4":0.137074517
    }
}