{
    "Actor":{
        "0":0.1234866472
    },
    "Activity":{
        "0":0.3532664587
    },
    "Activity Data":{
        "0":0.1936621955
    },
    "Further Specification":{
        "0":0.3539189893
    },
    "XOR Gateway":{
        "0":0.1232992557
    },
    "Condition Specification":{
        "0":0.3556118449
    },
    "AND Gateway":{
        "0":0.6233204807
    },
    "All":{
        "0":0.169603057
    }
}