{
    "Actor":{
        "0":0.1069321534,
        "1":0.1147403685,
        "2":0.1138732959,
        "3":0.122569738,
        "4":0.1073883162
    },
    "Activity":{
        "0":0.3328530259,
        "1":0.3260869565,
        "2":0.3465648855,
        "3":0.3576982893,
        "4":0.3251533742
    },
    "Activity Data":{
        "0":0.1673881674,
        "1":0.1778242678,
        "2":0.1800745871,
        "3":0.1765924392,
        "4":0.1796276013
    },
    "Further Specification":{
        "0":0.4143302181,
        "1":0.3071748879,
        "2":0.335443038,
        "3":0.4407294833,
        "4":0.3782234957
    },
    "XOR Gateway":{
        "0":0.1016042781,
        "1":0.132183908,
        "2":0.1455696203,
        "3":0.1325301205,
        "4":0.0736842105
    },
    "Condition Specification":{
        "0":0.3382594417,
        "1":0.3367346939,
        "2":0.3466666667,
        "3":0.3217115689,
        "4":0.2986348123
    },
    "AND Gateway":{
        "0":0.5652173913,
        "1":0.8571428571,
        "2":0.5714285714,
        "3":0.5,
        "4":0.4814814815
    },
    "All":{
        "0":0.1531599924,
        "1":0.1567501026,
        "2":0.1622222222,
        "3":0.1632319935,
        "4":0.1554025866
    }
}