{
    "Actor":{
        "0":0.0725362681,
        "1":0.0730277186,
        "2":0.0711779449,
        "3":0.0794520548,
        "4":0.0744047619
    },
    "Activity":{
        "0":0.2234042553,
        "1":0.2079207921,
        "2":0.2263210369,
        "3":0.2309236948,
        "4":0.2233930453
    },
    "Activity Data":{
        "0":0.1156146179,
        "1":0.1147485656,
        "2":0.1162310867,
        "3":0.1171821306,
        "4":0.1248572516
    },
    "Further Specification":{
        "0":0.2476722533,
        "1":0.2114197531,
        "2":0.2038461538,
        "3":0.231629393,
        "4":0.2732919255
    },
    "XOR Gateway":{
        "0":0.0673758865,
        "1":0.0833333333,
        "2":0.0874524715,
        "3":0.0894308943,
        "4":0.0526315789
    },
    "Condition Specification":{
        "0":0.2205567452,
        "1":0.220293725,
        "2":0.2075256556,
        "3":0.2103626943,
        "4":0.2061248528
    },
    "AND Gateway":{
        "0":0.40625,
        "1":0.4137931034,
        "2":0.32,
        "3":0.3461538462,
        "4":0.325
    },
    "All":{
        "0":0.1030914665,
        "1":0.1011786518,
        "2":0.1022799643,
        "3":0.105346326,
        "4":0.108064984
    }
}