{
    "Actor":{
        "0":0.0998769107
    },
    "Activity":{
        "0":0.2654472669
    },
    "Activity Data":{
        "0":0.1463849615
    },
    "Further Specification":{
        "0":0.2888649835
    },
    "XOR Gateway":{
        "0":0.0938717824
    },
    "Condition Specification":{
        "0":0.2596324123
    },
    "AND Gateway":{
        "0":0.4695910973
    },
    "All":{
        "0":0.1279133385
    }
}