{
    "Actor":{
        "0":0.0248367864
    },
    "Activity":{
        "0":0.0634239007
    },
    "Activity Data":{
        "0":0.0366580867
    },
    "Further Specification":{
        "0":0.0703525501
    },
    "XOR Gateway":{
        "0":0.022488972
    },
    "Condition Specification":{
        "0":0.0623463257
    },
    "AND Gateway":{
        "0":0.115625
    },
    "All":{
        "0":0.0308757046
    }
}