{
    "Actor":{
        "0":0.0663868752,
        "1":0.0706365503,
        "2":0.0675459632,
        "3":0.0704753962,
        "4":0.0721131903
    },
    "Activity":{
        "0":0.1797056545,
        "1":0.1753515302,
        "2":0.1864820847,
        "3":0.1861958266,
        "4":0.195077484
    },
    "Activity Data":{
        "0":0.1008042895,
        "1":0.1019003029,
        "2":0.1022922636,
        "3":0.1020296215,
        "4":0.1133226324
    },
    "Further Specification":{
        "0":0.182642487,
        "1":0.1904176904,
        "2":0.1842105263,
        "3":0.193236715,
        "4":0.2487309645
    },
    "XOR Gateway":{
        "0":0.0568181818,
        "1":0.0731707317,
        "2":0.0725075529,
        "3":0.0732484076,
        "4":0.0520833333
    },
    "Condition Specification":{
        "0":0.1850877193,
        "1":0.1957730812,
        "2":0.1717902351,
        "3":0.1698262243,
        "4":0.1959095802
    },
    "AND Gateway":{
        "0":0.375,
        "1":0.3714285714,
        "2":0.2857142857,
        "3":0.303030303,
        "4":0.3947368421
    },
    "All":{
        "0":0.0856625779,
        "1":0.087691156,
        "2":0.08788005,
        "3":0.0875552358,
        "4":0.0971026791
    }
}