{
    "Actor":{
        "0":0.2641856266
    },
    "Activity":{
        "0":0.3115886164
    },
    "Activity Data":{
        "0":0.2877311106
    },
    "Further Specification":{
        "0":0.3299179742
    },
    "XOR Gateway":{
        "0":0.2988451836
    },
    "Condition Specification":{
        "0":0.336775164
    },
    "AND Gateway":{
        "0":0.3731974013
    },
    "All":{
        "0":0.2887038213
    }
}