{
    "Actor":{
        "0":0.4189805277
    },
    "Activity":{
        "0":0.4935000689
    },
    "Activity Data":{
        "0":0.4555631694
    },
    "Further Specification":{
        "0":0.5152276898
    },
    "XOR Gateway":{
        "0":0.4651076127
    },
    "Condition Specification":{
        "0":0.535392768
    },
    "AND Gateway":{
        "0":0.5717857143
    },
    "All":{
        "0":0.4565198375
    }
}