{
    "Actor":{
        "0":0.6098901099,
        "1":0.6098707403,
        "2":0.5840707965,
        "3":0.5741360089,
        "4":0.5802919708
    },
    "Activity":{
        "0":0.6944444444,
        "1":0.7142857143,
        "2":0.6985294118,
        "3":0.6725978648,
        "4":0.697265625
    },
    "Activity Data":{
        "0":0.6614321608,
        "1":0.6496774194,
        "2":0.6102893891,
        "3":0.6088328076,
        "4":0.6536827195
    },
    "Further Specification":{
        "0":0.7840531561,
        "1":0.8551724138,
        "2":0.7966101695,
        "3":0.8193146417,
        "4":0.662295082
    },
    "XOR Gateway":{
        "0":0.6857142857,
        "1":0.7230769231,
        "2":0.6849315068,
        "3":0.7166666667,
        "4":0.7
    },
    "Condition Specification":{
        "0":0.6567656766,
        "1":0.8254847645,
        "2":0.7326315789,
        "3":0.6989247312,
        "4":0.7218543046
    },
    "AND Gateway":{
        "0":0.9230769231,
        "1":0.9090909091,
        "2":0.875,
        "3":0.8,
        "4":1.0
    },
    "All":{
        "0":0.6462635202,
        "1":0.6738891936,
        "2":0.633273703,
        "3":0.6263461057,
        "4":0.6374825175
    }
}