{
    "Actor":{
        "0":0.4226342711,
        "1":0.4240549828,
        "2":0.4076770351,
        "3":0.4189189189,
        "4":0.4213606437
    },
    "Activity":{
        "0":0.4827586207,
        "1":0.4891041162,
        "2":0.4964285714,
        "3":0.4702450408,
        "4":0.4893081761
    },
    "Activity Data":{
        "0":0.4440109247,
        "1":0.4459234609,
        "2":0.4231257942,
        "3":0.4347468094,
        "4":0.4517148014
    },
    "Further Specification":{
        "0":0.5009345794,
        "1":0.550831793,
        "2":0.5423728814,
        "3":0.524137931,
        "4":0.5790754258
    },
    "XOR Gateway":{
        "0":0.4508196721,
        "1":0.4491525424,
        "2":0.495412844,
        "3":0.5,
        "4":0.4705882353
    },
    "Condition Specification":{
        "0":0.4970760234,
        "1":0.5125786164,
        "2":0.5161290323,
        "3":0.524691358,
        "4":0.5050359712
    },
    "AND Gateway":{
        "0":0.5833333333,
        "1":0.5789473684,
        "2":0.6428571429,
        "3":0.5714285714,
        "4":0.5909090909
    },
    "All":{
        "0":0.4414812557,
        "1":0.4529088181,
        "2":0.4401037445,
        "3":0.444121447,
        "4":0.4509629101
    }
}