{
    "Actor":{
        "0":0.1357372097,
        "1":0.1463930611,
        "2":0.1330420969,
        "3":0.1414253898,
        "4":0.1462423832
    },
    "Activity":{
        "0":0.1541958042,
        "1":0.1613899614,
        "2":0.16301059,
        "3":0.153586181,
        "4":0.1606927104
    },
    "Activity Data":{
        "0":0.1458663095,
        "1":0.1540377556,
        "2":0.1410358566,
        "3":0.1461295419,
        "4":0.153089278
    },
    "Further Specification":{
        "0":0.1688073394,
        "1":0.1852731591,
        "2":0.1764705882,
        "3":0.1766319254,
        "4":0.1879643388
    },
    "XOR Gateway":{
        "0":0.1478494624,
        "1":0.1472222222,
        "2":0.1608187135,
        "3":0.160130719,
        "4":0.1512345679
    },
    "Condition Specification":{
        "0":0.1605263158,
        "1":0.1698979592,
        "2":0.1673003802,
        "3":0.1667941852,
        "4":0.1641791045
    },
    "AND Gateway":{
        "0":0.1944444444,
        "1":0.1833333333,
        "2":0.2142857143,
        "3":0.1875,
        "4":0.196969697
    },
    "All":{
        "0":0.1424037141,
        "1":0.1529801673,
        "2":0.1439770843,
        "3":0.1468781986,
        "4":0.1503488634
    }
}