{
    "Actor":{
        "0":0.4374683463
    },
    "Activity":{
        "0":0.5069724477
    },
    "Activity Data":{
        "0":0.4682524365
    },
    "Further Specification":{
        "0":0.5492009593
    },
    "XOR Gateway":{
        "0":0.4931796928
    },
    "Condition Specification":{
        "0":0.531605094
    },
    "AND Gateway":{
        "0":0.6604761905
    },
    "All":{
        "0":0.4686079641
    }
}