{
    "Actor":{
        "0":0.5234154607
    },
    "Activity":{
        "0":0.6003096622
    },
    "Activity Data":{
        "0":0.5710840355
    },
    "Further Specification":{
        "0":0.6128064776
    },
    "XOR Gateway":{
        "0":0.5871458534
    },
    "Condition Specification":{
        "0":0.6728735854
    },
    "AND Gateway":{
        "0":0.7657192807
    },
    "All":{
        "0":0.5663252395
    }
}