{
    "Actor":{
        "0":0.5600403633,
        "1":0.6463262765,
        "2":0.6323353293,
        "3":0.6429463171,
        "4":0.6385542169
    },
    "Activity":{
        "0":0.6944444444,
        "1":0.7212475634,
        "2":0.7450980392,
        "3":0.7213740458,
        "4":0.7563559322
    },
    "Activity Data":{
        "0":0.6358695652,
        "1":0.6892539357,
        "2":0.6491108071,
        "3":0.6632302405,
        "4":0.721657545
    },
    "Further Specification":{
        "0":0.5914786967,
        "1":0.8794326241,
        "2":0.8197674419,
        "3":0.7874251497,
        "4":0.7112676056
    },
    "XOR Gateway":{
        "0":0.64,
        "1":0.661971831,
        "2":0.7692307692,
        "3":0.7166666667,
        "4":0.7
    },
    "Condition Specification":{
        "0":0.7552182163,
        "1":0.766066838,
        "2":0.7044534413,
        "3":0.7514450867,
        "4":0.8406169666
    },
    "AND Gateway":{
        "0":1.0,
        "1":0.9090909091,
        "2":0.875,
        "3":0.7272727273,
        "4":0.9166666667
    },
    "All":{
        "0":0.6206326723,
        "1":0.6960339943,
        "2":0.6664873588,
        "3":0.6752159827,
        "4":0.7027443725
    }
}