{
    "Actor":{
        "0":0.4036363636,
        "1":0.4199029126,
        "2":0.4033613445,
        "3":0.4390451833,
        "4":0.4289568345
    },
    "Activity":{
        "0":0.4860267315,
        "1":0.482398957,
        "2":0.4954367666,
        "3":0.4877419355,
        "4":0.5158959538
    },
    "Activity Data":{
        "0":0.4482758621,
        "1":0.4591883265,
        "2":0.4345238095,
        "3":0.4515676182,
        "4":0.4842602308
    },
    "Further Specification":{
        "0":0.4787018256,
        "1":0.5333333333,
        "2":0.5071942446,
        "3":0.4764492754,
        "4":0.5804597701
    },
    "XOR Gateway":{
        "0":0.4615384615,
        "1":0.4272727273,
        "2":0.4761904762,
        "3":0.4777777778,
        "4":0.4827586207
    },
    "Condition Specification":{
        "0":0.5474552957,
        "1":0.5539033457,
        "2":0.5163204748,
        "3":0.5151915456,
        "4":0.544093178
    },
    "AND Gateway":{
        "0":0.6,
        "1":0.5,
        "2":0.5,
        "3":0.5714285714,
        "4":0.6875
    },
    "All":{
        "0":0.4462739773,
        "1":0.461062113,
        "2":0.4417899804,
        "3":0.4548926883,
        "4":0.4785804284
    }
}