{
    "Actor":{
        "0":0.2680851064,
        "1":0.2800345722,
        "2":0.261206194,
        "3":0.2744122966,
        "4":0.280961183
    },
    "Activity":{
        "0":0.3079076277,
        "1":0.3176197836,
        "2":0.3186979561,
        "3":0.305785124,
        "4":0.3158742949
    },
    "Activity Data":{
        "0":0.2842825715,
        "1":0.2964426877,
        "2":0.2743740011,
        "3":0.2859028511,
        "4":0.299127907
    },
    "Further Specification":{
        "0":0.3407407407,
        "1":0.3673469388,
        "2":0.3482794578,
        "3":0.3444075305,
        "4":0.3684210526
    },
    "XOR Gateway":{
        "0":0.2956989247,
        "1":0.2944444444,
        "2":0.3216374269,
        "3":0.3202614379,
        "4":0.3024691358
    },
    "Condition Specification":{
        "0":0.3222641509,
        "1":0.3350409836,
        "2":0.3344651952,
        "3":0.3323076923,
        "4":0.3269927536
    },
    "AND Gateway":{
        "0":0.3888888889,
        "1":0.3666666667,
        "2":0.4285714286,
        "3":0.375,
        "4":0.3939393939
    },
    "All":{
        "0":0.2826419423,
        "1":0.2983443006,
        "2":0.2832217488,
        "3":0.2892596025,
        "4":0.295266205
    }
}