{
    "Actor":{
        "0":0.1999426277,
        "1":0.2134831461,
        "2":0.1981927711,
        "3":0.208698584,
        "4":0.2127659574
    },
    "Activity":{
        "0":0.2298006296,
        "1":0.2392815759,
        "2":0.2440408627,
        "3":0.2309859155,
        "4":0.2374622356
    },
    "Activity Data":{
        "0":0.2136455094,
        "1":0.225793729,
        "2":0.2067451606,
        "3":0.2164296998,
        "4":0.2268086031
    },
    "Further Specification":{
        "0":0.2543778802,
        "1":0.2752457551,
        "2":0.2622568093,
        "3":0.2607615894,
        "4":0.2817059484
    },
    "XOR Gateway":{
        "0":0.2217741935,
        "1":0.2208333333,
        "2":0.2412280702,
        "3":0.2401960784,
        "4":0.2268518519
    },
    "Condition Specification":{
        "0":0.2412429379,
        "1":0.2540168324,
        "2":0.2511125238,
        "3":0.2464018423,
        "4":0.2464358452
    },
    "AND Gateway":{
        "0":0.2916666667,
        "1":0.275,
        "2":0.3214285714,
        "3":0.28125,
        "4":0.2954545455
    },
    "All":{
        "0":0.2115631692,
        "1":0.2260263116,
        "2":0.2139017188,
        "3":0.2180810103,
        "4":0.2228721601
    }
}