{
    "Actor":{
        "0":0.3512092534,
        "1":0.3541076487,
        "2":0.324059763,
        "3":0.3509501188,
        "4":0.3700934579
    },
    "Activity":{
        "0":0.4189189189,
        "1":0.4017769003,
        "2":0.4155069583,
        "3":0.4042126379,
        "4":0.4126315789
    },
    "Activity Data":{
        "0":0.3814604868,
        "1":0.377177998,
        "2":0.3516978517,
        "3":0.3662068966,
        "4":0.3875142748
    },
    "Further Specification":{
        "0":0.4846292948,
        "1":0.4385964912,
        "2":0.4069050555,
        "3":0.4714064915,
        "4":0.4682539683
    },
    "XOR Gateway":{
        "0":0.4198473282,
        "1":0.3732394366,
        "2":0.4263565891,
        "3":0.4260869565,
        "4":0.3888888889
    },
    "Condition Specification":{
        "0":0.4518518519,
        "1":0.4302788845,
        "2":0.4412094065,
        "3":0.4376278119,
        "4":0.4152046784
    },
    "AND Gateway":{
        "0":0.5833333333,
        "1":0.44,
        "2":0.6428571429,
        "3":0.5294117647,
        "4":0.4482758621
    },
    "All":{
        "0":0.382740448,
        "1":0.3774798194,
        "2":0.3591145833,
        "3":0.3754429,
        "4":0.3823178017
    }
}