{
    "Actor":{
        "0":0.4743589744,
        "1":0.5,
        "2":0.4902506964,
        "3":0.5058939096,
        "4":0.462657614
    },
    "Activity":{
        "0":0.5763688761,
        "1":0.5745341615,
        "2":0.5801526718,
        "3":0.5878693624,
        "4":0.5475460123
    },
    "Activity Data":{
        "0":0.5149144254,
        "1":0.5382148584,
        "2":0.5138061722,
        "3":0.5092348285,
        "4":0.5150669643
    },
    "Further Specification":{
        "0":0.7352024922,
        "1":0.5560538117,
        "2":0.5949367089,
        "3":0.7993920973,
        "4":0.5787965616
    },
    "XOR Gateway":{
        "0":0.5274725275,
        "1":0.5465116279,
        "2":0.6756756757,
        "3":0.5443037975,
        "4":0.4421052632
    },
    "Condition Specification":{
        "0":0.6535303777,
        "1":0.6106557377,
        "2":0.6641221374,
        "3":0.619047619,
        "4":0.5599315068
    },
    "AND Gateway":{
        "0":0.6666666667,
        "1":0.9090909091,
        "2":0.875,
        "3":0.5714285714,
        "4":0.5789473684
    },
    "All":{
        "0":0.5313257882,
        "1":0.5359947644,
        "2":0.5318737927,
        "3":0.5427517361,
        "4":0.5039805396
    }
}