{
    "Bert Score":{
        "0":0.5930612683,
        "1":0.5943325758,
        "2":0.5922636986,
        "3":0.6194463968,
        "4":0.5956619382
    }
}