{
    "F1 CRF":{
        "Nomen":0.4587146707,
        "Adjektive":0.5245034593,
        "Verben":0.4871013763
    },
    "F1 Neural":{
        "Nomen":0.2718084739,
        "Adjektive":0.3293325771,
        "Verben":0.3161590585
    },
    "F1 Relation":{
        "Nomen":0.2825464368,
        "Adjektive":0.3200030442,
        "Verben":0.2854213714
    },
    "TTR":{
        "Nomen":0.3633020798,
        "Adjektive":0.2386917317,
        "Verben":0.2515069249
    },
    "UCER":{
        "Nomen":0.8788678149,
        "Adjektive":0.7943019553,
        "Verben":0.7854104593
    },
    "BertScore":{
        "Nomen":0.8806369901,
        "Adjektive":0.9957568645,
        "Verben":0.9726463318
    }
}