{
    "Actor":{
        "0":0.1619156214,
        "1":0.1720569211,
        "2":0.1654320988,
        "3":0.1799217731,
        "4":0.1645746165
    },
    "Activity":{
        "0":0.4849137931,
        "1":0.4916067146,
        "2":0.5153664303,
        "3":0.5209302326,
        "4":0.5099502488
    },
    "Activity Data":{
        "0":0.2513049963,
        "1":0.2680161943,
        "2":0.2665562914,
        "3":0.2687908497,
        "4":0.2824909747
    },
    "Further Specification":{
        "0":0.5166666667,
        "1":0.5232067511,
        "2":0.5214285714,
        "3":0.5057471264,
        "4":0.6213592233
    },
    "XOR Gateway":{
        "0":0.1484375,
        "1":0.1965811966,
        "2":0.203539823,
        "3":0.2075471698,
        "4":0.1160714286
    },
    "Condition Specification":{
        "0":0.4734411085,
        "1":0.5125,
        "2":0.4725848564,
        "3":0.4752941176,
        "4":0.4820936639
    },
    "AND Gateway":{
        "0":0.8125,
        "1":1.0,
        "2":0.6666666667,
        "3":0.75,
        "4":0.8125
    },
    "All":{
        "0":0.2257787939,
        "1":0.2394728383,
        "2":0.2397026943,
        "3":0.2412403101,
        "4":0.2472640219
    }
}